date,site_id,equipment_type,rentals_count,rental_month,rental_week,season
2026-05-01,SITE001,Excavator,5,5,18,Dry
2026-05-01,SITE001,Bulldozer,0,5,18,Dry
2026-05-01,SITE001,Wheel Loader,3,5,18,Dry
2026-05-01,SITE001,Motor Grader,3,5,18,Dry
2026-05-01,SITE001,Backhoe Loader,1,5,18,Dry
2026-05-01,SITE001,Skid Steer Loader,2,5,18,Dry
2026-05-01,SITE001,Road Roller,1,5,18,Dry
2026-05-01,SITE001,Dump Truck,1,5,18,Dry
2026-05-01,SITE001,Forklift,2,5,18,Dry
2026-05-01,SITE002,Excavator,2,5,18,Dry
2026-05-01,SITE002,Bulldozer,1,5,18,Dry
2026-05-01,SITE002,Wheel Loader,0,5,18,Dry
2026-05-01,SITE002,Motor Grader,4,5,18,Dry
2026-05-01,SITE002,Backhoe Loader,2,5,18,Dry
2026-05-01,SITE002,Skid Steer Loader,1,5,18,Dry
2026-05-01,SITE002,Road Roller,3,5,18,Dry
2026-05-01,SITE002,Dump Truck,2,5,18,Dry
2026-05-01,SITE002,Forklift,6,5,18,Dry
2026-05-01,SITE003,Excavator,1,5,18,Dry
2026-05-01,SITE003,Bulldozer,1,5,18,Dry
2026-05-01,SITE003,Wheel Loader,2,5,18,Dry
2026-05-01,SITE003,Motor Grader,2,5,18,Dry
2026-05-01,SITE003,Backhoe Loader,1,5,18,Dry
2026-05-01,SITE003,Skid Steer Loader,3,5,18,Dry
2026-05-01,SITE003,Road Roller,4,5,18,Dry
2026-05-01,SITE003,Dump Truck,1,5,18,Dry
2026-05-01,SITE003,Forklift,3,5,18,Dry
2026-05-01,SITE004,Excavator,6,5,18,Dry
2026-05-01,SITE004,Bulldozer,4,5,18,Dry
2026-05-01,SITE004,Wheel Loader,2,5,18,Dry
2026-05-01,SITE004,Motor Grader,0,5,18,Dry
2026-05-01,SITE004,Backhoe Loader,0,5,18,Dry
2026-05-01,SITE004,Skid Steer Loader,2,5,18,Dry
2026-05-01,SITE004,Road Roller,2,5,18,Dry
2026-05-01,SITE004,Dump Truck,2,5,18,Dry
2026-05-01,SITE004,Forklift,1,5,18,Dry
2026-05-01,SITE005,Excavator,10,5,18,Dry
2026-05-01,SITE005,Bulldozer,0,5,18,Dry
2026-05-01,SITE005,Wheel Loader,1,5,18,Dry
2026-05-01,SITE005,Motor Grader,2,5,18,Dry
2026-05-01,SITE005,Backhoe Loader,2,5,18,Dry
2026-05-01,SITE005,Skid Steer Loader,0,5,18,Dry
2026-05-01,SITE005,Road Roller,2,5,18,Dry
2026-05-01,SITE005,Dump Truck,2,5,18,Dry
2026-05-01,SITE005,Forklift,3,5,18,Dry
2026-05-01,SITE006,Excavator,2,5,18,Dry
2026-05-01,SITE006,Bulldozer,2,5,18,Dry
2026-05-01,SITE006,Wheel Loader,2,5,18,Dry
2026-05-01,SITE006,Motor Grader,1,5,18,Dry
2026-05-01,SITE006,Backhoe Loader,3,5,18,Dry
2026-05-01,SITE006,Skid Steer Loader,2,5,18,Dry
2026-05-01,SITE006,Road Roller,3,5,18,Dry
2026-05-01,SITE006,Dump Truck,2,5,18,Dry
2026-05-01,SITE006,Forklift,0,5,18,Dry
2026-05-01,SITE007,Excavator,2,5,18,Dry
2026-05-01,SITE007,Bulldozer,1,5,18,Dry
2026-05-01,SITE007,Wheel Loader,1,5,18,Dry
2026-05-01,SITE007,Motor Grader,3,5,18,Dry
2026-05-01,SITE007,Backhoe Loader,1,5,18,Dry
2026-05-01,SITE007,Skid Steer Loader,4,5,18,Dry
2026-05-01,SITE007,Road Roller,2,5,18,Dry
2026-05-01,SITE007,Dump Truck,0,5,18,Dry
2026-05-01,SITE007,Forklift,4,5,18,Dry
2026-05-01,SITE008,Excavator,6,5,18,Dry
2026-05-01,SITE008,Bulldozer,2,5,18,Dry
2026-05-01,SITE008,Wheel Loader,0,5,18,Dry
2026-05-01,SITE008,Motor Grader,1,5,18,Dry
2026-05-01,SITE008,Backhoe Loader,1,5,18,Dry
2026-05-01,SITE008,Skid Steer Loader,2,5,18,Dry
2026-05-01,SITE008,Road Roller,2,5,18,Dry
2026-05-01,SITE008,Dump Truck,5,5,18,Dry
2026-05-01,SITE008,Forklift,1,5,18,Dry
2026-05-01,SITE009,Excavator,7,5,18,Dry
2026-05-01,SITE009,Bulldozer,1,5,18,Dry
2026-05-01,SITE009,Wheel Loader,2,5,18,Dry
2026-05-01,SITE009,Motor Grader,1,5,18,Dry
2026-05-01,SITE009,Backhoe Loader,4,5,18,Dry
2026-05-01,SITE009,Skid Steer Loader,5,5,18,Dry
2026-05-01,SITE009,Road Roller,2,5,18,Dry
2026-05-01,SITE009,Dump Truck,1,5,18,Dry
2026-05-01,SITE009,Forklift,3,5,18,Dry
2026-05-01,SITE010,Excavator,7,5,18,Dry
2026-05-01,SITE010,Bulldozer,1,5,18,Dry
2026-05-01,SITE010,Wheel Loader,5,5,18,Dry
2026-05-01,SITE010,Motor Grader,5,5,18,Dry
2026-05-01,SITE010,Backhoe Loader,1,5,18,Dry
2026-05-01,SITE010,Skid Steer Loader,1,5,18,Dry
2026-05-01,SITE010,Road Roller,2,5,18,Dry
2026-05-01,SITE010,Dump Truck,1,5,18,Dry
2026-05-01,SITE010,Forklift,0,5,18,Dry
2026-05-01,SITE011,Excavator,4,5,18,Dry
2026-05-01,SITE011,Bulldozer,1,5,18,Dry
2026-05-01,SITE011,Wheel Loader,0,5,18,Dry
2026-05-01,SITE011,Motor Grader,0,5,18,Dry
2026-05-01,SITE011,Backhoe Loader,3,5,18,Dry
2026-05-01,SITE011,Skid Steer Loader,3,5,18,Dry
2026-05-01,SITE011,Road Roller,1,5,18,Dry
2026-05-01,SITE011,Dump Truck,0,5,18,Dry
2026-05-01,SITE011,Forklift,0,5,18,Dry
2026-05-01,SITE012,Excavator,5,5,18,Dry
2026-05-01,SITE012,Bulldozer,2,5,18,Dry
2026-05-01,SITE012,Wheel Loader,3,5,18,Dry
2026-05-01,SITE012,Motor Grader,3,5,18,Dry
2026-05-01,SITE012,Backhoe Loader,2,5,18,Dry
2026-05-01,SITE012,Skid Steer Loader,0,5,18,Dry
2026-05-01,SITE012,Road Roller,0,5,18,Dry
2026-05-01,SITE012,Dump Truck,0,5,18,Dry
2026-05-01,SITE012,Forklift,3,5,18,Dry
2026-05-01,SITE013,Excavator,3,5,18,Dry
2026-05-01,SITE013,Bulldozer,3,5,18,Dry
2026-05-01,SITE013,Wheel Loader,2,5,18,Dry
2026-05-01,SITE013,Motor Grader,2,5,18,Dry
2026-05-01,SITE013,Backhoe Loader,0,5,18,Dry
2026-05-01,SITE013,Skid Steer Loader,1,5,18,Dry
2026-05-01,SITE013,Road Roller,3,5,18,Dry
2026-05-01,SITE013,Dump Truck,4,5,18,Dry
2026-05-01,SITE013,Forklift,3,5,18,Dry
2026-05-01,SITE014,Excavator,1,5,18,Dry
2026-05-01,SITE014,Bulldozer,0,5,18,Dry
2026-05-01,SITE014,Wheel Loader,1,5,18,Dry
2026-05-01,SITE014,Motor Grader,2,5,18,Dry
2026-05-01,SITE014,Backhoe Loader,2,5,18,Dry
2026-05-01,SITE014,Skid Steer Loader,5,5,18,Dry
2026-05-01,SITE014,Road Roller,1,5,18,Dry
2026-05-01,SITE014,Dump Truck,3,5,18,Dry
2026-05-01,SITE014,Forklift,4,5,18,Dry
2026-05-01,SITE015,Excavator,6,5,18,Dry
2026-05-01,SITE015,Bulldozer,2,5,18,Dry
2026-05-01,SITE015,Wheel Loader,1,5,18,Dry
2026-05-01,SITE015,Motor Grader,4,5,18,Dry
2026-05-01,SITE015,Backhoe Loader,1,5,18,Dry
2026-05-01,SITE015,Skid Steer Loader,3,5,18,Dry
2026-05-01,SITE015,Road Roller,1,5,18,Dry
2026-05-01,SITE015,Dump Truck,1,5,18,Dry
2026-05-01,SITE015,Forklift,3,5,18,Dry
2026-05-01,SITE016,Excavator,1,5,18,Dry
2026-05-01,SITE016,Bulldozer,2,5,18,Dry
2026-05-01,SITE016,Wheel Loader,0,5,18,Dry
2026-05-01,SITE016,Motor Grader,1,5,18,Dry
2026-05-01,SITE016,Backhoe Loader,2,5,18,Dry
2026-05-01,SITE016,Skid Steer Loader,0,5,18,Dry
2026-05-01,SITE016,Road Roller,3,5,18,Dry
2026-05-01,SITE016,Dump Truck,4,5,18,Dry
2026-05-01,SITE016,Forklift,4,5,18,Dry
2026-05-01,SITE017,Excavator,1,5,18,Dry
2026-05-01,SITE017,Bulldozer,1,5,18,Dry
2026-05-01,SITE017,Wheel Loader,0,5,18,Dry
2026-05-01,SITE017,Motor Grader,0,5,18,Dry
2026-05-01,SITE017,Backhoe Loader,4,5,18,Dry
2026-05-01,SITE017,Skid Steer Loader,2,5,18,Dry
2026-05-01,SITE017,Road Roller,1,5,18,Dry
2026-05-01,SITE017,Dump Truck,1,5,18,Dry
2026-05-01,SITE017,Forklift,3,5,18,Dry
2026-05-01,SITE018,Excavator,9,5,18,Dry
2026-05-01,SITE018,Bulldozer,3,5,18,Dry
2026-05-01,SITE018,Wheel Loader,2,5,18,Dry
2026-05-01,SITE018,Motor Grader,2,5,18,Dry
2026-05-01,SITE018,Backhoe Loader,0,5,18,Dry
2026-05-01,SITE018,Skid Steer Loader,4,5,18,Dry
2026-05-01,SITE018,Road Roller,2,5,18,Dry
2026-05-01,SITE018,Dump Truck,5,5,18,Dry
2026-05-01,SITE018,Forklift,2,5,18,Dry
2026-05-01,SITE019,Excavator,1,5,18,Dry
2026-05-01,SITE019,Bulldozer,2,5,18,Dry
2026-05-01,SITE019,Wheel Loader,5,5,18,Dry
2026-05-01,SITE019,Motor Grader,1,5,18,Dry
2026-05-01,SITE019,Backhoe Loader,0,5,18,Dry
2026-05-01,SITE019,Skid Steer Loader,8,5,18,Dry
2026-05-01,SITE019,Road Roller,1,5,18,Dry
2026-05-01,SITE019,Dump Truck,2,5,18,Dry
2026-05-01,SITE019,Forklift,3,5,18,Dry
2026-05-01,SITE020,Excavator,8,5,18,Dry
2026-05-01,SITE020,Bulldozer,0,5,18,Dry
2026-05-01,SITE020,Wheel Loader,0,5,18,Dry
2026-05-01,SITE020,Motor Grader,3,5,18,Dry
2026-05-01,SITE020,Backhoe Loader,1,5,18,Dry
2026-05-01,SITE020,Skid Steer Loader,2,5,18,Dry
2026-05-01,SITE020,Road Roller,3,5,18,Dry
2026-05-01,SITE020,Dump Truck,5,5,18,Dry
2026-05-01,SITE020,Forklift,2,5,18,Dry
2026-05-02,SITE001,Excavator,5,5,18,Dry
2026-05-02,SITE001,Bulldozer,0,5,18,Dry
2026-05-02,SITE001,Wheel Loader,0,5,18,Dry
2026-05-02,SITE001,Motor Grader,0,5,18,Dry
2026-05-02,SITE001,Backhoe Loader,1,5,18,Dry
2026-05-02,SITE001,Skid Steer Loader,1,5,18,Dry
2026-05-02,SITE001,Road Roller,3,5,18,Dry
2026-05-02,SITE001,Dump Truck,1,5,18,Dry
2026-05-02,SITE001,Forklift,0,5,18,Dry
2026-05-02,SITE002,Excavator,2,5,18,Dry
2026-05-02,SITE002,Bulldozer,0,5,18,Dry
2026-05-02,SITE002,Wheel Loader,0,5,18,Dry
2026-05-02,SITE002,Motor Grader,1,5,18,Dry
2026-05-02,SITE002,Backhoe Loader,2,5,18,Dry
2026-05-02,SITE002,Skid Steer Loader,0,5,18,Dry
2026-05-02,SITE002,Road Roller,2,5,18,Dry
2026-05-02,SITE002,Dump Truck,2,5,18,Dry
2026-05-02,SITE002,Forklift,3,5,18,Dry
2026-05-02,SITE003,Excavator,4,5,18,Dry
2026-05-02,SITE003,Bulldozer,2,5,18,Dry
2026-05-02,SITE003,Wheel Loader,3,5,18,Dry
2026-05-02,SITE003,Motor Grader,1,5,18,Dry
2026-05-02,SITE003,Backhoe Loader,2,5,18,Dry
2026-05-02,SITE003,Skid Steer Loader,1,5,18,Dry
2026-05-02,SITE003,Road Roller,0,5,18,Dry
2026-05-02,SITE003,Dump Truck,1,5,18,Dry
2026-05-02,SITE003,Forklift,1,5,18,Dry
2026-05-02,SITE004,Excavator,5,5,18,Dry
2026-05-02,SITE004,Bulldozer,3,5,18,Dry
2026-05-02,SITE004,Wheel Loader,0,5,18,Dry
2026-05-02,SITE004,Motor Grader,1,5,18,Dry
2026-05-02,SITE004,Backhoe Loader,2,5,18,Dry
2026-05-02,SITE004,Skid Steer Loader,3,5,18,Dry
2026-05-02,SITE004,Road Roller,1,5,18,Dry
2026-05-02,SITE004,Dump Truck,1,5,18,Dry
2026-05-02,SITE004,Forklift,1,5,18,Dry
2026-05-02,SITE005,Excavator,3,5,18,Dry
2026-05-02,SITE005,Bulldozer,1,5,18,Dry
2026-05-02,SITE005,Wheel Loader,4,5,18,Dry
2026-05-02,SITE005,Motor Grader,1,5,18,Dry
2026-05-02,SITE005,Backhoe Loader,3,5,18,Dry
2026-05-02,SITE005,Skid Steer Loader,2,5,18,Dry
2026-05-02,SITE005,Road Roller,2,5,18,Dry
2026-05-02,SITE005,Dump Truck,0,5,18,Dry
2026-05-02,SITE005,Forklift,2,5,18,Dry
2026-05-02,SITE006,Excavator,3,5,18,Dry
2026-05-02,SITE006,Bulldozer,1,5,18,Dry
2026-05-02,SITE006,Wheel Loader,0,5,18,Dry
2026-05-02,SITE006,Motor Grader,3,5,18,Dry
2026-05-02,SITE006,Backhoe Loader,4,5,18,Dry
2026-05-02,SITE006,Skid Steer Loader,4,5,18,Dry
2026-05-02,SITE006,Road Roller,2,5,18,Dry
2026-05-02,SITE006,Dump Truck,0,5,18,Dry
2026-05-02,SITE006,Forklift,3,5,18,Dry
2026-05-02,SITE007,Excavator,3,5,18,Dry
2026-05-02,SITE007,Bulldozer,3,5,18,Dry
2026-05-02,SITE007,Wheel Loader,3,5,18,Dry
2026-05-02,SITE007,Motor Grader,2,5,18,Dry
2026-05-02,SITE007,Backhoe Loader,2,5,18,Dry
2026-05-02,SITE007,Skid Steer Loader,4,5,18,Dry
2026-05-02,SITE007,Road Roller,0,5,18,Dry
2026-05-02,SITE007,Dump Truck,3,5,18,Dry
2026-05-02,SITE007,Forklift,5,5,18,Dry
2026-05-02,SITE008,Excavator,3,5,18,Dry
2026-05-02,SITE008,Bulldozer,3,5,18,Dry
2026-05-02,SITE008,Wheel Loader,1,5,18,Dry
2026-05-02,SITE008,Motor Grader,1,5,18,Dry
2026-05-02,SITE008,Backhoe Loader,2,5,18,Dry
2026-05-02,SITE008,Skid Steer Loader,2,5,18,Dry
2026-05-02,SITE008,Road Roller,3,5,18,Dry
2026-05-02,SITE008,Dump Truck,1,5,18,Dry
2026-05-02,SITE008,Forklift,3,5,18,Dry
2026-05-02,SITE009,Excavator,5,5,18,Dry
2026-05-02,SITE009,Bulldozer,6,5,18,Dry
2026-05-02,SITE009,Wheel Loader,3,5,18,Dry
2026-05-02,SITE009,Motor Grader,3,5,18,Dry
2026-05-02,SITE009,Backhoe Loader,2,5,18,Dry
2026-05-02,SITE009,Skid Steer Loader,4,5,18,Dry
2026-05-02,SITE009,Road Roller,0,5,18,Dry
2026-05-02,SITE009,Dump Truck,2,5,18,Dry
2026-05-02,SITE009,Forklift,1,5,18,Dry
2026-05-02,SITE010,Excavator,6,5,18,Dry
2026-05-02,SITE010,Bulldozer,1,5,18,Dry
2026-05-02,SITE010,Wheel Loader,1,5,18,Dry
2026-05-02,SITE010,Motor Grader,3,5,18,Dry
2026-05-02,SITE010,Backhoe Loader,1,5,18,Dry
2026-05-02,SITE010,Skid Steer Loader,1,5,18,Dry
2026-05-02,SITE010,Road Roller,2,5,18,Dry
2026-05-02,SITE010,Dump Truck,0,5,18,Dry
2026-05-02,SITE010,Forklift,3,5,18,Dry
2026-05-02,SITE011,Excavator,4,5,18,Dry
2026-05-02,SITE011,Bulldozer,0,5,18,Dry
2026-05-02,SITE011,Wheel Loader,2,5,18,Dry
2026-05-02,SITE011,Motor Grader,3,5,18,Dry
2026-05-02,SITE011,Backhoe Loader,2,5,18,Dry
2026-05-02,SITE011,Skid Steer Loader,3,5,18,Dry
2026-05-02,SITE011,Road Roller,2,5,18,Dry
2026-05-02,SITE011,Dump Truck,0,5,18,Dry
2026-05-02,SITE011,Forklift,1,5,18,Dry
2026-05-02,SITE012,Excavator,1,5,18,Dry
2026-05-02,SITE012,Bulldozer,1,5,18,Dry
2026-05-02,SITE012,Wheel Loader,1,5,18,Dry
2026-05-02,SITE012,Motor Grader,0,5,18,Dry
2026-05-02,SITE012,Backhoe Loader,2,5,18,Dry
2026-05-02,SITE012,Skid Steer Loader,1,5,18,Dry
2026-05-02,SITE012,Road Roller,3,5,18,Dry
2026-05-02,SITE012,Dump Truck,2,5,18,Dry
2026-05-02,SITE012,Forklift,2,5,18,Dry
2026-05-02,SITE013,Excavator,1,5,18,Dry
2026-05-02,SITE013,Bulldozer,0,5,18,Dry
2026-05-02,SITE013,Wheel Loader,1,5,18,Dry
2026-05-02,SITE013,Motor Grader,3,5,18,Dry
2026-05-02,SITE013,Backhoe Loader,1,5,18,Dry
2026-05-02,SITE013,Skid Steer Loader,2,5,18,Dry
2026-05-02,SITE013,Road Roller,2,5,18,Dry
2026-05-02,SITE013,Dump Truck,3,5,18,Dry
2026-05-02,SITE013,Forklift,4,5,18,Dry
2026-05-02,SITE014,Excavator,1,5,18,Dry
2026-05-02,SITE014,Bulldozer,2,5,18,Dry
2026-05-02,SITE014,Wheel Loader,1,5,18,Dry
2026-05-02,SITE014,Motor Grader,2,5,18,Dry
2026-05-02,SITE014,Backhoe Loader,1,5,18,Dry
2026-05-02,SITE014,Skid Steer Loader,1,5,18,Dry
2026-05-02,SITE014,Road Roller,2,5,18,Dry
2026-05-02,SITE014,Dump Truck,2,5,18,Dry
2026-05-02,SITE014,Forklift,0,5,18,Dry
2026-05-02,SITE015,Excavator,6,5,18,Dry
2026-05-02,SITE015,Bulldozer,3,5,18,Dry
2026-05-02,SITE015,Wheel Loader,0,5,18,Dry
2026-05-02,SITE015,Motor Grader,1,5,18,Dry
2026-05-02,SITE015,Backhoe Loader,0,5,18,Dry
2026-05-02,SITE015,Skid Steer Loader,2,5,18,Dry
2026-05-02,SITE015,Road Roller,1,5,18,Dry
2026-05-02,SITE015,Dump Truck,2,5,18,Dry
2026-05-02,SITE015,Forklift,4,5,18,Dry
2026-05-02,SITE016,Excavator,1,5,18,Dry
2026-05-02,SITE016,Bulldozer,1,5,18,Dry
2026-05-02,SITE016,Wheel Loader,2,5,18,Dry
2026-05-02,SITE016,Motor Grader,1,5,18,Dry
2026-05-02,SITE016,Backhoe Loader,0,5,18,Dry
2026-05-02,SITE016,Skid Steer Loader,3,5,18,Dry
2026-05-02,SITE016,Road Roller,3,5,18,Dry
2026-05-02,SITE016,Dump Truck,2,5,18,Dry
2026-05-02,SITE016,Forklift,0,5,18,Dry
2026-05-02,SITE017,Excavator,4,5,18,Dry
2026-05-02,SITE017,Bulldozer,5,5,18,Dry
2026-05-02,SITE017,Wheel Loader,2,5,18,Dry
2026-05-02,SITE017,Motor Grader,3,5,18,Dry
2026-05-02,SITE017,Backhoe Loader,2,5,18,Dry
2026-05-02,SITE017,Skid Steer Loader,2,5,18,Dry
2026-05-02,SITE017,Road Roller,5,5,18,Dry
2026-05-02,SITE017,Dump Truck,4,5,18,Dry
2026-05-02,SITE017,Forklift,2,5,18,Dry
2026-05-02,SITE018,Excavator,2,5,18,Dry
2026-05-02,SITE018,Bulldozer,1,5,18,Dry
2026-05-02,SITE018,Wheel Loader,2,5,18,Dry
2026-05-02,SITE018,Motor Grader,3,5,18,Dry
2026-05-02,SITE018,Backhoe Loader,1,5,18,Dry
2026-05-02,SITE018,Skid Steer Loader,1,5,18,Dry
2026-05-02,SITE018,Road Roller,5,5,18,Dry
2026-05-02,SITE018,Dump Truck,3,5,18,Dry
2026-05-02,SITE018,Forklift,4,5,18,Dry
2026-05-02,SITE019,Excavator,3,5,18,Dry
2026-05-02,SITE019,Bulldozer,1,5,18,Dry
2026-05-02,SITE019,Wheel Loader,1,5,18,Dry
2026-05-02,SITE019,Motor Grader,0,5,18,Dry
2026-05-02,SITE019,Backhoe Loader,3,5,18,Dry
2026-05-02,SITE019,Skid Steer Loader,3,5,18,Dry
2026-05-02,SITE019,Road Roller,4,5,18,Dry
2026-05-02,SITE019,Dump Truck,2,5,18,Dry
2026-05-02,SITE019,Forklift,4,5,18,Dry
2026-05-02,SITE020,Excavator,2,5,18,Dry
2026-05-02,SITE020,Bulldozer,2,5,18,Dry
2026-05-02,SITE020,Wheel Loader,5,5,18,Dry
2026-05-02,SITE020,Motor Grader,2,5,18,Dry
2026-05-02,SITE020,Backhoe Loader,2,5,18,Dry
2026-05-02,SITE020,Skid Steer Loader,3,5,18,Dry
2026-05-02,SITE020,Road Roller,2,5,18,Dry
2026-05-02,SITE020,Dump Truck,6,5,18,Dry
2026-05-02,SITE020,Forklift,2,5,18,Dry
2026-05-03,SITE001,Excavator,3,5,18,Dry
2026-05-03,SITE001,Bulldozer,1,5,18,Dry
2026-05-03,SITE001,Wheel Loader,3,5,18,Dry
2026-05-03,SITE001,Motor Grader,3,5,18,Dry
2026-05-03,SITE001,Backhoe Loader,3,5,18,Dry
2026-05-03,SITE001,Skid Steer Loader,6,5,18,Dry
2026-05-03,SITE001,Road Roller,1,5,18,Dry
2026-05-03,SITE001,Dump Truck,2,5,18,Dry
2026-05-03,SITE001,Forklift,1,5,18,Dry
2026-05-03,SITE002,Excavator,5,5,18,Dry
2026-05-03,SITE002,Bulldozer,0,5,18,Dry
2026-05-03,SITE002,Wheel Loader,3,5,18,Dry
2026-05-03,SITE002,Motor Grader,2,5,18,Dry
2026-05-03,SITE002,Backhoe Loader,1,5,18,Dry
2026-05-03,SITE002,Skid Steer Loader,4,5,18,Dry
2026-05-03,SITE002,Road Roller,1,5,18,Dry
2026-05-03,SITE002,Dump Truck,2,5,18,Dry
2026-05-03,SITE002,Forklift,2,5,18,Dry
2026-05-03,SITE003,Excavator,3,5,18,Dry
2026-05-03,SITE003,Bulldozer,4,5,18,Dry
2026-05-03,SITE003,Wheel Loader,1,5,18,Dry
2026-05-03,SITE003,Motor Grader,0,5,18,Dry
2026-05-03,SITE003,Backhoe Loader,2,5,18,Dry
2026-05-03,SITE003,Skid Steer Loader,2,5,18,Dry
2026-05-03,SITE003,Road Roller,3,5,18,Dry
2026-05-03,SITE003,Dump Truck,2,5,18,Dry
2026-05-03,SITE003,Forklift,0,5,18,Dry
2026-05-03,SITE004,Excavator,4,5,18,Dry
2026-05-03,SITE004,Bulldozer,3,5,18,Dry
2026-05-03,SITE004,Wheel Loader,1,5,18,Dry
2026-05-03,SITE004,Motor Grader,3,5,18,Dry
2026-05-03,SITE004,Backhoe Loader,1,5,18,Dry
2026-05-03,SITE004,Skid Steer Loader,3,5,18,Dry
2026-05-03,SITE004,Road Roller,3,5,18,Dry
2026-05-03,SITE004,Dump Truck,4,5,18,Dry
2026-05-03,SITE004,Forklift,0,5,18,Dry
2026-05-03,SITE005,Excavator,5,5,18,Dry
2026-05-03,SITE005,Bulldozer,2,5,18,Dry
2026-05-03,SITE005,Wheel Loader,1,5,18,Dry
2026-05-03,SITE005,Motor Grader,2,5,18,Dry
2026-05-03,SITE005,Backhoe Loader,2,5,18,Dry
2026-05-03,SITE005,Skid Steer Loader,0,5,18,Dry
2026-05-03,SITE005,Road Roller,2,5,18,Dry
2026-05-03,SITE005,Dump Truck,4,5,18,Dry
2026-05-03,SITE005,Forklift,1,5,18,Dry
2026-05-03,SITE006,Excavator,3,5,18,Dry
2026-05-03,SITE006,Bulldozer,3,5,18,Dry
2026-05-03,SITE006,Wheel Loader,2,5,18,Dry
2026-05-03,SITE006,Motor Grader,1,5,18,Dry
2026-05-03,SITE006,Backhoe Loader,0,5,18,Dry
2026-05-03,SITE006,Skid Steer Loader,1,5,18,Dry
2026-05-03,SITE006,Road Roller,3,5,18,Dry
2026-05-03,SITE006,Dump Truck,1,5,18,Dry
2026-05-03,SITE006,Forklift,2,5,18,Dry
2026-05-03,SITE007,Excavator,4,5,18,Dry
2026-05-03,SITE007,Bulldozer,4,5,18,Dry
2026-05-03,SITE007,Wheel Loader,4,5,18,Dry
2026-05-03,SITE007,Motor Grader,2,5,18,Dry
2026-05-03,SITE007,Backhoe Loader,0,5,18,Dry
2026-05-03,SITE007,Skid Steer Loader,1,5,18,Dry
2026-05-03,SITE007,Road Roller,3,5,18,Dry
2026-05-03,SITE007,Dump Truck,2,5,18,Dry
2026-05-03,SITE007,Forklift,3,5,18,Dry
2026-05-03,SITE008,Excavator,5,5,18,Dry
2026-05-03,SITE008,Bulldozer,0,5,18,Dry
2026-05-03,SITE008,Wheel Loader,1,5,18,Dry
2026-05-03,SITE008,Motor Grader,4,5,18,Dry
2026-05-03,SITE008,Backhoe Loader,2,5,18,Dry
2026-05-03,SITE008,Skid Steer Loader,4,5,18,Dry
2026-05-03,SITE008,Road Roller,3,5,18,Dry
2026-05-03,SITE008,Dump Truck,2,5,18,Dry
2026-05-03,SITE008,Forklift,3,5,18,Dry
2026-05-03,SITE009,Excavator,5,5,18,Dry
2026-05-03,SITE009,Bulldozer,2,5,18,Dry
2026-05-03,SITE009,Wheel Loader,3,5,18,Dry
2026-05-03,SITE009,Motor Grader,1,5,18,Dry
2026-05-03,SITE009,Backhoe Loader,2,5,18,Dry
2026-05-03,SITE009,Skid Steer Loader,3,5,18,Dry
2026-05-03,SITE009,Road Roller,2,5,18,Dry
2026-05-03,SITE009,Dump Truck,0,5,18,Dry
2026-05-03,SITE009,Forklift,1,5,18,Dry
2026-05-03,SITE010,Excavator,5,5,18,Dry
2026-05-03,SITE010,Bulldozer,1,5,18,Dry
2026-05-03,SITE010,Wheel Loader,0,5,18,Dry
2026-05-03,SITE010,Motor Grader,5,5,18,Dry
2026-05-03,SITE010,Backhoe Loader,2,5,18,Dry
2026-05-03,SITE010,Skid Steer Loader,1,5,18,Dry
2026-05-03,SITE010,Road Roller,2,5,18,Dry
2026-05-03,SITE010,Dump Truck,0,5,18,Dry
2026-05-03,SITE010,Forklift,2,5,18,Dry
2026-05-03,SITE011,Excavator,2,5,18,Dry
2026-05-03,SITE011,Bulldozer,2,5,18,Dry
2026-05-03,SITE011,Wheel Loader,4,5,18,Dry
2026-05-03,SITE011,Motor Grader,2,5,18,Dry
2026-05-03,SITE011,Backhoe Loader,0,5,18,Dry
2026-05-03,SITE011,Skid Steer Loader,2,5,18,Dry
2026-05-03,SITE011,Road Roller,2,5,18,Dry
2026-05-03,SITE011,Dump Truck,3,5,18,Dry
2026-05-03,SITE011,Forklift,5,5,18,Dry
2026-05-03,SITE012,Excavator,2,5,18,Dry
2026-05-03,SITE012,Bulldozer,3,5,18,Dry
2026-05-03,SITE012,Wheel Loader,3,5,18,Dry
2026-05-03,SITE012,Motor Grader,2,5,18,Dry
2026-05-03,SITE012,Backhoe Loader,5,5,18,Dry
2026-05-03,SITE012,Skid Steer Loader,2,5,18,Dry
2026-05-03,SITE012,Road Roller,5,5,18,Dry
2026-05-03,SITE012,Dump Truck,0,5,18,Dry
2026-05-03,SITE012,Forklift,1,5,18,Dry
2026-05-03,SITE013,Excavator,4,5,18,Dry
2026-05-03,SITE013,Bulldozer,1,5,18,Dry
2026-05-03,SITE013,Wheel Loader,1,5,18,Dry
2026-05-03,SITE013,Motor Grader,0,5,18,Dry
2026-05-03,SITE013,Backhoe Loader,3,5,18,Dry
2026-05-03,SITE013,Skid Steer Loader,3,5,18,Dry
2026-05-03,SITE013,Road Roller,0,5,18,Dry
2026-05-03,SITE013,Dump Truck,1,5,18,Dry
2026-05-03,SITE013,Forklift,2,5,18,Dry
2026-05-03,SITE014,Excavator,5,5,18,Dry
2026-05-03,SITE014,Bulldozer,1,5,18,Dry
2026-05-03,SITE014,Wheel Loader,3,5,18,Dry
2026-05-03,SITE014,Motor Grader,0,5,18,Dry
2026-05-03,SITE014,Backhoe Loader,2,5,18,Dry
2026-05-03,SITE014,Skid Steer Loader,1,5,18,Dry
2026-05-03,SITE014,Road Roller,1,5,18,Dry
2026-05-03,SITE014,Dump Truck,2,5,18,Dry
2026-05-03,SITE014,Forklift,2,5,18,Dry
2026-05-03,SITE015,Excavator,2,5,18,Dry
2026-05-03,SITE015,Bulldozer,1,5,18,Dry
2026-05-03,SITE015,Wheel Loader,2,5,18,Dry
2026-05-03,SITE015,Motor Grader,3,5,18,Dry
2026-05-03,SITE015,Backhoe Loader,2,5,18,Dry
2026-05-03,SITE015,Skid Steer Loader,5,5,18,Dry
2026-05-03,SITE015,Road Roller,1,5,18,Dry
2026-05-03,SITE015,Dump Truck,3,5,18,Dry
2026-05-03,SITE015,Forklift,2,5,18,Dry
2026-05-03,SITE016,Excavator,4,5,18,Dry
2026-05-03,SITE016,Bulldozer,2,5,18,Dry
2026-05-03,SITE016,Wheel Loader,3,5,18,Dry
2026-05-03,SITE016,Motor Grader,0,5,18,Dry
2026-05-03,SITE016,Backhoe Loader,3,5,18,Dry
2026-05-03,SITE016,Skid Steer Loader,2,5,18,Dry
2026-05-03,SITE016,Road Roller,1,5,18,Dry
2026-05-03,SITE016,Dump Truck,2,5,18,Dry
2026-05-03,SITE016,Forklift,3,5,18,Dry
2026-05-03,SITE017,Excavator,3,5,18,Dry
2026-05-03,SITE017,Bulldozer,0,5,18,Dry
2026-05-03,SITE017,Wheel Loader,0,5,18,Dry
2026-05-03,SITE017,Motor Grader,2,5,18,Dry
2026-05-03,SITE017,Backhoe Loader,1,5,18,Dry
2026-05-03,SITE017,Skid Steer Loader,0,5,18,Dry
2026-05-03,SITE017,Road Roller,1,5,18,Dry
2026-05-03,SITE017,Dump Truck,2,5,18,Dry
2026-05-03,SITE017,Forklift,3,5,18,Dry
2026-05-03,SITE018,Excavator,7,5,18,Dry
2026-05-03,SITE018,Bulldozer,2,5,18,Dry
2026-05-03,SITE018,Wheel Loader,2,5,18,Dry
2026-05-03,SITE018,Motor Grader,0,5,18,Dry
2026-05-03,SITE018,Backhoe Loader,2,5,18,Dry
2026-05-03,SITE018,Skid Steer Loader,3,5,18,Dry
2026-05-03,SITE018,Road Roller,1,5,18,Dry
2026-05-03,SITE018,Dump Truck,6,5,18,Dry
2026-05-03,SITE018,Forklift,1,5,18,Dry
2026-05-03,SITE019,Excavator,3,5,18,Dry
2026-05-03,SITE019,Bulldozer,1,5,18,Dry
2026-05-03,SITE019,Wheel Loader,1,5,18,Dry
2026-05-03,SITE019,Motor Grader,3,5,18,Dry
2026-05-03,SITE019,Backhoe Loader,3,5,18,Dry
2026-05-03,SITE019,Skid Steer Loader,3,5,18,Dry
2026-05-03,SITE019,Road Roller,1,5,18,Dry
2026-05-03,SITE019,Dump Truck,6,5,18,Dry
2026-05-03,SITE019,Forklift,0,5,18,Dry
2026-05-03,SITE020,Excavator,3,5,18,Dry
2026-05-03,SITE020,Bulldozer,3,5,18,Dry
2026-05-03,SITE020,Wheel Loader,5,5,18,Dry
2026-05-03,SITE020,Motor Grader,2,5,18,Dry
2026-05-03,SITE020,Backhoe Loader,1,5,18,Dry
2026-05-03,SITE020,Skid Steer Loader,0,5,18,Dry
2026-05-03,SITE020,Road Roller,0,5,18,Dry
2026-05-03,SITE020,Dump Truck,4,5,18,Dry
2026-05-03,SITE020,Forklift,2,5,18,Dry
2026-05-04,SITE001,Excavator,4,5,19,Dry
2026-05-04,SITE001,Bulldozer,0,5,19,Dry
2026-05-04,SITE001,Wheel Loader,2,5,19,Dry
2026-05-04,SITE001,Motor Grader,1,5,19,Dry
2026-05-04,SITE001,Backhoe Loader,3,5,19,Dry
2026-05-04,SITE001,Skid Steer Loader,0,5,19,Dry
2026-05-04,SITE001,Road Roller,1,5,19,Dry
2026-05-04,SITE001,Dump Truck,1,5,19,Dry
2026-05-04,SITE001,Forklift,4,5,19,Dry
2026-05-04,SITE002,Excavator,3,5,19,Dry
2026-05-04,SITE002,Bulldozer,2,5,19,Dry
2026-05-04,SITE002,Wheel Loader,2,5,19,Dry
2026-05-04,SITE002,Motor Grader,2,5,19,Dry
2026-05-04,SITE002,Backhoe Loader,2,5,19,Dry
2026-05-04,SITE002,Skid Steer Loader,2,5,19,Dry
2026-05-04,SITE002,Road Roller,1,5,19,Dry
2026-05-04,SITE002,Dump Truck,0,5,19,Dry
2026-05-04,SITE002,Forklift,4,5,19,Dry
2026-05-04,SITE003,Excavator,4,5,19,Dry
2026-05-04,SITE003,Bulldozer,1,5,19,Dry
2026-05-04,SITE003,Wheel Loader,2,5,19,Dry
2026-05-04,SITE003,Motor Grader,2,5,19,Dry
2026-05-04,SITE003,Backhoe Loader,5,5,19,Dry
2026-05-04,SITE003,Skid Steer Loader,1,5,19,Dry
2026-05-04,SITE003,Road Roller,1,5,19,Dry
2026-05-04,SITE003,Dump Truck,5,5,19,Dry
2026-05-04,SITE003,Forklift,1,5,19,Dry
2026-05-04,SITE004,Excavator,5,5,19,Dry
2026-05-04,SITE004,Bulldozer,0,5,19,Dry
2026-05-04,SITE004,Wheel Loader,1,5,19,Dry
2026-05-04,SITE004,Motor Grader,0,5,19,Dry
2026-05-04,SITE004,Backhoe Loader,0,5,19,Dry
2026-05-04,SITE004,Skid Steer Loader,3,5,19,Dry
2026-05-04,SITE004,Road Roller,3,5,19,Dry
2026-05-04,SITE004,Dump Truck,1,5,19,Dry
2026-05-04,SITE004,Forklift,2,5,19,Dry
2026-05-04,SITE005,Excavator,1,5,19,Dry
2026-05-04,SITE005,Bulldozer,4,5,19,Dry
2026-05-04,SITE005,Wheel Loader,1,5,19,Dry
2026-05-04,SITE005,Motor Grader,4,5,19,Dry
2026-05-04,SITE005,Backhoe Loader,4,5,19,Dry
2026-05-04,SITE005,Skid Steer Loader,4,5,19,Dry
2026-05-04,SITE005,Road Roller,2,5,19,Dry
2026-05-04,SITE005,Dump Truck,2,5,19,Dry
2026-05-04,SITE005,Forklift,3,5,19,Dry
2026-05-04,SITE006,Excavator,7,5,19,Dry
2026-05-04,SITE006,Bulldozer,2,5,19,Dry
2026-05-04,SITE006,Wheel Loader,4,5,19,Dry
2026-05-04,SITE006,Motor Grader,3,5,19,Dry
2026-05-04,SITE006,Backhoe Loader,1,5,19,Dry
2026-05-04,SITE006,Skid Steer Loader,2,5,19,Dry
2026-05-04,SITE006,Road Roller,4,5,19,Dry
2026-05-04,SITE006,Dump Truck,2,5,19,Dry
2026-05-04,SITE006,Forklift,4,5,19,Dry
2026-05-04,SITE007,Excavator,1,5,19,Dry
2026-05-04,SITE007,Bulldozer,3,5,19,Dry
2026-05-04,SITE007,Wheel Loader,2,5,19,Dry
2026-05-04,SITE007,Motor Grader,3,5,19,Dry
2026-05-04,SITE007,Backhoe Loader,3,5,19,Dry
2026-05-04,SITE007,Skid Steer Loader,1,5,19,Dry
2026-05-04,SITE007,Road Roller,3,5,19,Dry
2026-05-04,SITE007,Dump Truck,1,5,19,Dry
2026-05-04,SITE007,Forklift,3,5,19,Dry
2026-05-04,SITE008,Excavator,7,5,19,Dry
2026-05-04,SITE008,Bulldozer,3,5,19,Dry
2026-05-04,SITE008,Wheel Loader,3,5,19,Dry
2026-05-04,SITE008,Motor Grader,3,5,19,Dry
2026-05-04,SITE008,Backhoe Loader,3,5,19,Dry
2026-05-04,SITE008,Skid Steer Loader,1,5,19,Dry
2026-05-04,SITE008,Road Roller,0,5,19,Dry
2026-05-04,SITE008,Dump Truck,4,5,19,Dry
2026-05-04,SITE008,Forklift,1,5,19,Dry
2026-05-04,SITE009,Excavator,2,5,19,Dry
2026-05-04,SITE009,Bulldozer,1,5,19,Dry
2026-05-04,SITE009,Wheel Loader,5,5,19,Dry
2026-05-04,SITE009,Motor Grader,1,5,19,Dry
2026-05-04,SITE009,Backhoe Loader,2,5,19,Dry
2026-05-04,SITE009,Skid Steer Loader,2,5,19,Dry
2026-05-04,SITE009,Road Roller,1,5,19,Dry
2026-05-04,SITE009,Dump Truck,0,5,19,Dry
2026-05-04,SITE009,Forklift,0,5,19,Dry
2026-05-04,SITE010,Excavator,5,5,19,Dry
2026-05-04,SITE010,Bulldozer,3,5,19,Dry
2026-05-04,SITE010,Wheel Loader,3,5,19,Dry
2026-05-04,SITE010,Motor Grader,0,5,19,Dry
2026-05-04,SITE010,Backhoe Loader,3,5,19,Dry
2026-05-04,SITE010,Skid Steer Loader,1,5,19,Dry
2026-05-04,SITE010,Road Roller,1,5,19,Dry
2026-05-04,SITE010,Dump Truck,3,5,19,Dry
2026-05-04,SITE010,Forklift,0,5,19,Dry
2026-05-04,SITE011,Excavator,2,5,19,Dry
2026-05-04,SITE011,Bulldozer,2,5,19,Dry
2026-05-04,SITE011,Wheel Loader,3,5,19,Dry
2026-05-04,SITE011,Motor Grader,1,5,19,Dry
2026-05-04,SITE011,Backhoe Loader,0,5,19,Dry
2026-05-04,SITE011,Skid Steer Loader,1,5,19,Dry
2026-05-04,SITE011,Road Roller,2,5,19,Dry
2026-05-04,SITE011,Dump Truck,1,5,19,Dry
2026-05-04,SITE011,Forklift,4,5,19,Dry
2026-05-04,SITE012,Excavator,5,5,19,Dry
2026-05-04,SITE012,Bulldozer,1,5,19,Dry
2026-05-04,SITE012,Wheel Loader,3,5,19,Dry
2026-05-04,SITE012,Motor Grader,0,5,19,Dry
2026-05-04,SITE012,Backhoe Loader,1,5,19,Dry
2026-05-04,SITE012,Skid Steer Loader,2,5,19,Dry
2026-05-04,SITE012,Road Roller,1,5,19,Dry
2026-05-04,SITE012,Dump Truck,2,5,19,Dry
2026-05-04,SITE012,Forklift,2,5,19,Dry
2026-05-04,SITE013,Excavator,6,5,19,Dry
2026-05-04,SITE013,Bulldozer,3,5,19,Dry
2026-05-04,SITE013,Wheel Loader,3,5,19,Dry
2026-05-04,SITE013,Motor Grader,2,5,19,Dry
2026-05-04,SITE013,Backhoe Loader,1,5,19,Dry
2026-05-04,SITE013,Skid Steer Loader,2,5,19,Dry
2026-05-04,SITE013,Road Roller,4,5,19,Dry
2026-05-04,SITE013,Dump Truck,2,5,19,Dry
2026-05-04,SITE013,Forklift,0,5,19,Dry
2026-05-04,SITE014,Excavator,4,5,19,Dry
2026-05-04,SITE014,Bulldozer,5,5,19,Dry
2026-05-04,SITE014,Wheel Loader,2,5,19,Dry
2026-05-04,SITE014,Motor Grader,3,5,19,Dry
2026-05-04,SITE014,Backhoe Loader,2,5,19,Dry
2026-05-04,SITE014,Skid Steer Loader,5,5,19,Dry
2026-05-04,SITE014,Road Roller,2,5,19,Dry
2026-05-04,SITE014,Dump Truck,2,5,19,Dry
2026-05-04,SITE014,Forklift,1,5,19,Dry
2026-05-04,SITE015,Excavator,5,5,19,Dry
2026-05-04,SITE015,Bulldozer,4,5,19,Dry
2026-05-04,SITE015,Wheel Loader,2,5,19,Dry
2026-05-04,SITE015,Motor Grader,0,5,19,Dry
2026-05-04,SITE015,Backhoe Loader,4,5,19,Dry
2026-05-04,SITE015,Skid Steer Loader,2,5,19,Dry
2026-05-04,SITE015,Road Roller,3,5,19,Dry
2026-05-04,SITE015,Dump Truck,3,5,19,Dry
2026-05-04,SITE015,Forklift,3,5,19,Dry
2026-05-04,SITE016,Excavator,3,5,19,Dry
2026-05-04,SITE016,Bulldozer,1,5,19,Dry
2026-05-04,SITE016,Wheel Loader,4,5,19,Dry
2026-05-04,SITE016,Motor Grader,4,5,19,Dry
2026-05-04,SITE016,Backhoe Loader,3,5,19,Dry
2026-05-04,SITE016,Skid Steer Loader,2,5,19,Dry
2026-05-04,SITE016,Road Roller,3,5,19,Dry
2026-05-04,SITE016,Dump Truck,2,5,19,Dry
2026-05-04,SITE016,Forklift,0,5,19,Dry
2026-05-04,SITE017,Excavator,7,5,19,Dry
2026-05-04,SITE017,Bulldozer,3,5,19,Dry
2026-05-04,SITE017,Wheel Loader,3,5,19,Dry
2026-05-04,SITE017,Motor Grader,2,5,19,Dry
2026-05-04,SITE017,Backhoe Loader,1,5,19,Dry
2026-05-04,SITE017,Skid Steer Loader,4,5,19,Dry
2026-05-04,SITE017,Road Roller,3,5,19,Dry
2026-05-04,SITE017,Dump Truck,4,5,19,Dry
2026-05-04,SITE017,Forklift,1,5,19,Dry
2026-05-04,SITE018,Excavator,3,5,19,Dry
2026-05-04,SITE018,Bulldozer,0,5,19,Dry
2026-05-04,SITE018,Wheel Loader,2,5,19,Dry
2026-05-04,SITE018,Motor Grader,1,5,19,Dry
2026-05-04,SITE018,Backhoe Loader,1,5,19,Dry
2026-05-04,SITE018,Skid Steer Loader,5,5,19,Dry
2026-05-04,SITE018,Road Roller,0,5,19,Dry
2026-05-04,SITE018,Dump Truck,2,5,19,Dry
2026-05-04,SITE018,Forklift,4,5,19,Dry
2026-05-04,SITE019,Excavator,3,5,19,Dry
2026-05-04,SITE019,Bulldozer,5,5,19,Dry
2026-05-04,SITE019,Wheel Loader,2,5,19,Dry
2026-05-04,SITE019,Motor Grader,4,5,19,Dry
2026-05-04,SITE019,Backhoe Loader,3,5,19,Dry
2026-05-04,SITE019,Skid Steer Loader,1,5,19,Dry
2026-05-04,SITE019,Road Roller,2,5,19,Dry
2026-05-04,SITE019,Dump Truck,5,5,19,Dry
2026-05-04,SITE019,Forklift,1,5,19,Dry
2026-05-04,SITE020,Excavator,2,5,19,Dry
2026-05-04,SITE020,Bulldozer,2,5,19,Dry
2026-05-04,SITE020,Wheel Loader,1,5,19,Dry
2026-05-04,SITE020,Motor Grader,2,5,19,Dry
2026-05-04,SITE020,Backhoe Loader,1,5,19,Dry
2026-05-04,SITE020,Skid Steer Loader,0,5,19,Dry
2026-05-04,SITE020,Road Roller,1,5,19,Dry
2026-05-04,SITE020,Dump Truck,0,5,19,Dry
2026-05-04,SITE020,Forklift,3,5,19,Dry
2026-05-05,SITE001,Excavator,3,5,19,Dry
2026-05-05,SITE001,Bulldozer,1,5,19,Dry
2026-05-05,SITE001,Wheel Loader,3,5,19,Dry
2026-05-05,SITE001,Motor Grader,2,5,19,Dry
2026-05-05,SITE001,Backhoe Loader,1,5,19,Dry
2026-05-05,SITE001,Skid Steer Loader,3,5,19,Dry
2026-05-05,SITE001,Road Roller,4,5,19,Dry
2026-05-05,SITE001,Dump Truck,0,5,19,Dry
2026-05-05,SITE001,Forklift,1,5,19,Dry
2026-05-05,SITE002,Excavator,1,5,19,Dry
2026-05-05,SITE002,Bulldozer,2,5,19,Dry
2026-05-05,SITE002,Wheel Loader,2,5,19,Dry
2026-05-05,SITE002,Motor Grader,0,5,19,Dry
2026-05-05,SITE002,Backhoe Loader,2,5,19,Dry
2026-05-05,SITE002,Skid Steer Loader,0,5,19,Dry
2026-05-05,SITE002,Road Roller,4,5,19,Dry
2026-05-05,SITE002,Dump Truck,1,5,19,Dry
2026-05-05,SITE002,Forklift,5,5,19,Dry
2026-05-05,SITE003,Excavator,3,5,19,Dry
2026-05-05,SITE003,Bulldozer,0,5,19,Dry
2026-05-05,SITE003,Wheel Loader,1,5,19,Dry
2026-05-05,SITE003,Motor Grader,2,5,19,Dry
2026-05-05,SITE003,Backhoe Loader,0,5,19,Dry
2026-05-05,SITE003,Skid Steer Loader,3,5,19,Dry
2026-05-05,SITE003,Road Roller,4,5,19,Dry
2026-05-05,SITE003,Dump Truck,2,5,19,Dry
2026-05-05,SITE003,Forklift,5,5,19,Dry
2026-05-05,SITE004,Excavator,6,5,19,Dry
2026-05-05,SITE004,Bulldozer,1,5,19,Dry
2026-05-05,SITE004,Wheel Loader,2,5,19,Dry
2026-05-05,SITE004,Motor Grader,0,5,19,Dry
2026-05-05,SITE004,Backhoe Loader,3,5,19,Dry
2026-05-05,SITE004,Skid Steer Loader,1,5,19,Dry
2026-05-05,SITE004,Road Roller,3,5,19,Dry
2026-05-05,SITE004,Dump Truck,3,5,19,Dry
2026-05-05,SITE004,Forklift,1,5,19,Dry
2026-05-05,SITE005,Excavator,3,5,19,Dry
2026-05-05,SITE005,Bulldozer,0,5,19,Dry
2026-05-05,SITE005,Wheel Loader,1,5,19,Dry
2026-05-05,SITE005,Motor Grader,0,5,19,Dry
2026-05-05,SITE005,Backhoe Loader,2,5,19,Dry
2026-05-05,SITE005,Skid Steer Loader,1,5,19,Dry
2026-05-05,SITE005,Road Roller,4,5,19,Dry
2026-05-05,SITE005,Dump Truck,3,5,19,Dry
2026-05-05,SITE005,Forklift,1,5,19,Dry
2026-05-05,SITE006,Excavator,5,5,19,Dry
2026-05-05,SITE006,Bulldozer,1,5,19,Dry
2026-05-05,SITE006,Wheel Loader,1,5,19,Dry
2026-05-05,SITE006,Motor Grader,0,5,19,Dry
2026-05-05,SITE006,Backhoe Loader,1,5,19,Dry
2026-05-05,SITE006,Skid Steer Loader,3,5,19,Dry
2026-05-05,SITE006,Road Roller,1,5,19,Dry
2026-05-05,SITE006,Dump Truck,2,5,19,Dry
2026-05-05,SITE006,Forklift,5,5,19,Dry
2026-05-05,SITE007,Excavator,1,5,19,Dry
2026-05-05,SITE007,Bulldozer,2,5,19,Dry
2026-05-05,SITE007,Wheel Loader,5,5,19,Dry
2026-05-05,SITE007,Motor Grader,1,5,19,Dry
2026-05-05,SITE007,Backhoe Loader,4,5,19,Dry
2026-05-05,SITE007,Skid Steer Loader,4,5,19,Dry
2026-05-05,SITE007,Road Roller,1,5,19,Dry
2026-05-05,SITE007,Dump Truck,2,5,19,Dry
2026-05-05,SITE007,Forklift,3,5,19,Dry
2026-05-05,SITE008,Excavator,7,5,19,Dry
2026-05-05,SITE008,Bulldozer,4,5,19,Dry
2026-05-05,SITE008,Wheel Loader,3,5,19,Dry
2026-05-05,SITE008,Motor Grader,1,5,19,Dry
2026-05-05,SITE008,Backhoe Loader,4,5,19,Dry
2026-05-05,SITE008,Skid Steer Loader,1,5,19,Dry
2026-05-05,SITE008,Road Roller,2,5,19,Dry
2026-05-05,SITE008,Dump Truck,1,5,19,Dry
2026-05-05,SITE008,Forklift,4,5,19,Dry
2026-05-05,SITE009,Excavator,8,5,19,Dry
2026-05-05,SITE009,Bulldozer,1,5,19,Dry
2026-05-05,SITE009,Wheel Loader,1,5,19,Dry
2026-05-05,SITE009,Motor Grader,2,5,19,Dry
2026-05-05,SITE009,Backhoe Loader,1,5,19,Dry
2026-05-05,SITE009,Skid Steer Loader,2,5,19,Dry
2026-05-05,SITE009,Road Roller,3,5,19,Dry
2026-05-05,SITE009,Dump Truck,3,5,19,Dry
2026-05-05,SITE009,Forklift,0,5,19,Dry
2026-05-05,SITE010,Excavator,3,5,19,Dry
2026-05-05,SITE010,Bulldozer,4,5,19,Dry
2026-05-05,SITE010,Wheel Loader,1,5,19,Dry
2026-05-05,SITE010,Motor Grader,4,5,19,Dry
2026-05-05,SITE010,Backhoe Loader,0,5,19,Dry
2026-05-05,SITE010,Skid Steer Loader,3,5,19,Dry
2026-05-05,SITE010,Road Roller,1,5,19,Dry
2026-05-05,SITE010,Dump Truck,2,5,19,Dry
2026-05-05,SITE010,Forklift,4,5,19,Dry
2026-05-05,SITE011,Excavator,4,5,19,Dry
2026-05-05,SITE011,Bulldozer,1,5,19,Dry
2026-05-05,SITE011,Wheel Loader,2,5,19,Dry
2026-05-05,SITE011,Motor Grader,1,5,19,Dry
2026-05-05,SITE011,Backhoe Loader,2,5,19,Dry
2026-05-05,SITE011,Skid Steer Loader,1,5,19,Dry
2026-05-05,SITE011,Road Roller,2,5,19,Dry
2026-05-05,SITE011,Dump Truck,0,5,19,Dry
2026-05-05,SITE011,Forklift,1,5,19,Dry
2026-05-05,SITE012,Excavator,8,5,19,Dry
2026-05-05,SITE012,Bulldozer,2,5,19,Dry
2026-05-05,SITE012,Wheel Loader,2,5,19,Dry
2026-05-05,SITE012,Motor Grader,1,5,19,Dry
2026-05-05,SITE012,Backhoe Loader,5,5,19,Dry
2026-05-05,SITE012,Skid Steer Loader,0,5,19,Dry
2026-05-05,SITE012,Road Roller,2,5,19,Dry
2026-05-05,SITE012,Dump Truck,3,5,19,Dry
2026-05-05,SITE012,Forklift,1,5,19,Dry
2026-05-05,SITE013,Excavator,2,5,19,Dry
2026-05-05,SITE013,Bulldozer,4,5,19,Dry
2026-05-05,SITE013,Wheel Loader,3,5,19,Dry
2026-05-05,SITE013,Motor Grader,2,5,19,Dry
2026-05-05,SITE013,Backhoe Loader,1,5,19,Dry
2026-05-05,SITE013,Skid Steer Loader,3,5,19,Dry
2026-05-05,SITE013,Road Roller,2,5,19,Dry
2026-05-05,SITE013,Dump Truck,1,5,19,Dry
2026-05-05,SITE013,Forklift,0,5,19,Dry
2026-05-05,SITE014,Excavator,2,5,19,Dry
2026-05-05,SITE014,Bulldozer,1,5,19,Dry
2026-05-05,SITE014,Wheel Loader,1,5,19,Dry
2026-05-05,SITE014,Motor Grader,0,5,19,Dry
2026-05-05,SITE014,Backhoe Loader,0,5,19,Dry
2026-05-05,SITE014,Skid Steer Loader,2,5,19,Dry
2026-05-05,SITE014,Road Roller,2,5,19,Dry
2026-05-05,SITE014,Dump Truck,4,5,19,Dry
2026-05-05,SITE014,Forklift,4,5,19,Dry
2026-05-05,SITE015,Excavator,0,5,19,Dry
2026-05-05,SITE015,Bulldozer,2,5,19,Dry
2026-05-05,SITE015,Wheel Loader,1,5,19,Dry
2026-05-05,SITE015,Motor Grader,2,5,19,Dry
2026-05-05,SITE015,Backhoe Loader,1,5,19,Dry
2026-05-05,SITE015,Skid Steer Loader,0,5,19,Dry
2026-05-05,SITE015,Road Roller,4,5,19,Dry
2026-05-05,SITE015,Dump Truck,4,5,19,Dry
2026-05-05,SITE015,Forklift,1,5,19,Dry
2026-05-05,SITE016,Excavator,4,5,19,Dry
2026-05-05,SITE016,Bulldozer,0,5,19,Dry
2026-05-05,SITE016,Wheel Loader,6,5,19,Dry
2026-05-05,SITE016,Motor Grader,1,5,19,Dry
2026-05-05,SITE016,Backhoe Loader,1,5,19,Dry
2026-05-05,SITE016,Skid Steer Loader,3,5,19,Dry
2026-05-05,SITE016,Road Roller,3,5,19,Dry
2026-05-05,SITE016,Dump Truck,1,5,19,Dry
2026-05-05,SITE016,Forklift,2,5,19,Dry
2026-05-05,SITE017,Excavator,3,5,19,Dry
2026-05-05,SITE017,Bulldozer,0,5,19,Dry
2026-05-05,SITE017,Wheel Loader,2,5,19,Dry
2026-05-05,SITE017,Motor Grader,2,5,19,Dry
2026-05-05,SITE017,Backhoe Loader,2,5,19,Dry
2026-05-05,SITE017,Skid Steer Loader,2,5,19,Dry
2026-05-05,SITE017,Road Roller,2,5,19,Dry
2026-05-05,SITE017,Dump Truck,1,5,19,Dry
2026-05-05,SITE017,Forklift,1,5,19,Dry
2026-05-05,SITE018,Excavator,9,5,19,Dry
2026-05-05,SITE018,Bulldozer,3,5,19,Dry
2026-05-05,SITE018,Wheel Loader,1,5,19,Dry
2026-05-05,SITE018,Motor Grader,2,5,19,Dry
2026-05-05,SITE018,Backhoe Loader,7,5,19,Dry
2026-05-05,SITE018,Skid Steer Loader,2,5,19,Dry
2026-05-05,SITE018,Road Roller,2,5,19,Dry
2026-05-05,SITE018,Dump Truck,3,5,19,Dry
2026-05-05,SITE018,Forklift,0,5,19,Dry
2026-05-05,SITE019,Excavator,4,5,19,Dry
2026-05-05,SITE019,Bulldozer,3,5,19,Dry
2026-05-05,SITE019,Wheel Loader,1,5,19,Dry
2026-05-05,SITE019,Motor Grader,2,5,19,Dry
2026-05-05,SITE019,Backhoe Loader,1,5,19,Dry
2026-05-05,SITE019,Skid Steer Loader,2,5,19,Dry
2026-05-05,SITE019,Road Roller,2,5,19,Dry
2026-05-05,SITE019,Dump Truck,5,5,19,Dry
2026-05-05,SITE019,Forklift,2,5,19,Dry
2026-05-05,SITE020,Excavator,4,5,19,Dry
2026-05-05,SITE020,Bulldozer,1,5,19,Dry
2026-05-05,SITE020,Wheel Loader,0,5,19,Dry
2026-05-05,SITE020,Motor Grader,0,5,19,Dry
2026-05-05,SITE020,Backhoe Loader,2,5,19,Dry
2026-05-05,SITE020,Skid Steer Loader,4,5,19,Dry
2026-05-05,SITE020,Road Roller,2,5,19,Dry
2026-05-05,SITE020,Dump Truck,5,5,19,Dry
2026-05-05,SITE020,Forklift,1,5,19,Dry
2026-05-06,SITE001,Excavator,4,5,19,Dry
2026-05-06,SITE001,Bulldozer,0,5,19,Dry
2026-05-06,SITE001,Wheel Loader,0,5,19,Dry
2026-05-06,SITE001,Motor Grader,4,5,19,Dry
2026-05-06,SITE001,Backhoe Loader,3,5,19,Dry
2026-05-06,SITE001,Skid Steer Loader,1,5,19,Dry
2026-05-06,SITE001,Road Roller,2,5,19,Dry
2026-05-06,SITE001,Dump Truck,0,5,19,Dry
2026-05-06,SITE001,Forklift,0,5,19,Dry
2026-05-06,SITE002,Excavator,1,5,19,Dry
2026-05-06,SITE002,Bulldozer,2,5,19,Dry
2026-05-06,SITE002,Wheel Loader,2,5,19,Dry
2026-05-06,SITE002,Motor Grader,1,5,19,Dry
2026-05-06,SITE002,Backhoe Loader,0,5,19,Dry
2026-05-06,SITE002,Skid Steer Loader,3,5,19,Dry
2026-05-06,SITE002,Road Roller,3,5,19,Dry
2026-05-06,SITE002,Dump Truck,3,5,19,Dry
2026-05-06,SITE002,Forklift,5,5,19,Dry
2026-05-06,SITE003,Excavator,3,5,19,Dry
2026-05-06,SITE003,Bulldozer,1,5,19,Dry
2026-05-06,SITE003,Wheel Loader,3,5,19,Dry
2026-05-06,SITE003,Motor Grader,2,5,19,Dry
2026-05-06,SITE003,Backhoe Loader,2,5,19,Dry
2026-05-06,SITE003,Skid Steer Loader,2,5,19,Dry
2026-05-06,SITE003,Road Roller,6,5,19,Dry
2026-05-06,SITE003,Dump Truck,4,5,19,Dry
2026-05-06,SITE003,Forklift,1,5,19,Dry
2026-05-06,SITE004,Excavator,8,5,19,Dry
2026-05-06,SITE004,Bulldozer,3,5,19,Dry
2026-05-06,SITE004,Wheel Loader,1,5,19,Dry
2026-05-06,SITE004,Motor Grader,3,5,19,Dry
2026-05-06,SITE004,Backhoe Loader,4,5,19,Dry
2026-05-06,SITE004,Skid Steer Loader,3,5,19,Dry
2026-05-06,SITE004,Road Roller,3,5,19,Dry
2026-05-06,SITE004,Dump Truck,2,5,19,Dry
2026-05-06,SITE004,Forklift,4,5,19,Dry
2026-05-06,SITE005,Excavator,4,5,19,Dry
2026-05-06,SITE005,Bulldozer,1,5,19,Dry
2026-05-06,SITE005,Wheel Loader,2,5,19,Dry
2026-05-06,SITE005,Motor Grader,2,5,19,Dry
2026-05-06,SITE005,Backhoe Loader,2,5,19,Dry
2026-05-06,SITE005,Skid Steer Loader,2,5,19,Dry
2026-05-06,SITE005,Road Roller,2,5,19,Dry
2026-05-06,SITE005,Dump Truck,4,5,19,Dry
2026-05-06,SITE005,Forklift,1,5,19,Dry
2026-05-06,SITE006,Excavator,3,5,19,Dry
2026-05-06,SITE006,Bulldozer,2,5,19,Dry
2026-05-06,SITE006,Wheel Loader,1,5,19,Dry
2026-05-06,SITE006,Motor Grader,1,5,19,Dry
2026-05-06,SITE006,Backhoe Loader,3,5,19,Dry
2026-05-06,SITE006,Skid Steer Loader,2,5,19,Dry
2026-05-06,SITE006,Road Roller,1,5,19,Dry
2026-05-06,SITE006,Dump Truck,1,5,19,Dry
2026-05-06,SITE006,Forklift,3,5,19,Dry
2026-05-06,SITE007,Excavator,3,5,19,Dry
2026-05-06,SITE007,Bulldozer,3,5,19,Dry
2026-05-06,SITE007,Wheel Loader,0,5,19,Dry
2026-05-06,SITE007,Motor Grader,3,5,19,Dry
2026-05-06,SITE007,Backhoe Loader,2,5,19,Dry
2026-05-06,SITE007,Skid Steer Loader,3,5,19,Dry
2026-05-06,SITE007,Road Roller,2,5,19,Dry
2026-05-06,SITE007,Dump Truck,2,5,19,Dry
2026-05-06,SITE007,Forklift,3,5,19,Dry
2026-05-06,SITE008,Excavator,6,5,19,Dry
2026-05-06,SITE008,Bulldozer,2,5,19,Dry
2026-05-06,SITE008,Wheel Loader,0,5,19,Dry
2026-05-06,SITE008,Motor Grader,1,5,19,Dry
2026-05-06,SITE008,Backhoe Loader,3,5,19,Dry
2026-05-06,SITE008,Skid Steer Loader,2,5,19,Dry
2026-05-06,SITE008,Road Roller,3,5,19,Dry
2026-05-06,SITE008,Dump Truck,1,5,19,Dry
2026-05-06,SITE008,Forklift,2,5,19,Dry
2026-05-06,SITE009,Excavator,0,5,19,Dry
2026-05-06,SITE009,Bulldozer,1,5,19,Dry
2026-05-06,SITE009,Wheel Loader,1,5,19,Dry
2026-05-06,SITE009,Motor Grader,0,5,19,Dry
2026-05-06,SITE009,Backhoe Loader,4,5,19,Dry
2026-05-06,SITE009,Skid Steer Loader,6,5,19,Dry
2026-05-06,SITE009,Road Roller,4,5,19,Dry
2026-05-06,SITE009,Dump Truck,3,5,19,Dry
2026-05-06,SITE009,Forklift,1,5,19,Dry
2026-05-06,SITE010,Excavator,7,5,19,Dry
2026-05-06,SITE010,Bulldozer,3,5,19,Dry
2026-05-06,SITE010,Wheel Loader,2,5,19,Dry
2026-05-06,SITE010,Motor Grader,0,5,19,Dry
2026-05-06,SITE010,Backhoe Loader,2,5,19,Dry
2026-05-06,SITE010,Skid Steer Loader,2,5,19,Dry
2026-05-06,SITE010,Road Roller,3,5,19,Dry
2026-05-06,SITE010,Dump Truck,1,5,19,Dry
2026-05-06,SITE010,Forklift,0,5,19,Dry
2026-05-06,SITE011,Excavator,5,5,19,Dry
2026-05-06,SITE011,Bulldozer,1,5,19,Dry
2026-05-06,SITE011,Wheel Loader,1,5,19,Dry
2026-05-06,SITE011,Motor Grader,2,5,19,Dry
2026-05-06,SITE011,Backhoe Loader,5,5,19,Dry
2026-05-06,SITE011,Skid Steer Loader,4,5,19,Dry
2026-05-06,SITE011,Road Roller,2,5,19,Dry
2026-05-06,SITE011,Dump Truck,2,5,19,Dry
2026-05-06,SITE011,Forklift,5,5,19,Dry
2026-05-06,SITE012,Excavator,4,5,19,Dry
2026-05-06,SITE012,Bulldozer,1,5,19,Dry
2026-05-06,SITE012,Wheel Loader,3,5,19,Dry
2026-05-06,SITE012,Motor Grader,0,5,19,Dry
2026-05-06,SITE012,Backhoe Loader,0,5,19,Dry
2026-05-06,SITE012,Skid Steer Loader,2,5,19,Dry
2026-05-06,SITE012,Road Roller,1,5,19,Dry
2026-05-06,SITE012,Dump Truck,1,5,19,Dry
2026-05-06,SITE012,Forklift,2,5,19,Dry
2026-05-06,SITE013,Excavator,4,5,19,Dry
2026-05-06,SITE013,Bulldozer,2,5,19,Dry
2026-05-06,SITE013,Wheel Loader,3,5,19,Dry
2026-05-06,SITE013,Motor Grader,3,5,19,Dry
2026-05-06,SITE013,Backhoe Loader,1,5,19,Dry
2026-05-06,SITE013,Skid Steer Loader,1,5,19,Dry
2026-05-06,SITE013,Road Roller,1,5,19,Dry
2026-05-06,SITE013,Dump Truck,2,5,19,Dry
2026-05-06,SITE013,Forklift,2,5,19,Dry
2026-05-06,SITE014,Excavator,1,5,19,Dry
2026-05-06,SITE014,Bulldozer,1,5,19,Dry
2026-05-06,SITE014,Wheel Loader,3,5,19,Dry
2026-05-06,SITE014,Motor Grader,1,5,19,Dry
2026-05-06,SITE014,Backhoe Loader,5,5,19,Dry
2026-05-06,SITE014,Skid Steer Loader,2,5,19,Dry
2026-05-06,SITE014,Road Roller,3,5,19,Dry
2026-05-06,SITE014,Dump Truck,0,5,19,Dry
2026-05-06,SITE014,Forklift,3,5,19,Dry
2026-05-06,SITE015,Excavator,3,5,19,Dry
2026-05-06,SITE015,Bulldozer,1,5,19,Dry
2026-05-06,SITE015,Wheel Loader,1,5,19,Dry
2026-05-06,SITE015,Motor Grader,2,5,19,Dry
2026-05-06,SITE015,Backhoe Loader,3,5,19,Dry
2026-05-06,SITE015,Skid Steer Loader,1,5,19,Dry
2026-05-06,SITE015,Road Roller,0,5,19,Dry
2026-05-06,SITE015,Dump Truck,2,5,19,Dry
2026-05-06,SITE015,Forklift,2,5,19,Dry
2026-05-06,SITE016,Excavator,3,5,19,Dry
2026-05-06,SITE016,Bulldozer,3,5,19,Dry
2026-05-06,SITE016,Wheel Loader,5,5,19,Dry
2026-05-06,SITE016,Motor Grader,1,5,19,Dry
2026-05-06,SITE016,Backhoe Loader,2,5,19,Dry
2026-05-06,SITE016,Skid Steer Loader,2,5,19,Dry
2026-05-06,SITE016,Road Roller,6,5,19,Dry
2026-05-06,SITE016,Dump Truck,1,5,19,Dry
2026-05-06,SITE016,Forklift,2,5,19,Dry
2026-05-06,SITE017,Excavator,2,5,19,Dry
2026-05-06,SITE017,Bulldozer,3,5,19,Dry
2026-05-06,SITE017,Wheel Loader,0,5,19,Dry
2026-05-06,SITE017,Motor Grader,4,5,19,Dry
2026-05-06,SITE017,Backhoe Loader,2,5,19,Dry
2026-05-06,SITE017,Skid Steer Loader,3,5,19,Dry
2026-05-06,SITE017,Road Roller,1,5,19,Dry
2026-05-06,SITE017,Dump Truck,1,5,19,Dry
2026-05-06,SITE017,Forklift,3,5,19,Dry
2026-05-06,SITE018,Excavator,2,5,19,Dry
2026-05-06,SITE018,Bulldozer,2,5,19,Dry
2026-05-06,SITE018,Wheel Loader,0,5,19,Dry
2026-05-06,SITE018,Motor Grader,1,5,19,Dry
2026-05-06,SITE018,Backhoe Loader,2,5,19,Dry
2026-05-06,SITE018,Skid Steer Loader,0,5,19,Dry
2026-05-06,SITE018,Road Roller,4,5,19,Dry
2026-05-06,SITE018,Dump Truck,5,5,19,Dry
2026-05-06,SITE018,Forklift,0,5,19,Dry
2026-05-06,SITE019,Excavator,5,5,19,Dry
2026-05-06,SITE019,Bulldozer,2,5,19,Dry
2026-05-06,SITE019,Wheel Loader,1,5,19,Dry
2026-05-06,SITE019,Motor Grader,0,5,19,Dry
2026-05-06,SITE019,Backhoe Loader,3,5,19,Dry
2026-05-06,SITE019,Skid Steer Loader,2,5,19,Dry
2026-05-06,SITE019,Road Roller,3,5,19,Dry
2026-05-06,SITE019,Dump Truck,5,5,19,Dry
2026-05-06,SITE019,Forklift,5,5,19,Dry
2026-05-06,SITE020,Excavator,6,5,19,Dry
2026-05-06,SITE020,Bulldozer,6,5,19,Dry
2026-05-06,SITE020,Wheel Loader,3,5,19,Dry
2026-05-06,SITE020,Motor Grader,2,5,19,Dry
2026-05-06,SITE020,Backhoe Loader,3,5,19,Dry
2026-05-06,SITE020,Skid Steer Loader,1,5,19,Dry
2026-05-06,SITE020,Road Roller,1,5,19,Dry
2026-05-06,SITE020,Dump Truck,4,5,19,Dry
2026-05-06,SITE020,Forklift,0,5,19,Dry
2026-05-07,SITE001,Excavator,9,5,19,Dry
2026-05-07,SITE001,Bulldozer,3,5,19,Dry
2026-05-07,SITE001,Wheel Loader,2,5,19,Dry
2026-05-07,SITE001,Motor Grader,0,5,19,Dry
2026-05-07,SITE001,Backhoe Loader,1,5,19,Dry
2026-05-07,SITE001,Skid Steer Loader,4,5,19,Dry
2026-05-07,SITE001,Road Roller,3,5,19,Dry
2026-05-07,SITE001,Dump Truck,3,5,19,Dry
2026-05-07,SITE001,Forklift,5,5,19,Dry
2026-05-07,SITE002,Excavator,3,5,19,Dry
2026-05-07,SITE002,Bulldozer,2,5,19,Dry
2026-05-07,SITE002,Wheel Loader,1,5,19,Dry
2026-05-07,SITE002,Motor Grader,1,5,19,Dry
2026-05-07,SITE002,Backhoe Loader,1,5,19,Dry
2026-05-07,SITE002,Skid Steer Loader,0,5,19,Dry
2026-05-07,SITE002,Road Roller,1,5,19,Dry
2026-05-07,SITE002,Dump Truck,4,5,19,Dry
2026-05-07,SITE002,Forklift,2,5,19,Dry
2026-05-07,SITE003,Excavator,2,5,19,Dry
2026-05-07,SITE003,Bulldozer,2,5,19,Dry
2026-05-07,SITE003,Wheel Loader,2,5,19,Dry
2026-05-07,SITE003,Motor Grader,2,5,19,Dry
2026-05-07,SITE003,Backhoe Loader,0,5,19,Dry
2026-05-07,SITE003,Skid Steer Loader,2,5,19,Dry
2026-05-07,SITE003,Road Roller,1,5,19,Dry
2026-05-07,SITE003,Dump Truck,2,5,19,Dry
2026-05-07,SITE003,Forklift,2,5,19,Dry
2026-05-07,SITE004,Excavator,2,5,19,Dry
2026-05-07,SITE004,Bulldozer,1,5,19,Dry
2026-05-07,SITE004,Wheel Loader,3,5,19,Dry
2026-05-07,SITE004,Motor Grader,4,5,19,Dry
2026-05-07,SITE004,Backhoe Loader,4,5,19,Dry
2026-05-07,SITE004,Skid Steer Loader,3,5,19,Dry
2026-05-07,SITE004,Road Roller,3,5,19,Dry
2026-05-07,SITE004,Dump Truck,2,5,19,Dry
2026-05-07,SITE004,Forklift,0,5,19,Dry
2026-05-07,SITE005,Excavator,4,5,19,Dry
2026-05-07,SITE005,Bulldozer,2,5,19,Dry
2026-05-07,SITE005,Wheel Loader,3,5,19,Dry
2026-05-07,SITE005,Motor Grader,1,5,19,Dry
2026-05-07,SITE005,Backhoe Loader,1,5,19,Dry
2026-05-07,SITE005,Skid Steer Loader,2,5,19,Dry
2026-05-07,SITE005,Road Roller,3,5,19,Dry
2026-05-07,SITE005,Dump Truck,2,5,19,Dry
2026-05-07,SITE005,Forklift,0,5,19,Dry
2026-05-07,SITE006,Excavator,5,5,19,Dry
2026-05-07,SITE006,Bulldozer,2,5,19,Dry
2026-05-07,SITE006,Wheel Loader,1,5,19,Dry
2026-05-07,SITE006,Motor Grader,4,5,19,Dry
2026-05-07,SITE006,Backhoe Loader,2,5,19,Dry
2026-05-07,SITE006,Skid Steer Loader,2,5,19,Dry
2026-05-07,SITE006,Road Roller,1,5,19,Dry
2026-05-07,SITE006,Dump Truck,2,5,19,Dry
2026-05-07,SITE006,Forklift,2,5,19,Dry
2026-05-07,SITE007,Excavator,7,5,19,Dry
2026-05-07,SITE007,Bulldozer,0,5,19,Dry
2026-05-07,SITE007,Wheel Loader,1,5,19,Dry
2026-05-07,SITE007,Motor Grader,4,5,19,Dry
2026-05-07,SITE007,Backhoe Loader,0,5,19,Dry
2026-05-07,SITE007,Skid Steer Loader,0,5,19,Dry
2026-05-07,SITE007,Road Roller,3,5,19,Dry
2026-05-07,SITE007,Dump Truck,0,5,19,Dry
2026-05-07,SITE007,Forklift,1,5,19,Dry
2026-05-07,SITE008,Excavator,2,5,19,Dry
2026-05-07,SITE008,Bulldozer,2,5,19,Dry
2026-05-07,SITE008,Wheel Loader,2,5,19,Dry
2026-05-07,SITE008,Motor Grader,1,5,19,Dry
2026-05-07,SITE008,Backhoe Loader,2,5,19,Dry
2026-05-07,SITE008,Skid Steer Loader,3,5,19,Dry
2026-05-07,SITE008,Road Roller,0,5,19,Dry
2026-05-07,SITE008,Dump Truck,3,5,19,Dry
2026-05-07,SITE008,Forklift,1,5,19,Dry
2026-05-07,SITE009,Excavator,7,5,19,Dry
2026-05-07,SITE009,Bulldozer,4,5,19,Dry
2026-05-07,SITE009,Wheel Loader,1,5,19,Dry
2026-05-07,SITE009,Motor Grader,4,5,19,Dry
2026-05-07,SITE009,Backhoe Loader,1,5,19,Dry
2026-05-07,SITE009,Skid Steer Loader,1,5,19,Dry
2026-05-07,SITE009,Road Roller,3,5,19,Dry
2026-05-07,SITE009,Dump Truck,2,5,19,Dry
2026-05-07,SITE009,Forklift,0,5,19,Dry
2026-05-07,SITE010,Excavator,2,5,19,Dry
2026-05-07,SITE010,Bulldozer,3,5,19,Dry
2026-05-07,SITE010,Wheel Loader,4,5,19,Dry
2026-05-07,SITE010,Motor Grader,3,5,19,Dry
2026-05-07,SITE010,Backhoe Loader,0,5,19,Dry
2026-05-07,SITE010,Skid Steer Loader,2,5,19,Dry
2026-05-07,SITE010,Road Roller,4,5,19,Dry
2026-05-07,SITE010,Dump Truck,2,5,19,Dry
2026-05-07,SITE010,Forklift,1,5,19,Dry
2026-05-07,SITE011,Excavator,4,5,19,Dry
2026-05-07,SITE011,Bulldozer,2,5,19,Dry
2026-05-07,SITE011,Wheel Loader,2,5,19,Dry
2026-05-07,SITE011,Motor Grader,0,5,19,Dry
2026-05-07,SITE011,Backhoe Loader,3,5,19,Dry
2026-05-07,SITE011,Skid Steer Loader,6,5,19,Dry
2026-05-07,SITE011,Road Roller,1,5,19,Dry
2026-05-07,SITE011,Dump Truck,2,5,19,Dry
2026-05-07,SITE011,Forklift,2,5,19,Dry
2026-05-07,SITE012,Excavator,2,5,19,Dry
2026-05-07,SITE012,Bulldozer,2,5,19,Dry
2026-05-07,SITE012,Wheel Loader,2,5,19,Dry
2026-05-07,SITE012,Motor Grader,1,5,19,Dry
2026-05-07,SITE012,Backhoe Loader,4,5,19,Dry
2026-05-07,SITE012,Skid Steer Loader,3,5,19,Dry
2026-05-07,SITE012,Road Roller,0,5,19,Dry
2026-05-07,SITE012,Dump Truck,2,5,19,Dry
2026-05-07,SITE012,Forklift,2,5,19,Dry
2026-05-07,SITE013,Excavator,5,5,19,Dry
2026-05-07,SITE013,Bulldozer,2,5,19,Dry
2026-05-07,SITE013,Wheel Loader,0,5,19,Dry
2026-05-07,SITE013,Motor Grader,3,5,19,Dry
2026-05-07,SITE013,Backhoe Loader,3,5,19,Dry
2026-05-07,SITE013,Skid Steer Loader,2,5,19,Dry
2026-05-07,SITE013,Road Roller,0,5,19,Dry
2026-05-07,SITE013,Dump Truck,3,5,19,Dry
2026-05-07,SITE013,Forklift,2,5,19,Dry
2026-05-07,SITE014,Excavator,4,5,19,Dry
2026-05-07,SITE014,Bulldozer,1,5,19,Dry
2026-05-07,SITE014,Wheel Loader,3,5,19,Dry
2026-05-07,SITE014,Motor Grader,2,5,19,Dry
2026-05-07,SITE014,Backhoe Loader,4,5,19,Dry
2026-05-07,SITE014,Skid Steer Loader,0,5,19,Dry
2026-05-07,SITE014,Road Roller,2,5,19,Dry
2026-05-07,SITE014,Dump Truck,1,5,19,Dry
2026-05-07,SITE014,Forklift,1,5,19,Dry
2026-05-07,SITE015,Excavator,2,5,19,Dry
2026-05-07,SITE015,Bulldozer,1,5,19,Dry
2026-05-07,SITE015,Wheel Loader,2,5,19,Dry
2026-05-07,SITE015,Motor Grader,3,5,19,Dry
2026-05-07,SITE015,Backhoe Loader,5,5,19,Dry
2026-05-07,SITE015,Skid Steer Loader,3,5,19,Dry
2026-05-07,SITE015,Road Roller,2,5,19,Dry
2026-05-07,SITE015,Dump Truck,4,5,19,Dry
2026-05-07,SITE015,Forklift,3,5,19,Dry
2026-05-07,SITE016,Excavator,4,5,19,Dry
2026-05-07,SITE016,Bulldozer,1,5,19,Dry
2026-05-07,SITE016,Wheel Loader,4,5,19,Dry
2026-05-07,SITE016,Motor Grader,5,5,19,Dry
2026-05-07,SITE016,Backhoe Loader,1,5,19,Dry
2026-05-07,SITE016,Skid Steer Loader,3,5,19,Dry
2026-05-07,SITE016,Road Roller,2,5,19,Dry
2026-05-07,SITE016,Dump Truck,1,5,19,Dry
2026-05-07,SITE016,Forklift,2,5,19,Dry
2026-05-07,SITE017,Excavator,4,5,19,Dry
2026-05-07,SITE017,Bulldozer,1,5,19,Dry
2026-05-07,SITE017,Wheel Loader,0,5,19,Dry
2026-05-07,SITE017,Motor Grader,2,5,19,Dry
2026-05-07,SITE017,Backhoe Loader,1,5,19,Dry
2026-05-07,SITE017,Skid Steer Loader,2,5,19,Dry
2026-05-07,SITE017,Road Roller,3,5,19,Dry
2026-05-07,SITE017,Dump Truck,0,5,19,Dry
2026-05-07,SITE017,Forklift,0,5,19,Dry
2026-05-07,SITE018,Excavator,2,5,19,Dry
2026-05-07,SITE018,Bulldozer,1,5,19,Dry
2026-05-07,SITE018,Wheel Loader,2,5,19,Dry
2026-05-07,SITE018,Motor Grader,3,5,19,Dry
2026-05-07,SITE018,Backhoe Loader,2,5,19,Dry
2026-05-07,SITE018,Skid Steer Loader,3,5,19,Dry
2026-05-07,SITE018,Road Roller,3,5,19,Dry
2026-05-07,SITE018,Dump Truck,3,5,19,Dry
2026-05-07,SITE018,Forklift,2,5,19,Dry
2026-05-07,SITE019,Excavator,1,5,19,Dry
2026-05-07,SITE019,Bulldozer,1,5,19,Dry
2026-05-07,SITE019,Wheel Loader,2,5,19,Dry
2026-05-07,SITE019,Motor Grader,2,5,19,Dry
2026-05-07,SITE019,Backhoe Loader,3,5,19,Dry
2026-05-07,SITE019,Skid Steer Loader,1,5,19,Dry
2026-05-07,SITE019,Road Roller,2,5,19,Dry
2026-05-07,SITE019,Dump Truck,0,5,19,Dry
2026-05-07,SITE019,Forklift,0,5,19,Dry
2026-05-07,SITE020,Excavator,4,5,19,Dry
2026-05-07,SITE020,Bulldozer,3,5,19,Dry
2026-05-07,SITE020,Wheel Loader,1,5,19,Dry
2026-05-07,SITE020,Motor Grader,4,5,19,Dry
2026-05-07,SITE020,Backhoe Loader,1,5,19,Dry
2026-05-07,SITE020,Skid Steer Loader,2,5,19,Dry
2026-05-07,SITE020,Road Roller,0,5,19,Dry
2026-05-07,SITE020,Dump Truck,4,5,19,Dry
2026-05-07,SITE020,Forklift,3,5,19,Dry
2026-05-08,SITE001,Excavator,4,5,19,Dry
2026-05-08,SITE001,Bulldozer,2,5,19,Dry
2026-05-08,SITE001,Wheel Loader,5,5,19,Dry
2026-05-08,SITE001,Motor Grader,1,5,19,Dry
2026-05-08,SITE001,Backhoe Loader,3,5,19,Dry
2026-05-08,SITE001,Skid Steer Loader,3,5,19,Dry
2026-05-08,SITE001,Road Roller,0,5,19,Dry
2026-05-08,SITE001,Dump Truck,4,5,19,Dry
2026-05-08,SITE001,Forklift,4,5,19,Dry
2026-05-08,SITE002,Excavator,4,5,19,Dry
2026-05-08,SITE002,Bulldozer,2,5,19,Dry
2026-05-08,SITE002,Wheel Loader,0,5,19,Dry
2026-05-08,SITE002,Motor Grader,0,5,19,Dry
2026-05-08,SITE002,Backhoe Loader,2,5,19,Dry
2026-05-08,SITE002,Skid Steer Loader,2,5,19,Dry
2026-05-08,SITE002,Road Roller,3,5,19,Dry
2026-05-08,SITE002,Dump Truck,0,5,19,Dry
2026-05-08,SITE002,Forklift,1,5,19,Dry
2026-05-08,SITE003,Excavator,4,5,19,Dry
2026-05-08,SITE003,Bulldozer,2,5,19,Dry
2026-05-08,SITE003,Wheel Loader,4,5,19,Dry
2026-05-08,SITE003,Motor Grader,0,5,19,Dry
2026-05-08,SITE003,Backhoe Loader,3,5,19,Dry
2026-05-08,SITE003,Skid Steer Loader,1,5,19,Dry
2026-05-08,SITE003,Road Roller,2,5,19,Dry
2026-05-08,SITE003,Dump Truck,5,5,19,Dry
2026-05-08,SITE003,Forklift,0,5,19,Dry
2026-05-08,SITE004,Excavator,4,5,19,Dry
2026-05-08,SITE004,Bulldozer,0,5,19,Dry
2026-05-08,SITE004,Wheel Loader,3,5,19,Dry
2026-05-08,SITE004,Motor Grader,1,5,19,Dry
2026-05-08,SITE004,Backhoe Loader,0,5,19,Dry
2026-05-08,SITE004,Skid Steer Loader,3,5,19,Dry
2026-05-08,SITE004,Road Roller,3,5,19,Dry
2026-05-08,SITE004,Dump Truck,0,5,19,Dry
2026-05-08,SITE004,Forklift,2,5,19,Dry
2026-05-08,SITE005,Excavator,0,5,19,Dry
2026-05-08,SITE005,Bulldozer,4,5,19,Dry
2026-05-08,SITE005,Wheel Loader,0,5,19,Dry
2026-05-08,SITE005,Motor Grader,2,5,19,Dry
2026-05-08,SITE005,Backhoe Loader,1,5,19,Dry
2026-05-08,SITE005,Skid Steer Loader,0,5,19,Dry
2026-05-08,SITE005,Road Roller,1,5,19,Dry
2026-05-08,SITE005,Dump Truck,2,5,19,Dry
2026-05-08,SITE005,Forklift,5,5,19,Dry
2026-05-08,SITE006,Excavator,4,5,19,Dry
2026-05-08,SITE006,Bulldozer,0,5,19,Dry
2026-05-08,SITE006,Wheel Loader,1,5,19,Dry
2026-05-08,SITE006,Motor Grader,5,5,19,Dry
2026-05-08,SITE006,Backhoe Loader,2,5,19,Dry
2026-05-08,SITE006,Skid Steer Loader,0,5,19,Dry
2026-05-08,SITE006,Road Roller,1,5,19,Dry
2026-05-08,SITE006,Dump Truck,2,5,19,Dry
2026-05-08,SITE006,Forklift,0,5,19,Dry
2026-05-08,SITE007,Excavator,4,5,19,Dry
2026-05-08,SITE007,Bulldozer,0,5,19,Dry
2026-05-08,SITE007,Wheel Loader,0,5,19,Dry
2026-05-08,SITE007,Motor Grader,0,5,19,Dry
2026-05-08,SITE007,Backhoe Loader,2,5,19,Dry
2026-05-08,SITE007,Skid Steer Loader,2,5,19,Dry
2026-05-08,SITE007,Road Roller,2,5,19,Dry
2026-05-08,SITE007,Dump Truck,4,5,19,Dry
2026-05-08,SITE007,Forklift,3,5,19,Dry
2026-05-08,SITE008,Excavator,5,5,19,Dry
2026-05-08,SITE008,Bulldozer,1,5,19,Dry
2026-05-08,SITE008,Wheel Loader,3,5,19,Dry
2026-05-08,SITE008,Motor Grader,3,5,19,Dry
2026-05-08,SITE008,Backhoe Loader,2,5,19,Dry
2026-05-08,SITE008,Skid Steer Loader,3,5,19,Dry
2026-05-08,SITE008,Road Roller,2,5,19,Dry
2026-05-08,SITE008,Dump Truck,3,5,19,Dry
2026-05-08,SITE008,Forklift,1,5,19,Dry
2026-05-08,SITE009,Excavator,6,5,19,Dry
2026-05-08,SITE009,Bulldozer,4,5,19,Dry
2026-05-08,SITE009,Wheel Loader,3,5,19,Dry
2026-05-08,SITE009,Motor Grader,1,5,19,Dry
2026-05-08,SITE009,Backhoe Loader,1,5,19,Dry
2026-05-08,SITE009,Skid Steer Loader,2,5,19,Dry
2026-05-08,SITE009,Road Roller,4,5,19,Dry
2026-05-08,SITE009,Dump Truck,2,5,19,Dry
2026-05-08,SITE009,Forklift,3,5,19,Dry
2026-05-08,SITE010,Excavator,2,5,19,Dry
2026-05-08,SITE010,Bulldozer,1,5,19,Dry
2026-05-08,SITE010,Wheel Loader,4,5,19,Dry
2026-05-08,SITE010,Motor Grader,4,5,19,Dry
2026-05-08,SITE010,Backhoe Loader,1,5,19,Dry
2026-05-08,SITE010,Skid Steer Loader,3,5,19,Dry
2026-05-08,SITE010,Road Roller,0,5,19,Dry
2026-05-08,SITE010,Dump Truck,2,5,19,Dry
2026-05-08,SITE010,Forklift,5,5,19,Dry
2026-05-08,SITE011,Excavator,4,5,19,Dry
2026-05-08,SITE011,Bulldozer,2,5,19,Dry
2026-05-08,SITE011,Wheel Loader,0,5,19,Dry
2026-05-08,SITE011,Motor Grader,3,5,19,Dry
2026-05-08,SITE011,Backhoe Loader,1,5,19,Dry
2026-05-08,SITE011,Skid Steer Loader,4,5,19,Dry
2026-05-08,SITE011,Road Roller,5,5,19,Dry
2026-05-08,SITE011,Dump Truck,3,5,19,Dry
2026-05-08,SITE011,Forklift,2,5,19,Dry
2026-05-08,SITE012,Excavator,3,5,19,Dry
2026-05-08,SITE012,Bulldozer,2,5,19,Dry
2026-05-08,SITE012,Wheel Loader,1,5,19,Dry
2026-05-08,SITE012,Motor Grader,1,5,19,Dry
2026-05-08,SITE012,Backhoe Loader,1,5,19,Dry
2026-05-08,SITE012,Skid Steer Loader,2,5,19,Dry
2026-05-08,SITE012,Road Roller,2,5,19,Dry
2026-05-08,SITE012,Dump Truck,1,5,19,Dry
2026-05-08,SITE012,Forklift,0,5,19,Dry
2026-05-08,SITE013,Excavator,5,5,19,Dry
2026-05-08,SITE013,Bulldozer,0,5,19,Dry
2026-05-08,SITE013,Wheel Loader,0,5,19,Dry
2026-05-08,SITE013,Motor Grader,1,5,19,Dry
2026-05-08,SITE013,Backhoe Loader,1,5,19,Dry
2026-05-08,SITE013,Skid Steer Loader,3,5,19,Dry
2026-05-08,SITE013,Road Roller,1,5,19,Dry
2026-05-08,SITE013,Dump Truck,0,5,19,Dry
2026-05-08,SITE013,Forklift,1,5,19,Dry
2026-05-08,SITE014,Excavator,5,5,19,Dry
2026-05-08,SITE014,Bulldozer,1,5,19,Dry
2026-05-08,SITE014,Wheel Loader,0,5,19,Dry
2026-05-08,SITE014,Motor Grader,3,5,19,Dry
2026-05-08,SITE014,Backhoe Loader,1,5,19,Dry
2026-05-08,SITE014,Skid Steer Loader,1,5,19,Dry
2026-05-08,SITE014,Road Roller,0,5,19,Dry
2026-05-08,SITE014,Dump Truck,3,5,19,Dry
2026-05-08,SITE014,Forklift,1,5,19,Dry
2026-05-08,SITE015,Excavator,1,5,19,Dry
2026-05-08,SITE015,Bulldozer,4,5,19,Dry
2026-05-08,SITE015,Wheel Loader,0,5,19,Dry
2026-05-08,SITE015,Motor Grader,1,5,19,Dry
2026-05-08,SITE015,Backhoe Loader,5,5,19,Dry
2026-05-08,SITE015,Skid Steer Loader,3,5,19,Dry
2026-05-08,SITE015,Road Roller,3,5,19,Dry
2026-05-08,SITE015,Dump Truck,4,5,19,Dry
2026-05-08,SITE015,Forklift,1,5,19,Dry
2026-05-08,SITE016,Excavator,5,5,19,Dry
2026-05-08,SITE016,Bulldozer,2,5,19,Dry
2026-05-08,SITE016,Wheel Loader,2,5,19,Dry
2026-05-08,SITE016,Motor Grader,3,5,19,Dry
2026-05-08,SITE016,Backhoe Loader,3,5,19,Dry
2026-05-08,SITE016,Skid Steer Loader,2,5,19,Dry
2026-05-08,SITE016,Road Roller,3,5,19,Dry
2026-05-08,SITE016,Dump Truck,1,5,19,Dry
2026-05-08,SITE016,Forklift,3,5,19,Dry
2026-05-08,SITE017,Excavator,6,5,19,Dry
2026-05-08,SITE017,Bulldozer,1,5,19,Dry
2026-05-08,SITE017,Wheel Loader,2,5,19,Dry
2026-05-08,SITE017,Motor Grader,0,5,19,Dry
2026-05-08,SITE017,Backhoe Loader,2,5,19,Dry
2026-05-08,SITE017,Skid Steer Loader,0,5,19,Dry
2026-05-08,SITE017,Road Roller,2,5,19,Dry
2026-05-08,SITE017,Dump Truck,1,5,19,Dry
2026-05-08,SITE017,Forklift,3,5,19,Dry
2026-05-08,SITE018,Excavator,2,5,19,Dry
2026-05-08,SITE018,Bulldozer,5,5,19,Dry
2026-05-08,SITE018,Wheel Loader,3,5,19,Dry
2026-05-08,SITE018,Motor Grader,1,5,19,Dry
2026-05-08,SITE018,Backhoe Loader,1,5,19,Dry
2026-05-08,SITE018,Skid Steer Loader,3,5,19,Dry
2026-05-08,SITE018,Road Roller,0,5,19,Dry
2026-05-08,SITE018,Dump Truck,0,5,19,Dry
2026-05-08,SITE018,Forklift,1,5,19,Dry
2026-05-08,SITE019,Excavator,4,5,19,Dry
2026-05-08,SITE019,Bulldozer,4,5,19,Dry
2026-05-08,SITE019,Wheel Loader,2,5,19,Dry
2026-05-08,SITE019,Motor Grader,6,5,19,Dry
2026-05-08,SITE019,Backhoe Loader,1,5,19,Dry
2026-05-08,SITE019,Skid Steer Loader,2,5,19,Dry
2026-05-08,SITE019,Road Roller,1,5,19,Dry
2026-05-08,SITE019,Dump Truck,3,5,19,Dry
2026-05-08,SITE019,Forklift,3,5,19,Dry
2026-05-08,SITE020,Excavator,7,5,19,Dry
2026-05-08,SITE020,Bulldozer,2,5,19,Dry
2026-05-08,SITE020,Wheel Loader,3,5,19,Dry
2026-05-08,SITE020,Motor Grader,2,5,19,Dry
2026-05-08,SITE020,Backhoe Loader,2,5,19,Dry
2026-05-08,SITE020,Skid Steer Loader,1,5,19,Dry
2026-05-08,SITE020,Road Roller,3,5,19,Dry
2026-05-08,SITE020,Dump Truck,3,5,19,Dry
2026-05-08,SITE020,Forklift,2,5,19,Dry
2026-05-09,SITE001,Excavator,2,5,19,Dry
2026-05-09,SITE001,Bulldozer,1,5,19,Dry
2026-05-09,SITE001,Wheel Loader,5,5,19,Dry
2026-05-09,SITE001,Motor Grader,1,5,19,Dry
2026-05-09,SITE001,Backhoe Loader,3,5,19,Dry
2026-05-09,SITE001,Skid Steer Loader,2,5,19,Dry
2026-05-09,SITE001,Road Roller,3,5,19,Dry
2026-05-09,SITE001,Dump Truck,4,5,19,Dry
2026-05-09,SITE001,Forklift,3,5,19,Dry
2026-05-09,SITE002,Excavator,5,5,19,Dry
2026-05-09,SITE002,Bulldozer,0,5,19,Dry
2026-05-09,SITE002,Wheel Loader,3,5,19,Dry
2026-05-09,SITE002,Motor Grader,2,5,19,Dry
2026-05-09,SITE002,Backhoe Loader,2,5,19,Dry
2026-05-09,SITE002,Skid Steer Loader,5,5,19,Dry
2026-05-09,SITE002,Road Roller,4,5,19,Dry
2026-05-09,SITE002,Dump Truck,1,5,19,Dry
2026-05-09,SITE002,Forklift,2,5,19,Dry
2026-05-09,SITE003,Excavator,6,5,19,Dry
2026-05-09,SITE003,Bulldozer,2,5,19,Dry
2026-05-09,SITE003,Wheel Loader,0,5,19,Dry
2026-05-09,SITE003,Motor Grader,3,5,19,Dry
2026-05-09,SITE003,Backhoe Loader,2,5,19,Dry
2026-05-09,SITE003,Skid Steer Loader,3,5,19,Dry
2026-05-09,SITE003,Road Roller,2,5,19,Dry
2026-05-09,SITE003,Dump Truck,3,5,19,Dry
2026-05-09,SITE003,Forklift,2,5,19,Dry
2026-05-09,SITE004,Excavator,5,5,19,Dry
2026-05-09,SITE004,Bulldozer,3,5,19,Dry
2026-05-09,SITE004,Wheel Loader,2,5,19,Dry
2026-05-09,SITE004,Motor Grader,1,5,19,Dry
2026-05-09,SITE004,Backhoe Loader,1,5,19,Dry
2026-05-09,SITE004,Skid Steer Loader,3,5,19,Dry
2026-05-09,SITE004,Road Roller,0,5,19,Dry
2026-05-09,SITE004,Dump Truck,0,5,19,Dry
2026-05-09,SITE004,Forklift,3,5,19,Dry
2026-05-09,SITE005,Excavator,5,5,19,Dry
2026-05-09,SITE005,Bulldozer,0,5,19,Dry
2026-05-09,SITE005,Wheel Loader,2,5,19,Dry
2026-05-09,SITE005,Motor Grader,1,5,19,Dry
2026-05-09,SITE005,Backhoe Loader,2,5,19,Dry
2026-05-09,SITE005,Skid Steer Loader,3,5,19,Dry
2026-05-09,SITE005,Road Roller,1,5,19,Dry
2026-05-09,SITE005,Dump Truck,5,5,19,Dry
2026-05-09,SITE005,Forklift,1,5,19,Dry
2026-05-09,SITE006,Excavator,5,5,19,Dry
2026-05-09,SITE006,Bulldozer,1,5,19,Dry
2026-05-09,SITE006,Wheel Loader,3,5,19,Dry
2026-05-09,SITE006,Motor Grader,1,5,19,Dry
2026-05-09,SITE006,Backhoe Loader,1,5,19,Dry
2026-05-09,SITE006,Skid Steer Loader,1,5,19,Dry
2026-05-09,SITE006,Road Roller,1,5,19,Dry
2026-05-09,SITE006,Dump Truck,4,5,19,Dry
2026-05-09,SITE006,Forklift,0,5,19,Dry
2026-05-09,SITE007,Excavator,2,5,19,Dry
2026-05-09,SITE007,Bulldozer,1,5,19,Dry
2026-05-09,SITE007,Wheel Loader,1,5,19,Dry
2026-05-09,SITE007,Motor Grader,0,5,19,Dry
2026-05-09,SITE007,Backhoe Loader,1,5,19,Dry
2026-05-09,SITE007,Skid Steer Loader,0,5,19,Dry
2026-05-09,SITE007,Road Roller,3,5,19,Dry
2026-05-09,SITE007,Dump Truck,0,5,19,Dry
2026-05-09,SITE007,Forklift,3,5,19,Dry
2026-05-09,SITE008,Excavator,1,5,19,Dry
2026-05-09,SITE008,Bulldozer,6,5,19,Dry
2026-05-09,SITE008,Wheel Loader,1,5,19,Dry
2026-05-09,SITE008,Motor Grader,2,5,19,Dry
2026-05-09,SITE008,Backhoe Loader,1,5,19,Dry
2026-05-09,SITE008,Skid Steer Loader,1,5,19,Dry
2026-05-09,SITE008,Road Roller,4,5,19,Dry
2026-05-09,SITE008,Dump Truck,1,5,19,Dry
2026-05-09,SITE008,Forklift,2,5,19,Dry
2026-05-09,SITE009,Excavator,4,5,19,Dry
2026-05-09,SITE009,Bulldozer,1,5,19,Dry
2026-05-09,SITE009,Wheel Loader,1,5,19,Dry
2026-05-09,SITE009,Motor Grader,1,5,19,Dry
2026-05-09,SITE009,Backhoe Loader,3,5,19,Dry
2026-05-09,SITE009,Skid Steer Loader,1,5,19,Dry
2026-05-09,SITE009,Road Roller,2,5,19,Dry
2026-05-09,SITE009,Dump Truck,3,5,19,Dry
2026-05-09,SITE009,Forklift,1,5,19,Dry
2026-05-09,SITE010,Excavator,4,5,19,Dry
2026-05-09,SITE010,Bulldozer,1,5,19,Dry
2026-05-09,SITE010,Wheel Loader,1,5,19,Dry
2026-05-09,SITE010,Motor Grader,2,5,19,Dry
2026-05-09,SITE010,Backhoe Loader,3,5,19,Dry
2026-05-09,SITE010,Skid Steer Loader,2,5,19,Dry
2026-05-09,SITE010,Road Roller,0,5,19,Dry
2026-05-09,SITE010,Dump Truck,3,5,19,Dry
2026-05-09,SITE010,Forklift,2,5,19,Dry
2026-05-09,SITE011,Excavator,3,5,19,Dry
2026-05-09,SITE011,Bulldozer,1,5,19,Dry
2026-05-09,SITE011,Wheel Loader,0,5,19,Dry
2026-05-09,SITE011,Motor Grader,1,5,19,Dry
2026-05-09,SITE011,Backhoe Loader,1,5,19,Dry
2026-05-09,SITE011,Skid Steer Loader,2,5,19,Dry
2026-05-09,SITE011,Road Roller,3,5,19,Dry
2026-05-09,SITE011,Dump Truck,3,5,19,Dry
2026-05-09,SITE011,Forklift,2,5,19,Dry
2026-05-09,SITE012,Excavator,7,5,19,Dry
2026-05-09,SITE012,Bulldozer,1,5,19,Dry
2026-05-09,SITE012,Wheel Loader,3,5,19,Dry
2026-05-09,SITE012,Motor Grader,3,5,19,Dry
2026-05-09,SITE012,Backhoe Loader,4,5,19,Dry
2026-05-09,SITE012,Skid Steer Loader,2,5,19,Dry
2026-05-09,SITE012,Road Roller,4,5,19,Dry
2026-05-09,SITE012,Dump Truck,3,5,19,Dry
2026-05-09,SITE012,Forklift,2,5,19,Dry
2026-05-09,SITE013,Excavator,5,5,19,Dry
2026-05-09,SITE013,Bulldozer,1,5,19,Dry
2026-05-09,SITE013,Wheel Loader,2,5,19,Dry
2026-05-09,SITE013,Motor Grader,4,5,19,Dry
2026-05-09,SITE013,Backhoe Loader,3,5,19,Dry
2026-05-09,SITE013,Skid Steer Loader,1,5,19,Dry
2026-05-09,SITE013,Road Roller,1,5,19,Dry
2026-05-09,SITE013,Dump Truck,0,5,19,Dry
2026-05-09,SITE013,Forklift,3,5,19,Dry
2026-05-09,SITE014,Excavator,7,5,19,Dry
2026-05-09,SITE014,Bulldozer,2,5,19,Dry
2026-05-09,SITE014,Wheel Loader,1,5,19,Dry
2026-05-09,SITE014,Motor Grader,3,5,19,Dry
2026-05-09,SITE014,Backhoe Loader,3,5,19,Dry
2026-05-09,SITE014,Skid Steer Loader,0,5,19,Dry
2026-05-09,SITE014,Road Roller,2,5,19,Dry
2026-05-09,SITE014,Dump Truck,1,5,19,Dry
2026-05-09,SITE014,Forklift,3,5,19,Dry
2026-05-09,SITE015,Excavator,1,5,19,Dry
2026-05-09,SITE015,Bulldozer,3,5,19,Dry
2026-05-09,SITE015,Wheel Loader,5,5,19,Dry
2026-05-09,SITE015,Motor Grader,0,5,19,Dry
2026-05-09,SITE015,Backhoe Loader,1,5,19,Dry
2026-05-09,SITE015,Skid Steer Loader,2,5,19,Dry
2026-05-09,SITE015,Road Roller,1,5,19,Dry
2026-05-09,SITE015,Dump Truck,5,5,19,Dry
2026-05-09,SITE015,Forklift,1,5,19,Dry
2026-05-09,SITE016,Excavator,6,5,19,Dry
2026-05-09,SITE016,Bulldozer,2,5,19,Dry
2026-05-09,SITE016,Wheel Loader,0,5,19,Dry
2026-05-09,SITE016,Motor Grader,2,5,19,Dry
2026-05-09,SITE016,Backhoe Loader,2,5,19,Dry
2026-05-09,SITE016,Skid Steer Loader,4,5,19,Dry
2026-05-09,SITE016,Road Roller,0,5,19,Dry
2026-05-09,SITE016,Dump Truck,3,5,19,Dry
2026-05-09,SITE016,Forklift,3,5,19,Dry
2026-05-09,SITE017,Excavator,5,5,19,Dry
2026-05-09,SITE017,Bulldozer,0,5,19,Dry
2026-05-09,SITE017,Wheel Loader,0,5,19,Dry
2026-05-09,SITE017,Motor Grader,2,5,19,Dry
2026-05-09,SITE017,Backhoe Loader,2,5,19,Dry
2026-05-09,SITE017,Skid Steer Loader,1,5,19,Dry
2026-05-09,SITE017,Road Roller,0,5,19,Dry
2026-05-09,SITE017,Dump Truck,0,5,19,Dry
2026-05-09,SITE017,Forklift,1,5,19,Dry
2026-05-09,SITE018,Excavator,2,5,19,Dry
2026-05-09,SITE018,Bulldozer,1,5,19,Dry
2026-05-09,SITE018,Wheel Loader,0,5,19,Dry
2026-05-09,SITE018,Motor Grader,3,5,19,Dry
2026-05-09,SITE018,Backhoe Loader,1,5,19,Dry
2026-05-09,SITE018,Skid Steer Loader,1,5,19,Dry
2026-05-09,SITE018,Road Roller,6,5,19,Dry
2026-05-09,SITE018,Dump Truck,3,5,19,Dry
2026-05-09,SITE018,Forklift,1,5,19,Dry
2026-05-09,SITE019,Excavator,4,5,19,Dry
2026-05-09,SITE019,Bulldozer,2,5,19,Dry
2026-05-09,SITE019,Wheel Loader,3,5,19,Dry
2026-05-09,SITE019,Motor Grader,0,5,19,Dry
2026-05-09,SITE019,Backhoe Loader,3,5,19,Dry
2026-05-09,SITE019,Skid Steer Loader,3,5,19,Dry
2026-05-09,SITE019,Road Roller,4,5,19,Dry
2026-05-09,SITE019,Dump Truck,2,5,19,Dry
2026-05-09,SITE019,Forklift,1,5,19,Dry
2026-05-09,SITE020,Excavator,6,5,19,Dry
2026-05-09,SITE020,Bulldozer,2,5,19,Dry
2026-05-09,SITE020,Wheel Loader,2,5,19,Dry
2026-05-09,SITE020,Motor Grader,2,5,19,Dry
2026-05-09,SITE020,Backhoe Loader,2,5,19,Dry
2026-05-09,SITE020,Skid Steer Loader,1,5,19,Dry
2026-05-09,SITE020,Road Roller,0,5,19,Dry
2026-05-09,SITE020,Dump Truck,3,5,19,Dry
2026-05-09,SITE020,Forklift,4,5,19,Dry
2026-05-10,SITE001,Excavator,7,5,19,Dry
2026-05-10,SITE001,Bulldozer,3,5,19,Dry
2026-05-10,SITE001,Wheel Loader,2,5,19,Dry
2026-05-10,SITE001,Motor Grader,1,5,19,Dry
2026-05-10,SITE001,Backhoe Loader,4,5,19,Dry
2026-05-10,SITE001,Skid Steer Loader,2,5,19,Dry
2026-05-10,SITE001,Road Roller,3,5,19,Dry
2026-05-10,SITE001,Dump Truck,2,5,19,Dry
2026-05-10,SITE001,Forklift,3,5,19,Dry
2026-05-10,SITE002,Excavator,1,5,19,Dry
2026-05-10,SITE002,Bulldozer,1,5,19,Dry
2026-05-10,SITE002,Wheel Loader,2,5,19,Dry
2026-05-10,SITE002,Motor Grader,2,5,19,Dry
2026-05-10,SITE002,Backhoe Loader,3,5,19,Dry
2026-05-10,SITE002,Skid Steer Loader,2,5,19,Dry
2026-05-10,SITE002,Road Roller,2,5,19,Dry
2026-05-10,SITE002,Dump Truck,3,5,19,Dry
2026-05-10,SITE002,Forklift,5,5,19,Dry
2026-05-10,SITE003,Excavator,4,5,19,Dry
2026-05-10,SITE003,Bulldozer,2,5,19,Dry
2026-05-10,SITE003,Wheel Loader,3,5,19,Dry
2026-05-10,SITE003,Motor Grader,2,5,19,Dry
2026-05-10,SITE003,Backhoe Loader,3,5,19,Dry
2026-05-10,SITE003,Skid Steer Loader,2,5,19,Dry
2026-05-10,SITE003,Road Roller,0,5,19,Dry
2026-05-10,SITE003,Dump Truck,2,5,19,Dry
2026-05-10,SITE003,Forklift,1,5,19,Dry
2026-05-10,SITE004,Excavator,5,5,19,Dry
2026-05-10,SITE004,Bulldozer,4,5,19,Dry
2026-05-10,SITE004,Wheel Loader,0,5,19,Dry
2026-05-10,SITE004,Motor Grader,2,5,19,Dry
2026-05-10,SITE004,Backhoe Loader,0,5,19,Dry
2026-05-10,SITE004,Skid Steer Loader,0,5,19,Dry
2026-05-10,SITE004,Road Roller,1,5,19,Dry
2026-05-10,SITE004,Dump Truck,2,5,19,Dry
2026-05-10,SITE004,Forklift,0,5,19,Dry
2026-05-10,SITE005,Excavator,1,5,19,Dry
2026-05-10,SITE005,Bulldozer,4,5,19,Dry
2026-05-10,SITE005,Wheel Loader,3,5,19,Dry
2026-05-10,SITE005,Motor Grader,4,5,19,Dry
2026-05-10,SITE005,Backhoe Loader,2,5,19,Dry
2026-05-10,SITE005,Skid Steer Loader,2,5,19,Dry
2026-05-10,SITE005,Road Roller,2,5,19,Dry
2026-05-10,SITE005,Dump Truck,1,5,19,Dry
2026-05-10,SITE005,Forklift,1,5,19,Dry
2026-05-10,SITE006,Excavator,3,5,19,Dry
2026-05-10,SITE006,Bulldozer,3,5,19,Dry
2026-05-10,SITE006,Wheel Loader,2,5,19,Dry
2026-05-10,SITE006,Motor Grader,2,5,19,Dry
2026-05-10,SITE006,Backhoe Loader,2,5,19,Dry
2026-05-10,SITE006,Skid Steer Loader,0,5,19,Dry
2026-05-10,SITE006,Road Roller,1,5,19,Dry
2026-05-10,SITE006,Dump Truck,4,5,19,Dry
2026-05-10,SITE006,Forklift,2,5,19,Dry
2026-05-10,SITE007,Excavator,7,5,19,Dry
2026-05-10,SITE007,Bulldozer,4,5,19,Dry
2026-05-10,SITE007,Wheel Loader,1,5,19,Dry
2026-05-10,SITE007,Motor Grader,3,5,19,Dry
2026-05-10,SITE007,Backhoe Loader,3,5,19,Dry
2026-05-10,SITE007,Skid Steer Loader,1,5,19,Dry
2026-05-10,SITE007,Road Roller,1,5,19,Dry
2026-05-10,SITE007,Dump Truck,4,5,19,Dry
2026-05-10,SITE007,Forklift,1,5,19,Dry
2026-05-10,SITE008,Excavator,5,5,19,Dry
2026-05-10,SITE008,Bulldozer,3,5,19,Dry
2026-05-10,SITE008,Wheel Loader,3,5,19,Dry
2026-05-10,SITE008,Motor Grader,3,5,19,Dry
2026-05-10,SITE008,Backhoe Loader,2,5,19,Dry
2026-05-10,SITE008,Skid Steer Loader,1,5,19,Dry
2026-05-10,SITE008,Road Roller,0,5,19,Dry
2026-05-10,SITE008,Dump Truck,2,5,19,Dry
2026-05-10,SITE008,Forklift,2,5,19,Dry
2026-05-10,SITE009,Excavator,6,5,19,Dry
2026-05-10,SITE009,Bulldozer,3,5,19,Dry
2026-05-10,SITE009,Wheel Loader,1,5,19,Dry
2026-05-10,SITE009,Motor Grader,2,5,19,Dry
2026-05-10,SITE009,Backhoe Loader,1,5,19,Dry
2026-05-10,SITE009,Skid Steer Loader,2,5,19,Dry
2026-05-10,SITE009,Road Roller,0,5,19,Dry
2026-05-10,SITE009,Dump Truck,1,5,19,Dry
2026-05-10,SITE009,Forklift,1,5,19,Dry
2026-05-10,SITE010,Excavator,3,5,19,Dry
2026-05-10,SITE010,Bulldozer,1,5,19,Dry
2026-05-10,SITE010,Wheel Loader,2,5,19,Dry
2026-05-10,SITE010,Motor Grader,3,5,19,Dry
2026-05-10,SITE010,Backhoe Loader,2,5,19,Dry
2026-05-10,SITE010,Skid Steer Loader,1,5,19,Dry
2026-05-10,SITE010,Road Roller,4,5,19,Dry
2026-05-10,SITE010,Dump Truck,2,5,19,Dry
2026-05-10,SITE010,Forklift,1,5,19,Dry
2026-05-10,SITE011,Excavator,5,5,19,Dry
2026-05-10,SITE011,Bulldozer,1,5,19,Dry
2026-05-10,SITE011,Wheel Loader,3,5,19,Dry
2026-05-10,SITE011,Motor Grader,3,5,19,Dry
2026-05-10,SITE011,Backhoe Loader,2,5,19,Dry
2026-05-10,SITE011,Skid Steer Loader,2,5,19,Dry
2026-05-10,SITE011,Road Roller,4,5,19,Dry
2026-05-10,SITE011,Dump Truck,1,5,19,Dry
2026-05-10,SITE011,Forklift,1,5,19,Dry
2026-05-10,SITE012,Excavator,4,5,19,Dry
2026-05-10,SITE012,Bulldozer,3,5,19,Dry
2026-05-10,SITE012,Wheel Loader,3,5,19,Dry
2026-05-10,SITE012,Motor Grader,4,5,19,Dry
2026-05-10,SITE012,Backhoe Loader,1,5,19,Dry
2026-05-10,SITE012,Skid Steer Loader,1,5,19,Dry
2026-05-10,SITE012,Road Roller,1,5,19,Dry
2026-05-10,SITE012,Dump Truck,1,5,19,Dry
2026-05-10,SITE012,Forklift,2,5,19,Dry
2026-05-10,SITE013,Excavator,1,5,19,Dry
2026-05-10,SITE013,Bulldozer,3,5,19,Dry
2026-05-10,SITE013,Wheel Loader,4,5,19,Dry
2026-05-10,SITE013,Motor Grader,0,5,19,Dry
2026-05-10,SITE013,Backhoe Loader,0,5,19,Dry
2026-05-10,SITE013,Skid Steer Loader,1,5,19,Dry
2026-05-10,SITE013,Road Roller,1,5,19,Dry
2026-05-10,SITE013,Dump Truck,4,5,19,Dry
2026-05-10,SITE013,Forklift,2,5,19,Dry
2026-05-10,SITE014,Excavator,5,5,19,Dry
2026-05-10,SITE014,Bulldozer,5,5,19,Dry
2026-05-10,SITE014,Wheel Loader,3,5,19,Dry
2026-05-10,SITE014,Motor Grader,4,5,19,Dry
2026-05-10,SITE014,Backhoe Loader,3,5,19,Dry
2026-05-10,SITE014,Skid Steer Loader,0,5,19,Dry
2026-05-10,SITE014,Road Roller,3,5,19,Dry
2026-05-10,SITE014,Dump Truck,2,5,19,Dry
2026-05-10,SITE014,Forklift,3,5,19,Dry
2026-05-10,SITE015,Excavator,5,5,19,Dry
2026-05-10,SITE015,Bulldozer,1,5,19,Dry
2026-05-10,SITE015,Wheel Loader,4,5,19,Dry
2026-05-10,SITE015,Motor Grader,0,5,19,Dry
2026-05-10,SITE015,Backhoe Loader,2,5,19,Dry
2026-05-10,SITE015,Skid Steer Loader,3,5,19,Dry
2026-05-10,SITE015,Road Roller,1,5,19,Dry
2026-05-10,SITE015,Dump Truck,0,5,19,Dry
2026-05-10,SITE015,Forklift,3,5,19,Dry
2026-05-10,SITE016,Excavator,4,5,19,Dry
2026-05-10,SITE016,Bulldozer,2,5,19,Dry
2026-05-10,SITE016,Wheel Loader,1,5,19,Dry
2026-05-10,SITE016,Motor Grader,0,5,19,Dry
2026-05-10,SITE016,Backhoe Loader,2,5,19,Dry
2026-05-10,SITE016,Skid Steer Loader,0,5,19,Dry
2026-05-10,SITE016,Road Roller,3,5,19,Dry
2026-05-10,SITE016,Dump Truck,2,5,19,Dry
2026-05-10,SITE016,Forklift,4,5,19,Dry
2026-05-10,SITE017,Excavator,2,5,19,Dry
2026-05-10,SITE017,Bulldozer,0,5,19,Dry
2026-05-10,SITE017,Wheel Loader,4,5,19,Dry
2026-05-10,SITE017,Motor Grader,0,5,19,Dry
2026-05-10,SITE017,Backhoe Loader,5,5,19,Dry
2026-05-10,SITE017,Skid Steer Loader,0,5,19,Dry
2026-05-10,SITE017,Road Roller,3,5,19,Dry
2026-05-10,SITE017,Dump Truck,2,5,19,Dry
2026-05-10,SITE017,Forklift,1,5,19,Dry
2026-05-10,SITE018,Excavator,3,5,19,Dry
2026-05-10,SITE018,Bulldozer,2,5,19,Dry
2026-05-10,SITE018,Wheel Loader,3,5,19,Dry
2026-05-10,SITE018,Motor Grader,2,5,19,Dry
2026-05-10,SITE018,Backhoe Loader,3,5,19,Dry
2026-05-10,SITE018,Skid Steer Loader,3,5,19,Dry
2026-05-10,SITE018,Road Roller,1,5,19,Dry
2026-05-10,SITE018,Dump Truck,2,5,19,Dry
2026-05-10,SITE018,Forklift,2,5,19,Dry
2026-05-10,SITE019,Excavator,7,5,19,Dry
2026-05-10,SITE019,Bulldozer,1,5,19,Dry
2026-05-10,SITE019,Wheel Loader,0,5,19,Dry
2026-05-10,SITE019,Motor Grader,1,5,19,Dry
2026-05-10,SITE019,Backhoe Loader,2,5,19,Dry
2026-05-10,SITE019,Skid Steer Loader,0,5,19,Dry
2026-05-10,SITE019,Road Roller,1,5,19,Dry
2026-05-10,SITE019,Dump Truck,0,5,19,Dry
2026-05-10,SITE019,Forklift,2,5,19,Dry
2026-05-10,SITE020,Excavator,6,5,19,Dry
2026-05-10,SITE020,Bulldozer,0,5,19,Dry
2026-05-10,SITE020,Wheel Loader,5,5,19,Dry
2026-05-10,SITE020,Motor Grader,5,5,19,Dry
2026-05-10,SITE020,Backhoe Loader,1,5,19,Dry
2026-05-10,SITE020,Skid Steer Loader,4,5,19,Dry
2026-05-10,SITE020,Road Roller,2,5,19,Dry
2026-05-10,SITE020,Dump Truck,3,5,19,Dry
2026-05-10,SITE020,Forklift,2,5,19,Dry
2026-05-11,SITE001,Excavator,6,5,20,Dry
2026-05-11,SITE001,Bulldozer,2,5,20,Dry
2026-05-11,SITE001,Wheel Loader,2,5,20,Dry
2026-05-11,SITE001,Motor Grader,2,5,20,Dry
2026-05-11,SITE001,Backhoe Loader,0,5,20,Dry
2026-05-11,SITE001,Skid Steer Loader,4,5,20,Dry
2026-05-11,SITE001,Road Roller,4,5,20,Dry
2026-05-11,SITE001,Dump Truck,1,5,20,Dry
2026-05-11,SITE001,Forklift,3,5,20,Dry
2026-05-11,SITE002,Excavator,3,5,20,Dry
2026-05-11,SITE002,Bulldozer,0,5,20,Dry
2026-05-11,SITE002,Wheel Loader,3,5,20,Dry
2026-05-11,SITE002,Motor Grader,2,5,20,Dry
2026-05-11,SITE002,Backhoe Loader,1,5,20,Dry
2026-05-11,SITE002,Skid Steer Loader,0,5,20,Dry
2026-05-11,SITE002,Road Roller,0,5,20,Dry
2026-05-11,SITE002,Dump Truck,4,5,20,Dry
2026-05-11,SITE002,Forklift,2,5,20,Dry
2026-05-11,SITE003,Excavator,2,5,20,Dry
2026-05-11,SITE003,Bulldozer,3,5,20,Dry
2026-05-11,SITE003,Wheel Loader,5,5,20,Dry
2026-05-11,SITE003,Motor Grader,3,5,20,Dry
2026-05-11,SITE003,Backhoe Loader,0,5,20,Dry
2026-05-11,SITE003,Skid Steer Loader,0,5,20,Dry
2026-05-11,SITE003,Road Roller,2,5,20,Dry
2026-05-11,SITE003,Dump Truck,2,5,20,Dry
2026-05-11,SITE003,Forklift,2,5,20,Dry
2026-05-11,SITE004,Excavator,4,5,20,Dry
2026-05-11,SITE004,Bulldozer,0,5,20,Dry
2026-05-11,SITE004,Wheel Loader,3,5,20,Dry
2026-05-11,SITE004,Motor Grader,2,5,20,Dry
2026-05-11,SITE004,Backhoe Loader,3,5,20,Dry
2026-05-11,SITE004,Skid Steer Loader,1,5,20,Dry
2026-05-11,SITE004,Road Roller,3,5,20,Dry
2026-05-11,SITE004,Dump Truck,3,5,20,Dry
2026-05-11,SITE004,Forklift,1,5,20,Dry
2026-05-11,SITE005,Excavator,7,5,20,Dry
2026-05-11,SITE005,Bulldozer,3,5,20,Dry
2026-05-11,SITE005,Wheel Loader,1,5,20,Dry
2026-05-11,SITE005,Motor Grader,4,5,20,Dry
2026-05-11,SITE005,Backhoe Loader,1,5,20,Dry
2026-05-11,SITE005,Skid Steer Loader,1,5,20,Dry
2026-05-11,SITE005,Road Roller,3,5,20,Dry
2026-05-11,SITE005,Dump Truck,1,5,20,Dry
2026-05-11,SITE005,Forklift,4,5,20,Dry
2026-05-11,SITE006,Excavator,4,5,20,Dry
2026-05-11,SITE006,Bulldozer,2,5,20,Dry
2026-05-11,SITE006,Wheel Loader,3,5,20,Dry
2026-05-11,SITE006,Motor Grader,2,5,20,Dry
2026-05-11,SITE006,Backhoe Loader,1,5,20,Dry
2026-05-11,SITE006,Skid Steer Loader,4,5,20,Dry
2026-05-11,SITE006,Road Roller,1,5,20,Dry
2026-05-11,SITE006,Dump Truck,1,5,20,Dry
2026-05-11,SITE006,Forklift,0,5,20,Dry
2026-05-11,SITE007,Excavator,4,5,20,Dry
2026-05-11,SITE007,Bulldozer,2,5,20,Dry
2026-05-11,SITE007,Wheel Loader,1,5,20,Dry
2026-05-11,SITE007,Motor Grader,1,5,20,Dry
2026-05-11,SITE007,Backhoe Loader,2,5,20,Dry
2026-05-11,SITE007,Skid Steer Loader,4,5,20,Dry
2026-05-11,SITE007,Road Roller,4,5,20,Dry
2026-05-11,SITE007,Dump Truck,3,5,20,Dry
2026-05-11,SITE007,Forklift,4,5,20,Dry
2026-05-11,SITE008,Excavator,4,5,20,Dry
2026-05-11,SITE008,Bulldozer,1,5,20,Dry
2026-05-11,SITE008,Wheel Loader,1,5,20,Dry
2026-05-11,SITE008,Motor Grader,4,5,20,Dry
2026-05-11,SITE008,Backhoe Loader,2,5,20,Dry
2026-05-11,SITE008,Skid Steer Loader,0,5,20,Dry
2026-05-11,SITE008,Road Roller,3,5,20,Dry
2026-05-11,SITE008,Dump Truck,1,5,20,Dry
2026-05-11,SITE008,Forklift,2,5,20,Dry
2026-05-11,SITE009,Excavator,3,5,20,Dry
2026-05-11,SITE009,Bulldozer,2,5,20,Dry
2026-05-11,SITE009,Wheel Loader,5,5,20,Dry
2026-05-11,SITE009,Motor Grader,2,5,20,Dry
2026-05-11,SITE009,Backhoe Loader,3,5,20,Dry
2026-05-11,SITE009,Skid Steer Loader,0,5,20,Dry
2026-05-11,SITE009,Road Roller,2,5,20,Dry
2026-05-11,SITE009,Dump Truck,1,5,20,Dry
2026-05-11,SITE009,Forklift,3,5,20,Dry
2026-05-11,SITE010,Excavator,4,5,20,Dry
2026-05-11,SITE010,Bulldozer,2,5,20,Dry
2026-05-11,SITE010,Wheel Loader,1,5,20,Dry
2026-05-11,SITE010,Motor Grader,2,5,20,Dry
2026-05-11,SITE010,Backhoe Loader,5,5,20,Dry
2026-05-11,SITE010,Skid Steer Loader,3,5,20,Dry
2026-05-11,SITE010,Road Roller,4,5,20,Dry
2026-05-11,SITE010,Dump Truck,2,5,20,Dry
2026-05-11,SITE010,Forklift,2,5,20,Dry
2026-05-11,SITE011,Excavator,3,5,20,Dry
2026-05-11,SITE011,Bulldozer,1,5,20,Dry
2026-05-11,SITE011,Wheel Loader,1,5,20,Dry
2026-05-11,SITE011,Motor Grader,2,5,20,Dry
2026-05-11,SITE011,Backhoe Loader,3,5,20,Dry
2026-05-11,SITE011,Skid Steer Loader,1,5,20,Dry
2026-05-11,SITE011,Road Roller,2,5,20,Dry
2026-05-11,SITE011,Dump Truck,1,5,20,Dry
2026-05-11,SITE011,Forklift,2,5,20,Dry
2026-05-11,SITE012,Excavator,3,5,20,Dry
2026-05-11,SITE012,Bulldozer,3,5,20,Dry
2026-05-11,SITE012,Wheel Loader,3,5,20,Dry
2026-05-11,SITE012,Motor Grader,1,5,20,Dry
2026-05-11,SITE012,Backhoe Loader,0,5,20,Dry
2026-05-11,SITE012,Skid Steer Loader,3,5,20,Dry
2026-05-11,SITE012,Road Roller,3,5,20,Dry
2026-05-11,SITE012,Dump Truck,3,5,20,Dry
2026-05-11,SITE012,Forklift,0,5,20,Dry
2026-05-11,SITE013,Excavator,1,5,20,Dry
2026-05-11,SITE013,Bulldozer,4,5,20,Dry
2026-05-11,SITE013,Wheel Loader,1,5,20,Dry
2026-05-11,SITE013,Motor Grader,3,5,20,Dry
2026-05-11,SITE013,Backhoe Loader,0,5,20,Dry
2026-05-11,SITE013,Skid Steer Loader,0,5,20,Dry
2026-05-11,SITE013,Road Roller,4,5,20,Dry
2026-05-11,SITE013,Dump Truck,1,5,20,Dry
2026-05-11,SITE013,Forklift,2,5,20,Dry
2026-05-11,SITE014,Excavator,6,5,20,Dry
2026-05-11,SITE014,Bulldozer,0,5,20,Dry
2026-05-11,SITE014,Wheel Loader,1,5,20,Dry
2026-05-11,SITE014,Motor Grader,2,5,20,Dry
2026-05-11,SITE014,Backhoe Loader,1,5,20,Dry
2026-05-11,SITE014,Skid Steer Loader,1,5,20,Dry
2026-05-11,SITE014,Road Roller,1,5,20,Dry
2026-05-11,SITE014,Dump Truck,3,5,20,Dry
2026-05-11,SITE014,Forklift,1,5,20,Dry
2026-05-11,SITE015,Excavator,3,5,20,Dry
2026-05-11,SITE015,Bulldozer,2,5,20,Dry
2026-05-11,SITE015,Wheel Loader,1,5,20,Dry
2026-05-11,SITE015,Motor Grader,1,5,20,Dry
2026-05-11,SITE015,Backhoe Loader,0,5,20,Dry
2026-05-11,SITE015,Skid Steer Loader,1,5,20,Dry
2026-05-11,SITE015,Road Roller,3,5,20,Dry
2026-05-11,SITE015,Dump Truck,1,5,20,Dry
2026-05-11,SITE015,Forklift,4,5,20,Dry
2026-05-11,SITE016,Excavator,3,5,20,Dry
2026-05-11,SITE016,Bulldozer,4,5,20,Dry
2026-05-11,SITE016,Wheel Loader,2,5,20,Dry
2026-05-11,SITE016,Motor Grader,1,5,20,Dry
2026-05-11,SITE016,Backhoe Loader,1,5,20,Dry
2026-05-11,SITE016,Skid Steer Loader,2,5,20,Dry
2026-05-11,SITE016,Road Roller,1,5,20,Dry
2026-05-11,SITE016,Dump Truck,2,5,20,Dry
2026-05-11,SITE016,Forklift,2,5,20,Dry
2026-05-11,SITE017,Excavator,3,5,20,Dry
2026-05-11,SITE017,Bulldozer,5,5,20,Dry
2026-05-11,SITE017,Wheel Loader,1,5,20,Dry
2026-05-11,SITE017,Motor Grader,6,5,20,Dry
2026-05-11,SITE017,Backhoe Loader,4,5,20,Dry
2026-05-11,SITE017,Skid Steer Loader,2,5,20,Dry
2026-05-11,SITE017,Road Roller,1,5,20,Dry
2026-05-11,SITE017,Dump Truck,1,5,20,Dry
2026-05-11,SITE017,Forklift,3,5,20,Dry
2026-05-11,SITE018,Excavator,4,5,20,Dry
2026-05-11,SITE018,Bulldozer,4,5,20,Dry
2026-05-11,SITE018,Wheel Loader,2,5,20,Dry
2026-05-11,SITE018,Motor Grader,1,5,20,Dry
2026-05-11,SITE018,Backhoe Loader,3,5,20,Dry
2026-05-11,SITE018,Skid Steer Loader,2,5,20,Dry
2026-05-11,SITE018,Road Roller,4,5,20,Dry
2026-05-11,SITE018,Dump Truck,4,5,20,Dry
2026-05-11,SITE018,Forklift,1,5,20,Dry
2026-05-11,SITE019,Excavator,5,5,20,Dry
2026-05-11,SITE019,Bulldozer,3,5,20,Dry
2026-05-11,SITE019,Wheel Loader,3,5,20,Dry
2026-05-11,SITE019,Motor Grader,2,5,20,Dry
2026-05-11,SITE019,Backhoe Loader,3,5,20,Dry
2026-05-11,SITE019,Skid Steer Loader,1,5,20,Dry
2026-05-11,SITE019,Road Roller,4,5,20,Dry
2026-05-11,SITE019,Dump Truck,3,5,20,Dry
2026-05-11,SITE019,Forklift,0,5,20,Dry
2026-05-11,SITE020,Excavator,4,5,20,Dry
2026-05-11,SITE020,Bulldozer,0,5,20,Dry
2026-05-11,SITE020,Wheel Loader,3,5,20,Dry
2026-05-11,SITE020,Motor Grader,1,5,20,Dry
2026-05-11,SITE020,Backhoe Loader,1,5,20,Dry
2026-05-11,SITE020,Skid Steer Loader,1,5,20,Dry
2026-05-11,SITE020,Road Roller,4,5,20,Dry
2026-05-11,SITE020,Dump Truck,3,5,20,Dry
2026-05-11,SITE020,Forklift,0,5,20,Dry
2026-05-12,SITE001,Excavator,2,5,20,Dry
2026-05-12,SITE001,Bulldozer,6,5,20,Dry
2026-05-12,SITE001,Wheel Loader,1,5,20,Dry
2026-05-12,SITE001,Motor Grader,2,5,20,Dry
2026-05-12,SITE001,Backhoe Loader,1,5,20,Dry
2026-05-12,SITE001,Skid Steer Loader,3,5,20,Dry
2026-05-12,SITE001,Road Roller,3,5,20,Dry
2026-05-12,SITE001,Dump Truck,6,5,20,Dry
2026-05-12,SITE001,Forklift,1,5,20,Dry
2026-05-12,SITE002,Excavator,5,5,20,Dry
2026-05-12,SITE002,Bulldozer,4,5,20,Dry
2026-05-12,SITE002,Wheel Loader,2,5,20,Dry
2026-05-12,SITE002,Motor Grader,3,5,20,Dry
2026-05-12,SITE002,Backhoe Loader,1,5,20,Dry
2026-05-12,SITE002,Skid Steer Loader,2,5,20,Dry
2026-05-12,SITE002,Road Roller,2,5,20,Dry
2026-05-12,SITE002,Dump Truck,2,5,20,Dry
2026-05-12,SITE002,Forklift,1,5,20,Dry
2026-05-12,SITE003,Excavator,6,5,20,Dry
2026-05-12,SITE003,Bulldozer,1,5,20,Dry
2026-05-12,SITE003,Wheel Loader,2,5,20,Dry
2026-05-12,SITE003,Motor Grader,2,5,20,Dry
2026-05-12,SITE003,Backhoe Loader,5,5,20,Dry
2026-05-12,SITE003,Skid Steer Loader,0,5,20,Dry
2026-05-12,SITE003,Road Roller,0,5,20,Dry
2026-05-12,SITE003,Dump Truck,2,5,20,Dry
2026-05-12,SITE003,Forklift,1,5,20,Dry
2026-05-12,SITE004,Excavator,4,5,20,Dry
2026-05-12,SITE004,Bulldozer,4,5,20,Dry
2026-05-12,SITE004,Wheel Loader,2,5,20,Dry
2026-05-12,SITE004,Motor Grader,1,5,20,Dry
2026-05-12,SITE004,Backhoe Loader,1,5,20,Dry
2026-05-12,SITE004,Skid Steer Loader,4,5,20,Dry
2026-05-12,SITE004,Road Roller,1,5,20,Dry
2026-05-12,SITE004,Dump Truck,8,5,20,Dry
2026-05-12,SITE004,Forklift,0,5,20,Dry
2026-05-12,SITE005,Excavator,4,5,20,Dry
2026-05-12,SITE005,Bulldozer,0,5,20,Dry
2026-05-12,SITE005,Wheel Loader,1,5,20,Dry
2026-05-12,SITE005,Motor Grader,3,5,20,Dry
2026-05-12,SITE005,Backhoe Loader,2,5,20,Dry
2026-05-12,SITE005,Skid Steer Loader,2,5,20,Dry
2026-05-12,SITE005,Road Roller,1,5,20,Dry
2026-05-12,SITE005,Dump Truck,2,5,20,Dry
2026-05-12,SITE005,Forklift,0,5,20,Dry
2026-05-12,SITE006,Excavator,1,5,20,Dry
2026-05-12,SITE006,Bulldozer,0,5,20,Dry
2026-05-12,SITE006,Wheel Loader,5,5,20,Dry
2026-05-12,SITE006,Motor Grader,4,5,20,Dry
2026-05-12,SITE006,Backhoe Loader,3,5,20,Dry
2026-05-12,SITE006,Skid Steer Loader,1,5,20,Dry
2026-05-12,SITE006,Road Roller,2,5,20,Dry
2026-05-12,SITE006,Dump Truck,1,5,20,Dry
2026-05-12,SITE006,Forklift,4,5,20,Dry
2026-05-12,SITE007,Excavator,1,5,20,Dry
2026-05-12,SITE007,Bulldozer,0,5,20,Dry
2026-05-12,SITE007,Wheel Loader,3,5,20,Dry
2026-05-12,SITE007,Motor Grader,1,5,20,Dry
2026-05-12,SITE007,Backhoe Loader,3,5,20,Dry
2026-05-12,SITE007,Skid Steer Loader,0,5,20,Dry
2026-05-12,SITE007,Road Roller,2,5,20,Dry
2026-05-12,SITE007,Dump Truck,2,5,20,Dry
2026-05-12,SITE007,Forklift,1,5,20,Dry
2026-05-12,SITE008,Excavator,3,5,20,Dry
2026-05-12,SITE008,Bulldozer,3,5,20,Dry
2026-05-12,SITE008,Wheel Loader,1,5,20,Dry
2026-05-12,SITE008,Motor Grader,1,5,20,Dry
2026-05-12,SITE008,Backhoe Loader,3,5,20,Dry
2026-05-12,SITE008,Skid Steer Loader,1,5,20,Dry
2026-05-12,SITE008,Road Roller,0,5,20,Dry
2026-05-12,SITE008,Dump Truck,1,5,20,Dry
2026-05-12,SITE008,Forklift,3,5,20,Dry
2026-05-12,SITE009,Excavator,6,5,20,Dry
2026-05-12,SITE009,Bulldozer,1,5,20,Dry
2026-05-12,SITE009,Wheel Loader,2,5,20,Dry
2026-05-12,SITE009,Motor Grader,1,5,20,Dry
2026-05-12,SITE009,Backhoe Loader,3,5,20,Dry
2026-05-12,SITE009,Skid Steer Loader,2,5,20,Dry
2026-05-12,SITE009,Road Roller,2,5,20,Dry
2026-05-12,SITE009,Dump Truck,2,5,20,Dry
2026-05-12,SITE009,Forklift,0,5,20,Dry
2026-05-12,SITE010,Excavator,6,5,20,Dry
2026-05-12,SITE010,Bulldozer,0,5,20,Dry
2026-05-12,SITE010,Wheel Loader,2,5,20,Dry
2026-05-12,SITE010,Motor Grader,2,5,20,Dry
2026-05-12,SITE010,Backhoe Loader,2,5,20,Dry
2026-05-12,SITE010,Skid Steer Loader,2,5,20,Dry
2026-05-12,SITE010,Road Roller,3,5,20,Dry
2026-05-12,SITE010,Dump Truck,1,5,20,Dry
2026-05-12,SITE010,Forklift,2,5,20,Dry
2026-05-12,SITE011,Excavator,4,5,20,Dry
2026-05-12,SITE011,Bulldozer,3,5,20,Dry
2026-05-12,SITE011,Wheel Loader,5,5,20,Dry
2026-05-12,SITE011,Motor Grader,2,5,20,Dry
2026-05-12,SITE011,Backhoe Loader,1,5,20,Dry
2026-05-12,SITE011,Skid Steer Loader,1,5,20,Dry
2026-05-12,SITE011,Road Roller,0,5,20,Dry
2026-05-12,SITE011,Dump Truck,2,5,20,Dry
2026-05-12,SITE011,Forklift,4,5,20,Dry
2026-05-12,SITE012,Excavator,2,5,20,Dry
2026-05-12,SITE012,Bulldozer,2,5,20,Dry
2026-05-12,SITE012,Wheel Loader,0,5,20,Dry
2026-05-12,SITE012,Motor Grader,0,5,20,Dry
2026-05-12,SITE012,Backhoe Loader,3,5,20,Dry
2026-05-12,SITE012,Skid Steer Loader,2,5,20,Dry
2026-05-12,SITE012,Road Roller,3,5,20,Dry
2026-05-12,SITE012,Dump Truck,1,5,20,Dry
2026-05-12,SITE012,Forklift,1,5,20,Dry
2026-05-12,SITE013,Excavator,7,5,20,Dry
2026-05-12,SITE013,Bulldozer,3,5,20,Dry
2026-05-12,SITE013,Wheel Loader,1,5,20,Dry
2026-05-12,SITE013,Motor Grader,4,5,20,Dry
2026-05-12,SITE013,Backhoe Loader,1,5,20,Dry
2026-05-12,SITE013,Skid Steer Loader,3,5,20,Dry
2026-05-12,SITE013,Road Roller,1,5,20,Dry
2026-05-12,SITE013,Dump Truck,1,5,20,Dry
2026-05-12,SITE013,Forklift,2,5,20,Dry
2026-05-12,SITE014,Excavator,4,5,20,Dry
2026-05-12,SITE014,Bulldozer,0,5,20,Dry
2026-05-12,SITE014,Wheel Loader,3,5,20,Dry
2026-05-12,SITE014,Motor Grader,2,5,20,Dry
2026-05-12,SITE014,Backhoe Loader,2,5,20,Dry
2026-05-12,SITE014,Skid Steer Loader,2,5,20,Dry
2026-05-12,SITE014,Road Roller,0,5,20,Dry
2026-05-12,SITE014,Dump Truck,5,5,20,Dry
2026-05-12,SITE014,Forklift,2,5,20,Dry
2026-05-12,SITE015,Excavator,2,5,20,Dry
2026-05-12,SITE015,Bulldozer,0,5,20,Dry
2026-05-12,SITE015,Wheel Loader,4,5,20,Dry
2026-05-12,SITE015,Motor Grader,1,5,20,Dry
2026-05-12,SITE015,Backhoe Loader,1,5,20,Dry
2026-05-12,SITE015,Skid Steer Loader,5,5,20,Dry
2026-05-12,SITE015,Road Roller,0,5,20,Dry
2026-05-12,SITE015,Dump Truck,2,5,20,Dry
2026-05-12,SITE015,Forklift,1,5,20,Dry
2026-05-12,SITE016,Excavator,3,5,20,Dry
2026-05-12,SITE016,Bulldozer,2,5,20,Dry
2026-05-12,SITE016,Wheel Loader,5,5,20,Dry
2026-05-12,SITE016,Motor Grader,3,5,20,Dry
2026-05-12,SITE016,Backhoe Loader,2,5,20,Dry
2026-05-12,SITE016,Skid Steer Loader,2,5,20,Dry
2026-05-12,SITE016,Road Roller,1,5,20,Dry
2026-05-12,SITE016,Dump Truck,0,5,20,Dry
2026-05-12,SITE016,Forklift,1,5,20,Dry
2026-05-12,SITE017,Excavator,5,5,20,Dry
2026-05-12,SITE017,Bulldozer,1,5,20,Dry
2026-05-12,SITE017,Wheel Loader,0,5,20,Dry
2026-05-12,SITE017,Motor Grader,2,5,20,Dry
2026-05-12,SITE017,Backhoe Loader,3,5,20,Dry
2026-05-12,SITE017,Skid Steer Loader,4,5,20,Dry
2026-05-12,SITE017,Road Roller,2,5,20,Dry
2026-05-12,SITE017,Dump Truck,3,5,20,Dry
2026-05-12,SITE017,Forklift,3,5,20,Dry
2026-05-12,SITE018,Excavator,5,5,20,Dry
2026-05-12,SITE018,Bulldozer,0,5,20,Dry
2026-05-12,SITE018,Wheel Loader,0,5,20,Dry
2026-05-12,SITE018,Motor Grader,2,5,20,Dry
2026-05-12,SITE018,Backhoe Loader,2,5,20,Dry
2026-05-12,SITE018,Skid Steer Loader,4,5,20,Dry
2026-05-12,SITE018,Road Roller,2,5,20,Dry
2026-05-12,SITE018,Dump Truck,2,5,20,Dry
2026-05-12,SITE018,Forklift,2,5,20,Dry
2026-05-12,SITE019,Excavator,3,5,20,Dry
2026-05-12,SITE019,Bulldozer,3,5,20,Dry
2026-05-12,SITE019,Wheel Loader,3,5,20,Dry
2026-05-12,SITE019,Motor Grader,1,5,20,Dry
2026-05-12,SITE019,Backhoe Loader,3,5,20,Dry
2026-05-12,SITE019,Skid Steer Loader,3,5,20,Dry
2026-05-12,SITE019,Road Roller,1,5,20,Dry
2026-05-12,SITE019,Dump Truck,1,5,20,Dry
2026-05-12,SITE019,Forklift,4,5,20,Dry
2026-05-12,SITE020,Excavator,2,5,20,Dry
2026-05-12,SITE020,Bulldozer,1,5,20,Dry
2026-05-12,SITE020,Wheel Loader,1,5,20,Dry
2026-05-12,SITE020,Motor Grader,0,5,20,Dry
2026-05-12,SITE020,Backhoe Loader,2,5,20,Dry
2026-05-12,SITE020,Skid Steer Loader,3,5,20,Dry
2026-05-12,SITE020,Road Roller,2,5,20,Dry
2026-05-12,SITE020,Dump Truck,1,5,20,Dry
2026-05-12,SITE020,Forklift,1,5,20,Dry
2026-05-13,SITE001,Excavator,4,5,20,Dry
2026-05-13,SITE001,Bulldozer,1,5,20,Dry
2026-05-13,SITE001,Wheel Loader,1,5,20,Dry
2026-05-13,SITE001,Motor Grader,3,5,20,Dry
2026-05-13,SITE001,Backhoe Loader,1,5,20,Dry
2026-05-13,SITE001,Skid Steer Loader,1,5,20,Dry
2026-05-13,SITE001,Road Roller,3,5,20,Dry
2026-05-13,SITE001,Dump Truck,2,5,20,Dry
2026-05-13,SITE001,Forklift,2,5,20,Dry
2026-05-13,SITE002,Excavator,3,5,20,Dry
2026-05-13,SITE002,Bulldozer,1,5,20,Dry
2026-05-13,SITE002,Wheel Loader,3,5,20,Dry
2026-05-13,SITE002,Motor Grader,3,5,20,Dry
2026-05-13,SITE002,Backhoe Loader,5,5,20,Dry
2026-05-13,SITE002,Skid Steer Loader,1,5,20,Dry
2026-05-13,SITE002,Road Roller,3,5,20,Dry
2026-05-13,SITE002,Dump Truck,1,5,20,Dry
2026-05-13,SITE002,Forklift,0,5,20,Dry
2026-05-13,SITE003,Excavator,6,5,20,Dry
2026-05-13,SITE003,Bulldozer,1,5,20,Dry
2026-05-13,SITE003,Wheel Loader,4,5,20,Dry
2026-05-13,SITE003,Motor Grader,1,5,20,Dry
2026-05-13,SITE003,Backhoe Loader,0,5,20,Dry
2026-05-13,SITE003,Skid Steer Loader,2,5,20,Dry
2026-05-13,SITE003,Road Roller,0,5,20,Dry
2026-05-13,SITE003,Dump Truck,4,5,20,Dry
2026-05-13,SITE003,Forklift,1,5,20,Dry
2026-05-13,SITE004,Excavator,4,5,20,Dry
2026-05-13,SITE004,Bulldozer,1,5,20,Dry
2026-05-13,SITE004,Wheel Loader,1,5,20,Dry
2026-05-13,SITE004,Motor Grader,2,5,20,Dry
2026-05-13,SITE004,Backhoe Loader,1,5,20,Dry
2026-05-13,SITE004,Skid Steer Loader,2,5,20,Dry
2026-05-13,SITE004,Road Roller,3,5,20,Dry
2026-05-13,SITE004,Dump Truck,4,5,20,Dry
2026-05-13,SITE004,Forklift,2,5,20,Dry
2026-05-13,SITE005,Excavator,6,5,20,Dry
2026-05-13,SITE005,Bulldozer,3,5,20,Dry
2026-05-13,SITE005,Wheel Loader,2,5,20,Dry
2026-05-13,SITE005,Motor Grader,3,5,20,Dry
2026-05-13,SITE005,Backhoe Loader,1,5,20,Dry
2026-05-13,SITE005,Skid Steer Loader,4,5,20,Dry
2026-05-13,SITE005,Road Roller,0,5,20,Dry
2026-05-13,SITE005,Dump Truck,5,5,20,Dry
2026-05-13,SITE005,Forklift,2,5,20,Dry
2026-05-13,SITE006,Excavator,2,5,20,Dry
2026-05-13,SITE006,Bulldozer,1,5,20,Dry
2026-05-13,SITE006,Wheel Loader,2,5,20,Dry
2026-05-13,SITE006,Motor Grader,0,5,20,Dry
2026-05-13,SITE006,Backhoe Loader,1,5,20,Dry
2026-05-13,SITE006,Skid Steer Loader,4,5,20,Dry
2026-05-13,SITE006,Road Roller,3,5,20,Dry
2026-05-13,SITE006,Dump Truck,0,5,20,Dry
2026-05-13,SITE006,Forklift,2,5,20,Dry
2026-05-13,SITE007,Excavator,1,5,20,Dry
2026-05-13,SITE007,Bulldozer,2,5,20,Dry
2026-05-13,SITE007,Wheel Loader,3,5,20,Dry
2026-05-13,SITE007,Motor Grader,2,5,20,Dry
2026-05-13,SITE007,Backhoe Loader,2,5,20,Dry
2026-05-13,SITE007,Skid Steer Loader,1,5,20,Dry
2026-05-13,SITE007,Road Roller,0,5,20,Dry
2026-05-13,SITE007,Dump Truck,2,5,20,Dry
2026-05-13,SITE007,Forklift,3,5,20,Dry
2026-05-13,SITE008,Excavator,4,5,20,Dry
2026-05-13,SITE008,Bulldozer,2,5,20,Dry
2026-05-13,SITE008,Wheel Loader,3,5,20,Dry
2026-05-13,SITE008,Motor Grader,0,5,20,Dry
2026-05-13,SITE008,Backhoe Loader,1,5,20,Dry
2026-05-13,SITE008,Skid Steer Loader,2,5,20,Dry
2026-05-13,SITE008,Road Roller,1,5,20,Dry
2026-05-13,SITE008,Dump Truck,4,5,20,Dry
2026-05-13,SITE008,Forklift,0,5,20,Dry
2026-05-13,SITE009,Excavator,5,5,20,Dry
2026-05-13,SITE009,Bulldozer,2,5,20,Dry
2026-05-13,SITE009,Wheel Loader,2,5,20,Dry
2026-05-13,SITE009,Motor Grader,4,5,20,Dry
2026-05-13,SITE009,Backhoe Loader,2,5,20,Dry
2026-05-13,SITE009,Skid Steer Loader,3,5,20,Dry
2026-05-13,SITE009,Road Roller,1,5,20,Dry
2026-05-13,SITE009,Dump Truck,2,5,20,Dry
2026-05-13,SITE009,Forklift,1,5,20,Dry
2026-05-13,SITE010,Excavator,4,5,20,Dry
2026-05-13,SITE010,Bulldozer,3,5,20,Dry
2026-05-13,SITE010,Wheel Loader,1,5,20,Dry
2026-05-13,SITE010,Motor Grader,3,5,20,Dry
2026-05-13,SITE010,Backhoe Loader,2,5,20,Dry
2026-05-13,SITE010,Skid Steer Loader,3,5,20,Dry
2026-05-13,SITE010,Road Roller,2,5,20,Dry
2026-05-13,SITE010,Dump Truck,0,5,20,Dry
2026-05-13,SITE010,Forklift,4,5,20,Dry
2026-05-13,SITE011,Excavator,3,5,20,Dry
2026-05-13,SITE011,Bulldozer,1,5,20,Dry
2026-05-13,SITE011,Wheel Loader,3,5,20,Dry
2026-05-13,SITE011,Motor Grader,2,5,20,Dry
2026-05-13,SITE011,Backhoe Loader,6,5,20,Dry
2026-05-13,SITE011,Skid Steer Loader,0,5,20,Dry
2026-05-13,SITE011,Road Roller,4,5,20,Dry
2026-05-13,SITE011,Dump Truck,2,5,20,Dry
2026-05-13,SITE011,Forklift,1,5,20,Dry
2026-05-13,SITE012,Excavator,6,5,20,Dry
2026-05-13,SITE012,Bulldozer,2,5,20,Dry
2026-05-13,SITE012,Wheel Loader,2,5,20,Dry
2026-05-13,SITE012,Motor Grader,2,5,20,Dry
2026-05-13,SITE012,Backhoe Loader,5,5,20,Dry
2026-05-13,SITE012,Skid Steer Loader,1,5,20,Dry
2026-05-13,SITE012,Road Roller,0,5,20,Dry
2026-05-13,SITE012,Dump Truck,2,5,20,Dry
2026-05-13,SITE012,Forklift,1,5,20,Dry
2026-05-13,SITE013,Excavator,0,5,20,Dry
2026-05-13,SITE013,Bulldozer,1,5,20,Dry
2026-05-13,SITE013,Wheel Loader,1,5,20,Dry
2026-05-13,SITE013,Motor Grader,2,5,20,Dry
2026-05-13,SITE013,Backhoe Loader,2,5,20,Dry
2026-05-13,SITE013,Skid Steer Loader,2,5,20,Dry
2026-05-13,SITE013,Road Roller,0,5,20,Dry
2026-05-13,SITE013,Dump Truck,3,5,20,Dry
2026-05-13,SITE013,Forklift,1,5,20,Dry
2026-05-13,SITE014,Excavator,3,5,20,Dry
2026-05-13,SITE014,Bulldozer,3,5,20,Dry
2026-05-13,SITE014,Wheel Loader,0,5,20,Dry
2026-05-13,SITE014,Motor Grader,1,5,20,Dry
2026-05-13,SITE014,Backhoe Loader,2,5,20,Dry
2026-05-13,SITE014,Skid Steer Loader,2,5,20,Dry
2026-05-13,SITE014,Road Roller,1,5,20,Dry
2026-05-13,SITE014,Dump Truck,1,5,20,Dry
2026-05-13,SITE014,Forklift,4,5,20,Dry
2026-05-13,SITE015,Excavator,4,5,20,Dry
2026-05-13,SITE015,Bulldozer,1,5,20,Dry
2026-05-13,SITE015,Wheel Loader,3,5,20,Dry
2026-05-13,SITE015,Motor Grader,3,5,20,Dry
2026-05-13,SITE015,Backhoe Loader,1,5,20,Dry
2026-05-13,SITE015,Skid Steer Loader,2,5,20,Dry
2026-05-13,SITE015,Road Roller,3,5,20,Dry
2026-05-13,SITE015,Dump Truck,1,5,20,Dry
2026-05-13,SITE015,Forklift,0,5,20,Dry
2026-05-13,SITE016,Excavator,6,5,20,Dry
2026-05-13,SITE016,Bulldozer,2,5,20,Dry
2026-05-13,SITE016,Wheel Loader,3,5,20,Dry
2026-05-13,SITE016,Motor Grader,0,5,20,Dry
2026-05-13,SITE016,Backhoe Loader,2,5,20,Dry
2026-05-13,SITE016,Skid Steer Loader,4,5,20,Dry
2026-05-13,SITE016,Road Roller,4,5,20,Dry
2026-05-13,SITE016,Dump Truck,2,5,20,Dry
2026-05-13,SITE016,Forklift,2,5,20,Dry
2026-05-13,SITE017,Excavator,3,5,20,Dry
2026-05-13,SITE017,Bulldozer,0,5,20,Dry
2026-05-13,SITE017,Wheel Loader,2,5,20,Dry
2026-05-13,SITE017,Motor Grader,0,5,20,Dry
2026-05-13,SITE017,Backhoe Loader,1,5,20,Dry
2026-05-13,SITE017,Skid Steer Loader,3,5,20,Dry
2026-05-13,SITE017,Road Roller,0,5,20,Dry
2026-05-13,SITE017,Dump Truck,2,5,20,Dry
2026-05-13,SITE017,Forklift,1,5,20,Dry
2026-05-13,SITE018,Excavator,3,5,20,Dry
2026-05-13,SITE018,Bulldozer,2,5,20,Dry
2026-05-13,SITE018,Wheel Loader,1,5,20,Dry
2026-05-13,SITE018,Motor Grader,3,5,20,Dry
2026-05-13,SITE018,Backhoe Loader,3,5,20,Dry
2026-05-13,SITE018,Skid Steer Loader,2,5,20,Dry
2026-05-13,SITE018,Road Roller,2,5,20,Dry
2026-05-13,SITE018,Dump Truck,2,5,20,Dry
2026-05-13,SITE018,Forklift,0,5,20,Dry
2026-05-13,SITE019,Excavator,4,5,20,Dry
2026-05-13,SITE019,Bulldozer,2,5,20,Dry
2026-05-13,SITE019,Wheel Loader,3,5,20,Dry
2026-05-13,SITE019,Motor Grader,1,5,20,Dry
2026-05-13,SITE019,Backhoe Loader,1,5,20,Dry
2026-05-13,SITE019,Skid Steer Loader,2,5,20,Dry
2026-05-13,SITE019,Road Roller,1,5,20,Dry
2026-05-13,SITE019,Dump Truck,1,5,20,Dry
2026-05-13,SITE019,Forklift,0,5,20,Dry
2026-05-13,SITE020,Excavator,5,5,20,Dry
2026-05-13,SITE020,Bulldozer,0,5,20,Dry
2026-05-13,SITE020,Wheel Loader,2,5,20,Dry
2026-05-13,SITE020,Motor Grader,4,5,20,Dry
2026-05-13,SITE020,Backhoe Loader,1,5,20,Dry
2026-05-13,SITE020,Skid Steer Loader,3,5,20,Dry
2026-05-13,SITE020,Road Roller,2,5,20,Dry
2026-05-13,SITE020,Dump Truck,2,5,20,Dry
2026-05-13,SITE020,Forklift,1,5,20,Dry
2026-05-14,SITE001,Excavator,5,5,20,Dry
2026-05-14,SITE001,Bulldozer,2,5,20,Dry
2026-05-14,SITE001,Wheel Loader,1,5,20,Dry
2026-05-14,SITE001,Motor Grader,3,5,20,Dry
2026-05-14,SITE001,Backhoe Loader,3,5,20,Dry
2026-05-14,SITE001,Skid Steer Loader,1,5,20,Dry
2026-05-14,SITE001,Road Roller,2,5,20,Dry
2026-05-14,SITE001,Dump Truck,0,5,20,Dry
2026-05-14,SITE001,Forklift,2,5,20,Dry
2026-05-14,SITE002,Excavator,3,5,20,Dry
2026-05-14,SITE002,Bulldozer,3,5,20,Dry
2026-05-14,SITE002,Wheel Loader,4,5,20,Dry
2026-05-14,SITE002,Motor Grader,0,5,20,Dry
2026-05-14,SITE002,Backhoe Loader,3,5,20,Dry
2026-05-14,SITE002,Skid Steer Loader,1,5,20,Dry
2026-05-14,SITE002,Road Roller,2,5,20,Dry
2026-05-14,SITE002,Dump Truck,3,5,20,Dry
2026-05-14,SITE002,Forklift,2,5,20,Dry
2026-05-14,SITE003,Excavator,1,5,20,Dry
2026-05-14,SITE003,Bulldozer,1,5,20,Dry
2026-05-14,SITE003,Wheel Loader,4,5,20,Dry
2026-05-14,SITE003,Motor Grader,1,5,20,Dry
2026-05-14,SITE003,Backhoe Loader,0,5,20,Dry
2026-05-14,SITE003,Skid Steer Loader,2,5,20,Dry
2026-05-14,SITE003,Road Roller,0,5,20,Dry
2026-05-14,SITE003,Dump Truck,3,5,20,Dry
2026-05-14,SITE003,Forklift,3,5,20,Dry
2026-05-14,SITE004,Excavator,4,5,20,Dry
2026-05-14,SITE004,Bulldozer,3,5,20,Dry
2026-05-14,SITE004,Wheel Loader,4,5,20,Dry
2026-05-14,SITE004,Motor Grader,1,5,20,Dry
2026-05-14,SITE004,Backhoe Loader,2,5,20,Dry
2026-05-14,SITE004,Skid Steer Loader,1,5,20,Dry
2026-05-14,SITE004,Road Roller,1,5,20,Dry
2026-05-14,SITE004,Dump Truck,4,5,20,Dry
2026-05-14,SITE004,Forklift,0,5,20,Dry
2026-05-14,SITE005,Excavator,3,5,20,Dry
2026-05-14,SITE005,Bulldozer,2,5,20,Dry
2026-05-14,SITE005,Wheel Loader,2,5,20,Dry
2026-05-14,SITE005,Motor Grader,1,5,20,Dry
2026-05-14,SITE005,Backhoe Loader,2,5,20,Dry
2026-05-14,SITE005,Skid Steer Loader,3,5,20,Dry
2026-05-14,SITE005,Road Roller,3,5,20,Dry
2026-05-14,SITE005,Dump Truck,1,5,20,Dry
2026-05-14,SITE005,Forklift,1,5,20,Dry
2026-05-14,SITE006,Excavator,4,5,20,Dry
2026-05-14,SITE006,Bulldozer,2,5,20,Dry
2026-05-14,SITE006,Wheel Loader,4,5,20,Dry
2026-05-14,SITE006,Motor Grader,4,5,20,Dry
2026-05-14,SITE006,Backhoe Loader,4,5,20,Dry
2026-05-14,SITE006,Skid Steer Loader,2,5,20,Dry
2026-05-14,SITE006,Road Roller,2,5,20,Dry
2026-05-14,SITE006,Dump Truck,0,5,20,Dry
2026-05-14,SITE006,Forklift,2,5,20,Dry
2026-05-14,SITE007,Excavator,3,5,20,Dry
2026-05-14,SITE007,Bulldozer,1,5,20,Dry
2026-05-14,SITE007,Wheel Loader,1,5,20,Dry
2026-05-14,SITE007,Motor Grader,1,5,20,Dry
2026-05-14,SITE007,Backhoe Loader,5,5,20,Dry
2026-05-14,SITE007,Skid Steer Loader,1,5,20,Dry
2026-05-14,SITE007,Road Roller,3,5,20,Dry
2026-05-14,SITE007,Dump Truck,2,5,20,Dry
2026-05-14,SITE007,Forklift,3,5,20,Dry
2026-05-14,SITE008,Excavator,6,5,20,Dry
2026-05-14,SITE008,Bulldozer,0,5,20,Dry
2026-05-14,SITE008,Wheel Loader,4,5,20,Dry
2026-05-14,SITE008,Motor Grader,3,5,20,Dry
2026-05-14,SITE008,Backhoe Loader,1,5,20,Dry
2026-05-14,SITE008,Skid Steer Loader,2,5,20,Dry
2026-05-14,SITE008,Road Roller,4,5,20,Dry
2026-05-14,SITE008,Dump Truck,3,5,20,Dry
2026-05-14,SITE008,Forklift,1,5,20,Dry
2026-05-14,SITE009,Excavator,1,5,20,Dry
2026-05-14,SITE009,Bulldozer,3,5,20,Dry
2026-05-14,SITE009,Wheel Loader,1,5,20,Dry
2026-05-14,SITE009,Motor Grader,1,5,20,Dry
2026-05-14,SITE009,Backhoe Loader,3,5,20,Dry
2026-05-14,SITE009,Skid Steer Loader,3,5,20,Dry
2026-05-14,SITE009,Road Roller,2,5,20,Dry
2026-05-14,SITE009,Dump Truck,0,5,20,Dry
2026-05-14,SITE009,Forklift,3,5,20,Dry
2026-05-14,SITE010,Excavator,1,5,20,Dry
2026-05-14,SITE010,Bulldozer,1,5,20,Dry
2026-05-14,SITE010,Wheel Loader,2,5,20,Dry
2026-05-14,SITE010,Motor Grader,1,5,20,Dry
2026-05-14,SITE010,Backhoe Loader,1,5,20,Dry
2026-05-14,SITE010,Skid Steer Loader,2,5,20,Dry
2026-05-14,SITE010,Road Roller,1,5,20,Dry
2026-05-14,SITE010,Dump Truck,3,5,20,Dry
2026-05-14,SITE010,Forklift,1,5,20,Dry
2026-05-14,SITE011,Excavator,4,5,20,Dry
2026-05-14,SITE011,Bulldozer,2,5,20,Dry
2026-05-14,SITE011,Wheel Loader,0,5,20,Dry
2026-05-14,SITE011,Motor Grader,3,5,20,Dry
2026-05-14,SITE011,Backhoe Loader,1,5,20,Dry
2026-05-14,SITE011,Skid Steer Loader,0,5,20,Dry
2026-05-14,SITE011,Road Roller,3,5,20,Dry
2026-05-14,SITE011,Dump Truck,1,5,20,Dry
2026-05-14,SITE011,Forklift,0,5,20,Dry
2026-05-14,SITE012,Excavator,5,5,20,Dry
2026-05-14,SITE012,Bulldozer,1,5,20,Dry
2026-05-14,SITE012,Wheel Loader,4,5,20,Dry
2026-05-14,SITE012,Motor Grader,2,5,20,Dry
2026-05-14,SITE012,Backhoe Loader,3,5,20,Dry
2026-05-14,SITE012,Skid Steer Loader,2,5,20,Dry
2026-05-14,SITE012,Road Roller,1,5,20,Dry
2026-05-14,SITE012,Dump Truck,0,5,20,Dry
2026-05-14,SITE012,Forklift,2,5,20,Dry
2026-05-14,SITE013,Excavator,3,5,20,Dry
2026-05-14,SITE013,Bulldozer,0,5,20,Dry
2026-05-14,SITE013,Wheel Loader,1,5,20,Dry
2026-05-14,SITE013,Motor Grader,0,5,20,Dry
2026-05-14,SITE013,Backhoe Loader,1,5,20,Dry
2026-05-14,SITE013,Skid Steer Loader,1,5,20,Dry
2026-05-14,SITE013,Road Roller,4,5,20,Dry
2026-05-14,SITE013,Dump Truck,3,5,20,Dry
2026-05-14,SITE013,Forklift,3,5,20,Dry
2026-05-14,SITE014,Excavator,2,5,20,Dry
2026-05-14,SITE014,Bulldozer,2,5,20,Dry
2026-05-14,SITE014,Wheel Loader,4,5,20,Dry
2026-05-14,SITE014,Motor Grader,1,5,20,Dry
2026-05-14,SITE014,Backhoe Loader,4,5,20,Dry
2026-05-14,SITE014,Skid Steer Loader,0,5,20,Dry
2026-05-14,SITE014,Road Roller,0,5,20,Dry
2026-05-14,SITE014,Dump Truck,3,5,20,Dry
2026-05-14,SITE014,Forklift,2,5,20,Dry
2026-05-14,SITE015,Excavator,2,5,20,Dry
2026-05-14,SITE015,Bulldozer,0,5,20,Dry
2026-05-14,SITE015,Wheel Loader,1,5,20,Dry
2026-05-14,SITE015,Motor Grader,3,5,20,Dry
2026-05-14,SITE015,Backhoe Loader,1,5,20,Dry
2026-05-14,SITE015,Skid Steer Loader,0,5,20,Dry
2026-05-14,SITE015,Road Roller,1,5,20,Dry
2026-05-14,SITE015,Dump Truck,5,5,20,Dry
2026-05-14,SITE015,Forklift,1,5,20,Dry
2026-05-14,SITE016,Excavator,2,5,20,Dry
2026-05-14,SITE016,Bulldozer,1,5,20,Dry
2026-05-14,SITE016,Wheel Loader,2,5,20,Dry
2026-05-14,SITE016,Motor Grader,1,5,20,Dry
2026-05-14,SITE016,Backhoe Loader,1,5,20,Dry
2026-05-14,SITE016,Skid Steer Loader,4,5,20,Dry
2026-05-14,SITE016,Road Roller,1,5,20,Dry
2026-05-14,SITE016,Dump Truck,2,5,20,Dry
2026-05-14,SITE016,Forklift,2,5,20,Dry
2026-05-14,SITE017,Excavator,5,5,20,Dry
2026-05-14,SITE017,Bulldozer,2,5,20,Dry
2026-05-14,SITE017,Wheel Loader,0,5,20,Dry
2026-05-14,SITE017,Motor Grader,2,5,20,Dry
2026-05-14,SITE017,Backhoe Loader,0,5,20,Dry
2026-05-14,SITE017,Skid Steer Loader,3,5,20,Dry
2026-05-14,SITE017,Road Roller,0,5,20,Dry
2026-05-14,SITE017,Dump Truck,5,5,20,Dry
2026-05-14,SITE017,Forklift,3,5,20,Dry
2026-05-14,SITE018,Excavator,2,5,20,Dry
2026-05-14,SITE018,Bulldozer,2,5,20,Dry
2026-05-14,SITE018,Wheel Loader,3,5,20,Dry
2026-05-14,SITE018,Motor Grader,1,5,20,Dry
2026-05-14,SITE018,Backhoe Loader,3,5,20,Dry
2026-05-14,SITE018,Skid Steer Loader,1,5,20,Dry
2026-05-14,SITE018,Road Roller,1,5,20,Dry
2026-05-14,SITE018,Dump Truck,4,5,20,Dry
2026-05-14,SITE018,Forklift,0,5,20,Dry
2026-05-14,SITE019,Excavator,3,5,20,Dry
2026-05-14,SITE019,Bulldozer,1,5,20,Dry
2026-05-14,SITE019,Wheel Loader,1,5,20,Dry
2026-05-14,SITE019,Motor Grader,4,5,20,Dry
2026-05-14,SITE019,Backhoe Loader,2,5,20,Dry
2026-05-14,SITE019,Skid Steer Loader,4,5,20,Dry
2026-05-14,SITE019,Road Roller,2,5,20,Dry
2026-05-14,SITE019,Dump Truck,3,5,20,Dry
2026-05-14,SITE019,Forklift,3,5,20,Dry
2026-05-14,SITE020,Excavator,2,5,20,Dry
2026-05-14,SITE020,Bulldozer,1,5,20,Dry
2026-05-14,SITE020,Wheel Loader,2,5,20,Dry
2026-05-14,SITE020,Motor Grader,2,5,20,Dry
2026-05-14,SITE020,Backhoe Loader,4,5,20,Dry
2026-05-14,SITE020,Skid Steer Loader,1,5,20,Dry
2026-05-14,SITE020,Road Roller,3,5,20,Dry
2026-05-14,SITE020,Dump Truck,4,5,20,Dry
2026-05-14,SITE020,Forklift,4,5,20,Dry
2026-05-15,SITE001,Excavator,3,5,20,Dry
2026-05-15,SITE001,Bulldozer,3,5,20,Dry
2026-05-15,SITE001,Wheel Loader,1,5,20,Dry
2026-05-15,SITE001,Motor Grader,1,5,20,Dry
2026-05-15,SITE001,Backhoe Loader,2,5,20,Dry
2026-05-15,SITE001,Skid Steer Loader,3,5,20,Dry
2026-05-15,SITE001,Road Roller,2,5,20,Dry
2026-05-15,SITE001,Dump Truck,1,5,20,Dry
2026-05-15,SITE001,Forklift,1,5,20,Dry
2026-05-15,SITE002,Excavator,3,5,20,Dry
2026-05-15,SITE002,Bulldozer,2,5,20,Dry
2026-05-15,SITE002,Wheel Loader,1,5,20,Dry
2026-05-15,SITE002,Motor Grader,2,5,20,Dry
2026-05-15,SITE002,Backhoe Loader,3,5,20,Dry
2026-05-15,SITE002,Skid Steer Loader,2,5,20,Dry
2026-05-15,SITE002,Road Roller,2,5,20,Dry
2026-05-15,SITE002,Dump Truck,3,5,20,Dry
2026-05-15,SITE002,Forklift,2,5,20,Dry
2026-05-15,SITE003,Excavator,3,5,20,Dry
2026-05-15,SITE003,Bulldozer,0,5,20,Dry
2026-05-15,SITE003,Wheel Loader,4,5,20,Dry
2026-05-15,SITE003,Motor Grader,5,5,20,Dry
2026-05-15,SITE003,Backhoe Loader,1,5,20,Dry
2026-05-15,SITE003,Skid Steer Loader,1,5,20,Dry
2026-05-15,SITE003,Road Roller,4,5,20,Dry
2026-05-15,SITE003,Dump Truck,2,5,20,Dry
2026-05-15,SITE003,Forklift,4,5,20,Dry
2026-05-15,SITE004,Excavator,5,5,20,Dry
2026-05-15,SITE004,Bulldozer,1,5,20,Dry
2026-05-15,SITE004,Wheel Loader,2,5,20,Dry
2026-05-15,SITE004,Motor Grader,2,5,20,Dry
2026-05-15,SITE004,Backhoe Loader,0,5,20,Dry
2026-05-15,SITE004,Skid Steer Loader,4,5,20,Dry
2026-05-15,SITE004,Road Roller,3,5,20,Dry
2026-05-15,SITE004,Dump Truck,3,5,20,Dry
2026-05-15,SITE004,Forklift,0,5,20,Dry
2026-05-15,SITE005,Excavator,4,5,20,Dry
2026-05-15,SITE005,Bulldozer,2,5,20,Dry
2026-05-15,SITE005,Wheel Loader,1,5,20,Dry
2026-05-15,SITE005,Motor Grader,1,5,20,Dry
2026-05-15,SITE005,Backhoe Loader,3,5,20,Dry
2026-05-15,SITE005,Skid Steer Loader,2,5,20,Dry
2026-05-15,SITE005,Road Roller,1,5,20,Dry
2026-05-15,SITE005,Dump Truck,2,5,20,Dry
2026-05-15,SITE005,Forklift,1,5,20,Dry
2026-05-15,SITE006,Excavator,6,5,20,Dry
2026-05-15,SITE006,Bulldozer,2,5,20,Dry
2026-05-15,SITE006,Wheel Loader,1,5,20,Dry
2026-05-15,SITE006,Motor Grader,0,5,20,Dry
2026-05-15,SITE006,Backhoe Loader,0,5,20,Dry
2026-05-15,SITE006,Skid Steer Loader,1,5,20,Dry
2026-05-15,SITE006,Road Roller,2,5,20,Dry
2026-05-15,SITE006,Dump Truck,2,5,20,Dry
2026-05-15,SITE006,Forklift,2,5,20,Dry
2026-05-15,SITE007,Excavator,3,5,20,Dry
2026-05-15,SITE007,Bulldozer,2,5,20,Dry
2026-05-15,SITE007,Wheel Loader,0,5,20,Dry
2026-05-15,SITE007,Motor Grader,1,5,20,Dry
2026-05-15,SITE007,Backhoe Loader,3,5,20,Dry
2026-05-15,SITE007,Skid Steer Loader,0,5,20,Dry
2026-05-15,SITE007,Road Roller,0,5,20,Dry
2026-05-15,SITE007,Dump Truck,1,5,20,Dry
2026-05-15,SITE007,Forklift,1,5,20,Dry
2026-05-15,SITE008,Excavator,0,5,20,Dry
2026-05-15,SITE008,Bulldozer,2,5,20,Dry
2026-05-15,SITE008,Wheel Loader,2,5,20,Dry
2026-05-15,SITE008,Motor Grader,2,5,20,Dry
2026-05-15,SITE008,Backhoe Loader,0,5,20,Dry
2026-05-15,SITE008,Skid Steer Loader,3,5,20,Dry
2026-05-15,SITE008,Road Roller,0,5,20,Dry
2026-05-15,SITE008,Dump Truck,2,5,20,Dry
2026-05-15,SITE008,Forklift,3,5,20,Dry
2026-05-15,SITE009,Excavator,6,5,20,Dry
2026-05-15,SITE009,Bulldozer,0,5,20,Dry
2026-05-15,SITE009,Wheel Loader,2,5,20,Dry
2026-05-15,SITE009,Motor Grader,1,5,20,Dry
2026-05-15,SITE009,Backhoe Loader,4,5,20,Dry
2026-05-15,SITE009,Skid Steer Loader,3,5,20,Dry
2026-05-15,SITE009,Road Roller,3,5,20,Dry
2026-05-15,SITE009,Dump Truck,2,5,20,Dry
2026-05-15,SITE009,Forklift,1,5,20,Dry
2026-05-15,SITE010,Excavator,5,5,20,Dry
2026-05-15,SITE010,Bulldozer,0,5,20,Dry
2026-05-15,SITE010,Wheel Loader,3,5,20,Dry
2026-05-15,SITE010,Motor Grader,2,5,20,Dry
2026-05-15,SITE010,Backhoe Loader,3,5,20,Dry
2026-05-15,SITE010,Skid Steer Loader,3,5,20,Dry
2026-05-15,SITE010,Road Roller,0,5,20,Dry
2026-05-15,SITE010,Dump Truck,3,5,20,Dry
2026-05-15,SITE010,Forklift,2,5,20,Dry
2026-05-15,SITE011,Excavator,2,5,20,Dry
2026-05-15,SITE011,Bulldozer,3,5,20,Dry
2026-05-15,SITE011,Wheel Loader,1,5,20,Dry
2026-05-15,SITE011,Motor Grader,1,5,20,Dry
2026-05-15,SITE011,Backhoe Loader,2,5,20,Dry
2026-05-15,SITE011,Skid Steer Loader,1,5,20,Dry
2026-05-15,SITE011,Road Roller,0,5,20,Dry
2026-05-15,SITE011,Dump Truck,2,5,20,Dry
2026-05-15,SITE011,Forklift,4,5,20,Dry
2026-05-15,SITE012,Excavator,3,5,20,Dry
2026-05-15,SITE012,Bulldozer,1,5,20,Dry
2026-05-15,SITE012,Wheel Loader,5,5,20,Dry
2026-05-15,SITE012,Motor Grader,4,5,20,Dry
2026-05-15,SITE012,Backhoe Loader,4,5,20,Dry
2026-05-15,SITE012,Skid Steer Loader,4,5,20,Dry
2026-05-15,SITE012,Road Roller,3,5,20,Dry
2026-05-15,SITE012,Dump Truck,2,5,20,Dry
2026-05-15,SITE012,Forklift,1,5,20,Dry
2026-05-15,SITE013,Excavator,2,5,20,Dry
2026-05-15,SITE013,Bulldozer,1,5,20,Dry
2026-05-15,SITE013,Wheel Loader,1,5,20,Dry
2026-05-15,SITE013,Motor Grader,4,5,20,Dry
2026-05-15,SITE013,Backhoe Loader,0,5,20,Dry
2026-05-15,SITE013,Skid Steer Loader,1,5,20,Dry
2026-05-15,SITE013,Road Roller,3,5,20,Dry
2026-05-15,SITE013,Dump Truck,1,5,20,Dry
2026-05-15,SITE013,Forklift,2,5,20,Dry
2026-05-15,SITE014,Excavator,4,5,20,Dry
2026-05-15,SITE014,Bulldozer,3,5,20,Dry
2026-05-15,SITE014,Wheel Loader,1,5,20,Dry
2026-05-15,SITE014,Motor Grader,5,5,20,Dry
2026-05-15,SITE014,Backhoe Loader,5,5,20,Dry
2026-05-15,SITE014,Skid Steer Loader,1,5,20,Dry
2026-05-15,SITE014,Road Roller,0,5,20,Dry
2026-05-15,SITE014,Dump Truck,1,5,20,Dry
2026-05-15,SITE014,Forklift,3,5,20,Dry
2026-05-15,SITE015,Excavator,2,5,20,Dry
2026-05-15,SITE015,Bulldozer,3,5,20,Dry
2026-05-15,SITE015,Wheel Loader,2,5,20,Dry
2026-05-15,SITE015,Motor Grader,0,5,20,Dry
2026-05-15,SITE015,Backhoe Loader,0,5,20,Dry
2026-05-15,SITE015,Skid Steer Loader,1,5,20,Dry
2026-05-15,SITE015,Road Roller,2,5,20,Dry
2026-05-15,SITE015,Dump Truck,1,5,20,Dry
2026-05-15,SITE015,Forklift,0,5,20,Dry
2026-05-15,SITE016,Excavator,4,5,20,Dry
2026-05-15,SITE016,Bulldozer,2,5,20,Dry
2026-05-15,SITE016,Wheel Loader,1,5,20,Dry
2026-05-15,SITE016,Motor Grader,1,5,20,Dry
2026-05-15,SITE016,Backhoe Loader,3,5,20,Dry
2026-05-15,SITE016,Skid Steer Loader,2,5,20,Dry
2026-05-15,SITE016,Road Roller,3,5,20,Dry
2026-05-15,SITE016,Dump Truck,3,5,20,Dry
2026-05-15,SITE016,Forklift,5,5,20,Dry
2026-05-15,SITE017,Excavator,3,5,20,Dry
2026-05-15,SITE017,Bulldozer,1,5,20,Dry
2026-05-15,SITE017,Wheel Loader,1,5,20,Dry
2026-05-15,SITE017,Motor Grader,2,5,20,Dry
2026-05-15,SITE017,Backhoe Loader,3,5,20,Dry
2026-05-15,SITE017,Skid Steer Loader,4,5,20,Dry
2026-05-15,SITE017,Road Roller,0,5,20,Dry
2026-05-15,SITE017,Dump Truck,1,5,20,Dry
2026-05-15,SITE017,Forklift,2,5,20,Dry
2026-05-15,SITE018,Excavator,6,5,20,Dry
2026-05-15,SITE018,Bulldozer,1,5,20,Dry
2026-05-15,SITE018,Wheel Loader,1,5,20,Dry
2026-05-15,SITE018,Motor Grader,2,5,20,Dry
2026-05-15,SITE018,Backhoe Loader,0,5,20,Dry
2026-05-15,SITE018,Skid Steer Loader,3,5,20,Dry
2026-05-15,SITE018,Road Roller,3,5,20,Dry
2026-05-15,SITE018,Dump Truck,3,5,20,Dry
2026-05-15,SITE018,Forklift,3,5,20,Dry
2026-05-15,SITE019,Excavator,2,5,20,Dry
2026-05-15,SITE019,Bulldozer,5,5,20,Dry
2026-05-15,SITE019,Wheel Loader,3,5,20,Dry
2026-05-15,SITE019,Motor Grader,1,5,20,Dry
2026-05-15,SITE019,Backhoe Loader,4,5,20,Dry
2026-05-15,SITE019,Skid Steer Loader,2,5,20,Dry
2026-05-15,SITE019,Road Roller,2,5,20,Dry
2026-05-15,SITE019,Dump Truck,0,5,20,Dry
2026-05-15,SITE019,Forklift,1,5,20,Dry
2026-05-15,SITE020,Excavator,4,5,20,Dry
2026-05-15,SITE020,Bulldozer,3,5,20,Dry
2026-05-15,SITE020,Wheel Loader,5,5,20,Dry
2026-05-15,SITE020,Motor Grader,2,5,20,Dry
2026-05-15,SITE020,Backhoe Loader,2,5,20,Dry
2026-05-15,SITE020,Skid Steer Loader,2,5,20,Dry
2026-05-15,SITE020,Road Roller,1,5,20,Dry
2026-05-15,SITE020,Dump Truck,1,5,20,Dry
2026-05-15,SITE020,Forklift,3,5,20,Dry
2026-05-16,SITE001,Excavator,7,5,20,Dry
2026-05-16,SITE001,Bulldozer,4,5,20,Dry
2026-05-16,SITE001,Wheel Loader,2,5,20,Dry
2026-05-16,SITE001,Motor Grader,3,5,20,Dry
2026-05-16,SITE001,Backhoe Loader,2,5,20,Dry
2026-05-16,SITE001,Skid Steer Loader,3,5,20,Dry
2026-05-16,SITE001,Road Roller,2,5,20,Dry
2026-05-16,SITE001,Dump Truck,3,5,20,Dry
2026-05-16,SITE001,Forklift,0,5,20,Dry
2026-05-16,SITE002,Excavator,3,5,20,Dry
2026-05-16,SITE002,Bulldozer,1,5,20,Dry
2026-05-16,SITE002,Wheel Loader,3,5,20,Dry
2026-05-16,SITE002,Motor Grader,2,5,20,Dry
2026-05-16,SITE002,Backhoe Loader,0,5,20,Dry
2026-05-16,SITE002,Skid Steer Loader,1,5,20,Dry
2026-05-16,SITE002,Road Roller,4,5,20,Dry
2026-05-16,SITE002,Dump Truck,2,5,20,Dry
2026-05-16,SITE002,Forklift,2,5,20,Dry
2026-05-16,SITE003,Excavator,3,5,20,Dry
2026-05-16,SITE003,Bulldozer,1,5,20,Dry
2026-05-16,SITE003,Wheel Loader,1,5,20,Dry
2026-05-16,SITE003,Motor Grader,2,5,20,Dry
2026-05-16,SITE003,Backhoe Loader,1,5,20,Dry
2026-05-16,SITE003,Skid Steer Loader,3,5,20,Dry
2026-05-16,SITE003,Road Roller,3,5,20,Dry
2026-05-16,SITE003,Dump Truck,1,5,20,Dry
2026-05-16,SITE003,Forklift,2,5,20,Dry
2026-05-16,SITE004,Excavator,2,5,20,Dry
2026-05-16,SITE004,Bulldozer,1,5,20,Dry
2026-05-16,SITE004,Wheel Loader,2,5,20,Dry
2026-05-16,SITE004,Motor Grader,0,5,20,Dry
2026-05-16,SITE004,Backhoe Loader,2,5,20,Dry
2026-05-16,SITE004,Skid Steer Loader,2,5,20,Dry
2026-05-16,SITE004,Road Roller,0,5,20,Dry
2026-05-16,SITE004,Dump Truck,1,5,20,Dry
2026-05-16,SITE004,Forklift,2,5,20,Dry
2026-05-16,SITE005,Excavator,0,5,20,Dry
2026-05-16,SITE005,Bulldozer,4,5,20,Dry
2026-05-16,SITE005,Wheel Loader,4,5,20,Dry
2026-05-16,SITE005,Motor Grader,1,5,20,Dry
2026-05-16,SITE005,Backhoe Loader,2,5,20,Dry
2026-05-16,SITE005,Skid Steer Loader,3,5,20,Dry
2026-05-16,SITE005,Road Roller,4,5,20,Dry
2026-05-16,SITE005,Dump Truck,3,5,20,Dry
2026-05-16,SITE005,Forklift,1,5,20,Dry
2026-05-16,SITE006,Excavator,5,5,20,Dry
2026-05-16,SITE006,Bulldozer,1,5,20,Dry
2026-05-16,SITE006,Wheel Loader,1,5,20,Dry
2026-05-16,SITE006,Motor Grader,3,5,20,Dry
2026-05-16,SITE006,Backhoe Loader,0,5,20,Dry
2026-05-16,SITE006,Skid Steer Loader,3,5,20,Dry
2026-05-16,SITE006,Road Roller,0,5,20,Dry
2026-05-16,SITE006,Dump Truck,2,5,20,Dry
2026-05-16,SITE006,Forklift,0,5,20,Dry
2026-05-16,SITE007,Excavator,1,5,20,Dry
2026-05-16,SITE007,Bulldozer,1,5,20,Dry
2026-05-16,SITE007,Wheel Loader,1,5,20,Dry
2026-05-16,SITE007,Motor Grader,3,5,20,Dry
2026-05-16,SITE007,Backhoe Loader,1,5,20,Dry
2026-05-16,SITE007,Skid Steer Loader,0,5,20,Dry
2026-05-16,SITE007,Road Roller,3,5,20,Dry
2026-05-16,SITE007,Dump Truck,2,5,20,Dry
2026-05-16,SITE007,Forklift,1,5,20,Dry
2026-05-16,SITE008,Excavator,3,5,20,Dry
2026-05-16,SITE008,Bulldozer,1,5,20,Dry
2026-05-16,SITE008,Wheel Loader,3,5,20,Dry
2026-05-16,SITE008,Motor Grader,1,5,20,Dry
2026-05-16,SITE008,Backhoe Loader,2,5,20,Dry
2026-05-16,SITE008,Skid Steer Loader,3,5,20,Dry
2026-05-16,SITE008,Road Roller,2,5,20,Dry
2026-05-16,SITE008,Dump Truck,1,5,20,Dry
2026-05-16,SITE008,Forklift,2,5,20,Dry
2026-05-16,SITE009,Excavator,4,5,20,Dry
2026-05-16,SITE009,Bulldozer,4,5,20,Dry
2026-05-16,SITE009,Wheel Loader,1,5,20,Dry
2026-05-16,SITE009,Motor Grader,0,5,20,Dry
2026-05-16,SITE009,Backhoe Loader,1,5,20,Dry
2026-05-16,SITE009,Skid Steer Loader,4,5,20,Dry
2026-05-16,SITE009,Road Roller,2,5,20,Dry
2026-05-16,SITE009,Dump Truck,0,5,20,Dry
2026-05-16,SITE009,Forklift,1,5,20,Dry
2026-05-16,SITE010,Excavator,3,5,20,Dry
2026-05-16,SITE010,Bulldozer,1,5,20,Dry
2026-05-16,SITE010,Wheel Loader,1,5,20,Dry
2026-05-16,SITE010,Motor Grader,4,5,20,Dry
2026-05-16,SITE010,Backhoe Loader,3,5,20,Dry
2026-05-16,SITE010,Skid Steer Loader,2,5,20,Dry
2026-05-16,SITE010,Road Roller,1,5,20,Dry
2026-05-16,SITE010,Dump Truck,4,5,20,Dry
2026-05-16,SITE010,Forklift,2,5,20,Dry
2026-05-16,SITE011,Excavator,3,5,20,Dry
2026-05-16,SITE011,Bulldozer,0,5,20,Dry
2026-05-16,SITE011,Wheel Loader,4,5,20,Dry
2026-05-16,SITE011,Motor Grader,1,5,20,Dry
2026-05-16,SITE011,Backhoe Loader,3,5,20,Dry
2026-05-16,SITE011,Skid Steer Loader,2,5,20,Dry
2026-05-16,SITE011,Road Roller,1,5,20,Dry
2026-05-16,SITE011,Dump Truck,1,5,20,Dry
2026-05-16,SITE011,Forklift,0,5,20,Dry
2026-05-16,SITE012,Excavator,3,5,20,Dry
2026-05-16,SITE012,Bulldozer,1,5,20,Dry
2026-05-16,SITE012,Wheel Loader,3,5,20,Dry
2026-05-16,SITE012,Motor Grader,2,5,20,Dry
2026-05-16,SITE012,Backhoe Loader,3,5,20,Dry
2026-05-16,SITE012,Skid Steer Loader,0,5,20,Dry
2026-05-16,SITE012,Road Roller,1,5,20,Dry
2026-05-16,SITE012,Dump Truck,1,5,20,Dry
2026-05-16,SITE012,Forklift,5,5,20,Dry
2026-05-16,SITE013,Excavator,8,5,20,Dry
2026-05-16,SITE013,Bulldozer,0,5,20,Dry
2026-05-16,SITE013,Wheel Loader,3,5,20,Dry
2026-05-16,SITE013,Motor Grader,2,5,20,Dry
2026-05-16,SITE013,Backhoe Loader,2,5,20,Dry
2026-05-16,SITE013,Skid Steer Loader,2,5,20,Dry
2026-05-16,SITE013,Road Roller,0,5,20,Dry
2026-05-16,SITE013,Dump Truck,2,5,20,Dry
2026-05-16,SITE013,Forklift,1,5,20,Dry
2026-05-16,SITE014,Excavator,4,5,20,Dry
2026-05-16,SITE014,Bulldozer,2,5,20,Dry
2026-05-16,SITE014,Wheel Loader,6,5,20,Dry
2026-05-16,SITE014,Motor Grader,2,5,20,Dry
2026-05-16,SITE014,Backhoe Loader,0,5,20,Dry
2026-05-16,SITE014,Skid Steer Loader,2,5,20,Dry
2026-05-16,SITE014,Road Roller,4,5,20,Dry
2026-05-16,SITE014,Dump Truck,2,5,20,Dry
2026-05-16,SITE014,Forklift,4,5,20,Dry
2026-05-16,SITE015,Excavator,1,5,20,Dry
2026-05-16,SITE015,Bulldozer,2,5,20,Dry
2026-05-16,SITE015,Wheel Loader,2,5,20,Dry
2026-05-16,SITE015,Motor Grader,3,5,20,Dry
2026-05-16,SITE015,Backhoe Loader,3,5,20,Dry
2026-05-16,SITE015,Skid Steer Loader,4,5,20,Dry
2026-05-16,SITE015,Road Roller,1,5,20,Dry
2026-05-16,SITE015,Dump Truck,2,5,20,Dry
2026-05-16,SITE015,Forklift,1,5,20,Dry
2026-05-16,SITE016,Excavator,6,5,20,Dry
2026-05-16,SITE016,Bulldozer,2,5,20,Dry
2026-05-16,SITE016,Wheel Loader,3,5,20,Dry
2026-05-16,SITE016,Motor Grader,1,5,20,Dry
2026-05-16,SITE016,Backhoe Loader,0,5,20,Dry
2026-05-16,SITE016,Skid Steer Loader,1,5,20,Dry
2026-05-16,SITE016,Road Roller,0,5,20,Dry
2026-05-16,SITE016,Dump Truck,1,5,20,Dry
2026-05-16,SITE016,Forklift,3,5,20,Dry
2026-05-16,SITE017,Excavator,4,5,20,Dry
2026-05-16,SITE017,Bulldozer,3,5,20,Dry
2026-05-16,SITE017,Wheel Loader,3,5,20,Dry
2026-05-16,SITE017,Motor Grader,0,5,20,Dry
2026-05-16,SITE017,Backhoe Loader,2,5,20,Dry
2026-05-16,SITE017,Skid Steer Loader,1,5,20,Dry
2026-05-16,SITE017,Road Roller,2,5,20,Dry
2026-05-16,SITE017,Dump Truck,0,5,20,Dry
2026-05-16,SITE017,Forklift,3,5,20,Dry
2026-05-16,SITE018,Excavator,2,5,20,Dry
2026-05-16,SITE018,Bulldozer,4,5,20,Dry
2026-05-16,SITE018,Wheel Loader,1,5,20,Dry
2026-05-16,SITE018,Motor Grader,4,5,20,Dry
2026-05-16,SITE018,Backhoe Loader,1,5,20,Dry
2026-05-16,SITE018,Skid Steer Loader,1,5,20,Dry
2026-05-16,SITE018,Road Roller,0,5,20,Dry
2026-05-16,SITE018,Dump Truck,4,5,20,Dry
2026-05-16,SITE018,Forklift,4,5,20,Dry
2026-05-16,SITE019,Excavator,4,5,20,Dry
2026-05-16,SITE019,Bulldozer,1,5,20,Dry
2026-05-16,SITE019,Wheel Loader,3,5,20,Dry
2026-05-16,SITE019,Motor Grader,0,5,20,Dry
2026-05-16,SITE019,Backhoe Loader,4,5,20,Dry
2026-05-16,SITE019,Skid Steer Loader,0,5,20,Dry
2026-05-16,SITE019,Road Roller,4,5,20,Dry
2026-05-16,SITE019,Dump Truck,1,5,20,Dry
2026-05-16,SITE019,Forklift,1,5,20,Dry
2026-05-16,SITE020,Excavator,6,5,20,Dry
2026-05-16,SITE020,Bulldozer,2,5,20,Dry
2026-05-16,SITE020,Wheel Loader,7,5,20,Dry
2026-05-16,SITE020,Motor Grader,5,5,20,Dry
2026-05-16,SITE020,Backhoe Loader,2,5,20,Dry
2026-05-16,SITE020,Skid Steer Loader,3,5,20,Dry
2026-05-16,SITE020,Road Roller,2,5,20,Dry
2026-05-16,SITE020,Dump Truck,2,5,20,Dry
2026-05-16,SITE020,Forklift,2,5,20,Dry
2026-05-17,SITE001,Excavator,5,5,20,Dry
2026-05-17,SITE001,Bulldozer,1,5,20,Dry
2026-05-17,SITE001,Wheel Loader,0,5,20,Dry
2026-05-17,SITE001,Motor Grader,5,5,20,Dry
2026-05-17,SITE001,Backhoe Loader,5,5,20,Dry
2026-05-17,SITE001,Skid Steer Loader,1,5,20,Dry
2026-05-17,SITE001,Road Roller,2,5,20,Dry
2026-05-17,SITE001,Dump Truck,0,5,20,Dry
2026-05-17,SITE001,Forklift,1,5,20,Dry
2026-05-17,SITE002,Excavator,3,5,20,Dry
2026-05-17,SITE002,Bulldozer,2,5,20,Dry
2026-05-17,SITE002,Wheel Loader,4,5,20,Dry
2026-05-17,SITE002,Motor Grader,3,5,20,Dry
2026-05-17,SITE002,Backhoe Loader,3,5,20,Dry
2026-05-17,SITE002,Skid Steer Loader,5,5,20,Dry
2026-05-17,SITE002,Road Roller,3,5,20,Dry
2026-05-17,SITE002,Dump Truck,6,5,20,Dry
2026-05-17,SITE002,Forklift,1,5,20,Dry
2026-05-17,SITE003,Excavator,4,5,20,Dry
2026-05-17,SITE003,Bulldozer,0,5,20,Dry
2026-05-17,SITE003,Wheel Loader,2,5,20,Dry
2026-05-17,SITE003,Motor Grader,4,5,20,Dry
2026-05-17,SITE003,Backhoe Loader,2,5,20,Dry
2026-05-17,SITE003,Skid Steer Loader,3,5,20,Dry
2026-05-17,SITE003,Road Roller,0,5,20,Dry
2026-05-17,SITE003,Dump Truck,0,5,20,Dry
2026-05-17,SITE003,Forklift,2,5,20,Dry
2026-05-17,SITE004,Excavator,7,5,20,Dry
2026-05-17,SITE004,Bulldozer,1,5,20,Dry
2026-05-17,SITE004,Wheel Loader,2,5,20,Dry
2026-05-17,SITE004,Motor Grader,2,5,20,Dry
2026-05-17,SITE004,Backhoe Loader,1,5,20,Dry
2026-05-17,SITE004,Skid Steer Loader,0,5,20,Dry
2026-05-17,SITE004,Road Roller,3,5,20,Dry
2026-05-17,SITE004,Dump Truck,1,5,20,Dry
2026-05-17,SITE004,Forklift,1,5,20,Dry
2026-05-17,SITE005,Excavator,2,5,20,Dry
2026-05-17,SITE005,Bulldozer,2,5,20,Dry
2026-05-17,SITE005,Wheel Loader,2,5,20,Dry
2026-05-17,SITE005,Motor Grader,1,5,20,Dry
2026-05-17,SITE005,Backhoe Loader,0,5,20,Dry
2026-05-17,SITE005,Skid Steer Loader,3,5,20,Dry
2026-05-17,SITE005,Road Roller,4,5,20,Dry
2026-05-17,SITE005,Dump Truck,1,5,20,Dry
2026-05-17,SITE005,Forklift,5,5,20,Dry
2026-05-17,SITE006,Excavator,4,5,20,Dry
2026-05-17,SITE006,Bulldozer,3,5,20,Dry
2026-05-17,SITE006,Wheel Loader,2,5,20,Dry
2026-05-17,SITE006,Motor Grader,1,5,20,Dry
2026-05-17,SITE006,Backhoe Loader,2,5,20,Dry
2026-05-17,SITE006,Skid Steer Loader,1,5,20,Dry
2026-05-17,SITE006,Road Roller,4,5,20,Dry
2026-05-17,SITE006,Dump Truck,3,5,20,Dry
2026-05-17,SITE006,Forklift,3,5,20,Dry
2026-05-17,SITE007,Excavator,6,5,20,Dry
2026-05-17,SITE007,Bulldozer,3,5,20,Dry
2026-05-17,SITE007,Wheel Loader,4,5,20,Dry
2026-05-17,SITE007,Motor Grader,5,5,20,Dry
2026-05-17,SITE007,Backhoe Loader,2,5,20,Dry
2026-05-17,SITE007,Skid Steer Loader,0,5,20,Dry
2026-05-17,SITE007,Road Roller,2,5,20,Dry
2026-05-17,SITE007,Dump Truck,4,5,20,Dry
2026-05-17,SITE007,Forklift,1,5,20,Dry
2026-05-17,SITE008,Excavator,6,5,20,Dry
2026-05-17,SITE008,Bulldozer,0,5,20,Dry
2026-05-17,SITE008,Wheel Loader,1,5,20,Dry
2026-05-17,SITE008,Motor Grader,2,5,20,Dry
2026-05-17,SITE008,Backhoe Loader,2,5,20,Dry
2026-05-17,SITE008,Skid Steer Loader,2,5,20,Dry
2026-05-17,SITE008,Road Roller,3,5,20,Dry
2026-05-17,SITE008,Dump Truck,4,5,20,Dry
2026-05-17,SITE008,Forklift,2,5,20,Dry
2026-05-17,SITE009,Excavator,0,5,20,Dry
2026-05-17,SITE009,Bulldozer,2,5,20,Dry
2026-05-17,SITE009,Wheel Loader,2,5,20,Dry
2026-05-17,SITE009,Motor Grader,1,5,20,Dry
2026-05-17,SITE009,Backhoe Loader,1,5,20,Dry
2026-05-17,SITE009,Skid Steer Loader,1,5,20,Dry
2026-05-17,SITE009,Road Roller,1,5,20,Dry
2026-05-17,SITE009,Dump Truck,2,5,20,Dry
2026-05-17,SITE009,Forklift,1,5,20,Dry
2026-05-17,SITE010,Excavator,6,5,20,Dry
2026-05-17,SITE010,Bulldozer,3,5,20,Dry
2026-05-17,SITE010,Wheel Loader,4,5,20,Dry
2026-05-17,SITE010,Motor Grader,2,5,20,Dry
2026-05-17,SITE010,Backhoe Loader,2,5,20,Dry
2026-05-17,SITE010,Skid Steer Loader,0,5,20,Dry
2026-05-17,SITE010,Road Roller,1,5,20,Dry
2026-05-17,SITE010,Dump Truck,0,5,20,Dry
2026-05-17,SITE010,Forklift,1,5,20,Dry
2026-05-17,SITE011,Excavator,3,5,20,Dry
2026-05-17,SITE011,Bulldozer,1,5,20,Dry
2026-05-17,SITE011,Wheel Loader,2,5,20,Dry
2026-05-17,SITE011,Motor Grader,2,5,20,Dry
2026-05-17,SITE011,Backhoe Loader,3,5,20,Dry
2026-05-17,SITE011,Skid Steer Loader,1,5,20,Dry
2026-05-17,SITE011,Road Roller,6,5,20,Dry
2026-05-17,SITE011,Dump Truck,2,5,20,Dry
2026-05-17,SITE011,Forklift,4,5,20,Dry
2026-05-17,SITE012,Excavator,3,5,20,Dry
2026-05-17,SITE012,Bulldozer,3,5,20,Dry
2026-05-17,SITE012,Wheel Loader,1,5,20,Dry
2026-05-17,SITE012,Motor Grader,1,5,20,Dry
2026-05-17,SITE012,Backhoe Loader,2,5,20,Dry
2026-05-17,SITE012,Skid Steer Loader,1,5,20,Dry
2026-05-17,SITE012,Road Roller,3,5,20,Dry
2026-05-17,SITE012,Dump Truck,2,5,20,Dry
2026-05-17,SITE012,Forklift,4,5,20,Dry
2026-05-17,SITE013,Excavator,2,5,20,Dry
2026-05-17,SITE013,Bulldozer,1,5,20,Dry
2026-05-17,SITE013,Wheel Loader,1,5,20,Dry
2026-05-17,SITE013,Motor Grader,2,5,20,Dry
2026-05-17,SITE013,Backhoe Loader,3,5,20,Dry
2026-05-17,SITE013,Skid Steer Loader,3,5,20,Dry
2026-05-17,SITE013,Road Roller,0,5,20,Dry
2026-05-17,SITE013,Dump Truck,2,5,20,Dry
2026-05-17,SITE013,Forklift,2,5,20,Dry
2026-05-17,SITE014,Excavator,7,5,20,Dry
2026-05-17,SITE014,Bulldozer,1,5,20,Dry
2026-05-17,SITE014,Wheel Loader,1,5,20,Dry
2026-05-17,SITE014,Motor Grader,2,5,20,Dry
2026-05-17,SITE014,Backhoe Loader,1,5,20,Dry
2026-05-17,SITE014,Skid Steer Loader,2,5,20,Dry
2026-05-17,SITE014,Road Roller,5,5,20,Dry
2026-05-17,SITE014,Dump Truck,4,5,20,Dry
2026-05-17,SITE014,Forklift,3,5,20,Dry
2026-05-17,SITE015,Excavator,5,5,20,Dry
2026-05-17,SITE015,Bulldozer,0,5,20,Dry
2026-05-17,SITE015,Wheel Loader,0,5,20,Dry
2026-05-17,SITE015,Motor Grader,1,5,20,Dry
2026-05-17,SITE015,Backhoe Loader,2,5,20,Dry
2026-05-17,SITE015,Skid Steer Loader,1,5,20,Dry
2026-05-17,SITE015,Road Roller,1,5,20,Dry
2026-05-17,SITE015,Dump Truck,0,5,20,Dry
2026-05-17,SITE015,Forklift,3,5,20,Dry
2026-05-17,SITE016,Excavator,4,5,20,Dry
2026-05-17,SITE016,Bulldozer,1,5,20,Dry
2026-05-17,SITE016,Wheel Loader,2,5,20,Dry
2026-05-17,SITE016,Motor Grader,1,5,20,Dry
2026-05-17,SITE016,Backhoe Loader,0,5,20,Dry
2026-05-17,SITE016,Skid Steer Loader,1,5,20,Dry
2026-05-17,SITE016,Road Roller,0,5,20,Dry
2026-05-17,SITE016,Dump Truck,4,5,20,Dry
2026-05-17,SITE016,Forklift,2,5,20,Dry
2026-05-17,SITE017,Excavator,7,5,20,Dry
2026-05-17,SITE017,Bulldozer,1,5,20,Dry
2026-05-17,SITE017,Wheel Loader,2,5,20,Dry
2026-05-17,SITE017,Motor Grader,3,5,20,Dry
2026-05-17,SITE017,Backhoe Loader,1,5,20,Dry
2026-05-17,SITE017,Skid Steer Loader,1,5,20,Dry
2026-05-17,SITE017,Road Roller,2,5,20,Dry
2026-05-17,SITE017,Dump Truck,1,5,20,Dry
2026-05-17,SITE017,Forklift,1,5,20,Dry
2026-05-17,SITE018,Excavator,3,5,20,Dry
2026-05-17,SITE018,Bulldozer,3,5,20,Dry
2026-05-17,SITE018,Wheel Loader,1,5,20,Dry
2026-05-17,SITE018,Motor Grader,1,5,20,Dry
2026-05-17,SITE018,Backhoe Loader,1,5,20,Dry
2026-05-17,SITE018,Skid Steer Loader,3,5,20,Dry
2026-05-17,SITE018,Road Roller,3,5,20,Dry
2026-05-17,SITE018,Dump Truck,1,5,20,Dry
2026-05-17,SITE018,Forklift,2,5,20,Dry
2026-05-17,SITE019,Excavator,5,5,20,Dry
2026-05-17,SITE019,Bulldozer,1,5,20,Dry
2026-05-17,SITE019,Wheel Loader,2,5,20,Dry
2026-05-17,SITE019,Motor Grader,2,5,20,Dry
2026-05-17,SITE019,Backhoe Loader,0,5,20,Dry
2026-05-17,SITE019,Skid Steer Loader,3,5,20,Dry
2026-05-17,SITE019,Road Roller,1,5,20,Dry
2026-05-17,SITE019,Dump Truck,4,5,20,Dry
2026-05-17,SITE019,Forklift,3,5,20,Dry
2026-05-17,SITE020,Excavator,7,5,20,Dry
2026-05-17,SITE020,Bulldozer,1,5,20,Dry
2026-05-17,SITE020,Wheel Loader,2,5,20,Dry
2026-05-17,SITE020,Motor Grader,2,5,20,Dry
2026-05-17,SITE020,Backhoe Loader,1,5,20,Dry
2026-05-17,SITE020,Skid Steer Loader,1,5,20,Dry
2026-05-17,SITE020,Road Roller,1,5,20,Dry
2026-05-17,SITE020,Dump Truck,4,5,20,Dry
2026-05-17,SITE020,Forklift,1,5,20,Dry
2026-05-18,SITE001,Excavator,3,5,21,Dry
2026-05-18,SITE001,Bulldozer,1,5,21,Dry
2026-05-18,SITE001,Wheel Loader,4,5,21,Dry
2026-05-18,SITE001,Motor Grader,0,5,21,Dry
2026-05-18,SITE001,Backhoe Loader,2,5,21,Dry
2026-05-18,SITE001,Skid Steer Loader,0,5,21,Dry
2026-05-18,SITE001,Road Roller,3,5,21,Dry
2026-05-18,SITE001,Dump Truck,2,5,21,Dry
2026-05-18,SITE001,Forklift,2,5,21,Dry
2026-05-18,SITE002,Excavator,4,5,21,Dry
2026-05-18,SITE002,Bulldozer,2,5,21,Dry
2026-05-18,SITE002,Wheel Loader,2,5,21,Dry
2026-05-18,SITE002,Motor Grader,3,5,21,Dry
2026-05-18,SITE002,Backhoe Loader,3,5,21,Dry
2026-05-18,SITE002,Skid Steer Loader,1,5,21,Dry
2026-05-18,SITE002,Road Roller,3,5,21,Dry
2026-05-18,SITE002,Dump Truck,3,5,21,Dry
2026-05-18,SITE002,Forklift,4,5,21,Dry
2026-05-18,SITE003,Excavator,2,5,21,Dry
2026-05-18,SITE003,Bulldozer,0,5,21,Dry
2026-05-18,SITE003,Wheel Loader,1,5,21,Dry
2026-05-18,SITE003,Motor Grader,0,5,21,Dry
2026-05-18,SITE003,Backhoe Loader,2,5,21,Dry
2026-05-18,SITE003,Skid Steer Loader,5,5,21,Dry
2026-05-18,SITE003,Road Roller,0,5,21,Dry
2026-05-18,SITE003,Dump Truck,6,5,21,Dry
2026-05-18,SITE003,Forklift,0,5,21,Dry
2026-05-18,SITE004,Excavator,7,5,21,Dry
2026-05-18,SITE004,Bulldozer,3,5,21,Dry
2026-05-18,SITE004,Wheel Loader,1,5,21,Dry
2026-05-18,SITE004,Motor Grader,4,5,21,Dry
2026-05-18,SITE004,Backhoe Loader,2,5,21,Dry
2026-05-18,SITE004,Skid Steer Loader,1,5,21,Dry
2026-05-18,SITE004,Road Roller,0,5,21,Dry
2026-05-18,SITE004,Dump Truck,3,5,21,Dry
2026-05-18,SITE004,Forklift,4,5,21,Dry
2026-05-18,SITE005,Excavator,7,5,21,Dry
2026-05-18,SITE005,Bulldozer,3,5,21,Dry
2026-05-18,SITE005,Wheel Loader,2,5,21,Dry
2026-05-18,SITE005,Motor Grader,5,5,21,Dry
2026-05-18,SITE005,Backhoe Loader,1,5,21,Dry
2026-05-18,SITE005,Skid Steer Loader,2,5,21,Dry
2026-05-18,SITE005,Road Roller,2,5,21,Dry
2026-05-18,SITE005,Dump Truck,1,5,21,Dry
2026-05-18,SITE005,Forklift,0,5,21,Dry
2026-05-18,SITE006,Excavator,5,5,21,Dry
2026-05-18,SITE006,Bulldozer,1,5,21,Dry
2026-05-18,SITE006,Wheel Loader,3,5,21,Dry
2026-05-18,SITE006,Motor Grader,2,5,21,Dry
2026-05-18,SITE006,Backhoe Loader,3,5,21,Dry
2026-05-18,SITE006,Skid Steer Loader,3,5,21,Dry
2026-05-18,SITE006,Road Roller,0,5,21,Dry
2026-05-18,SITE006,Dump Truck,1,5,21,Dry
2026-05-18,SITE006,Forklift,4,5,21,Dry
2026-05-18,SITE007,Excavator,1,5,21,Dry
2026-05-18,SITE007,Bulldozer,2,5,21,Dry
2026-05-18,SITE007,Wheel Loader,3,5,21,Dry
2026-05-18,SITE007,Motor Grader,1,5,21,Dry
2026-05-18,SITE007,Backhoe Loader,1,5,21,Dry
2026-05-18,SITE007,Skid Steer Loader,4,5,21,Dry
2026-05-18,SITE007,Road Roller,5,5,21,Dry
2026-05-18,SITE007,Dump Truck,1,5,21,Dry
2026-05-18,SITE007,Forklift,1,5,21,Dry
2026-05-18,SITE008,Excavator,5,5,21,Dry
2026-05-18,SITE008,Bulldozer,0,5,21,Dry
2026-05-18,SITE008,Wheel Loader,2,5,21,Dry
2026-05-18,SITE008,Motor Grader,1,5,21,Dry
2026-05-18,SITE008,Backhoe Loader,2,5,21,Dry
2026-05-18,SITE008,Skid Steer Loader,2,5,21,Dry
2026-05-18,SITE008,Road Roller,1,5,21,Dry
2026-05-18,SITE008,Dump Truck,3,5,21,Dry
2026-05-18,SITE008,Forklift,3,5,21,Dry
2026-05-18,SITE009,Excavator,4,5,21,Dry
2026-05-18,SITE009,Bulldozer,1,5,21,Dry
2026-05-18,SITE009,Wheel Loader,2,5,21,Dry
2026-05-18,SITE009,Motor Grader,1,5,21,Dry
2026-05-18,SITE009,Backhoe Loader,4,5,21,Dry
2026-05-18,SITE009,Skid Steer Loader,4,5,21,Dry
2026-05-18,SITE009,Road Roller,1,5,21,Dry
2026-05-18,SITE009,Dump Truck,0,5,21,Dry
2026-05-18,SITE009,Forklift,2,5,21,Dry
2026-05-18,SITE010,Excavator,6,5,21,Dry
2026-05-18,SITE010,Bulldozer,1,5,21,Dry
2026-05-18,SITE010,Wheel Loader,1,5,21,Dry
2026-05-18,SITE010,Motor Grader,3,5,21,Dry
2026-05-18,SITE010,Backhoe Loader,6,5,21,Dry
2026-05-18,SITE010,Skid Steer Loader,1,5,21,Dry
2026-05-18,SITE010,Road Roller,0,5,21,Dry
2026-05-18,SITE010,Dump Truck,1,5,21,Dry
2026-05-18,SITE010,Forklift,1,5,21,Dry
2026-05-18,SITE011,Excavator,2,5,21,Dry
2026-05-18,SITE011,Bulldozer,1,5,21,Dry
2026-05-18,SITE011,Wheel Loader,4,5,21,Dry
2026-05-18,SITE011,Motor Grader,6,5,21,Dry
2026-05-18,SITE011,Backhoe Loader,1,5,21,Dry
2026-05-18,SITE011,Skid Steer Loader,1,5,21,Dry
2026-05-18,SITE011,Road Roller,1,5,21,Dry
2026-05-18,SITE011,Dump Truck,2,5,21,Dry
2026-05-18,SITE011,Forklift,0,5,21,Dry
2026-05-18,SITE012,Excavator,8,5,21,Dry
2026-05-18,SITE012,Bulldozer,2,5,21,Dry
2026-05-18,SITE012,Wheel Loader,1,5,21,Dry
2026-05-18,SITE012,Motor Grader,1,5,21,Dry
2026-05-18,SITE012,Backhoe Loader,1,5,21,Dry
2026-05-18,SITE012,Skid Steer Loader,6,5,21,Dry
2026-05-18,SITE012,Road Roller,2,5,21,Dry
2026-05-18,SITE012,Dump Truck,1,5,21,Dry
2026-05-18,SITE012,Forklift,0,5,21,Dry
2026-05-18,SITE013,Excavator,5,5,21,Dry
2026-05-18,SITE013,Bulldozer,4,5,21,Dry
2026-05-18,SITE013,Wheel Loader,1,5,21,Dry
2026-05-18,SITE013,Motor Grader,3,5,21,Dry
2026-05-18,SITE013,Backhoe Loader,2,5,21,Dry
2026-05-18,SITE013,Skid Steer Loader,2,5,21,Dry
2026-05-18,SITE013,Road Roller,3,5,21,Dry
2026-05-18,SITE013,Dump Truck,1,5,21,Dry
2026-05-18,SITE013,Forklift,1,5,21,Dry
2026-05-18,SITE014,Excavator,1,5,21,Dry
2026-05-18,SITE014,Bulldozer,2,5,21,Dry
2026-05-18,SITE014,Wheel Loader,1,5,21,Dry
2026-05-18,SITE014,Motor Grader,1,5,21,Dry
2026-05-18,SITE014,Backhoe Loader,1,5,21,Dry
2026-05-18,SITE014,Skid Steer Loader,3,5,21,Dry
2026-05-18,SITE014,Road Roller,6,5,21,Dry
2026-05-18,SITE014,Dump Truck,2,5,21,Dry
2026-05-18,SITE014,Forklift,0,5,21,Dry
2026-05-18,SITE015,Excavator,4,5,21,Dry
2026-05-18,SITE015,Bulldozer,3,5,21,Dry
2026-05-18,SITE015,Wheel Loader,4,5,21,Dry
2026-05-18,SITE015,Motor Grader,2,5,21,Dry
2026-05-18,SITE015,Backhoe Loader,0,5,21,Dry
2026-05-18,SITE015,Skid Steer Loader,2,5,21,Dry
2026-05-18,SITE015,Road Roller,3,5,21,Dry
2026-05-18,SITE015,Dump Truck,2,5,21,Dry
2026-05-18,SITE015,Forklift,1,5,21,Dry
2026-05-18,SITE016,Excavator,4,5,21,Dry
2026-05-18,SITE016,Bulldozer,1,5,21,Dry
2026-05-18,SITE016,Wheel Loader,1,5,21,Dry
2026-05-18,SITE016,Motor Grader,0,5,21,Dry
2026-05-18,SITE016,Backhoe Loader,4,5,21,Dry
2026-05-18,SITE016,Skid Steer Loader,2,5,21,Dry
2026-05-18,SITE016,Road Roller,4,5,21,Dry
2026-05-18,SITE016,Dump Truck,1,5,21,Dry
2026-05-18,SITE016,Forklift,1,5,21,Dry
2026-05-18,SITE017,Excavator,6,5,21,Dry
2026-05-18,SITE017,Bulldozer,1,5,21,Dry
2026-05-18,SITE017,Wheel Loader,1,5,21,Dry
2026-05-18,SITE017,Motor Grader,1,5,21,Dry
2026-05-18,SITE017,Backhoe Loader,1,5,21,Dry
2026-05-18,SITE017,Skid Steer Loader,0,5,21,Dry
2026-05-18,SITE017,Road Roller,3,5,21,Dry
2026-05-18,SITE017,Dump Truck,4,5,21,Dry
2026-05-18,SITE017,Forklift,1,5,21,Dry
2026-05-18,SITE018,Excavator,4,5,21,Dry
2026-05-18,SITE018,Bulldozer,3,5,21,Dry
2026-05-18,SITE018,Wheel Loader,1,5,21,Dry
2026-05-18,SITE018,Motor Grader,2,5,21,Dry
2026-05-18,SITE018,Backhoe Loader,3,5,21,Dry
2026-05-18,SITE018,Skid Steer Loader,2,5,21,Dry
2026-05-18,SITE018,Road Roller,1,5,21,Dry
2026-05-18,SITE018,Dump Truck,1,5,21,Dry
2026-05-18,SITE018,Forklift,2,5,21,Dry
2026-05-18,SITE019,Excavator,2,5,21,Dry
2026-05-18,SITE019,Bulldozer,1,5,21,Dry
2026-05-18,SITE019,Wheel Loader,2,5,21,Dry
2026-05-18,SITE019,Motor Grader,3,5,21,Dry
2026-05-18,SITE019,Backhoe Loader,5,5,21,Dry
2026-05-18,SITE019,Skid Steer Loader,2,5,21,Dry
2026-05-18,SITE019,Road Roller,2,5,21,Dry
2026-05-18,SITE019,Dump Truck,1,5,21,Dry
2026-05-18,SITE019,Forklift,4,5,21,Dry
2026-05-18,SITE020,Excavator,5,5,21,Dry
2026-05-18,SITE020,Bulldozer,0,5,21,Dry
2026-05-18,SITE020,Wheel Loader,1,5,21,Dry
2026-05-18,SITE020,Motor Grader,1,5,21,Dry
2026-05-18,SITE020,Backhoe Loader,1,5,21,Dry
2026-05-18,SITE020,Skid Steer Loader,2,5,21,Dry
2026-05-18,SITE020,Road Roller,3,5,21,Dry
2026-05-18,SITE020,Dump Truck,3,5,21,Dry
2026-05-18,SITE020,Forklift,4,5,21,Dry
2026-05-19,SITE001,Excavator,5,5,21,Dry
2026-05-19,SITE001,Bulldozer,3,5,21,Dry
2026-05-19,SITE001,Wheel Loader,1,5,21,Dry
2026-05-19,SITE001,Motor Grader,2,5,21,Dry
2026-05-19,SITE001,Backhoe Loader,0,5,21,Dry
2026-05-19,SITE001,Skid Steer Loader,1,5,21,Dry
2026-05-19,SITE001,Road Roller,1,5,21,Dry
2026-05-19,SITE001,Dump Truck,4,5,21,Dry
2026-05-19,SITE001,Forklift,1,5,21,Dry
2026-05-19,SITE002,Excavator,5,5,21,Dry
2026-05-19,SITE002,Bulldozer,1,5,21,Dry
2026-05-19,SITE002,Wheel Loader,3,5,21,Dry
2026-05-19,SITE002,Motor Grader,4,5,21,Dry
2026-05-19,SITE002,Backhoe Loader,0,5,21,Dry
2026-05-19,SITE002,Skid Steer Loader,2,5,21,Dry
2026-05-19,SITE002,Road Roller,2,5,21,Dry
2026-05-19,SITE002,Dump Truck,5,5,21,Dry
2026-05-19,SITE002,Forklift,2,5,21,Dry
2026-05-19,SITE003,Excavator,7,5,21,Dry
2026-05-19,SITE003,Bulldozer,1,5,21,Dry
2026-05-19,SITE003,Wheel Loader,4,5,21,Dry
2026-05-19,SITE003,Motor Grader,3,5,21,Dry
2026-05-19,SITE003,Backhoe Loader,6,5,21,Dry
2026-05-19,SITE003,Skid Steer Loader,0,5,21,Dry
2026-05-19,SITE003,Road Roller,3,5,21,Dry
2026-05-19,SITE003,Dump Truck,1,5,21,Dry
2026-05-19,SITE003,Forklift,1,5,21,Dry
2026-05-19,SITE004,Excavator,3,5,21,Dry
2026-05-19,SITE004,Bulldozer,2,5,21,Dry
2026-05-19,SITE004,Wheel Loader,3,5,21,Dry
2026-05-19,SITE004,Motor Grader,3,5,21,Dry
2026-05-19,SITE004,Backhoe Loader,2,5,21,Dry
2026-05-19,SITE004,Skid Steer Loader,2,5,21,Dry
2026-05-19,SITE004,Road Roller,4,5,21,Dry
2026-05-19,SITE004,Dump Truck,1,5,21,Dry
2026-05-19,SITE004,Forklift,0,5,21,Dry
2026-05-19,SITE005,Excavator,5,5,21,Dry
2026-05-19,SITE005,Bulldozer,2,5,21,Dry
2026-05-19,SITE005,Wheel Loader,4,5,21,Dry
2026-05-19,SITE005,Motor Grader,2,5,21,Dry
2026-05-19,SITE005,Backhoe Loader,7,5,21,Dry
2026-05-19,SITE005,Skid Steer Loader,1,5,21,Dry
2026-05-19,SITE005,Road Roller,4,5,21,Dry
2026-05-19,SITE005,Dump Truck,1,5,21,Dry
2026-05-19,SITE005,Forklift,2,5,21,Dry
2026-05-19,SITE006,Excavator,6,5,21,Dry
2026-05-19,SITE006,Bulldozer,1,5,21,Dry
2026-05-19,SITE006,Wheel Loader,2,5,21,Dry
2026-05-19,SITE006,Motor Grader,2,5,21,Dry
2026-05-19,SITE006,Backhoe Loader,0,5,21,Dry
2026-05-19,SITE006,Skid Steer Loader,1,5,21,Dry
2026-05-19,SITE006,Road Roller,3,5,21,Dry
2026-05-19,SITE006,Dump Truck,0,5,21,Dry
2026-05-19,SITE006,Forklift,1,5,21,Dry
2026-05-19,SITE007,Excavator,4,5,21,Dry
2026-05-19,SITE007,Bulldozer,0,5,21,Dry
2026-05-19,SITE007,Wheel Loader,0,5,21,Dry
2026-05-19,SITE007,Motor Grader,0,5,21,Dry
2026-05-19,SITE007,Backhoe Loader,3,5,21,Dry
2026-05-19,SITE007,Skid Steer Loader,3,5,21,Dry
2026-05-19,SITE007,Road Roller,0,5,21,Dry
2026-05-19,SITE007,Dump Truck,2,5,21,Dry
2026-05-19,SITE007,Forklift,3,5,21,Dry
2026-05-19,SITE008,Excavator,8,5,21,Dry
2026-05-19,SITE008,Bulldozer,0,5,21,Dry
2026-05-19,SITE008,Wheel Loader,1,5,21,Dry
2026-05-19,SITE008,Motor Grader,3,5,21,Dry
2026-05-19,SITE008,Backhoe Loader,2,5,21,Dry
2026-05-19,SITE008,Skid Steer Loader,0,5,21,Dry
2026-05-19,SITE008,Road Roller,2,5,21,Dry
2026-05-19,SITE008,Dump Truck,4,5,21,Dry
2026-05-19,SITE008,Forklift,3,5,21,Dry
2026-05-19,SITE009,Excavator,6,5,21,Dry
2026-05-19,SITE009,Bulldozer,3,5,21,Dry
2026-05-19,SITE009,Wheel Loader,1,5,21,Dry
2026-05-19,SITE009,Motor Grader,1,5,21,Dry
2026-05-19,SITE009,Backhoe Loader,5,5,21,Dry
2026-05-19,SITE009,Skid Steer Loader,2,5,21,Dry
2026-05-19,SITE009,Road Roller,4,5,21,Dry
2026-05-19,SITE009,Dump Truck,4,5,21,Dry
2026-05-19,SITE009,Forklift,2,5,21,Dry
2026-05-19,SITE010,Excavator,6,5,21,Dry
2026-05-19,SITE010,Bulldozer,4,5,21,Dry
2026-05-19,SITE010,Wheel Loader,1,5,21,Dry
2026-05-19,SITE010,Motor Grader,2,5,21,Dry
2026-05-19,SITE010,Backhoe Loader,1,5,21,Dry
2026-05-19,SITE010,Skid Steer Loader,6,5,21,Dry
2026-05-19,SITE010,Road Roller,2,5,21,Dry
2026-05-19,SITE010,Dump Truck,2,5,21,Dry
2026-05-19,SITE010,Forklift,1,5,21,Dry
2026-05-19,SITE011,Excavator,7,5,21,Dry
2026-05-19,SITE011,Bulldozer,3,5,21,Dry
2026-05-19,SITE011,Wheel Loader,1,5,21,Dry
2026-05-19,SITE011,Motor Grader,4,5,21,Dry
2026-05-19,SITE011,Backhoe Loader,4,5,21,Dry
2026-05-19,SITE011,Skid Steer Loader,0,5,21,Dry
2026-05-19,SITE011,Road Roller,8,5,21,Dry
2026-05-19,SITE011,Dump Truck,3,5,21,Dry
2026-05-19,SITE011,Forklift,2,5,21,Dry
2026-05-19,SITE012,Excavator,4,5,21,Dry
2026-05-19,SITE012,Bulldozer,2,5,21,Dry
2026-05-19,SITE012,Wheel Loader,2,5,21,Dry
2026-05-19,SITE012,Motor Grader,1,5,21,Dry
2026-05-19,SITE012,Backhoe Loader,3,5,21,Dry
2026-05-19,SITE012,Skid Steer Loader,2,5,21,Dry
2026-05-19,SITE012,Road Roller,2,5,21,Dry
2026-05-19,SITE012,Dump Truck,2,5,21,Dry
2026-05-19,SITE012,Forklift,3,5,21,Dry
2026-05-19,SITE013,Excavator,7,5,21,Dry
2026-05-19,SITE013,Bulldozer,1,5,21,Dry
2026-05-19,SITE013,Wheel Loader,2,5,21,Dry
2026-05-19,SITE013,Motor Grader,3,5,21,Dry
2026-05-19,SITE013,Backhoe Loader,0,5,21,Dry
2026-05-19,SITE013,Skid Steer Loader,3,5,21,Dry
2026-05-19,SITE013,Road Roller,1,5,21,Dry
2026-05-19,SITE013,Dump Truck,1,5,21,Dry
2026-05-19,SITE013,Forklift,0,5,21,Dry
2026-05-19,SITE014,Excavator,4,5,21,Dry
2026-05-19,SITE014,Bulldozer,2,5,21,Dry
2026-05-19,SITE014,Wheel Loader,1,5,21,Dry
2026-05-19,SITE014,Motor Grader,4,5,21,Dry
2026-05-19,SITE014,Backhoe Loader,1,5,21,Dry
2026-05-19,SITE014,Skid Steer Loader,2,5,21,Dry
2026-05-19,SITE014,Road Roller,1,5,21,Dry
2026-05-19,SITE014,Dump Truck,2,5,21,Dry
2026-05-19,SITE014,Forklift,4,5,21,Dry
2026-05-19,SITE015,Excavator,0,5,21,Dry
2026-05-19,SITE015,Bulldozer,3,5,21,Dry
2026-05-19,SITE015,Wheel Loader,1,5,21,Dry
2026-05-19,SITE015,Motor Grader,2,5,21,Dry
2026-05-19,SITE015,Backhoe Loader,1,5,21,Dry
2026-05-19,SITE015,Skid Steer Loader,2,5,21,Dry
2026-05-19,SITE015,Road Roller,3,5,21,Dry
2026-05-19,SITE015,Dump Truck,3,5,21,Dry
2026-05-19,SITE015,Forklift,1,5,21,Dry
2026-05-19,SITE016,Excavator,1,5,21,Dry
2026-05-19,SITE016,Bulldozer,3,5,21,Dry
2026-05-19,SITE016,Wheel Loader,5,5,21,Dry
2026-05-19,SITE016,Motor Grader,1,5,21,Dry
2026-05-19,SITE016,Backhoe Loader,3,5,21,Dry
2026-05-19,SITE016,Skid Steer Loader,1,5,21,Dry
2026-05-19,SITE016,Road Roller,1,5,21,Dry
2026-05-19,SITE016,Dump Truck,2,5,21,Dry
2026-05-19,SITE016,Forklift,0,5,21,Dry
2026-05-19,SITE017,Excavator,4,5,21,Dry
2026-05-19,SITE017,Bulldozer,0,5,21,Dry
2026-05-19,SITE017,Wheel Loader,1,5,21,Dry
2026-05-19,SITE017,Motor Grader,4,5,21,Dry
2026-05-19,SITE017,Backhoe Loader,5,5,21,Dry
2026-05-19,SITE017,Skid Steer Loader,2,5,21,Dry
2026-05-19,SITE017,Road Roller,1,5,21,Dry
2026-05-19,SITE017,Dump Truck,2,5,21,Dry
2026-05-19,SITE017,Forklift,3,5,21,Dry
2026-05-19,SITE018,Excavator,2,5,21,Dry
2026-05-19,SITE018,Bulldozer,5,5,21,Dry
2026-05-19,SITE018,Wheel Loader,3,5,21,Dry
2026-05-19,SITE018,Motor Grader,0,5,21,Dry
2026-05-19,SITE018,Backhoe Loader,4,5,21,Dry
2026-05-19,SITE018,Skid Steer Loader,2,5,21,Dry
2026-05-19,SITE018,Road Roller,2,5,21,Dry
2026-05-19,SITE018,Dump Truck,1,5,21,Dry
2026-05-19,SITE018,Forklift,4,5,21,Dry
2026-05-19,SITE019,Excavator,3,5,21,Dry
2026-05-19,SITE019,Bulldozer,3,5,21,Dry
2026-05-19,SITE019,Wheel Loader,2,5,21,Dry
2026-05-19,SITE019,Motor Grader,2,5,21,Dry
2026-05-19,SITE019,Backhoe Loader,1,5,21,Dry
2026-05-19,SITE019,Skid Steer Loader,2,5,21,Dry
2026-05-19,SITE019,Road Roller,2,5,21,Dry
2026-05-19,SITE019,Dump Truck,1,5,21,Dry
2026-05-19,SITE019,Forklift,2,5,21,Dry
2026-05-19,SITE020,Excavator,4,5,21,Dry
2026-05-19,SITE020,Bulldozer,1,5,21,Dry
2026-05-19,SITE020,Wheel Loader,1,5,21,Dry
2026-05-19,SITE020,Motor Grader,2,5,21,Dry
2026-05-19,SITE020,Backhoe Loader,3,5,21,Dry
2026-05-19,SITE020,Skid Steer Loader,3,5,21,Dry
2026-05-19,SITE020,Road Roller,0,5,21,Dry
2026-05-19,SITE020,Dump Truck,1,5,21,Dry
2026-05-19,SITE020,Forklift,2,5,21,Dry
2026-05-20,SITE001,Excavator,3,5,21,Dry
2026-05-20,SITE001,Bulldozer,3,5,21,Dry
2026-05-20,SITE001,Wheel Loader,2,5,21,Dry
2026-05-20,SITE001,Motor Grader,4,5,21,Dry
2026-05-20,SITE001,Backhoe Loader,2,5,21,Dry
2026-05-20,SITE001,Skid Steer Loader,2,5,21,Dry
2026-05-20,SITE001,Road Roller,0,5,21,Dry
2026-05-20,SITE001,Dump Truck,0,5,21,Dry
2026-05-20,SITE001,Forklift,2,5,21,Dry
2026-05-20,SITE002,Excavator,3,5,21,Dry
2026-05-20,SITE002,Bulldozer,3,5,21,Dry
2026-05-20,SITE002,Wheel Loader,2,5,21,Dry
2026-05-20,SITE002,Motor Grader,4,5,21,Dry
2026-05-20,SITE002,Backhoe Loader,3,5,21,Dry
2026-05-20,SITE002,Skid Steer Loader,2,5,21,Dry
2026-05-20,SITE002,Road Roller,1,5,21,Dry
2026-05-20,SITE002,Dump Truck,1,5,21,Dry
2026-05-20,SITE002,Forklift,2,5,21,Dry
2026-05-20,SITE003,Excavator,8,5,21,Dry
2026-05-20,SITE003,Bulldozer,2,5,21,Dry
2026-05-20,SITE003,Wheel Loader,1,5,21,Dry
2026-05-20,SITE003,Motor Grader,0,5,21,Dry
2026-05-20,SITE003,Backhoe Loader,5,5,21,Dry
2026-05-20,SITE003,Skid Steer Loader,4,5,21,Dry
2026-05-20,SITE003,Road Roller,2,5,21,Dry
2026-05-20,SITE003,Dump Truck,2,5,21,Dry
2026-05-20,SITE003,Forklift,4,5,21,Dry
2026-05-20,SITE004,Excavator,8,5,21,Dry
2026-05-20,SITE004,Bulldozer,2,5,21,Dry
2026-05-20,SITE004,Wheel Loader,3,5,21,Dry
2026-05-20,SITE004,Motor Grader,1,5,21,Dry
2026-05-20,SITE004,Backhoe Loader,1,5,21,Dry
2026-05-20,SITE004,Skid Steer Loader,1,5,21,Dry
2026-05-20,SITE004,Road Roller,5,5,21,Dry
2026-05-20,SITE004,Dump Truck,6,5,21,Dry
2026-05-20,SITE004,Forklift,1,5,21,Dry
2026-05-20,SITE005,Excavator,3,5,21,Dry
2026-05-20,SITE005,Bulldozer,0,5,21,Dry
2026-05-20,SITE005,Wheel Loader,4,5,21,Dry
2026-05-20,SITE005,Motor Grader,2,5,21,Dry
2026-05-20,SITE005,Backhoe Loader,1,5,21,Dry
2026-05-20,SITE005,Skid Steer Loader,2,5,21,Dry
2026-05-20,SITE005,Road Roller,0,5,21,Dry
2026-05-20,SITE005,Dump Truck,0,5,21,Dry
2026-05-20,SITE005,Forklift,2,5,21,Dry
2026-05-20,SITE006,Excavator,3,5,21,Dry
2026-05-20,SITE006,Bulldozer,2,5,21,Dry
2026-05-20,SITE006,Wheel Loader,1,5,21,Dry
2026-05-20,SITE006,Motor Grader,3,5,21,Dry
2026-05-20,SITE006,Backhoe Loader,4,5,21,Dry
2026-05-20,SITE006,Skid Steer Loader,4,5,21,Dry
2026-05-20,SITE006,Road Roller,2,5,21,Dry
2026-05-20,SITE006,Dump Truck,4,5,21,Dry
2026-05-20,SITE006,Forklift,4,5,21,Dry
2026-05-20,SITE007,Excavator,5,5,21,Dry
2026-05-20,SITE007,Bulldozer,0,5,21,Dry
2026-05-20,SITE007,Wheel Loader,4,5,21,Dry
2026-05-20,SITE007,Motor Grader,3,5,21,Dry
2026-05-20,SITE007,Backhoe Loader,2,5,21,Dry
2026-05-20,SITE007,Skid Steer Loader,3,5,21,Dry
2026-05-20,SITE007,Road Roller,3,5,21,Dry
2026-05-20,SITE007,Dump Truck,2,5,21,Dry
2026-05-20,SITE007,Forklift,6,5,21,Dry
2026-05-20,SITE008,Excavator,1,5,21,Dry
2026-05-20,SITE008,Bulldozer,2,5,21,Dry
2026-05-20,SITE008,Wheel Loader,2,5,21,Dry
2026-05-20,SITE008,Motor Grader,2,5,21,Dry
2026-05-20,SITE008,Backhoe Loader,3,5,21,Dry
2026-05-20,SITE008,Skid Steer Loader,2,5,21,Dry
2026-05-20,SITE008,Road Roller,3,5,21,Dry
2026-05-20,SITE008,Dump Truck,1,5,21,Dry
2026-05-20,SITE008,Forklift,1,5,21,Dry
2026-05-20,SITE009,Excavator,6,5,21,Dry
2026-05-20,SITE009,Bulldozer,3,5,21,Dry
2026-05-20,SITE009,Wheel Loader,6,5,21,Dry
2026-05-20,SITE009,Motor Grader,2,5,21,Dry
2026-05-20,SITE009,Backhoe Loader,1,5,21,Dry
2026-05-20,SITE009,Skid Steer Loader,1,5,21,Dry
2026-05-20,SITE009,Road Roller,0,5,21,Dry
2026-05-20,SITE009,Dump Truck,2,5,21,Dry
2026-05-20,SITE009,Forklift,2,5,21,Dry
2026-05-20,SITE010,Excavator,7,5,21,Dry
2026-05-20,SITE010,Bulldozer,1,5,21,Dry
2026-05-20,SITE010,Wheel Loader,2,5,21,Dry
2026-05-20,SITE010,Motor Grader,2,5,21,Dry
2026-05-20,SITE010,Backhoe Loader,2,5,21,Dry
2026-05-20,SITE010,Skid Steer Loader,0,5,21,Dry
2026-05-20,SITE010,Road Roller,3,5,21,Dry
2026-05-20,SITE010,Dump Truck,3,5,21,Dry
2026-05-20,SITE010,Forklift,3,5,21,Dry
2026-05-20,SITE011,Excavator,5,5,21,Dry
2026-05-20,SITE011,Bulldozer,1,5,21,Dry
2026-05-20,SITE011,Wheel Loader,2,5,21,Dry
2026-05-20,SITE011,Motor Grader,2,5,21,Dry
2026-05-20,SITE011,Backhoe Loader,1,5,21,Dry
2026-05-20,SITE011,Skid Steer Loader,5,5,21,Dry
2026-05-20,SITE011,Road Roller,1,5,21,Dry
2026-05-20,SITE011,Dump Truck,2,5,21,Dry
2026-05-20,SITE011,Forklift,1,5,21,Dry
2026-05-20,SITE012,Excavator,7,5,21,Dry
2026-05-20,SITE012,Bulldozer,1,5,21,Dry
2026-05-20,SITE012,Wheel Loader,1,5,21,Dry
2026-05-20,SITE012,Motor Grader,1,5,21,Dry
2026-05-20,SITE012,Backhoe Loader,3,5,21,Dry
2026-05-20,SITE012,Skid Steer Loader,1,5,21,Dry
2026-05-20,SITE012,Road Roller,1,5,21,Dry
2026-05-20,SITE012,Dump Truck,3,5,21,Dry
2026-05-20,SITE012,Forklift,3,5,21,Dry
2026-05-20,SITE013,Excavator,2,5,21,Dry
2026-05-20,SITE013,Bulldozer,0,5,21,Dry
2026-05-20,SITE013,Wheel Loader,1,5,21,Dry
2026-05-20,SITE013,Motor Grader,2,5,21,Dry
2026-05-20,SITE013,Backhoe Loader,1,5,21,Dry
2026-05-20,SITE013,Skid Steer Loader,0,5,21,Dry
2026-05-20,SITE013,Road Roller,0,5,21,Dry
2026-05-20,SITE013,Dump Truck,0,5,21,Dry
2026-05-20,SITE013,Forklift,2,5,21,Dry
2026-05-20,SITE014,Excavator,1,5,21,Dry
2026-05-20,SITE014,Bulldozer,5,5,21,Dry
2026-05-20,SITE014,Wheel Loader,3,5,21,Dry
2026-05-20,SITE014,Motor Grader,1,5,21,Dry
2026-05-20,SITE014,Backhoe Loader,0,5,21,Dry
2026-05-20,SITE014,Skid Steer Loader,2,5,21,Dry
2026-05-20,SITE014,Road Roller,0,5,21,Dry
2026-05-20,SITE014,Dump Truck,1,5,21,Dry
2026-05-20,SITE014,Forklift,1,5,21,Dry
2026-05-20,SITE015,Excavator,5,5,21,Dry
2026-05-20,SITE015,Bulldozer,3,5,21,Dry
2026-05-20,SITE015,Wheel Loader,2,5,21,Dry
2026-05-20,SITE015,Motor Grader,2,5,21,Dry
2026-05-20,SITE015,Backhoe Loader,2,5,21,Dry
2026-05-20,SITE015,Skid Steer Loader,0,5,21,Dry
2026-05-20,SITE015,Road Roller,2,5,21,Dry
2026-05-20,SITE015,Dump Truck,0,5,21,Dry
2026-05-20,SITE015,Forklift,0,5,21,Dry
2026-05-20,SITE016,Excavator,7,5,21,Dry
2026-05-20,SITE016,Bulldozer,3,5,21,Dry
2026-05-20,SITE016,Wheel Loader,4,5,21,Dry
2026-05-20,SITE016,Motor Grader,4,5,21,Dry
2026-05-20,SITE016,Backhoe Loader,1,5,21,Dry
2026-05-20,SITE016,Skid Steer Loader,3,5,21,Dry
2026-05-20,SITE016,Road Roller,1,5,21,Dry
2026-05-20,SITE016,Dump Truck,3,5,21,Dry
2026-05-20,SITE016,Forklift,1,5,21,Dry
2026-05-20,SITE017,Excavator,6,5,21,Dry
2026-05-20,SITE017,Bulldozer,1,5,21,Dry
2026-05-20,SITE017,Wheel Loader,4,5,21,Dry
2026-05-20,SITE017,Motor Grader,2,5,21,Dry
2026-05-20,SITE017,Backhoe Loader,0,5,21,Dry
2026-05-20,SITE017,Skid Steer Loader,1,5,21,Dry
2026-05-20,SITE017,Road Roller,0,5,21,Dry
2026-05-20,SITE017,Dump Truck,1,5,21,Dry
2026-05-20,SITE017,Forklift,4,5,21,Dry
2026-05-20,SITE018,Excavator,5,5,21,Dry
2026-05-20,SITE018,Bulldozer,1,5,21,Dry
2026-05-20,SITE018,Wheel Loader,1,5,21,Dry
2026-05-20,SITE018,Motor Grader,4,5,21,Dry
2026-05-20,SITE018,Backhoe Loader,4,5,21,Dry
2026-05-20,SITE018,Skid Steer Loader,1,5,21,Dry
2026-05-20,SITE018,Road Roller,4,5,21,Dry
2026-05-20,SITE018,Dump Truck,0,5,21,Dry
2026-05-20,SITE018,Forklift,2,5,21,Dry
2026-05-20,SITE019,Excavator,1,5,21,Dry
2026-05-20,SITE019,Bulldozer,1,5,21,Dry
2026-05-20,SITE019,Wheel Loader,1,5,21,Dry
2026-05-20,SITE019,Motor Grader,3,5,21,Dry
2026-05-20,SITE019,Backhoe Loader,3,5,21,Dry
2026-05-20,SITE019,Skid Steer Loader,0,5,21,Dry
2026-05-20,SITE019,Road Roller,2,5,21,Dry
2026-05-20,SITE019,Dump Truck,0,5,21,Dry
2026-05-20,SITE019,Forklift,2,5,21,Dry
2026-05-20,SITE020,Excavator,4,5,21,Dry
2026-05-20,SITE020,Bulldozer,3,5,21,Dry
2026-05-20,SITE020,Wheel Loader,1,5,21,Dry
2026-05-20,SITE020,Motor Grader,2,5,21,Dry
2026-05-20,SITE020,Backhoe Loader,3,5,21,Dry
2026-05-20,SITE020,Skid Steer Loader,3,5,21,Dry
2026-05-20,SITE020,Road Roller,0,5,21,Dry
2026-05-20,SITE020,Dump Truck,1,5,21,Dry
2026-05-20,SITE020,Forklift,4,5,21,Dry
2026-05-21,SITE001,Excavator,5,5,21,Dry
2026-05-21,SITE001,Bulldozer,0,5,21,Dry
2026-05-21,SITE001,Wheel Loader,4,5,21,Dry
2026-05-21,SITE001,Motor Grader,1,5,21,Dry
2026-05-21,SITE001,Backhoe Loader,3,5,21,Dry
2026-05-21,SITE001,Skid Steer Loader,1,5,21,Dry
2026-05-21,SITE001,Road Roller,2,5,21,Dry
2026-05-21,SITE001,Dump Truck,4,5,21,Dry
2026-05-21,SITE001,Forklift,1,5,21,Dry
2026-05-21,SITE002,Excavator,7,5,21,Dry
2026-05-21,SITE002,Bulldozer,3,5,21,Dry
2026-05-21,SITE002,Wheel Loader,4,5,21,Dry
2026-05-21,SITE002,Motor Grader,5,5,21,Dry
2026-05-21,SITE002,Backhoe Loader,1,5,21,Dry
2026-05-21,SITE002,Skid Steer Loader,2,5,21,Dry
2026-05-21,SITE002,Road Roller,3,5,21,Dry
2026-05-21,SITE002,Dump Truck,0,5,21,Dry
2026-05-21,SITE002,Forklift,1,5,21,Dry
2026-05-21,SITE003,Excavator,3,5,21,Dry
2026-05-21,SITE003,Bulldozer,2,5,21,Dry
2026-05-21,SITE003,Wheel Loader,4,5,21,Dry
2026-05-21,SITE003,Motor Grader,3,5,21,Dry
2026-05-21,SITE003,Backhoe Loader,2,5,21,Dry
2026-05-21,SITE003,Skid Steer Loader,4,5,21,Dry
2026-05-21,SITE003,Road Roller,3,5,21,Dry
2026-05-21,SITE003,Dump Truck,0,5,21,Dry
2026-05-21,SITE003,Forklift,2,5,21,Dry
2026-05-21,SITE004,Excavator,6,5,21,Dry
2026-05-21,SITE004,Bulldozer,0,5,21,Dry
2026-05-21,SITE004,Wheel Loader,2,5,21,Dry
2026-05-21,SITE004,Motor Grader,2,5,21,Dry
2026-05-21,SITE004,Backhoe Loader,2,5,21,Dry
2026-05-21,SITE004,Skid Steer Loader,1,5,21,Dry
2026-05-21,SITE004,Road Roller,2,5,21,Dry
2026-05-21,SITE004,Dump Truck,0,5,21,Dry
2026-05-21,SITE004,Forklift,0,5,21,Dry
2026-05-21,SITE005,Excavator,3,5,21,Dry
2026-05-21,SITE005,Bulldozer,5,5,21,Dry
2026-05-21,SITE005,Wheel Loader,3,5,21,Dry
2026-05-21,SITE005,Motor Grader,4,5,21,Dry
2026-05-21,SITE005,Backhoe Loader,1,5,21,Dry
2026-05-21,SITE005,Skid Steer Loader,2,5,21,Dry
2026-05-21,SITE005,Road Roller,3,5,21,Dry
2026-05-21,SITE005,Dump Truck,2,5,21,Dry
2026-05-21,SITE005,Forklift,3,5,21,Dry
2026-05-21,SITE006,Excavator,9,5,21,Dry
2026-05-21,SITE006,Bulldozer,1,5,21,Dry
2026-05-21,SITE006,Wheel Loader,2,5,21,Dry
2026-05-21,SITE006,Motor Grader,1,5,21,Dry
2026-05-21,SITE006,Backhoe Loader,2,5,21,Dry
2026-05-21,SITE006,Skid Steer Loader,1,5,21,Dry
2026-05-21,SITE006,Road Roller,2,5,21,Dry
2026-05-21,SITE006,Dump Truck,1,5,21,Dry
2026-05-21,SITE006,Forklift,3,5,21,Dry
2026-05-21,SITE007,Excavator,5,5,21,Dry
2026-05-21,SITE007,Bulldozer,2,5,21,Dry
2026-05-21,SITE007,Wheel Loader,0,5,21,Dry
2026-05-21,SITE007,Motor Grader,1,5,21,Dry
2026-05-21,SITE007,Backhoe Loader,1,5,21,Dry
2026-05-21,SITE007,Skid Steer Loader,4,5,21,Dry
2026-05-21,SITE007,Road Roller,1,5,21,Dry
2026-05-21,SITE007,Dump Truck,2,5,21,Dry
2026-05-21,SITE007,Forklift,1,5,21,Dry
2026-05-21,SITE008,Excavator,3,5,21,Dry
2026-05-21,SITE008,Bulldozer,4,5,21,Dry
2026-05-21,SITE008,Wheel Loader,2,5,21,Dry
2026-05-21,SITE008,Motor Grader,0,5,21,Dry
2026-05-21,SITE008,Backhoe Loader,2,5,21,Dry
2026-05-21,SITE008,Skid Steer Loader,3,5,21,Dry
2026-05-21,SITE008,Road Roller,2,5,21,Dry
2026-05-21,SITE008,Dump Truck,2,5,21,Dry
2026-05-21,SITE008,Forklift,2,5,21,Dry
2026-05-21,SITE009,Excavator,0,5,21,Dry
2026-05-21,SITE009,Bulldozer,0,5,21,Dry
2026-05-21,SITE009,Wheel Loader,1,5,21,Dry
2026-05-21,SITE009,Motor Grader,3,5,21,Dry
2026-05-21,SITE009,Backhoe Loader,4,5,21,Dry
2026-05-21,SITE009,Skid Steer Loader,2,5,21,Dry
2026-05-21,SITE009,Road Roller,2,5,21,Dry
2026-05-21,SITE009,Dump Truck,2,5,21,Dry
2026-05-21,SITE009,Forklift,0,5,21,Dry
2026-05-21,SITE010,Excavator,1,5,21,Dry
2026-05-21,SITE010,Bulldozer,0,5,21,Dry
2026-05-21,SITE010,Wheel Loader,1,5,21,Dry
2026-05-21,SITE010,Motor Grader,2,5,21,Dry
2026-05-21,SITE010,Backhoe Loader,3,5,21,Dry
2026-05-21,SITE010,Skid Steer Loader,6,5,21,Dry
2026-05-21,SITE010,Road Roller,3,5,21,Dry
2026-05-21,SITE010,Dump Truck,2,5,21,Dry
2026-05-21,SITE010,Forklift,2,5,21,Dry
2026-05-21,SITE011,Excavator,2,5,21,Dry
2026-05-21,SITE011,Bulldozer,2,5,21,Dry
2026-05-21,SITE011,Wheel Loader,1,5,21,Dry
2026-05-21,SITE011,Motor Grader,1,5,21,Dry
2026-05-21,SITE011,Backhoe Loader,0,5,21,Dry
2026-05-21,SITE011,Skid Steer Loader,0,5,21,Dry
2026-05-21,SITE011,Road Roller,3,5,21,Dry
2026-05-21,SITE011,Dump Truck,1,5,21,Dry
2026-05-21,SITE011,Forklift,1,5,21,Dry
2026-05-21,SITE012,Excavator,7,5,21,Dry
2026-05-21,SITE012,Bulldozer,2,5,21,Dry
2026-05-21,SITE012,Wheel Loader,0,5,21,Dry
2026-05-21,SITE012,Motor Grader,5,5,21,Dry
2026-05-21,SITE012,Backhoe Loader,2,5,21,Dry
2026-05-21,SITE012,Skid Steer Loader,1,5,21,Dry
2026-05-21,SITE012,Road Roller,4,5,21,Dry
2026-05-21,SITE012,Dump Truck,4,5,21,Dry
2026-05-21,SITE012,Forklift,4,5,21,Dry
2026-05-21,SITE013,Excavator,5,5,21,Dry
2026-05-21,SITE013,Bulldozer,3,5,21,Dry
2026-05-21,SITE013,Wheel Loader,0,5,21,Dry
2026-05-21,SITE013,Motor Grader,0,5,21,Dry
2026-05-21,SITE013,Backhoe Loader,4,5,21,Dry
2026-05-21,SITE013,Skid Steer Loader,5,5,21,Dry
2026-05-21,SITE013,Road Roller,2,5,21,Dry
2026-05-21,SITE013,Dump Truck,1,5,21,Dry
2026-05-21,SITE013,Forklift,1,5,21,Dry
2026-05-21,SITE014,Excavator,3,5,21,Dry
2026-05-21,SITE014,Bulldozer,1,5,21,Dry
2026-05-21,SITE014,Wheel Loader,0,5,21,Dry
2026-05-21,SITE014,Motor Grader,2,5,21,Dry
2026-05-21,SITE014,Backhoe Loader,0,5,21,Dry
2026-05-21,SITE014,Skid Steer Loader,2,5,21,Dry
2026-05-21,SITE014,Road Roller,0,5,21,Dry
2026-05-21,SITE014,Dump Truck,5,5,21,Dry
2026-05-21,SITE014,Forklift,2,5,21,Dry
2026-05-21,SITE015,Excavator,9,5,21,Dry
2026-05-21,SITE015,Bulldozer,2,5,21,Dry
2026-05-21,SITE015,Wheel Loader,3,5,21,Dry
2026-05-21,SITE015,Motor Grader,0,5,21,Dry
2026-05-21,SITE015,Backhoe Loader,1,5,21,Dry
2026-05-21,SITE015,Skid Steer Loader,2,5,21,Dry
2026-05-21,SITE015,Road Roller,1,5,21,Dry
2026-05-21,SITE015,Dump Truck,2,5,21,Dry
2026-05-21,SITE015,Forklift,0,5,21,Dry
2026-05-21,SITE016,Excavator,2,5,21,Dry
2026-05-21,SITE016,Bulldozer,4,5,21,Dry
2026-05-21,SITE016,Wheel Loader,2,5,21,Dry
2026-05-21,SITE016,Motor Grader,1,5,21,Dry
2026-05-21,SITE016,Backhoe Loader,0,5,21,Dry
2026-05-21,SITE016,Skid Steer Loader,8,5,21,Dry
2026-05-21,SITE016,Road Roller,1,5,21,Dry
2026-05-21,SITE016,Dump Truck,3,5,21,Dry
2026-05-21,SITE016,Forklift,2,5,21,Dry
2026-05-21,SITE017,Excavator,3,5,21,Dry
2026-05-21,SITE017,Bulldozer,4,5,21,Dry
2026-05-21,SITE017,Wheel Loader,1,5,21,Dry
2026-05-21,SITE017,Motor Grader,1,5,21,Dry
2026-05-21,SITE017,Backhoe Loader,2,5,21,Dry
2026-05-21,SITE017,Skid Steer Loader,2,5,21,Dry
2026-05-21,SITE017,Road Roller,0,5,21,Dry
2026-05-21,SITE017,Dump Truck,2,5,21,Dry
2026-05-21,SITE017,Forklift,1,5,21,Dry
2026-05-21,SITE018,Excavator,5,5,21,Dry
2026-05-21,SITE018,Bulldozer,2,5,21,Dry
2026-05-21,SITE018,Wheel Loader,6,5,21,Dry
2026-05-21,SITE018,Motor Grader,3,5,21,Dry
2026-05-21,SITE018,Backhoe Loader,0,5,21,Dry
2026-05-21,SITE018,Skid Steer Loader,2,5,21,Dry
2026-05-21,SITE018,Road Roller,4,5,21,Dry
2026-05-21,SITE018,Dump Truck,0,5,21,Dry
2026-05-21,SITE018,Forklift,3,5,21,Dry
2026-05-21,SITE019,Excavator,6,5,21,Dry
2026-05-21,SITE019,Bulldozer,2,5,21,Dry
2026-05-21,SITE019,Wheel Loader,3,5,21,Dry
2026-05-21,SITE019,Motor Grader,1,5,21,Dry
2026-05-21,SITE019,Backhoe Loader,3,5,21,Dry
2026-05-21,SITE019,Skid Steer Loader,1,5,21,Dry
2026-05-21,SITE019,Road Roller,5,5,21,Dry
2026-05-21,SITE019,Dump Truck,0,5,21,Dry
2026-05-21,SITE019,Forklift,6,5,21,Dry
2026-05-21,SITE020,Excavator,5,5,21,Dry
2026-05-21,SITE020,Bulldozer,2,5,21,Dry
2026-05-21,SITE020,Wheel Loader,2,5,21,Dry
2026-05-21,SITE020,Motor Grader,0,5,21,Dry
2026-05-21,SITE020,Backhoe Loader,3,5,21,Dry
2026-05-21,SITE020,Skid Steer Loader,1,5,21,Dry
2026-05-21,SITE020,Road Roller,2,5,21,Dry
2026-05-21,SITE020,Dump Truck,2,5,21,Dry
2026-05-21,SITE020,Forklift,1,5,21,Dry
2026-05-22,SITE001,Excavator,3,5,21,Dry
2026-05-22,SITE001,Bulldozer,4,5,21,Dry
2026-05-22,SITE001,Wheel Loader,5,5,21,Dry
2026-05-22,SITE001,Motor Grader,1,5,21,Dry
2026-05-22,SITE001,Backhoe Loader,0,5,21,Dry
2026-05-22,SITE001,Skid Steer Loader,4,5,21,Dry
2026-05-22,SITE001,Road Roller,4,5,21,Dry
2026-05-22,SITE001,Dump Truck,3,5,21,Dry
2026-05-22,SITE001,Forklift,4,5,21,Dry
2026-05-22,SITE002,Excavator,3,5,21,Dry
2026-05-22,SITE002,Bulldozer,0,5,21,Dry
2026-05-22,SITE002,Wheel Loader,3,5,21,Dry
2026-05-22,SITE002,Motor Grader,4,5,21,Dry
2026-05-22,SITE002,Backhoe Loader,2,5,21,Dry
2026-05-22,SITE002,Skid Steer Loader,0,5,21,Dry
2026-05-22,SITE002,Road Roller,0,5,21,Dry
2026-05-22,SITE002,Dump Truck,1,5,21,Dry
2026-05-22,SITE002,Forklift,1,5,21,Dry
2026-05-22,SITE003,Excavator,3,5,21,Dry
2026-05-22,SITE003,Bulldozer,0,5,21,Dry
2026-05-22,SITE003,Wheel Loader,1,5,21,Dry
2026-05-22,SITE003,Motor Grader,2,5,21,Dry
2026-05-22,SITE003,Backhoe Loader,1,5,21,Dry
2026-05-22,SITE003,Skid Steer Loader,4,5,21,Dry
2026-05-22,SITE003,Road Roller,2,5,21,Dry
2026-05-22,SITE003,Dump Truck,3,5,21,Dry
2026-05-22,SITE003,Forklift,2,5,21,Dry
2026-05-22,SITE004,Excavator,4,5,21,Dry
2026-05-22,SITE004,Bulldozer,4,5,21,Dry
2026-05-22,SITE004,Wheel Loader,2,5,21,Dry
2026-05-22,SITE004,Motor Grader,2,5,21,Dry
2026-05-22,SITE004,Backhoe Loader,1,5,21,Dry
2026-05-22,SITE004,Skid Steer Loader,2,5,21,Dry
2026-05-22,SITE004,Road Roller,1,5,21,Dry
2026-05-22,SITE004,Dump Truck,1,5,21,Dry
2026-05-22,SITE004,Forklift,0,5,21,Dry
2026-05-22,SITE005,Excavator,5,5,21,Dry
2026-05-22,SITE005,Bulldozer,4,5,21,Dry
2026-05-22,SITE005,Wheel Loader,1,5,21,Dry
2026-05-22,SITE005,Motor Grader,1,5,21,Dry
2026-05-22,SITE005,Backhoe Loader,0,5,21,Dry
2026-05-22,SITE005,Skid Steer Loader,1,5,21,Dry
2026-05-22,SITE005,Road Roller,2,5,21,Dry
2026-05-22,SITE005,Dump Truck,0,5,21,Dry
2026-05-22,SITE005,Forklift,2,5,21,Dry
2026-05-22,SITE006,Excavator,3,5,21,Dry
2026-05-22,SITE006,Bulldozer,5,5,21,Dry
2026-05-22,SITE006,Wheel Loader,0,5,21,Dry
2026-05-22,SITE006,Motor Grader,2,5,21,Dry
2026-05-22,SITE006,Backhoe Loader,0,5,21,Dry
2026-05-22,SITE006,Skid Steer Loader,0,5,21,Dry
2026-05-22,SITE006,Road Roller,0,5,21,Dry
2026-05-22,SITE006,Dump Truck,3,5,21,Dry
2026-05-22,SITE006,Forklift,4,5,21,Dry
2026-05-22,SITE007,Excavator,6,5,21,Dry
2026-05-22,SITE007,Bulldozer,2,5,21,Dry
2026-05-22,SITE007,Wheel Loader,2,5,21,Dry
2026-05-22,SITE007,Motor Grader,1,5,21,Dry
2026-05-22,SITE007,Backhoe Loader,3,5,21,Dry
2026-05-22,SITE007,Skid Steer Loader,3,5,21,Dry
2026-05-22,SITE007,Road Roller,2,5,21,Dry
2026-05-22,SITE007,Dump Truck,1,5,21,Dry
2026-05-22,SITE007,Forklift,3,5,21,Dry
2026-05-22,SITE008,Excavator,0,5,21,Dry
2026-05-22,SITE008,Bulldozer,3,5,21,Dry
2026-05-22,SITE008,Wheel Loader,2,5,21,Dry
2026-05-22,SITE008,Motor Grader,1,5,21,Dry
2026-05-22,SITE008,Backhoe Loader,3,5,21,Dry
2026-05-22,SITE008,Skid Steer Loader,3,5,21,Dry
2026-05-22,SITE008,Road Roller,2,5,21,Dry
2026-05-22,SITE008,Dump Truck,3,5,21,Dry
2026-05-22,SITE008,Forklift,2,5,21,Dry
2026-05-22,SITE009,Excavator,1,5,21,Dry
2026-05-22,SITE009,Bulldozer,3,5,21,Dry
2026-05-22,SITE009,Wheel Loader,1,5,21,Dry
2026-05-22,SITE009,Motor Grader,2,5,21,Dry
2026-05-22,SITE009,Backhoe Loader,2,5,21,Dry
2026-05-22,SITE009,Skid Steer Loader,4,5,21,Dry
2026-05-22,SITE009,Road Roller,1,5,21,Dry
2026-05-22,SITE009,Dump Truck,1,5,21,Dry
2026-05-22,SITE009,Forklift,2,5,21,Dry
2026-05-22,SITE010,Excavator,5,5,21,Dry
2026-05-22,SITE010,Bulldozer,1,5,21,Dry
2026-05-22,SITE010,Wheel Loader,2,5,21,Dry
2026-05-22,SITE010,Motor Grader,1,5,21,Dry
2026-05-22,SITE010,Backhoe Loader,2,5,21,Dry
2026-05-22,SITE010,Skid Steer Loader,2,5,21,Dry
2026-05-22,SITE010,Road Roller,1,5,21,Dry
2026-05-22,SITE010,Dump Truck,1,5,21,Dry
2026-05-22,SITE010,Forklift,2,5,21,Dry
2026-05-22,SITE011,Excavator,2,5,21,Dry
2026-05-22,SITE011,Bulldozer,1,5,21,Dry
2026-05-22,SITE011,Wheel Loader,2,5,21,Dry
2026-05-22,SITE011,Motor Grader,3,5,21,Dry
2026-05-22,SITE011,Backhoe Loader,3,5,21,Dry
2026-05-22,SITE011,Skid Steer Loader,2,5,21,Dry
2026-05-22,SITE011,Road Roller,4,5,21,Dry
2026-05-22,SITE011,Dump Truck,4,5,21,Dry
2026-05-22,SITE011,Forklift,1,5,21,Dry
2026-05-22,SITE012,Excavator,5,5,21,Dry
2026-05-22,SITE012,Bulldozer,0,5,21,Dry
2026-05-22,SITE012,Wheel Loader,3,5,21,Dry
2026-05-22,SITE012,Motor Grader,3,5,21,Dry
2026-05-22,SITE012,Backhoe Loader,0,5,21,Dry
2026-05-22,SITE012,Skid Steer Loader,0,5,21,Dry
2026-05-22,SITE012,Road Roller,4,5,21,Dry
2026-05-22,SITE012,Dump Truck,1,5,21,Dry
2026-05-22,SITE012,Forklift,4,5,21,Dry
2026-05-22,SITE013,Excavator,4,5,21,Dry
2026-05-22,SITE013,Bulldozer,2,5,21,Dry
2026-05-22,SITE013,Wheel Loader,1,5,21,Dry
2026-05-22,SITE013,Motor Grader,2,5,21,Dry
2026-05-22,SITE013,Backhoe Loader,2,5,21,Dry
2026-05-22,SITE013,Skid Steer Loader,0,5,21,Dry
2026-05-22,SITE013,Road Roller,3,5,21,Dry
2026-05-22,SITE013,Dump Truck,2,5,21,Dry
2026-05-22,SITE013,Forklift,2,5,21,Dry
2026-05-22,SITE014,Excavator,3,5,21,Dry
2026-05-22,SITE014,Bulldozer,1,5,21,Dry
2026-05-22,SITE014,Wheel Loader,3,5,21,Dry
2026-05-22,SITE014,Motor Grader,1,5,21,Dry
2026-05-22,SITE014,Backhoe Loader,4,5,21,Dry
2026-05-22,SITE014,Skid Steer Loader,2,5,21,Dry
2026-05-22,SITE014,Road Roller,1,5,21,Dry
2026-05-22,SITE014,Dump Truck,1,5,21,Dry
2026-05-22,SITE014,Forklift,3,5,21,Dry
2026-05-22,SITE015,Excavator,3,5,21,Dry
2026-05-22,SITE015,Bulldozer,3,5,21,Dry
2026-05-22,SITE015,Wheel Loader,1,5,21,Dry
2026-05-22,SITE015,Motor Grader,0,5,21,Dry
2026-05-22,SITE015,Backhoe Loader,6,5,21,Dry
2026-05-22,SITE015,Skid Steer Loader,1,5,21,Dry
2026-05-22,SITE015,Road Roller,4,5,21,Dry
2026-05-22,SITE015,Dump Truck,3,5,21,Dry
2026-05-22,SITE015,Forklift,3,5,21,Dry
2026-05-22,SITE016,Excavator,3,5,21,Dry
2026-05-22,SITE016,Bulldozer,3,5,21,Dry
2026-05-22,SITE016,Wheel Loader,1,5,21,Dry
2026-05-22,SITE016,Motor Grader,0,5,21,Dry
2026-05-22,SITE016,Backhoe Loader,1,5,21,Dry
2026-05-22,SITE016,Skid Steer Loader,1,5,21,Dry
2026-05-22,SITE016,Road Roller,0,5,21,Dry
2026-05-22,SITE016,Dump Truck,1,5,21,Dry
2026-05-22,SITE016,Forklift,3,5,21,Dry
2026-05-22,SITE017,Excavator,1,5,21,Dry
2026-05-22,SITE017,Bulldozer,2,5,21,Dry
2026-05-22,SITE017,Wheel Loader,1,5,21,Dry
2026-05-22,SITE017,Motor Grader,4,5,21,Dry
2026-05-22,SITE017,Backhoe Loader,0,5,21,Dry
2026-05-22,SITE017,Skid Steer Loader,2,5,21,Dry
2026-05-22,SITE017,Road Roller,4,5,21,Dry
2026-05-22,SITE017,Dump Truck,2,5,21,Dry
2026-05-22,SITE017,Forklift,4,5,21,Dry
2026-05-22,SITE018,Excavator,4,5,21,Dry
2026-05-22,SITE018,Bulldozer,0,5,21,Dry
2026-05-22,SITE018,Wheel Loader,2,5,21,Dry
2026-05-22,SITE018,Motor Grader,2,5,21,Dry
2026-05-22,SITE018,Backhoe Loader,4,5,21,Dry
2026-05-22,SITE018,Skid Steer Loader,1,5,21,Dry
2026-05-22,SITE018,Road Roller,5,5,21,Dry
2026-05-22,SITE018,Dump Truck,1,5,21,Dry
2026-05-22,SITE018,Forklift,0,5,21,Dry
2026-05-22,SITE019,Excavator,5,5,21,Dry
2026-05-22,SITE019,Bulldozer,3,5,21,Dry
2026-05-22,SITE019,Wheel Loader,4,5,21,Dry
2026-05-22,SITE019,Motor Grader,0,5,21,Dry
2026-05-22,SITE019,Backhoe Loader,1,5,21,Dry
2026-05-22,SITE019,Skid Steer Loader,2,5,21,Dry
2026-05-22,SITE019,Road Roller,1,5,21,Dry
2026-05-22,SITE019,Dump Truck,4,5,21,Dry
2026-05-22,SITE019,Forklift,1,5,21,Dry
2026-05-22,SITE020,Excavator,5,5,21,Dry
2026-05-22,SITE020,Bulldozer,0,5,21,Dry
2026-05-22,SITE020,Wheel Loader,2,5,21,Dry
2026-05-22,SITE020,Motor Grader,4,5,21,Dry
2026-05-22,SITE020,Backhoe Loader,4,5,21,Dry
2026-05-22,SITE020,Skid Steer Loader,1,5,21,Dry
2026-05-22,SITE020,Road Roller,3,5,21,Dry
2026-05-22,SITE020,Dump Truck,1,5,21,Dry
2026-05-22,SITE020,Forklift,1,5,21,Dry
2026-05-23,SITE001,Excavator,1,5,21,Dry
2026-05-23,SITE001,Bulldozer,2,5,21,Dry
2026-05-23,SITE001,Wheel Loader,3,5,21,Dry
2026-05-23,SITE001,Motor Grader,3,5,21,Dry
2026-05-23,SITE001,Backhoe Loader,0,5,21,Dry
2026-05-23,SITE001,Skid Steer Loader,0,5,21,Dry
2026-05-23,SITE001,Road Roller,0,5,21,Dry
2026-05-23,SITE001,Dump Truck,1,5,21,Dry
2026-05-23,SITE001,Forklift,2,5,21,Dry
2026-05-23,SITE002,Excavator,6,5,21,Dry
2026-05-23,SITE002,Bulldozer,3,5,21,Dry
2026-05-23,SITE002,Wheel Loader,3,5,21,Dry
2026-05-23,SITE002,Motor Grader,4,5,21,Dry
2026-05-23,SITE002,Backhoe Loader,2,5,21,Dry
2026-05-23,SITE002,Skid Steer Loader,1,5,21,Dry
2026-05-23,SITE002,Road Roller,2,5,21,Dry
2026-05-23,SITE002,Dump Truck,2,5,21,Dry
2026-05-23,SITE002,Forklift,2,5,21,Dry
2026-05-23,SITE003,Excavator,3,5,21,Dry
2026-05-23,SITE003,Bulldozer,0,5,21,Dry
2026-05-23,SITE003,Wheel Loader,0,5,21,Dry
2026-05-23,SITE003,Motor Grader,2,5,21,Dry
2026-05-23,SITE003,Backhoe Loader,1,5,21,Dry
2026-05-23,SITE003,Skid Steer Loader,7,5,21,Dry
2026-05-23,SITE003,Road Roller,1,5,21,Dry
2026-05-23,SITE003,Dump Truck,1,5,21,Dry
2026-05-23,SITE003,Forklift,1,5,21,Dry
2026-05-23,SITE004,Excavator,6,5,21,Dry
2026-05-23,SITE004,Bulldozer,2,5,21,Dry
2026-05-23,SITE004,Wheel Loader,0,5,21,Dry
2026-05-23,SITE004,Motor Grader,1,5,21,Dry
2026-05-23,SITE004,Backhoe Loader,1,5,21,Dry
2026-05-23,SITE004,Skid Steer Loader,1,5,21,Dry
2026-05-23,SITE004,Road Roller,0,5,21,Dry
2026-05-23,SITE004,Dump Truck,4,5,21,Dry
2026-05-23,SITE004,Forklift,1,5,21,Dry
2026-05-23,SITE005,Excavator,7,5,21,Dry
2026-05-23,SITE005,Bulldozer,3,5,21,Dry
2026-05-23,SITE005,Wheel Loader,2,5,21,Dry
2026-05-23,SITE005,Motor Grader,2,5,21,Dry
2026-05-23,SITE005,Backhoe Loader,3,5,21,Dry
2026-05-23,SITE005,Skid Steer Loader,2,5,21,Dry
2026-05-23,SITE005,Road Roller,0,5,21,Dry
2026-05-23,SITE005,Dump Truck,3,5,21,Dry
2026-05-23,SITE005,Forklift,2,5,21,Dry
2026-05-23,SITE006,Excavator,7,5,21,Dry
2026-05-23,SITE006,Bulldozer,1,5,21,Dry
2026-05-23,SITE006,Wheel Loader,3,5,21,Dry
2026-05-23,SITE006,Motor Grader,2,5,21,Dry
2026-05-23,SITE006,Backhoe Loader,2,5,21,Dry
2026-05-23,SITE006,Skid Steer Loader,0,5,21,Dry
2026-05-23,SITE006,Road Roller,0,5,21,Dry
2026-05-23,SITE006,Dump Truck,4,5,21,Dry
2026-05-23,SITE006,Forklift,1,5,21,Dry
2026-05-23,SITE007,Excavator,4,5,21,Dry
2026-05-23,SITE007,Bulldozer,1,5,21,Dry
2026-05-23,SITE007,Wheel Loader,1,5,21,Dry
2026-05-23,SITE007,Motor Grader,2,5,21,Dry
2026-05-23,SITE007,Backhoe Loader,3,5,21,Dry
2026-05-23,SITE007,Skid Steer Loader,2,5,21,Dry
2026-05-23,SITE007,Road Roller,1,5,21,Dry
2026-05-23,SITE007,Dump Truck,1,5,21,Dry
2026-05-23,SITE007,Forklift,2,5,21,Dry
2026-05-23,SITE008,Excavator,5,5,21,Dry
2026-05-23,SITE008,Bulldozer,2,5,21,Dry
2026-05-23,SITE008,Wheel Loader,1,5,21,Dry
2026-05-23,SITE008,Motor Grader,3,5,21,Dry
2026-05-23,SITE008,Backhoe Loader,3,5,21,Dry
2026-05-23,SITE008,Skid Steer Loader,4,5,21,Dry
2026-05-23,SITE008,Road Roller,0,5,21,Dry
2026-05-23,SITE008,Dump Truck,4,5,21,Dry
2026-05-23,SITE008,Forklift,2,5,21,Dry
2026-05-23,SITE009,Excavator,3,5,21,Dry
2026-05-23,SITE009,Bulldozer,1,5,21,Dry
2026-05-23,SITE009,Wheel Loader,4,5,21,Dry
2026-05-23,SITE009,Motor Grader,2,5,21,Dry
2026-05-23,SITE009,Backhoe Loader,3,5,21,Dry
2026-05-23,SITE009,Skid Steer Loader,2,5,21,Dry
2026-05-23,SITE009,Road Roller,7,5,21,Dry
2026-05-23,SITE009,Dump Truck,2,5,21,Dry
2026-05-23,SITE009,Forklift,3,5,21,Dry
2026-05-23,SITE010,Excavator,3,5,21,Dry
2026-05-23,SITE010,Bulldozer,3,5,21,Dry
2026-05-23,SITE010,Wheel Loader,3,5,21,Dry
2026-05-23,SITE010,Motor Grader,3,5,21,Dry
2026-05-23,SITE010,Backhoe Loader,3,5,21,Dry
2026-05-23,SITE010,Skid Steer Loader,1,5,21,Dry
2026-05-23,SITE010,Road Roller,2,5,21,Dry
2026-05-23,SITE010,Dump Truck,2,5,21,Dry
2026-05-23,SITE010,Forklift,1,5,21,Dry
2026-05-23,SITE011,Excavator,4,5,21,Dry
2026-05-23,SITE011,Bulldozer,1,5,21,Dry
2026-05-23,SITE011,Wheel Loader,5,5,21,Dry
2026-05-23,SITE011,Motor Grader,0,5,21,Dry
2026-05-23,SITE011,Backhoe Loader,2,5,21,Dry
2026-05-23,SITE011,Skid Steer Loader,1,5,21,Dry
2026-05-23,SITE011,Road Roller,2,5,21,Dry
2026-05-23,SITE011,Dump Truck,3,5,21,Dry
2026-05-23,SITE011,Forklift,2,5,21,Dry
2026-05-23,SITE012,Excavator,1,5,21,Dry
2026-05-23,SITE012,Bulldozer,1,5,21,Dry
2026-05-23,SITE012,Wheel Loader,1,5,21,Dry
2026-05-23,SITE012,Motor Grader,4,5,21,Dry
2026-05-23,SITE012,Backhoe Loader,1,5,21,Dry
2026-05-23,SITE012,Skid Steer Loader,2,5,21,Dry
2026-05-23,SITE012,Road Roller,0,5,21,Dry
2026-05-23,SITE012,Dump Truck,4,5,21,Dry
2026-05-23,SITE012,Forklift,0,5,21,Dry
2026-05-23,SITE013,Excavator,1,5,21,Dry
2026-05-23,SITE013,Bulldozer,2,5,21,Dry
2026-05-23,SITE013,Wheel Loader,3,5,21,Dry
2026-05-23,SITE013,Motor Grader,1,5,21,Dry
2026-05-23,SITE013,Backhoe Loader,2,5,21,Dry
2026-05-23,SITE013,Skid Steer Loader,4,5,21,Dry
2026-05-23,SITE013,Road Roller,6,5,21,Dry
2026-05-23,SITE013,Dump Truck,0,5,21,Dry
2026-05-23,SITE013,Forklift,1,5,21,Dry
2026-05-23,SITE014,Excavator,3,5,21,Dry
2026-05-23,SITE014,Bulldozer,0,5,21,Dry
2026-05-23,SITE014,Wheel Loader,0,5,21,Dry
2026-05-23,SITE014,Motor Grader,3,5,21,Dry
2026-05-23,SITE014,Backhoe Loader,5,5,21,Dry
2026-05-23,SITE014,Skid Steer Loader,1,5,21,Dry
2026-05-23,SITE014,Road Roller,4,5,21,Dry
2026-05-23,SITE014,Dump Truck,2,5,21,Dry
2026-05-23,SITE014,Forklift,2,5,21,Dry
2026-05-23,SITE015,Excavator,4,5,21,Dry
2026-05-23,SITE015,Bulldozer,3,5,21,Dry
2026-05-23,SITE015,Wheel Loader,4,5,21,Dry
2026-05-23,SITE015,Motor Grader,1,5,21,Dry
2026-05-23,SITE015,Backhoe Loader,6,5,21,Dry
2026-05-23,SITE015,Skid Steer Loader,1,5,21,Dry
2026-05-23,SITE015,Road Roller,2,5,21,Dry
2026-05-23,SITE015,Dump Truck,3,5,21,Dry
2026-05-23,SITE015,Forklift,1,5,21,Dry
2026-05-23,SITE016,Excavator,1,5,21,Dry
2026-05-23,SITE016,Bulldozer,3,5,21,Dry
2026-05-23,SITE016,Wheel Loader,2,5,21,Dry
2026-05-23,SITE016,Motor Grader,1,5,21,Dry
2026-05-23,SITE016,Backhoe Loader,4,5,21,Dry
2026-05-23,SITE016,Skid Steer Loader,2,5,21,Dry
2026-05-23,SITE016,Road Roller,1,5,21,Dry
2026-05-23,SITE016,Dump Truck,2,5,21,Dry
2026-05-23,SITE016,Forklift,3,5,21,Dry
2026-05-23,SITE017,Excavator,2,5,21,Dry
2026-05-23,SITE017,Bulldozer,1,5,21,Dry
2026-05-23,SITE017,Wheel Loader,0,5,21,Dry
2026-05-23,SITE017,Motor Grader,1,5,21,Dry
2026-05-23,SITE017,Backhoe Loader,2,5,21,Dry
2026-05-23,SITE017,Skid Steer Loader,1,5,21,Dry
2026-05-23,SITE017,Road Roller,4,5,21,Dry
2026-05-23,SITE017,Dump Truck,1,5,21,Dry
2026-05-23,SITE017,Forklift,2,5,21,Dry
2026-05-23,SITE018,Excavator,1,5,21,Dry
2026-05-23,SITE018,Bulldozer,5,5,21,Dry
2026-05-23,SITE018,Wheel Loader,0,5,21,Dry
2026-05-23,SITE018,Motor Grader,0,5,21,Dry
2026-05-23,SITE018,Backhoe Loader,1,5,21,Dry
2026-05-23,SITE018,Skid Steer Loader,0,5,21,Dry
2026-05-23,SITE018,Road Roller,1,5,21,Dry
2026-05-23,SITE018,Dump Truck,1,5,21,Dry
2026-05-23,SITE018,Forklift,3,5,21,Dry
2026-05-23,SITE019,Excavator,1,5,21,Dry
2026-05-23,SITE019,Bulldozer,1,5,21,Dry
2026-05-23,SITE019,Wheel Loader,3,5,21,Dry
2026-05-23,SITE019,Motor Grader,2,5,21,Dry
2026-05-23,SITE019,Backhoe Loader,3,5,21,Dry
2026-05-23,SITE019,Skid Steer Loader,1,5,21,Dry
2026-05-23,SITE019,Road Roller,0,5,21,Dry
2026-05-23,SITE019,Dump Truck,0,5,21,Dry
2026-05-23,SITE019,Forklift,1,5,21,Dry
2026-05-23,SITE020,Excavator,7,5,21,Dry
2026-05-23,SITE020,Bulldozer,5,5,21,Dry
2026-05-23,SITE020,Wheel Loader,1,5,21,Dry
2026-05-23,SITE020,Motor Grader,3,5,21,Dry
2026-05-23,SITE020,Backhoe Loader,3,5,21,Dry
2026-05-23,SITE020,Skid Steer Loader,2,5,21,Dry
2026-05-23,SITE020,Road Roller,2,5,21,Dry
2026-05-23,SITE020,Dump Truck,2,5,21,Dry
2026-05-23,SITE020,Forklift,2,5,21,Dry
2026-05-24,SITE001,Excavator,7,5,21,Dry
2026-05-24,SITE001,Bulldozer,1,5,21,Dry
2026-05-24,SITE001,Wheel Loader,2,5,21,Dry
2026-05-24,SITE001,Motor Grader,3,5,21,Dry
2026-05-24,SITE001,Backhoe Loader,3,5,21,Dry
2026-05-24,SITE001,Skid Steer Loader,1,5,21,Dry
2026-05-24,SITE001,Road Roller,3,5,21,Dry
2026-05-24,SITE001,Dump Truck,3,5,21,Dry
2026-05-24,SITE001,Forklift,1,5,21,Dry
2026-05-24,SITE002,Excavator,2,5,21,Dry
2026-05-24,SITE002,Bulldozer,1,5,21,Dry
2026-05-24,SITE002,Wheel Loader,2,5,21,Dry
2026-05-24,SITE002,Motor Grader,4,5,21,Dry
2026-05-24,SITE002,Backhoe Loader,3,5,21,Dry
2026-05-24,SITE002,Skid Steer Loader,1,5,21,Dry
2026-05-24,SITE002,Road Roller,3,5,21,Dry
2026-05-24,SITE002,Dump Truck,4,5,21,Dry
2026-05-24,SITE002,Forklift,2,5,21,Dry
2026-05-24,SITE003,Excavator,5,5,21,Dry
2026-05-24,SITE003,Bulldozer,0,5,21,Dry
2026-05-24,SITE003,Wheel Loader,1,5,21,Dry
2026-05-24,SITE003,Motor Grader,1,5,21,Dry
2026-05-24,SITE003,Backhoe Loader,3,5,21,Dry
2026-05-24,SITE003,Skid Steer Loader,1,5,21,Dry
2026-05-24,SITE003,Road Roller,4,5,21,Dry
2026-05-24,SITE003,Dump Truck,4,5,21,Dry
2026-05-24,SITE003,Forklift,1,5,21,Dry
2026-05-24,SITE004,Excavator,2,5,21,Dry
2026-05-24,SITE004,Bulldozer,4,5,21,Dry
2026-05-24,SITE004,Wheel Loader,3,5,21,Dry
2026-05-24,SITE004,Motor Grader,2,5,21,Dry
2026-05-24,SITE004,Backhoe Loader,2,5,21,Dry
2026-05-24,SITE004,Skid Steer Loader,4,5,21,Dry
2026-05-24,SITE004,Road Roller,1,5,21,Dry
2026-05-24,SITE004,Dump Truck,2,5,21,Dry
2026-05-24,SITE004,Forklift,2,5,21,Dry
2026-05-24,SITE005,Excavator,4,5,21,Dry
2026-05-24,SITE005,Bulldozer,3,5,21,Dry
2026-05-24,SITE005,Wheel Loader,0,5,21,Dry
2026-05-24,SITE005,Motor Grader,1,5,21,Dry
2026-05-24,SITE005,Backhoe Loader,3,5,21,Dry
2026-05-24,SITE005,Skid Steer Loader,2,5,21,Dry
2026-05-24,SITE005,Road Roller,2,5,21,Dry
2026-05-24,SITE005,Dump Truck,4,5,21,Dry
2026-05-24,SITE005,Forklift,0,5,21,Dry
2026-05-24,SITE006,Excavator,7,5,21,Dry
2026-05-24,SITE006,Bulldozer,1,5,21,Dry
2026-05-24,SITE006,Wheel Loader,2,5,21,Dry
2026-05-24,SITE006,Motor Grader,1,5,21,Dry
2026-05-24,SITE006,Backhoe Loader,1,5,21,Dry
2026-05-24,SITE006,Skid Steer Loader,0,5,21,Dry
2026-05-24,SITE006,Road Roller,1,5,21,Dry
2026-05-24,SITE006,Dump Truck,1,5,21,Dry
2026-05-24,SITE006,Forklift,1,5,21,Dry
2026-05-24,SITE007,Excavator,2,5,21,Dry
2026-05-24,SITE007,Bulldozer,3,5,21,Dry
2026-05-24,SITE007,Wheel Loader,1,5,21,Dry
2026-05-24,SITE007,Motor Grader,2,5,21,Dry
2026-05-24,SITE007,Backhoe Loader,1,5,21,Dry
2026-05-24,SITE007,Skid Steer Loader,1,5,21,Dry
2026-05-24,SITE007,Road Roller,1,5,21,Dry
2026-05-24,SITE007,Dump Truck,1,5,21,Dry
2026-05-24,SITE007,Forklift,4,5,21,Dry
2026-05-24,SITE008,Excavator,7,5,21,Dry
2026-05-24,SITE008,Bulldozer,0,5,21,Dry
2026-05-24,SITE008,Wheel Loader,3,5,21,Dry
2026-05-24,SITE008,Motor Grader,4,5,21,Dry
2026-05-24,SITE008,Backhoe Loader,4,5,21,Dry
2026-05-24,SITE008,Skid Steer Loader,4,5,21,Dry
2026-05-24,SITE008,Road Roller,3,5,21,Dry
2026-05-24,SITE008,Dump Truck,2,5,21,Dry
2026-05-24,SITE008,Forklift,0,5,21,Dry
2026-05-24,SITE009,Excavator,4,5,21,Dry
2026-05-24,SITE009,Bulldozer,4,5,21,Dry
2026-05-24,SITE009,Wheel Loader,1,5,21,Dry
2026-05-24,SITE009,Motor Grader,1,5,21,Dry
2026-05-24,SITE009,Backhoe Loader,1,5,21,Dry
2026-05-24,SITE009,Skid Steer Loader,1,5,21,Dry
2026-05-24,SITE009,Road Roller,0,5,21,Dry
2026-05-24,SITE009,Dump Truck,4,5,21,Dry
2026-05-24,SITE009,Forklift,1,5,21,Dry
2026-05-24,SITE010,Excavator,7,5,21,Dry
2026-05-24,SITE010,Bulldozer,1,5,21,Dry
2026-05-24,SITE010,Wheel Loader,3,5,21,Dry
2026-05-24,SITE010,Motor Grader,2,5,21,Dry
2026-05-24,SITE010,Backhoe Loader,1,5,21,Dry
2026-05-24,SITE010,Skid Steer Loader,0,5,21,Dry
2026-05-24,SITE010,Road Roller,0,5,21,Dry
2026-05-24,SITE010,Dump Truck,4,5,21,Dry
2026-05-24,SITE010,Forklift,4,5,21,Dry
2026-05-24,SITE011,Excavator,4,5,21,Dry
2026-05-24,SITE011,Bulldozer,1,5,21,Dry
2026-05-24,SITE011,Wheel Loader,0,5,21,Dry
2026-05-24,SITE011,Motor Grader,4,5,21,Dry
2026-05-24,SITE011,Backhoe Loader,1,5,21,Dry
2026-05-24,SITE011,Skid Steer Loader,3,5,21,Dry
2026-05-24,SITE011,Road Roller,1,5,21,Dry
2026-05-24,SITE011,Dump Truck,3,5,21,Dry
2026-05-24,SITE011,Forklift,2,5,21,Dry
2026-05-24,SITE012,Excavator,6,5,21,Dry
2026-05-24,SITE012,Bulldozer,3,5,21,Dry
2026-05-24,SITE012,Wheel Loader,2,5,21,Dry
2026-05-24,SITE012,Motor Grader,1,5,21,Dry
2026-05-24,SITE012,Backhoe Loader,1,5,21,Dry
2026-05-24,SITE012,Skid Steer Loader,2,5,21,Dry
2026-05-24,SITE012,Road Roller,2,5,21,Dry
2026-05-24,SITE012,Dump Truck,3,5,21,Dry
2026-05-24,SITE012,Forklift,0,5,21,Dry
2026-05-24,SITE013,Excavator,8,5,21,Dry
2026-05-24,SITE013,Bulldozer,0,5,21,Dry
2026-05-24,SITE013,Wheel Loader,2,5,21,Dry
2026-05-24,SITE013,Motor Grader,0,5,21,Dry
2026-05-24,SITE013,Backhoe Loader,2,5,21,Dry
2026-05-24,SITE013,Skid Steer Loader,1,5,21,Dry
2026-05-24,SITE013,Road Roller,4,5,21,Dry
2026-05-24,SITE013,Dump Truck,1,5,21,Dry
2026-05-24,SITE013,Forklift,0,5,21,Dry
2026-05-24,SITE014,Excavator,3,5,21,Dry
2026-05-24,SITE014,Bulldozer,1,5,21,Dry
2026-05-24,SITE014,Wheel Loader,1,5,21,Dry
2026-05-24,SITE014,Motor Grader,2,5,21,Dry
2026-05-24,SITE014,Backhoe Loader,3,5,21,Dry
2026-05-24,SITE014,Skid Steer Loader,2,5,21,Dry
2026-05-24,SITE014,Road Roller,1,5,21,Dry
2026-05-24,SITE014,Dump Truck,0,5,21,Dry
2026-05-24,SITE014,Forklift,2,5,21,Dry
2026-05-24,SITE015,Excavator,4,5,21,Dry
2026-05-24,SITE015,Bulldozer,3,5,21,Dry
2026-05-24,SITE015,Wheel Loader,1,5,21,Dry
2026-05-24,SITE015,Motor Grader,4,5,21,Dry
2026-05-24,SITE015,Backhoe Loader,3,5,21,Dry
2026-05-24,SITE015,Skid Steer Loader,4,5,21,Dry
2026-05-24,SITE015,Road Roller,3,5,21,Dry
2026-05-24,SITE015,Dump Truck,0,5,21,Dry
2026-05-24,SITE015,Forklift,3,5,21,Dry
2026-05-24,SITE016,Excavator,2,5,21,Dry
2026-05-24,SITE016,Bulldozer,2,5,21,Dry
2026-05-24,SITE016,Wheel Loader,3,5,21,Dry
2026-05-24,SITE016,Motor Grader,3,5,21,Dry
2026-05-24,SITE016,Backhoe Loader,0,5,21,Dry
2026-05-24,SITE016,Skid Steer Loader,0,5,21,Dry
2026-05-24,SITE016,Road Roller,3,5,21,Dry
2026-05-24,SITE016,Dump Truck,2,5,21,Dry
2026-05-24,SITE016,Forklift,5,5,21,Dry
2026-05-24,SITE017,Excavator,5,5,21,Dry
2026-05-24,SITE017,Bulldozer,1,5,21,Dry
2026-05-24,SITE017,Wheel Loader,1,5,21,Dry
2026-05-24,SITE017,Motor Grader,2,5,21,Dry
2026-05-24,SITE017,Backhoe Loader,0,5,21,Dry
2026-05-24,SITE017,Skid Steer Loader,4,5,21,Dry
2026-05-24,SITE017,Road Roller,0,5,21,Dry
2026-05-24,SITE017,Dump Truck,2,5,21,Dry
2026-05-24,SITE017,Forklift,2,5,21,Dry
2026-05-24,SITE018,Excavator,2,5,21,Dry
2026-05-24,SITE018,Bulldozer,1,5,21,Dry
2026-05-24,SITE018,Wheel Loader,2,5,21,Dry
2026-05-24,SITE018,Motor Grader,2,5,21,Dry
2026-05-24,SITE018,Backhoe Loader,5,5,21,Dry
2026-05-24,SITE018,Skid Steer Loader,1,5,21,Dry
2026-05-24,SITE018,Road Roller,4,5,21,Dry
2026-05-24,SITE018,Dump Truck,2,5,21,Dry
2026-05-24,SITE018,Forklift,2,5,21,Dry
2026-05-24,SITE019,Excavator,3,5,21,Dry
2026-05-24,SITE019,Bulldozer,3,5,21,Dry
2026-05-24,SITE019,Wheel Loader,0,5,21,Dry
2026-05-24,SITE019,Motor Grader,1,5,21,Dry
2026-05-24,SITE019,Backhoe Loader,1,5,21,Dry
2026-05-24,SITE019,Skid Steer Loader,3,5,21,Dry
2026-05-24,SITE019,Road Roller,1,5,21,Dry
2026-05-24,SITE019,Dump Truck,1,5,21,Dry
2026-05-24,SITE019,Forklift,3,5,21,Dry
2026-05-24,SITE020,Excavator,9,5,21,Dry
2026-05-24,SITE020,Bulldozer,4,5,21,Dry
2026-05-24,SITE020,Wheel Loader,1,5,21,Dry
2026-05-24,SITE020,Motor Grader,1,5,21,Dry
2026-05-24,SITE020,Backhoe Loader,1,5,21,Dry
2026-05-24,SITE020,Skid Steer Loader,2,5,21,Dry
2026-05-24,SITE020,Road Roller,2,5,21,Dry
2026-05-24,SITE020,Dump Truck,7,5,21,Dry
2026-05-24,SITE020,Forklift,3,5,21,Dry
2026-05-25,SITE001,Excavator,3,5,22,Dry
2026-05-25,SITE001,Bulldozer,1,5,22,Dry
2026-05-25,SITE001,Wheel Loader,1,5,22,Dry
2026-05-25,SITE001,Motor Grader,2,5,22,Dry
2026-05-25,SITE001,Backhoe Loader,2,5,22,Dry
2026-05-25,SITE001,Skid Steer Loader,1,5,22,Dry
2026-05-25,SITE001,Road Roller,3,5,22,Dry
2026-05-25,SITE001,Dump Truck,1,5,22,Dry
2026-05-25,SITE001,Forklift,0,5,22,Dry
2026-05-25,SITE002,Excavator,3,5,22,Dry
2026-05-25,SITE002,Bulldozer,5,5,22,Dry
2026-05-25,SITE002,Wheel Loader,1,5,22,Dry
2026-05-25,SITE002,Motor Grader,2,5,22,Dry
2026-05-25,SITE002,Backhoe Loader,1,5,22,Dry
2026-05-25,SITE002,Skid Steer Loader,3,5,22,Dry
2026-05-25,SITE002,Road Roller,1,5,22,Dry
2026-05-25,SITE002,Dump Truck,1,5,22,Dry
2026-05-25,SITE002,Forklift,2,5,22,Dry
2026-05-25,SITE003,Excavator,4,5,22,Dry
2026-05-25,SITE003,Bulldozer,3,5,22,Dry
2026-05-25,SITE003,Wheel Loader,2,5,22,Dry
2026-05-25,SITE003,Motor Grader,2,5,22,Dry
2026-05-25,SITE003,Backhoe Loader,3,5,22,Dry
2026-05-25,SITE003,Skid Steer Loader,2,5,22,Dry
2026-05-25,SITE003,Road Roller,4,5,22,Dry
2026-05-25,SITE003,Dump Truck,3,5,22,Dry
2026-05-25,SITE003,Forklift,2,5,22,Dry
2026-05-25,SITE004,Excavator,6,5,22,Dry
2026-05-25,SITE004,Bulldozer,1,5,22,Dry
2026-05-25,SITE004,Wheel Loader,2,5,22,Dry
2026-05-25,SITE004,Motor Grader,4,5,22,Dry
2026-05-25,SITE004,Backhoe Loader,3,5,22,Dry
2026-05-25,SITE004,Skid Steer Loader,5,5,22,Dry
2026-05-25,SITE004,Road Roller,2,5,22,Dry
2026-05-25,SITE004,Dump Truck,0,5,22,Dry
2026-05-25,SITE004,Forklift,1,5,22,Dry
2026-05-25,SITE005,Excavator,2,5,22,Dry
2026-05-25,SITE005,Bulldozer,0,5,22,Dry
2026-05-25,SITE005,Wheel Loader,4,5,22,Dry
2026-05-25,SITE005,Motor Grader,2,5,22,Dry
2026-05-25,SITE005,Backhoe Loader,4,5,22,Dry
2026-05-25,SITE005,Skid Steer Loader,1,5,22,Dry
2026-05-25,SITE005,Road Roller,1,5,22,Dry
2026-05-25,SITE005,Dump Truck,1,5,22,Dry
2026-05-25,SITE005,Forklift,6,5,22,Dry
2026-05-25,SITE006,Excavator,4,5,22,Dry
2026-05-25,SITE006,Bulldozer,1,5,22,Dry
2026-05-25,SITE006,Wheel Loader,2,5,22,Dry
2026-05-25,SITE006,Motor Grader,6,5,22,Dry
2026-05-25,SITE006,Backhoe Loader,4,5,22,Dry
2026-05-25,SITE006,Skid Steer Loader,2,5,22,Dry
2026-05-25,SITE006,Road Roller,1,5,22,Dry
2026-05-25,SITE006,Dump Truck,2,5,22,Dry
2026-05-25,SITE006,Forklift,2,5,22,Dry
2026-05-25,SITE007,Excavator,2,5,22,Dry
2026-05-25,SITE007,Bulldozer,0,5,22,Dry
2026-05-25,SITE007,Wheel Loader,1,5,22,Dry
2026-05-25,SITE007,Motor Grader,2,5,22,Dry
2026-05-25,SITE007,Backhoe Loader,4,5,22,Dry
2026-05-25,SITE007,Skid Steer Loader,0,5,22,Dry
2026-05-25,SITE007,Road Roller,4,5,22,Dry
2026-05-25,SITE007,Dump Truck,5,5,22,Dry
2026-05-25,SITE007,Forklift,2,5,22,Dry
2026-05-25,SITE008,Excavator,1,5,22,Dry
2026-05-25,SITE008,Bulldozer,2,5,22,Dry
2026-05-25,SITE008,Wheel Loader,1,5,22,Dry
2026-05-25,SITE008,Motor Grader,1,5,22,Dry
2026-05-25,SITE008,Backhoe Loader,2,5,22,Dry
2026-05-25,SITE008,Skid Steer Loader,0,5,22,Dry
2026-05-25,SITE008,Road Roller,0,5,22,Dry
2026-05-25,SITE008,Dump Truck,3,5,22,Dry
2026-05-25,SITE008,Forklift,2,5,22,Dry
2026-05-25,SITE009,Excavator,3,5,22,Dry
2026-05-25,SITE009,Bulldozer,1,5,22,Dry
2026-05-25,SITE009,Wheel Loader,0,5,22,Dry
2026-05-25,SITE009,Motor Grader,1,5,22,Dry
2026-05-25,SITE009,Backhoe Loader,0,5,22,Dry
2026-05-25,SITE009,Skid Steer Loader,2,5,22,Dry
2026-05-25,SITE009,Road Roller,3,5,22,Dry
2026-05-25,SITE009,Dump Truck,2,5,22,Dry
2026-05-25,SITE009,Forklift,5,5,22,Dry
2026-05-25,SITE010,Excavator,6,5,22,Dry
2026-05-25,SITE010,Bulldozer,1,5,22,Dry
2026-05-25,SITE010,Wheel Loader,2,5,22,Dry
2026-05-25,SITE010,Motor Grader,2,5,22,Dry
2026-05-25,SITE010,Backhoe Loader,2,5,22,Dry
2026-05-25,SITE010,Skid Steer Loader,3,5,22,Dry
2026-05-25,SITE010,Road Roller,2,5,22,Dry
2026-05-25,SITE010,Dump Truck,0,5,22,Dry
2026-05-25,SITE010,Forklift,3,5,22,Dry
2026-05-25,SITE011,Excavator,10,5,22,Dry
2026-05-25,SITE011,Bulldozer,2,5,22,Dry
2026-05-25,SITE011,Wheel Loader,2,5,22,Dry
2026-05-25,SITE011,Motor Grader,2,5,22,Dry
2026-05-25,SITE011,Backhoe Loader,2,5,22,Dry
2026-05-25,SITE011,Skid Steer Loader,1,5,22,Dry
2026-05-25,SITE011,Road Roller,1,5,22,Dry
2026-05-25,SITE011,Dump Truck,3,5,22,Dry
2026-05-25,SITE011,Forklift,3,5,22,Dry
2026-05-25,SITE012,Excavator,2,5,22,Dry
2026-05-25,SITE012,Bulldozer,2,5,22,Dry
2026-05-25,SITE012,Wheel Loader,2,5,22,Dry
2026-05-25,SITE012,Motor Grader,0,5,22,Dry
2026-05-25,SITE012,Backhoe Loader,3,5,22,Dry
2026-05-25,SITE012,Skid Steer Loader,2,5,22,Dry
2026-05-25,SITE012,Road Roller,2,5,22,Dry
2026-05-25,SITE012,Dump Truck,1,5,22,Dry
2026-05-25,SITE012,Forklift,3,5,22,Dry
2026-05-25,SITE013,Excavator,5,5,22,Dry
2026-05-25,SITE013,Bulldozer,0,5,22,Dry
2026-05-25,SITE013,Wheel Loader,0,5,22,Dry
2026-05-25,SITE013,Motor Grader,1,5,22,Dry
2026-05-25,SITE013,Backhoe Loader,2,5,22,Dry
2026-05-25,SITE013,Skid Steer Loader,2,5,22,Dry
2026-05-25,SITE013,Road Roller,1,5,22,Dry
2026-05-25,SITE013,Dump Truck,5,5,22,Dry
2026-05-25,SITE013,Forklift,0,5,22,Dry
2026-05-25,SITE014,Excavator,2,5,22,Dry
2026-05-25,SITE014,Bulldozer,3,5,22,Dry
2026-05-25,SITE014,Wheel Loader,2,5,22,Dry
2026-05-25,SITE014,Motor Grader,2,5,22,Dry
2026-05-25,SITE014,Backhoe Loader,2,5,22,Dry
2026-05-25,SITE014,Skid Steer Loader,0,5,22,Dry
2026-05-25,SITE014,Road Roller,1,5,22,Dry
2026-05-25,SITE014,Dump Truck,4,5,22,Dry
2026-05-25,SITE014,Forklift,6,5,22,Dry
2026-05-25,SITE015,Excavator,2,5,22,Dry
2026-05-25,SITE015,Bulldozer,2,5,22,Dry
2026-05-25,SITE015,Wheel Loader,0,5,22,Dry
2026-05-25,SITE015,Motor Grader,1,5,22,Dry
2026-05-25,SITE015,Backhoe Loader,4,5,22,Dry
2026-05-25,SITE015,Skid Steer Loader,3,5,22,Dry
2026-05-25,SITE015,Road Roller,0,5,22,Dry
2026-05-25,SITE015,Dump Truck,0,5,22,Dry
2026-05-25,SITE015,Forklift,0,5,22,Dry
2026-05-25,SITE016,Excavator,7,5,22,Dry
2026-05-25,SITE016,Bulldozer,2,5,22,Dry
2026-05-25,SITE016,Wheel Loader,3,5,22,Dry
2026-05-25,SITE016,Motor Grader,0,5,22,Dry
2026-05-25,SITE016,Backhoe Loader,3,5,22,Dry
2026-05-25,SITE016,Skid Steer Loader,5,5,22,Dry
2026-05-25,SITE016,Road Roller,2,5,22,Dry
2026-05-25,SITE016,Dump Truck,4,5,22,Dry
2026-05-25,SITE016,Forklift,2,5,22,Dry
2026-05-25,SITE017,Excavator,4,5,22,Dry
2026-05-25,SITE017,Bulldozer,1,5,22,Dry
2026-05-25,SITE017,Wheel Loader,1,5,22,Dry
2026-05-25,SITE017,Motor Grader,4,5,22,Dry
2026-05-25,SITE017,Backhoe Loader,4,5,22,Dry
2026-05-25,SITE017,Skid Steer Loader,3,5,22,Dry
2026-05-25,SITE017,Road Roller,0,5,22,Dry
2026-05-25,SITE017,Dump Truck,1,5,22,Dry
2026-05-25,SITE017,Forklift,3,5,22,Dry
2026-05-25,SITE018,Excavator,4,5,22,Dry
2026-05-25,SITE018,Bulldozer,1,5,22,Dry
2026-05-25,SITE018,Wheel Loader,1,5,22,Dry
2026-05-25,SITE018,Motor Grader,1,5,22,Dry
2026-05-25,SITE018,Backhoe Loader,1,5,22,Dry
2026-05-25,SITE018,Skid Steer Loader,2,5,22,Dry
2026-05-25,SITE018,Road Roller,2,5,22,Dry
2026-05-25,SITE018,Dump Truck,0,5,22,Dry
2026-05-25,SITE018,Forklift,1,5,22,Dry
2026-05-25,SITE019,Excavator,1,5,22,Dry
2026-05-25,SITE019,Bulldozer,4,5,22,Dry
2026-05-25,SITE019,Wheel Loader,1,5,22,Dry
2026-05-25,SITE019,Motor Grader,1,5,22,Dry
2026-05-25,SITE019,Backhoe Loader,0,5,22,Dry
2026-05-25,SITE019,Skid Steer Loader,0,5,22,Dry
2026-05-25,SITE019,Road Roller,1,5,22,Dry
2026-05-25,SITE019,Dump Truck,4,5,22,Dry
2026-05-25,SITE019,Forklift,1,5,22,Dry
2026-05-25,SITE020,Excavator,3,5,22,Dry
2026-05-25,SITE020,Bulldozer,1,5,22,Dry
2026-05-25,SITE020,Wheel Loader,1,5,22,Dry
2026-05-25,SITE020,Motor Grader,0,5,22,Dry
2026-05-25,SITE020,Backhoe Loader,1,5,22,Dry
2026-05-25,SITE020,Skid Steer Loader,1,5,22,Dry
2026-05-25,SITE020,Road Roller,3,5,22,Dry
2026-05-25,SITE020,Dump Truck,5,5,22,Dry
2026-05-25,SITE020,Forklift,7,5,22,Dry
2026-05-26,SITE001,Excavator,6,5,22,Dry
2026-05-26,SITE001,Bulldozer,3,5,22,Dry
2026-05-26,SITE001,Wheel Loader,4,5,22,Dry
2026-05-26,SITE001,Motor Grader,1,5,22,Dry
2026-05-26,SITE001,Backhoe Loader,1,5,22,Dry
2026-05-26,SITE001,Skid Steer Loader,4,5,22,Dry
2026-05-26,SITE001,Road Roller,1,5,22,Dry
2026-05-26,SITE001,Dump Truck,0,5,22,Dry
2026-05-26,SITE001,Forklift,1,5,22,Dry
2026-05-26,SITE002,Excavator,2,5,22,Dry
2026-05-26,SITE002,Bulldozer,0,5,22,Dry
2026-05-26,SITE002,Wheel Loader,3,5,22,Dry
2026-05-26,SITE002,Motor Grader,2,5,22,Dry
2026-05-26,SITE002,Backhoe Loader,5,5,22,Dry
2026-05-26,SITE002,Skid Steer Loader,3,5,22,Dry
2026-05-26,SITE002,Road Roller,3,5,22,Dry
2026-05-26,SITE002,Dump Truck,1,5,22,Dry
2026-05-26,SITE002,Forklift,2,5,22,Dry
2026-05-26,SITE003,Excavator,7,5,22,Dry
2026-05-26,SITE003,Bulldozer,1,5,22,Dry
2026-05-26,SITE003,Wheel Loader,2,5,22,Dry
2026-05-26,SITE003,Motor Grader,5,5,22,Dry
2026-05-26,SITE003,Backhoe Loader,3,5,22,Dry
2026-05-26,SITE003,Skid Steer Loader,1,5,22,Dry
2026-05-26,SITE003,Road Roller,4,5,22,Dry
2026-05-26,SITE003,Dump Truck,0,5,22,Dry
2026-05-26,SITE003,Forklift,2,5,22,Dry
2026-05-26,SITE004,Excavator,5,5,22,Dry
2026-05-26,SITE004,Bulldozer,5,5,22,Dry
2026-05-26,SITE004,Wheel Loader,1,5,22,Dry
2026-05-26,SITE004,Motor Grader,1,5,22,Dry
2026-05-26,SITE004,Backhoe Loader,1,5,22,Dry
2026-05-26,SITE004,Skid Steer Loader,1,5,22,Dry
2026-05-26,SITE004,Road Roller,2,5,22,Dry
2026-05-26,SITE004,Dump Truck,3,5,22,Dry
2026-05-26,SITE004,Forklift,3,5,22,Dry
2026-05-26,SITE005,Excavator,4,5,22,Dry
2026-05-26,SITE005,Bulldozer,1,5,22,Dry
2026-05-26,SITE005,Wheel Loader,4,5,22,Dry
2026-05-26,SITE005,Motor Grader,2,5,22,Dry
2026-05-26,SITE005,Backhoe Loader,1,5,22,Dry
2026-05-26,SITE005,Skid Steer Loader,1,5,22,Dry
2026-05-26,SITE005,Road Roller,5,5,22,Dry
2026-05-26,SITE005,Dump Truck,1,5,22,Dry
2026-05-26,SITE005,Forklift,2,5,22,Dry
2026-05-26,SITE006,Excavator,4,5,22,Dry
2026-05-26,SITE006,Bulldozer,2,5,22,Dry
2026-05-26,SITE006,Wheel Loader,2,5,22,Dry
2026-05-26,SITE006,Motor Grader,1,5,22,Dry
2026-05-26,SITE006,Backhoe Loader,1,5,22,Dry
2026-05-26,SITE006,Skid Steer Loader,1,5,22,Dry
2026-05-26,SITE006,Road Roller,2,5,22,Dry
2026-05-26,SITE006,Dump Truck,2,5,22,Dry
2026-05-26,SITE006,Forklift,0,5,22,Dry
2026-05-26,SITE007,Excavator,5,5,22,Dry
2026-05-26,SITE007,Bulldozer,1,5,22,Dry
2026-05-26,SITE007,Wheel Loader,1,5,22,Dry
2026-05-26,SITE007,Motor Grader,3,5,22,Dry
2026-05-26,SITE007,Backhoe Loader,4,5,22,Dry
2026-05-26,SITE007,Skid Steer Loader,4,5,22,Dry
2026-05-26,SITE007,Road Roller,2,5,22,Dry
2026-05-26,SITE007,Dump Truck,1,5,22,Dry
2026-05-26,SITE007,Forklift,0,5,22,Dry
2026-05-26,SITE008,Excavator,5,5,22,Dry
2026-05-26,SITE008,Bulldozer,1,5,22,Dry
2026-05-26,SITE008,Wheel Loader,5,5,22,Dry
2026-05-26,SITE008,Motor Grader,4,5,22,Dry
2026-05-26,SITE008,Backhoe Loader,1,5,22,Dry
2026-05-26,SITE008,Skid Steer Loader,4,5,22,Dry
2026-05-26,SITE008,Road Roller,3,5,22,Dry
2026-05-26,SITE008,Dump Truck,4,5,22,Dry
2026-05-26,SITE008,Forklift,3,5,22,Dry
2026-05-26,SITE009,Excavator,5,5,22,Dry
2026-05-26,SITE009,Bulldozer,2,5,22,Dry
2026-05-26,SITE009,Wheel Loader,2,5,22,Dry
2026-05-26,SITE009,Motor Grader,2,5,22,Dry
2026-05-26,SITE009,Backhoe Loader,1,5,22,Dry
2026-05-26,SITE009,Skid Steer Loader,5,5,22,Dry
2026-05-26,SITE009,Road Roller,4,5,22,Dry
2026-05-26,SITE009,Dump Truck,1,5,22,Dry
2026-05-26,SITE009,Forklift,3,5,22,Dry
2026-05-26,SITE010,Excavator,7,5,22,Dry
2026-05-26,SITE010,Bulldozer,1,5,22,Dry
2026-05-26,SITE010,Wheel Loader,1,5,22,Dry
2026-05-26,SITE010,Motor Grader,3,5,22,Dry
2026-05-26,SITE010,Backhoe Loader,1,5,22,Dry
2026-05-26,SITE010,Skid Steer Loader,1,5,22,Dry
2026-05-26,SITE010,Road Roller,0,5,22,Dry
2026-05-26,SITE010,Dump Truck,2,5,22,Dry
2026-05-26,SITE010,Forklift,2,5,22,Dry
2026-05-26,SITE011,Excavator,3,5,22,Dry
2026-05-26,SITE011,Bulldozer,3,5,22,Dry
2026-05-26,SITE011,Wheel Loader,2,5,22,Dry
2026-05-26,SITE011,Motor Grader,1,5,22,Dry
2026-05-26,SITE011,Backhoe Loader,1,5,22,Dry
2026-05-26,SITE011,Skid Steer Loader,1,5,22,Dry
2026-05-26,SITE011,Road Roller,2,5,22,Dry
2026-05-26,SITE011,Dump Truck,4,5,22,Dry
2026-05-26,SITE011,Forklift,1,5,22,Dry
2026-05-26,SITE012,Excavator,2,5,22,Dry
2026-05-26,SITE012,Bulldozer,2,5,22,Dry
2026-05-26,SITE012,Wheel Loader,0,5,22,Dry
2026-05-26,SITE012,Motor Grader,3,5,22,Dry
2026-05-26,SITE012,Backhoe Loader,1,5,22,Dry
2026-05-26,SITE012,Skid Steer Loader,1,5,22,Dry
2026-05-26,SITE012,Road Roller,7,5,22,Dry
2026-05-26,SITE012,Dump Truck,1,5,22,Dry
2026-05-26,SITE012,Forklift,1,5,22,Dry
2026-05-26,SITE013,Excavator,3,5,22,Dry
2026-05-26,SITE013,Bulldozer,4,5,22,Dry
2026-05-26,SITE013,Wheel Loader,2,5,22,Dry
2026-05-26,SITE013,Motor Grader,0,5,22,Dry
2026-05-26,SITE013,Backhoe Loader,2,5,22,Dry
2026-05-26,SITE013,Skid Steer Loader,2,5,22,Dry
2026-05-26,SITE013,Road Roller,4,5,22,Dry
2026-05-26,SITE013,Dump Truck,2,5,22,Dry
2026-05-26,SITE013,Forklift,2,5,22,Dry
2026-05-26,SITE014,Excavator,3,5,22,Dry
2026-05-26,SITE014,Bulldozer,5,5,22,Dry
2026-05-26,SITE014,Wheel Loader,1,5,22,Dry
2026-05-26,SITE014,Motor Grader,6,5,22,Dry
2026-05-26,SITE014,Backhoe Loader,3,5,22,Dry
2026-05-26,SITE014,Skid Steer Loader,3,5,22,Dry
2026-05-26,SITE014,Road Roller,2,5,22,Dry
2026-05-26,SITE014,Dump Truck,1,5,22,Dry
2026-05-26,SITE014,Forklift,5,5,22,Dry
2026-05-26,SITE015,Excavator,2,5,22,Dry
2026-05-26,SITE015,Bulldozer,4,5,22,Dry
2026-05-26,SITE015,Wheel Loader,1,5,22,Dry
2026-05-26,SITE015,Motor Grader,2,5,22,Dry
2026-05-26,SITE015,Backhoe Loader,1,5,22,Dry
2026-05-26,SITE015,Skid Steer Loader,2,5,22,Dry
2026-05-26,SITE015,Road Roller,1,5,22,Dry
2026-05-26,SITE015,Dump Truck,1,5,22,Dry
2026-05-26,SITE015,Forklift,4,5,22,Dry
2026-05-26,SITE016,Excavator,6,5,22,Dry
2026-05-26,SITE016,Bulldozer,1,5,22,Dry
2026-05-26,SITE016,Wheel Loader,1,5,22,Dry
2026-05-26,SITE016,Motor Grader,1,5,22,Dry
2026-05-26,SITE016,Backhoe Loader,4,5,22,Dry
2026-05-26,SITE016,Skid Steer Loader,4,5,22,Dry
2026-05-26,SITE016,Road Roller,4,5,22,Dry
2026-05-26,SITE016,Dump Truck,3,5,22,Dry
2026-05-26,SITE016,Forklift,2,5,22,Dry
2026-05-26,SITE017,Excavator,3,5,22,Dry
2026-05-26,SITE017,Bulldozer,1,5,22,Dry
2026-05-26,SITE017,Wheel Loader,3,5,22,Dry
2026-05-26,SITE017,Motor Grader,0,5,22,Dry
2026-05-26,SITE017,Backhoe Loader,2,5,22,Dry
2026-05-26,SITE017,Skid Steer Loader,2,5,22,Dry
2026-05-26,SITE017,Road Roller,3,5,22,Dry
2026-05-26,SITE017,Dump Truck,0,5,22,Dry
2026-05-26,SITE017,Forklift,4,5,22,Dry
2026-05-26,SITE018,Excavator,2,5,22,Dry
2026-05-26,SITE018,Bulldozer,1,5,22,Dry
2026-05-26,SITE018,Wheel Loader,0,5,22,Dry
2026-05-26,SITE018,Motor Grader,1,5,22,Dry
2026-05-26,SITE018,Backhoe Loader,1,5,22,Dry
2026-05-26,SITE018,Skid Steer Loader,2,5,22,Dry
2026-05-26,SITE018,Road Roller,2,5,22,Dry
2026-05-26,SITE018,Dump Truck,0,5,22,Dry
2026-05-26,SITE018,Forklift,2,5,22,Dry
2026-05-26,SITE019,Excavator,4,5,22,Dry
2026-05-26,SITE019,Bulldozer,5,5,22,Dry
2026-05-26,SITE019,Wheel Loader,2,5,22,Dry
2026-05-26,SITE019,Motor Grader,1,5,22,Dry
2026-05-26,SITE019,Backhoe Loader,1,5,22,Dry
2026-05-26,SITE019,Skid Steer Loader,2,5,22,Dry
2026-05-26,SITE019,Road Roller,0,5,22,Dry
2026-05-26,SITE019,Dump Truck,5,5,22,Dry
2026-05-26,SITE019,Forklift,1,5,22,Dry
2026-05-26,SITE020,Excavator,3,5,22,Dry
2026-05-26,SITE020,Bulldozer,2,5,22,Dry
2026-05-26,SITE020,Wheel Loader,1,5,22,Dry
2026-05-26,SITE020,Motor Grader,3,5,22,Dry
2026-05-26,SITE020,Backhoe Loader,4,5,22,Dry
2026-05-26,SITE020,Skid Steer Loader,2,5,22,Dry
2026-05-26,SITE020,Road Roller,2,5,22,Dry
2026-05-26,SITE020,Dump Truck,2,5,22,Dry
2026-05-26,SITE020,Forklift,2,5,22,Dry
2026-05-27,SITE001,Excavator,1,5,22,Dry
2026-05-27,SITE001,Bulldozer,2,5,22,Dry
2026-05-27,SITE001,Wheel Loader,2,5,22,Dry
2026-05-27,SITE001,Motor Grader,2,5,22,Dry
2026-05-27,SITE001,Backhoe Loader,5,5,22,Dry
2026-05-27,SITE001,Skid Steer Loader,2,5,22,Dry
2026-05-27,SITE001,Road Roller,3,5,22,Dry
2026-05-27,SITE001,Dump Truck,0,5,22,Dry
2026-05-27,SITE001,Forklift,2,5,22,Dry
2026-05-27,SITE002,Excavator,3,5,22,Dry
2026-05-27,SITE002,Bulldozer,1,5,22,Dry
2026-05-27,SITE002,Wheel Loader,2,5,22,Dry
2026-05-27,SITE002,Motor Grader,0,5,22,Dry
2026-05-27,SITE002,Backhoe Loader,2,5,22,Dry
2026-05-27,SITE002,Skid Steer Loader,4,5,22,Dry
2026-05-27,SITE002,Road Roller,3,5,22,Dry
2026-05-27,SITE002,Dump Truck,1,5,22,Dry
2026-05-27,SITE002,Forklift,3,5,22,Dry
2026-05-27,SITE003,Excavator,3,5,22,Dry
2026-05-27,SITE003,Bulldozer,4,5,22,Dry
2026-05-27,SITE003,Wheel Loader,3,5,22,Dry
2026-05-27,SITE003,Motor Grader,1,5,22,Dry
2026-05-27,SITE003,Backhoe Loader,2,5,22,Dry
2026-05-27,SITE003,Skid Steer Loader,2,5,22,Dry
2026-05-27,SITE003,Road Roller,2,5,22,Dry
2026-05-27,SITE003,Dump Truck,3,5,22,Dry
2026-05-27,SITE003,Forklift,2,5,22,Dry
2026-05-27,SITE004,Excavator,0,5,22,Dry
2026-05-27,SITE004,Bulldozer,1,5,22,Dry
2026-05-27,SITE004,Wheel Loader,1,5,22,Dry
2026-05-27,SITE004,Motor Grader,1,5,22,Dry
2026-05-27,SITE004,Backhoe Loader,1,5,22,Dry
2026-05-27,SITE004,Skid Steer Loader,3,5,22,Dry
2026-05-27,SITE004,Road Roller,0,5,22,Dry
2026-05-27,SITE004,Dump Truck,2,5,22,Dry
2026-05-27,SITE004,Forklift,1,5,22,Dry
2026-05-27,SITE005,Excavator,4,5,22,Dry
2026-05-27,SITE005,Bulldozer,1,5,22,Dry
2026-05-27,SITE005,Wheel Loader,1,5,22,Dry
2026-05-27,SITE005,Motor Grader,2,5,22,Dry
2026-05-27,SITE005,Backhoe Loader,2,5,22,Dry
2026-05-27,SITE005,Skid Steer Loader,2,5,22,Dry
2026-05-27,SITE005,Road Roller,2,5,22,Dry
2026-05-27,SITE005,Dump Truck,1,5,22,Dry
2026-05-27,SITE005,Forklift,1,5,22,Dry
2026-05-27,SITE006,Excavator,4,5,22,Dry
2026-05-27,SITE006,Bulldozer,1,5,22,Dry
2026-05-27,SITE006,Wheel Loader,2,5,22,Dry
2026-05-27,SITE006,Motor Grader,2,5,22,Dry
2026-05-27,SITE006,Backhoe Loader,1,5,22,Dry
2026-05-27,SITE006,Skid Steer Loader,2,5,22,Dry
2026-05-27,SITE006,Road Roller,2,5,22,Dry
2026-05-27,SITE006,Dump Truck,2,5,22,Dry
2026-05-27,SITE006,Forklift,2,5,22,Dry
2026-05-27,SITE007,Excavator,4,5,22,Dry
2026-05-27,SITE007,Bulldozer,0,5,22,Dry
2026-05-27,SITE007,Wheel Loader,1,5,22,Dry
2026-05-27,SITE007,Motor Grader,5,5,22,Dry
2026-05-27,SITE007,Backhoe Loader,4,5,22,Dry
2026-05-27,SITE007,Skid Steer Loader,3,5,22,Dry
2026-05-27,SITE007,Road Roller,2,5,22,Dry
2026-05-27,SITE007,Dump Truck,2,5,22,Dry
2026-05-27,SITE007,Forklift,2,5,22,Dry
2026-05-27,SITE008,Excavator,3,5,22,Dry
2026-05-27,SITE008,Bulldozer,1,5,22,Dry
2026-05-27,SITE008,Wheel Loader,1,5,22,Dry
2026-05-27,SITE008,Motor Grader,0,5,22,Dry
2026-05-27,SITE008,Backhoe Loader,4,5,22,Dry
2026-05-27,SITE008,Skid Steer Loader,2,5,22,Dry
2026-05-27,SITE008,Road Roller,0,5,22,Dry
2026-05-27,SITE008,Dump Truck,2,5,22,Dry
2026-05-27,SITE008,Forklift,0,5,22,Dry
2026-05-27,SITE009,Excavator,4,5,22,Dry
2026-05-27,SITE009,Bulldozer,1,5,22,Dry
2026-05-27,SITE009,Wheel Loader,1,5,22,Dry
2026-05-27,SITE009,Motor Grader,1,5,22,Dry
2026-05-27,SITE009,Backhoe Loader,3,5,22,Dry
2026-05-27,SITE009,Skid Steer Loader,3,5,22,Dry
2026-05-27,SITE009,Road Roller,3,5,22,Dry
2026-05-27,SITE009,Dump Truck,0,5,22,Dry
2026-05-27,SITE009,Forklift,0,5,22,Dry
2026-05-27,SITE010,Excavator,4,5,22,Dry
2026-05-27,SITE010,Bulldozer,2,5,22,Dry
2026-05-27,SITE010,Wheel Loader,1,5,22,Dry
2026-05-27,SITE010,Motor Grader,4,5,22,Dry
2026-05-27,SITE010,Backhoe Loader,0,5,22,Dry
2026-05-27,SITE010,Skid Steer Loader,1,5,22,Dry
2026-05-27,SITE010,Road Roller,3,5,22,Dry
2026-05-27,SITE010,Dump Truck,2,5,22,Dry
2026-05-27,SITE010,Forklift,2,5,22,Dry
2026-05-27,SITE011,Excavator,1,5,22,Dry
2026-05-27,SITE011,Bulldozer,4,5,22,Dry
2026-05-27,SITE011,Wheel Loader,2,5,22,Dry
2026-05-27,SITE011,Motor Grader,2,5,22,Dry
2026-05-27,SITE011,Backhoe Loader,1,5,22,Dry
2026-05-27,SITE011,Skid Steer Loader,4,5,22,Dry
2026-05-27,SITE011,Road Roller,5,5,22,Dry
2026-05-27,SITE011,Dump Truck,2,5,22,Dry
2026-05-27,SITE011,Forklift,2,5,22,Dry
2026-05-27,SITE012,Excavator,0,5,22,Dry
2026-05-27,SITE012,Bulldozer,3,5,22,Dry
2026-05-27,SITE012,Wheel Loader,2,5,22,Dry
2026-05-27,SITE012,Motor Grader,5,5,22,Dry
2026-05-27,SITE012,Backhoe Loader,6,5,22,Dry
2026-05-27,SITE012,Skid Steer Loader,3,5,22,Dry
2026-05-27,SITE012,Road Roller,3,5,22,Dry
2026-05-27,SITE012,Dump Truck,3,5,22,Dry
2026-05-27,SITE012,Forklift,2,5,22,Dry
2026-05-27,SITE013,Excavator,6,5,22,Dry
2026-05-27,SITE013,Bulldozer,0,5,22,Dry
2026-05-27,SITE013,Wheel Loader,2,5,22,Dry
2026-05-27,SITE013,Motor Grader,2,5,22,Dry
2026-05-27,SITE013,Backhoe Loader,2,5,22,Dry
2026-05-27,SITE013,Skid Steer Loader,2,5,22,Dry
2026-05-27,SITE013,Road Roller,1,5,22,Dry
2026-05-27,SITE013,Dump Truck,2,5,22,Dry
2026-05-27,SITE013,Forklift,5,5,22,Dry
2026-05-27,SITE014,Excavator,2,5,22,Dry
2026-05-27,SITE014,Bulldozer,2,5,22,Dry
2026-05-27,SITE014,Wheel Loader,0,5,22,Dry
2026-05-27,SITE014,Motor Grader,3,5,22,Dry
2026-05-27,SITE014,Backhoe Loader,2,5,22,Dry
2026-05-27,SITE014,Skid Steer Loader,3,5,22,Dry
2026-05-27,SITE014,Road Roller,4,5,22,Dry
2026-05-27,SITE014,Dump Truck,1,5,22,Dry
2026-05-27,SITE014,Forklift,1,5,22,Dry
2026-05-27,SITE015,Excavator,1,5,22,Dry
2026-05-27,SITE015,Bulldozer,2,5,22,Dry
2026-05-27,SITE015,Wheel Loader,1,5,22,Dry
2026-05-27,SITE015,Motor Grader,3,5,22,Dry
2026-05-27,SITE015,Backhoe Loader,4,5,22,Dry
2026-05-27,SITE015,Skid Steer Loader,2,5,22,Dry
2026-05-27,SITE015,Road Roller,3,5,22,Dry
2026-05-27,SITE015,Dump Truck,1,5,22,Dry
2026-05-27,SITE015,Forklift,1,5,22,Dry
2026-05-27,SITE016,Excavator,7,5,22,Dry
2026-05-27,SITE016,Bulldozer,2,5,22,Dry
2026-05-27,SITE016,Wheel Loader,3,5,22,Dry
2026-05-27,SITE016,Motor Grader,2,5,22,Dry
2026-05-27,SITE016,Backhoe Loader,2,5,22,Dry
2026-05-27,SITE016,Skid Steer Loader,4,5,22,Dry
2026-05-27,SITE016,Road Roller,2,5,22,Dry
2026-05-27,SITE016,Dump Truck,2,5,22,Dry
2026-05-27,SITE016,Forklift,4,5,22,Dry
2026-05-27,SITE017,Excavator,7,5,22,Dry
2026-05-27,SITE017,Bulldozer,1,5,22,Dry
2026-05-27,SITE017,Wheel Loader,1,5,22,Dry
2026-05-27,SITE017,Motor Grader,2,5,22,Dry
2026-05-27,SITE017,Backhoe Loader,2,5,22,Dry
2026-05-27,SITE017,Skid Steer Loader,2,5,22,Dry
2026-05-27,SITE017,Road Roller,2,5,22,Dry
2026-05-27,SITE017,Dump Truck,2,5,22,Dry
2026-05-27,SITE017,Forklift,2,5,22,Dry
2026-05-27,SITE018,Excavator,5,5,22,Dry
2026-05-27,SITE018,Bulldozer,6,5,22,Dry
2026-05-27,SITE018,Wheel Loader,2,5,22,Dry
2026-05-27,SITE018,Motor Grader,1,5,22,Dry
2026-05-27,SITE018,Backhoe Loader,3,5,22,Dry
2026-05-27,SITE018,Skid Steer Loader,1,5,22,Dry
2026-05-27,SITE018,Road Roller,5,5,22,Dry
2026-05-27,SITE018,Dump Truck,2,5,22,Dry
2026-05-27,SITE018,Forklift,1,5,22,Dry
2026-05-27,SITE019,Excavator,4,5,22,Dry
2026-05-27,SITE019,Bulldozer,0,5,22,Dry
2026-05-27,SITE019,Wheel Loader,5,5,22,Dry
2026-05-27,SITE019,Motor Grader,3,5,22,Dry
2026-05-27,SITE019,Backhoe Loader,1,5,22,Dry
2026-05-27,SITE019,Skid Steer Loader,4,5,22,Dry
2026-05-27,SITE019,Road Roller,0,5,22,Dry
2026-05-27,SITE019,Dump Truck,2,5,22,Dry
2026-05-27,SITE019,Forklift,0,5,22,Dry
2026-05-27,SITE020,Excavator,5,5,22,Dry
2026-05-27,SITE020,Bulldozer,3,5,22,Dry
2026-05-27,SITE020,Wheel Loader,2,5,22,Dry
2026-05-27,SITE020,Motor Grader,2,5,22,Dry
2026-05-27,SITE020,Backhoe Loader,3,5,22,Dry
2026-05-27,SITE020,Skid Steer Loader,1,5,22,Dry
2026-05-27,SITE020,Road Roller,4,5,22,Dry
2026-05-27,SITE020,Dump Truck,0,5,22,Dry
2026-05-27,SITE020,Forklift,2,5,22,Dry
2026-05-28,SITE001,Excavator,1,5,22,Dry
2026-05-28,SITE001,Bulldozer,6,5,22,Dry
2026-05-28,SITE001,Wheel Loader,2,5,22,Dry
2026-05-28,SITE001,Motor Grader,1,5,22,Dry
2026-05-28,SITE001,Backhoe Loader,2,5,22,Dry
2026-05-28,SITE001,Skid Steer Loader,4,5,22,Dry
2026-05-28,SITE001,Road Roller,1,5,22,Dry
2026-05-28,SITE001,Dump Truck,5,5,22,Dry
2026-05-28,SITE001,Forklift,1,5,22,Dry
2026-05-28,SITE002,Excavator,2,5,22,Dry
2026-05-28,SITE002,Bulldozer,1,5,22,Dry
2026-05-28,SITE002,Wheel Loader,0,5,22,Dry
2026-05-28,SITE002,Motor Grader,4,5,22,Dry
2026-05-28,SITE002,Backhoe Loader,1,5,22,Dry
2026-05-28,SITE002,Skid Steer Loader,2,5,22,Dry
2026-05-28,SITE002,Road Roller,4,5,22,Dry
2026-05-28,SITE002,Dump Truck,2,5,22,Dry
2026-05-28,SITE002,Forklift,4,5,22,Dry
2026-05-28,SITE003,Excavator,6,5,22,Dry
2026-05-28,SITE003,Bulldozer,4,5,22,Dry
2026-05-28,SITE003,Wheel Loader,4,5,22,Dry
2026-05-28,SITE003,Motor Grader,3,5,22,Dry
2026-05-28,SITE003,Backhoe Loader,1,5,22,Dry
2026-05-28,SITE003,Skid Steer Loader,1,5,22,Dry
2026-05-28,SITE003,Road Roller,3,5,22,Dry
2026-05-28,SITE003,Dump Truck,2,5,22,Dry
2026-05-28,SITE003,Forklift,3,5,22,Dry
2026-05-28,SITE004,Excavator,1,5,22,Dry
2026-05-28,SITE004,Bulldozer,2,5,22,Dry
2026-05-28,SITE004,Wheel Loader,2,5,22,Dry
2026-05-28,SITE004,Motor Grader,2,5,22,Dry
2026-05-28,SITE004,Backhoe Loader,1,5,22,Dry
2026-05-28,SITE004,Skid Steer Loader,2,5,22,Dry
2026-05-28,SITE004,Road Roller,2,5,22,Dry
2026-05-28,SITE004,Dump Truck,1,5,22,Dry
2026-05-28,SITE004,Forklift,2,5,22,Dry
2026-05-28,SITE005,Excavator,8,5,22,Dry
2026-05-28,SITE005,Bulldozer,0,5,22,Dry
2026-05-28,SITE005,Wheel Loader,4,5,22,Dry
2026-05-28,SITE005,Motor Grader,2,5,22,Dry
2026-05-28,SITE005,Backhoe Loader,2,5,22,Dry
2026-05-28,SITE005,Skid Steer Loader,2,5,22,Dry
2026-05-28,SITE005,Road Roller,3,5,22,Dry
2026-05-28,SITE005,Dump Truck,0,5,22,Dry
2026-05-28,SITE005,Forklift,1,5,22,Dry
2026-05-28,SITE006,Excavator,3,5,22,Dry
2026-05-28,SITE006,Bulldozer,2,5,22,Dry
2026-05-28,SITE006,Wheel Loader,1,5,22,Dry
2026-05-28,SITE006,Motor Grader,1,5,22,Dry
2026-05-28,SITE006,Backhoe Loader,1,5,22,Dry
2026-05-28,SITE006,Skid Steer Loader,3,5,22,Dry
2026-05-28,SITE006,Road Roller,0,5,22,Dry
2026-05-28,SITE006,Dump Truck,1,5,22,Dry
2026-05-28,SITE006,Forklift,1,5,22,Dry
2026-05-28,SITE007,Excavator,5,5,22,Dry
2026-05-28,SITE007,Bulldozer,3,5,22,Dry
2026-05-28,SITE007,Wheel Loader,2,5,22,Dry
2026-05-28,SITE007,Motor Grader,2,5,22,Dry
2026-05-28,SITE007,Backhoe Loader,5,5,22,Dry
2026-05-28,SITE007,Skid Steer Loader,0,5,22,Dry
2026-05-28,SITE007,Road Roller,0,5,22,Dry
2026-05-28,SITE007,Dump Truck,2,5,22,Dry
2026-05-28,SITE007,Forklift,4,5,22,Dry
2026-05-28,SITE008,Excavator,1,5,22,Dry
2026-05-28,SITE008,Bulldozer,0,5,22,Dry
2026-05-28,SITE008,Wheel Loader,2,5,22,Dry
2026-05-28,SITE008,Motor Grader,1,5,22,Dry
2026-05-28,SITE008,Backhoe Loader,3,5,22,Dry
2026-05-28,SITE008,Skid Steer Loader,1,5,22,Dry
2026-05-28,SITE008,Road Roller,3,5,22,Dry
2026-05-28,SITE008,Dump Truck,2,5,22,Dry
2026-05-28,SITE008,Forklift,1,5,22,Dry
2026-05-28,SITE009,Excavator,5,5,22,Dry
2026-05-28,SITE009,Bulldozer,1,5,22,Dry
2026-05-28,SITE009,Wheel Loader,3,5,22,Dry
2026-05-28,SITE009,Motor Grader,1,5,22,Dry
2026-05-28,SITE009,Backhoe Loader,1,5,22,Dry
2026-05-28,SITE009,Skid Steer Loader,1,5,22,Dry
2026-05-28,SITE009,Road Roller,0,5,22,Dry
2026-05-28,SITE009,Dump Truck,2,5,22,Dry
2026-05-28,SITE009,Forklift,2,5,22,Dry
2026-05-28,SITE010,Excavator,4,5,22,Dry
2026-05-28,SITE010,Bulldozer,0,5,22,Dry
2026-05-28,SITE010,Wheel Loader,3,5,22,Dry
2026-05-28,SITE010,Motor Grader,2,5,22,Dry
2026-05-28,SITE010,Backhoe Loader,1,5,22,Dry
2026-05-28,SITE010,Skid Steer Loader,3,5,22,Dry
2026-05-28,SITE010,Road Roller,1,5,22,Dry
2026-05-28,SITE010,Dump Truck,2,5,22,Dry
2026-05-28,SITE010,Forklift,2,5,22,Dry
2026-05-28,SITE011,Excavator,7,5,22,Dry
2026-05-28,SITE011,Bulldozer,2,5,22,Dry
2026-05-28,SITE011,Wheel Loader,0,5,22,Dry
2026-05-28,SITE011,Motor Grader,3,5,22,Dry
2026-05-28,SITE011,Backhoe Loader,1,5,22,Dry
2026-05-28,SITE011,Skid Steer Loader,1,5,22,Dry
2026-05-28,SITE011,Road Roller,2,5,22,Dry
2026-05-28,SITE011,Dump Truck,2,5,22,Dry
2026-05-28,SITE011,Forklift,1,5,22,Dry
2026-05-28,SITE012,Excavator,4,5,22,Dry
2026-05-28,SITE012,Bulldozer,4,5,22,Dry
2026-05-28,SITE012,Wheel Loader,0,5,22,Dry
2026-05-28,SITE012,Motor Grader,4,5,22,Dry
2026-05-28,SITE012,Backhoe Loader,0,5,22,Dry
2026-05-28,SITE012,Skid Steer Loader,0,5,22,Dry
2026-05-28,SITE012,Road Roller,1,5,22,Dry
2026-05-28,SITE012,Dump Truck,2,5,22,Dry
2026-05-28,SITE012,Forklift,2,5,22,Dry
2026-05-28,SITE013,Excavator,3,5,22,Dry
2026-05-28,SITE013,Bulldozer,3,5,22,Dry
2026-05-28,SITE013,Wheel Loader,3,5,22,Dry
2026-05-28,SITE013,Motor Grader,0,5,22,Dry
2026-05-28,SITE013,Backhoe Loader,1,5,22,Dry
2026-05-28,SITE013,Skid Steer Loader,1,5,22,Dry
2026-05-28,SITE013,Road Roller,1,5,22,Dry
2026-05-28,SITE013,Dump Truck,1,5,22,Dry
2026-05-28,SITE013,Forklift,1,5,22,Dry
2026-05-28,SITE014,Excavator,6,5,22,Dry
2026-05-28,SITE014,Bulldozer,5,5,22,Dry
2026-05-28,SITE014,Wheel Loader,1,5,22,Dry
2026-05-28,SITE014,Motor Grader,2,5,22,Dry
2026-05-28,SITE014,Backhoe Loader,1,5,22,Dry
2026-05-28,SITE014,Skid Steer Loader,0,5,22,Dry
2026-05-28,SITE014,Road Roller,2,5,22,Dry
2026-05-28,SITE014,Dump Truck,1,5,22,Dry
2026-05-28,SITE014,Forklift,1,5,22,Dry
2026-05-28,SITE015,Excavator,4,5,22,Dry
2026-05-28,SITE015,Bulldozer,1,5,22,Dry
2026-05-28,SITE015,Wheel Loader,1,5,22,Dry
2026-05-28,SITE015,Motor Grader,4,5,22,Dry
2026-05-28,SITE015,Backhoe Loader,1,5,22,Dry
2026-05-28,SITE015,Skid Steer Loader,1,5,22,Dry
2026-05-28,SITE015,Road Roller,3,5,22,Dry
2026-05-28,SITE015,Dump Truck,3,5,22,Dry
2026-05-28,SITE015,Forklift,2,5,22,Dry
2026-05-28,SITE016,Excavator,4,5,22,Dry
2026-05-28,SITE016,Bulldozer,4,5,22,Dry
2026-05-28,SITE016,Wheel Loader,2,5,22,Dry
2026-05-28,SITE016,Motor Grader,5,5,22,Dry
2026-05-28,SITE016,Backhoe Loader,3,5,22,Dry
2026-05-28,SITE016,Skid Steer Loader,3,5,22,Dry
2026-05-28,SITE016,Road Roller,1,5,22,Dry
2026-05-28,SITE016,Dump Truck,4,5,22,Dry
2026-05-28,SITE016,Forklift,0,5,22,Dry
2026-05-28,SITE017,Excavator,1,5,22,Dry
2026-05-28,SITE017,Bulldozer,2,5,22,Dry
2026-05-28,SITE017,Wheel Loader,0,5,22,Dry
2026-05-28,SITE017,Motor Grader,2,5,22,Dry
2026-05-28,SITE017,Backhoe Loader,1,5,22,Dry
2026-05-28,SITE017,Skid Steer Loader,2,5,22,Dry
2026-05-28,SITE017,Road Roller,6,5,22,Dry
2026-05-28,SITE017,Dump Truck,3,5,22,Dry
2026-05-28,SITE017,Forklift,3,5,22,Dry
2026-05-28,SITE018,Excavator,5,5,22,Dry
2026-05-28,SITE018,Bulldozer,3,5,22,Dry
2026-05-28,SITE018,Wheel Loader,1,5,22,Dry
2026-05-28,SITE018,Motor Grader,4,5,22,Dry
2026-05-28,SITE018,Backhoe Loader,4,5,22,Dry
2026-05-28,SITE018,Skid Steer Loader,5,5,22,Dry
2026-05-28,SITE018,Road Roller,0,5,22,Dry
2026-05-28,SITE018,Dump Truck,1,5,22,Dry
2026-05-28,SITE018,Forklift,0,5,22,Dry
2026-05-28,SITE019,Excavator,1,5,22,Dry
2026-05-28,SITE019,Bulldozer,1,5,22,Dry
2026-05-28,SITE019,Wheel Loader,1,5,22,Dry
2026-05-28,SITE019,Motor Grader,0,5,22,Dry
2026-05-28,SITE019,Backhoe Loader,3,5,22,Dry
2026-05-28,SITE019,Skid Steer Loader,2,5,22,Dry
2026-05-28,SITE019,Road Roller,0,5,22,Dry
2026-05-28,SITE019,Dump Truck,1,5,22,Dry
2026-05-28,SITE019,Forklift,2,5,22,Dry
2026-05-28,SITE020,Excavator,10,5,22,Dry
2026-05-28,SITE020,Bulldozer,4,5,22,Dry
2026-05-28,SITE020,Wheel Loader,2,5,22,Dry
2026-05-28,SITE020,Motor Grader,1,5,22,Dry
2026-05-28,SITE020,Backhoe Loader,2,5,22,Dry
2026-05-28,SITE020,Skid Steer Loader,1,5,22,Dry
2026-05-28,SITE020,Road Roller,1,5,22,Dry
2026-05-28,SITE020,Dump Truck,1,5,22,Dry
2026-05-28,SITE020,Forklift,5,5,22,Dry
2026-05-29,SITE001,Excavator,4,5,22,Dry
2026-05-29,SITE001,Bulldozer,3,5,22,Dry
2026-05-29,SITE001,Wheel Loader,5,5,22,Dry
2026-05-29,SITE001,Motor Grader,1,5,22,Dry
2026-05-29,SITE001,Backhoe Loader,3,5,22,Dry
2026-05-29,SITE001,Skid Steer Loader,1,5,22,Dry
2026-05-29,SITE001,Road Roller,3,5,22,Dry
2026-05-29,SITE001,Dump Truck,5,5,22,Dry
2026-05-29,SITE001,Forklift,2,5,22,Dry
2026-05-29,SITE002,Excavator,2,5,22,Dry
2026-05-29,SITE002,Bulldozer,1,5,22,Dry
2026-05-29,SITE002,Wheel Loader,3,5,22,Dry
2026-05-29,SITE002,Motor Grader,4,5,22,Dry
2026-05-29,SITE002,Backhoe Loader,1,5,22,Dry
2026-05-29,SITE002,Skid Steer Loader,5,5,22,Dry
2026-05-29,SITE002,Road Roller,2,5,22,Dry
2026-05-29,SITE002,Dump Truck,3,5,22,Dry
2026-05-29,SITE002,Forklift,1,5,22,Dry
2026-05-29,SITE003,Excavator,5,5,22,Dry
2026-05-29,SITE003,Bulldozer,5,5,22,Dry
2026-05-29,SITE003,Wheel Loader,4,5,22,Dry
2026-05-29,SITE003,Motor Grader,2,5,22,Dry
2026-05-29,SITE003,Backhoe Loader,3,5,22,Dry
2026-05-29,SITE003,Skid Steer Loader,1,5,22,Dry
2026-05-29,SITE003,Road Roller,2,5,22,Dry
2026-05-29,SITE003,Dump Truck,1,5,22,Dry
2026-05-29,SITE003,Forklift,5,5,22,Dry
2026-05-29,SITE004,Excavator,3,5,22,Dry
2026-05-29,SITE004,Bulldozer,1,5,22,Dry
2026-05-29,SITE004,Wheel Loader,1,5,22,Dry
2026-05-29,SITE004,Motor Grader,0,5,22,Dry
2026-05-29,SITE004,Backhoe Loader,3,5,22,Dry
2026-05-29,SITE004,Skid Steer Loader,0,5,22,Dry
2026-05-29,SITE004,Road Roller,4,5,22,Dry
2026-05-29,SITE004,Dump Truck,1,5,22,Dry
2026-05-29,SITE004,Forklift,2,5,22,Dry
2026-05-29,SITE005,Excavator,3,5,22,Dry
2026-05-29,SITE005,Bulldozer,1,5,22,Dry
2026-05-29,SITE005,Wheel Loader,1,5,22,Dry
2026-05-29,SITE005,Motor Grader,2,5,22,Dry
2026-05-29,SITE005,Backhoe Loader,0,5,22,Dry
2026-05-29,SITE005,Skid Steer Loader,5,5,22,Dry
2026-05-29,SITE005,Road Roller,4,5,22,Dry
2026-05-29,SITE005,Dump Truck,4,5,22,Dry
2026-05-29,SITE005,Forklift,1,5,22,Dry
2026-05-29,SITE006,Excavator,3,5,22,Dry
2026-05-29,SITE006,Bulldozer,3,5,22,Dry
2026-05-29,SITE006,Wheel Loader,3,5,22,Dry
2026-05-29,SITE006,Motor Grader,0,5,22,Dry
2026-05-29,SITE006,Backhoe Loader,1,5,22,Dry
2026-05-29,SITE006,Skid Steer Loader,3,5,22,Dry
2026-05-29,SITE006,Road Roller,2,5,22,Dry
2026-05-29,SITE006,Dump Truck,3,5,22,Dry
2026-05-29,SITE006,Forklift,2,5,22,Dry
2026-05-29,SITE007,Excavator,2,5,22,Dry
2026-05-29,SITE007,Bulldozer,3,5,22,Dry
2026-05-29,SITE007,Wheel Loader,1,5,22,Dry
2026-05-29,SITE007,Motor Grader,3,5,22,Dry
2026-05-29,SITE007,Backhoe Loader,6,5,22,Dry
2026-05-29,SITE007,Skid Steer Loader,1,5,22,Dry
2026-05-29,SITE007,Road Roller,2,5,22,Dry
2026-05-29,SITE007,Dump Truck,5,5,22,Dry
2026-05-29,SITE007,Forklift,2,5,22,Dry
2026-05-29,SITE008,Excavator,0,5,22,Dry
2026-05-29,SITE008,Bulldozer,4,5,22,Dry
2026-05-29,SITE008,Wheel Loader,1,5,22,Dry
2026-05-29,SITE008,Motor Grader,1,5,22,Dry
2026-05-29,SITE008,Backhoe Loader,0,5,22,Dry
2026-05-29,SITE008,Skid Steer Loader,1,5,22,Dry
2026-05-29,SITE008,Road Roller,3,5,22,Dry
2026-05-29,SITE008,Dump Truck,3,5,22,Dry
2026-05-29,SITE008,Forklift,2,5,22,Dry
2026-05-29,SITE009,Excavator,0,5,22,Dry
2026-05-29,SITE009,Bulldozer,2,5,22,Dry
2026-05-29,SITE009,Wheel Loader,1,5,22,Dry
2026-05-29,SITE009,Motor Grader,3,5,22,Dry
2026-05-29,SITE009,Backhoe Loader,0,5,22,Dry
2026-05-29,SITE009,Skid Steer Loader,1,5,22,Dry
2026-05-29,SITE009,Road Roller,3,5,22,Dry
2026-05-29,SITE009,Dump Truck,4,5,22,Dry
2026-05-29,SITE009,Forklift,0,5,22,Dry
2026-05-29,SITE010,Excavator,2,5,22,Dry
2026-05-29,SITE010,Bulldozer,1,5,22,Dry
2026-05-29,SITE010,Wheel Loader,1,5,22,Dry
2026-05-29,SITE010,Motor Grader,2,5,22,Dry
2026-05-29,SITE010,Backhoe Loader,1,5,22,Dry
2026-05-29,SITE010,Skid Steer Loader,4,5,22,Dry
2026-05-29,SITE010,Road Roller,3,5,22,Dry
2026-05-29,SITE010,Dump Truck,3,5,22,Dry
2026-05-29,SITE010,Forklift,3,5,22,Dry
2026-05-29,SITE011,Excavator,6,5,22,Dry
2026-05-29,SITE011,Bulldozer,3,5,22,Dry
2026-05-29,SITE011,Wheel Loader,3,5,22,Dry
2026-05-29,SITE011,Motor Grader,3,5,22,Dry
2026-05-29,SITE011,Backhoe Loader,4,5,22,Dry
2026-05-29,SITE011,Skid Steer Loader,1,5,22,Dry
2026-05-29,SITE011,Road Roller,1,5,22,Dry
2026-05-29,SITE011,Dump Truck,0,5,22,Dry
2026-05-29,SITE011,Forklift,6,5,22,Dry
2026-05-29,SITE012,Excavator,1,5,22,Dry
2026-05-29,SITE012,Bulldozer,0,5,22,Dry
2026-05-29,SITE012,Wheel Loader,3,5,22,Dry
2026-05-29,SITE012,Motor Grader,1,5,22,Dry
2026-05-29,SITE012,Backhoe Loader,2,5,22,Dry
2026-05-29,SITE012,Skid Steer Loader,1,5,22,Dry
2026-05-29,SITE012,Road Roller,1,5,22,Dry
2026-05-29,SITE012,Dump Truck,2,5,22,Dry
2026-05-29,SITE012,Forklift,2,5,22,Dry
2026-05-29,SITE013,Excavator,2,5,22,Dry
2026-05-29,SITE013,Bulldozer,2,5,22,Dry
2026-05-29,SITE013,Wheel Loader,2,5,22,Dry
2026-05-29,SITE013,Motor Grader,2,5,22,Dry
2026-05-29,SITE013,Backhoe Loader,4,5,22,Dry
2026-05-29,SITE013,Skid Steer Loader,1,5,22,Dry
2026-05-29,SITE013,Road Roller,1,5,22,Dry
2026-05-29,SITE013,Dump Truck,2,5,22,Dry
2026-05-29,SITE013,Forklift,2,5,22,Dry
2026-05-29,SITE014,Excavator,4,5,22,Dry
2026-05-29,SITE014,Bulldozer,2,5,22,Dry
2026-05-29,SITE014,Wheel Loader,0,5,22,Dry
2026-05-29,SITE014,Motor Grader,3,5,22,Dry
2026-05-29,SITE014,Backhoe Loader,5,5,22,Dry
2026-05-29,SITE014,Skid Steer Loader,2,5,22,Dry
2026-05-29,SITE014,Road Roller,3,5,22,Dry
2026-05-29,SITE014,Dump Truck,1,5,22,Dry
2026-05-29,SITE014,Forklift,4,5,22,Dry
2026-05-29,SITE015,Excavator,6,5,22,Dry
2026-05-29,SITE015,Bulldozer,3,5,22,Dry
2026-05-29,SITE015,Wheel Loader,2,5,22,Dry
2026-05-29,SITE015,Motor Grader,1,5,22,Dry
2026-05-29,SITE015,Backhoe Loader,1,5,22,Dry
2026-05-29,SITE015,Skid Steer Loader,3,5,22,Dry
2026-05-29,SITE015,Road Roller,4,5,22,Dry
2026-05-29,SITE015,Dump Truck,5,5,22,Dry
2026-05-29,SITE015,Forklift,3,5,22,Dry
2026-05-29,SITE016,Excavator,3,5,22,Dry
2026-05-29,SITE016,Bulldozer,3,5,22,Dry
2026-05-29,SITE016,Wheel Loader,3,5,22,Dry
2026-05-29,SITE016,Motor Grader,3,5,22,Dry
2026-05-29,SITE016,Backhoe Loader,1,5,22,Dry
2026-05-29,SITE016,Skid Steer Loader,2,5,22,Dry
2026-05-29,SITE016,Road Roller,3,5,22,Dry
2026-05-29,SITE016,Dump Truck,1,5,22,Dry
2026-05-29,SITE016,Forklift,4,5,22,Dry
2026-05-29,SITE017,Excavator,5,5,22,Dry
2026-05-29,SITE017,Bulldozer,2,5,22,Dry
2026-05-29,SITE017,Wheel Loader,1,5,22,Dry
2026-05-29,SITE017,Motor Grader,2,5,22,Dry
2026-05-29,SITE017,Backhoe Loader,1,5,22,Dry
2026-05-29,SITE017,Skid Steer Loader,5,5,22,Dry
2026-05-29,SITE017,Road Roller,3,5,22,Dry
2026-05-29,SITE017,Dump Truck,1,5,22,Dry
2026-05-29,SITE017,Forklift,2,5,22,Dry
2026-05-29,SITE018,Excavator,3,5,22,Dry
2026-05-29,SITE018,Bulldozer,3,5,22,Dry
2026-05-29,SITE018,Wheel Loader,5,5,22,Dry
2026-05-29,SITE018,Motor Grader,1,5,22,Dry
2026-05-29,SITE018,Backhoe Loader,0,5,22,Dry
2026-05-29,SITE018,Skid Steer Loader,0,5,22,Dry
2026-05-29,SITE018,Road Roller,4,5,22,Dry
2026-05-29,SITE018,Dump Truck,0,5,22,Dry
2026-05-29,SITE018,Forklift,1,5,22,Dry
2026-05-29,SITE019,Excavator,4,5,22,Dry
2026-05-29,SITE019,Bulldozer,1,5,22,Dry
2026-05-29,SITE019,Wheel Loader,3,5,22,Dry
2026-05-29,SITE019,Motor Grader,4,5,22,Dry
2026-05-29,SITE019,Backhoe Loader,2,5,22,Dry
2026-05-29,SITE019,Skid Steer Loader,3,5,22,Dry
2026-05-29,SITE019,Road Roller,2,5,22,Dry
2026-05-29,SITE019,Dump Truck,2,5,22,Dry
2026-05-29,SITE019,Forklift,2,5,22,Dry
2026-05-29,SITE020,Excavator,6,5,22,Dry
2026-05-29,SITE020,Bulldozer,0,5,22,Dry
2026-05-29,SITE020,Wheel Loader,1,5,22,Dry
2026-05-29,SITE020,Motor Grader,1,5,22,Dry
2026-05-29,SITE020,Backhoe Loader,1,5,22,Dry
2026-05-29,SITE020,Skid Steer Loader,5,5,22,Dry
2026-05-29,SITE020,Road Roller,4,5,22,Dry
2026-05-29,SITE020,Dump Truck,1,5,22,Dry
2026-05-29,SITE020,Forklift,2,5,22,Dry
2026-05-30,SITE001,Excavator,4,5,22,Dry
2026-05-30,SITE001,Bulldozer,0,5,22,Dry
2026-05-30,SITE001,Wheel Loader,3,5,22,Dry
2026-05-30,SITE001,Motor Grader,3,5,22,Dry
2026-05-30,SITE001,Backhoe Loader,3,5,22,Dry
2026-05-30,SITE001,Skid Steer Loader,4,5,22,Dry
2026-05-30,SITE001,Road Roller,2,5,22,Dry
2026-05-30,SITE001,Dump Truck,2,5,22,Dry
2026-05-30,SITE001,Forklift,1,5,22,Dry
2026-05-30,SITE002,Excavator,7,5,22,Dry
2026-05-30,SITE002,Bulldozer,2,5,22,Dry
2026-05-30,SITE002,Wheel Loader,2,5,22,Dry
2026-05-30,SITE002,Motor Grader,2,5,22,Dry
2026-05-30,SITE002,Backhoe Loader,5,5,22,Dry
2026-05-30,SITE002,Skid Steer Loader,3,5,22,Dry
2026-05-30,SITE002,Road Roller,2,5,22,Dry
2026-05-30,SITE002,Dump Truck,3,5,22,Dry
2026-05-30,SITE002,Forklift,4,5,22,Dry
2026-05-30,SITE003,Excavator,4,5,22,Dry
2026-05-30,SITE003,Bulldozer,1,5,22,Dry
2026-05-30,SITE003,Wheel Loader,7,5,22,Dry
2026-05-30,SITE003,Motor Grader,2,5,22,Dry
2026-05-30,SITE003,Backhoe Loader,4,5,22,Dry
2026-05-30,SITE003,Skid Steer Loader,0,5,22,Dry
2026-05-30,SITE003,Road Roller,1,5,22,Dry
2026-05-30,SITE003,Dump Truck,2,5,22,Dry
2026-05-30,SITE003,Forklift,1,5,22,Dry
2026-05-30,SITE004,Excavator,2,5,22,Dry
2026-05-30,SITE004,Bulldozer,1,5,22,Dry
2026-05-30,SITE004,Wheel Loader,0,5,22,Dry
2026-05-30,SITE004,Motor Grader,2,5,22,Dry
2026-05-30,SITE004,Backhoe Loader,3,5,22,Dry
2026-05-30,SITE004,Skid Steer Loader,2,5,22,Dry
2026-05-30,SITE004,Road Roller,8,5,22,Dry
2026-05-30,SITE004,Dump Truck,1,5,22,Dry
2026-05-30,SITE004,Forklift,1,5,22,Dry
2026-05-30,SITE005,Excavator,5,5,22,Dry
2026-05-30,SITE005,Bulldozer,2,5,22,Dry
2026-05-30,SITE005,Wheel Loader,1,5,22,Dry
2026-05-30,SITE005,Motor Grader,2,5,22,Dry
2026-05-30,SITE005,Backhoe Loader,2,5,22,Dry
2026-05-30,SITE005,Skid Steer Loader,3,5,22,Dry
2026-05-30,SITE005,Road Roller,3,5,22,Dry
2026-05-30,SITE005,Dump Truck,1,5,22,Dry
2026-05-30,SITE005,Forklift,1,5,22,Dry
2026-05-30,SITE006,Excavator,7,5,22,Dry
2026-05-30,SITE006,Bulldozer,2,5,22,Dry
2026-05-30,SITE006,Wheel Loader,0,5,22,Dry
2026-05-30,SITE006,Motor Grader,3,5,22,Dry
2026-05-30,SITE006,Backhoe Loader,3,5,22,Dry
2026-05-30,SITE006,Skid Steer Loader,1,5,22,Dry
2026-05-30,SITE006,Road Roller,3,5,22,Dry
2026-05-30,SITE006,Dump Truck,0,5,22,Dry
2026-05-30,SITE006,Forklift,1,5,22,Dry
2026-05-30,SITE007,Excavator,4,5,22,Dry
2026-05-30,SITE007,Bulldozer,2,5,22,Dry
2026-05-30,SITE007,Wheel Loader,3,5,22,Dry
2026-05-30,SITE007,Motor Grader,4,5,22,Dry
2026-05-30,SITE007,Backhoe Loader,1,5,22,Dry
2026-05-30,SITE007,Skid Steer Loader,3,5,22,Dry
2026-05-30,SITE007,Road Roller,0,5,22,Dry
2026-05-30,SITE007,Dump Truck,1,5,22,Dry
2026-05-30,SITE007,Forklift,1,5,22,Dry
2026-05-30,SITE008,Excavator,3,5,22,Dry
2026-05-30,SITE008,Bulldozer,2,5,22,Dry
2026-05-30,SITE008,Wheel Loader,0,5,22,Dry
2026-05-30,SITE008,Motor Grader,2,5,22,Dry
2026-05-30,SITE008,Backhoe Loader,2,5,22,Dry
2026-05-30,SITE008,Skid Steer Loader,4,5,22,Dry
2026-05-30,SITE008,Road Roller,3,5,22,Dry
2026-05-30,SITE008,Dump Truck,5,5,22,Dry
2026-05-30,SITE008,Forklift,2,5,22,Dry
2026-05-30,SITE009,Excavator,5,5,22,Dry
2026-05-30,SITE009,Bulldozer,2,5,22,Dry
2026-05-30,SITE009,Wheel Loader,5,5,22,Dry
2026-05-30,SITE009,Motor Grader,0,5,22,Dry
2026-05-30,SITE009,Backhoe Loader,1,5,22,Dry
2026-05-30,SITE009,Skid Steer Loader,2,5,22,Dry
2026-05-30,SITE009,Road Roller,2,5,22,Dry
2026-05-30,SITE009,Dump Truck,1,5,22,Dry
2026-05-30,SITE009,Forklift,3,5,22,Dry
2026-05-30,SITE010,Excavator,10,5,22,Dry
2026-05-30,SITE010,Bulldozer,2,5,22,Dry
2026-05-30,SITE010,Wheel Loader,2,5,22,Dry
2026-05-30,SITE010,Motor Grader,0,5,22,Dry
2026-05-30,SITE010,Backhoe Loader,3,5,22,Dry
2026-05-30,SITE010,Skid Steer Loader,1,5,22,Dry
2026-05-30,SITE010,Road Roller,4,5,22,Dry
2026-05-30,SITE010,Dump Truck,2,5,22,Dry
2026-05-30,SITE010,Forklift,3,5,22,Dry
2026-05-30,SITE011,Excavator,1,5,22,Dry
2026-05-30,SITE011,Bulldozer,4,5,22,Dry
2026-05-30,SITE011,Wheel Loader,1,5,22,Dry
2026-05-30,SITE011,Motor Grader,4,5,22,Dry
2026-05-30,SITE011,Backhoe Loader,1,5,22,Dry
2026-05-30,SITE011,Skid Steer Loader,1,5,22,Dry
2026-05-30,SITE011,Road Roller,1,5,22,Dry
2026-05-30,SITE011,Dump Truck,3,5,22,Dry
2026-05-30,SITE011,Forklift,2,5,22,Dry
2026-05-30,SITE012,Excavator,2,5,22,Dry
2026-05-30,SITE012,Bulldozer,4,5,22,Dry
2026-05-30,SITE012,Wheel Loader,2,5,22,Dry
2026-05-30,SITE012,Motor Grader,1,5,22,Dry
2026-05-30,SITE012,Backhoe Loader,1,5,22,Dry
2026-05-30,SITE012,Skid Steer Loader,4,5,22,Dry
2026-05-30,SITE012,Road Roller,4,5,22,Dry
2026-05-30,SITE012,Dump Truck,2,5,22,Dry
2026-05-30,SITE012,Forklift,5,5,22,Dry
2026-05-30,SITE013,Excavator,2,5,22,Dry
2026-05-30,SITE013,Bulldozer,4,5,22,Dry
2026-05-30,SITE013,Wheel Loader,7,5,22,Dry
2026-05-30,SITE013,Motor Grader,3,5,22,Dry
2026-05-30,SITE013,Backhoe Loader,2,5,22,Dry
2026-05-30,SITE013,Skid Steer Loader,1,5,22,Dry
2026-05-30,SITE013,Road Roller,2,5,22,Dry
2026-05-30,SITE013,Dump Truck,1,5,22,Dry
2026-05-30,SITE013,Forklift,1,5,22,Dry
2026-05-30,SITE014,Excavator,7,5,22,Dry
2026-05-30,SITE014,Bulldozer,6,5,22,Dry
2026-05-30,SITE014,Wheel Loader,3,5,22,Dry
2026-05-30,SITE014,Motor Grader,1,5,22,Dry
2026-05-30,SITE014,Backhoe Loader,4,5,22,Dry
2026-05-30,SITE014,Skid Steer Loader,3,5,22,Dry
2026-05-30,SITE014,Road Roller,2,5,22,Dry
2026-05-30,SITE014,Dump Truck,7,5,22,Dry
2026-05-30,SITE014,Forklift,1,5,22,Dry
2026-05-30,SITE015,Excavator,0,5,22,Dry
2026-05-30,SITE015,Bulldozer,1,5,22,Dry
2026-05-30,SITE015,Wheel Loader,2,5,22,Dry
2026-05-30,SITE015,Motor Grader,5,5,22,Dry
2026-05-30,SITE015,Backhoe Loader,1,5,22,Dry
2026-05-30,SITE015,Skid Steer Loader,2,5,22,Dry
2026-05-30,SITE015,Road Roller,1,5,22,Dry
2026-05-30,SITE015,Dump Truck,2,5,22,Dry
2026-05-30,SITE015,Forklift,1,5,22,Dry
2026-05-30,SITE016,Excavator,2,5,22,Dry
2026-05-30,SITE016,Bulldozer,4,5,22,Dry
2026-05-30,SITE016,Wheel Loader,0,5,22,Dry
2026-05-30,SITE016,Motor Grader,2,5,22,Dry
2026-05-30,SITE016,Backhoe Loader,3,5,22,Dry
2026-05-30,SITE016,Skid Steer Loader,1,5,22,Dry
2026-05-30,SITE016,Road Roller,2,5,22,Dry
2026-05-30,SITE016,Dump Truck,3,5,22,Dry
2026-05-30,SITE016,Forklift,4,5,22,Dry
2026-05-30,SITE017,Excavator,4,5,22,Dry
2026-05-30,SITE017,Bulldozer,5,5,22,Dry
2026-05-30,SITE017,Wheel Loader,3,5,22,Dry
2026-05-30,SITE017,Motor Grader,2,5,22,Dry
2026-05-30,SITE017,Backhoe Loader,2,5,22,Dry
2026-05-30,SITE017,Skid Steer Loader,3,5,22,Dry
2026-05-30,SITE017,Road Roller,2,5,22,Dry
2026-05-30,SITE017,Dump Truck,2,5,22,Dry
2026-05-30,SITE017,Forklift,5,5,22,Dry
2026-05-30,SITE018,Excavator,3,5,22,Dry
2026-05-30,SITE018,Bulldozer,2,5,22,Dry
2026-05-30,SITE018,Wheel Loader,3,5,22,Dry
2026-05-30,SITE018,Motor Grader,1,5,22,Dry
2026-05-30,SITE018,Backhoe Loader,2,5,22,Dry
2026-05-30,SITE018,Skid Steer Loader,1,5,22,Dry
2026-05-30,SITE018,Road Roller,2,5,22,Dry
2026-05-30,SITE018,Dump Truck,2,5,22,Dry
2026-05-30,SITE018,Forklift,2,5,22,Dry
2026-05-30,SITE019,Excavator,8,5,22,Dry
2026-05-30,SITE019,Bulldozer,3,5,22,Dry
2026-05-30,SITE019,Wheel Loader,0,5,22,Dry
2026-05-30,SITE019,Motor Grader,1,5,22,Dry
2026-05-30,SITE019,Backhoe Loader,1,5,22,Dry
2026-05-30,SITE019,Skid Steer Loader,0,5,22,Dry
2026-05-30,SITE019,Road Roller,2,5,22,Dry
2026-05-30,SITE019,Dump Truck,4,5,22,Dry
2026-05-30,SITE019,Forklift,3,5,22,Dry
2026-05-30,SITE020,Excavator,0,5,22,Dry
2026-05-30,SITE020,Bulldozer,1,5,22,Dry
2026-05-30,SITE020,Wheel Loader,3,5,22,Dry
2026-05-30,SITE020,Motor Grader,3,5,22,Dry
2026-05-30,SITE020,Backhoe Loader,2,5,22,Dry
2026-05-30,SITE020,Skid Steer Loader,1,5,22,Dry
2026-05-30,SITE020,Road Roller,1,5,22,Dry
2026-05-30,SITE020,Dump Truck,0,5,22,Dry
2026-05-30,SITE020,Forklift,3,5,22,Dry
2026-05-31,SITE001,Excavator,5,5,22,Dry
2026-05-31,SITE001,Bulldozer,3,5,22,Dry
2026-05-31,SITE001,Wheel Loader,1,5,22,Dry
2026-05-31,SITE001,Motor Grader,1,5,22,Dry
2026-05-31,SITE001,Backhoe Loader,3,5,22,Dry
2026-05-31,SITE001,Skid Steer Loader,3,5,22,Dry
2026-05-31,SITE001,Road Roller,3,5,22,Dry
2026-05-31,SITE001,Dump Truck,1,5,22,Dry
2026-05-31,SITE001,Forklift,0,5,22,Dry
2026-05-31,SITE002,Excavator,6,5,22,Dry
2026-05-31,SITE002,Bulldozer,2,5,22,Dry
2026-05-31,SITE002,Wheel Loader,3,5,22,Dry
2026-05-31,SITE002,Motor Grader,2,5,22,Dry
2026-05-31,SITE002,Backhoe Loader,6,5,22,Dry
2026-05-31,SITE002,Skid Steer Loader,1,5,22,Dry
2026-05-31,SITE002,Road Roller,3,5,22,Dry
2026-05-31,SITE002,Dump Truck,3,5,22,Dry
2026-05-31,SITE002,Forklift,1,5,22,Dry
2026-05-31,SITE003,Excavator,3,5,22,Dry
2026-05-31,SITE003,Bulldozer,1,5,22,Dry
2026-05-31,SITE003,Wheel Loader,3,5,22,Dry
2026-05-31,SITE003,Motor Grader,2,5,22,Dry
2026-05-31,SITE003,Backhoe Loader,2,5,22,Dry
2026-05-31,SITE003,Skid Steer Loader,0,5,22,Dry
2026-05-31,SITE003,Road Roller,1,5,22,Dry
2026-05-31,SITE003,Dump Truck,5,5,22,Dry
2026-05-31,SITE003,Forklift,0,5,22,Dry
2026-05-31,SITE004,Excavator,6,5,22,Dry
2026-05-31,SITE004,Bulldozer,1,5,22,Dry
2026-05-31,SITE004,Wheel Loader,1,5,22,Dry
2026-05-31,SITE004,Motor Grader,1,5,22,Dry
2026-05-31,SITE004,Backhoe Loader,2,5,22,Dry
2026-05-31,SITE004,Skid Steer Loader,1,5,22,Dry
2026-05-31,SITE004,Road Roller,0,5,22,Dry
2026-05-31,SITE004,Dump Truck,3,5,22,Dry
2026-05-31,SITE004,Forklift,0,5,22,Dry
2026-05-31,SITE005,Excavator,2,5,22,Dry
2026-05-31,SITE005,Bulldozer,1,5,22,Dry
2026-05-31,SITE005,Wheel Loader,2,5,22,Dry
2026-05-31,SITE005,Motor Grader,0,5,22,Dry
2026-05-31,SITE005,Backhoe Loader,3,5,22,Dry
2026-05-31,SITE005,Skid Steer Loader,2,5,22,Dry
2026-05-31,SITE005,Road Roller,0,5,22,Dry
2026-05-31,SITE005,Dump Truck,3,5,22,Dry
2026-05-31,SITE005,Forklift,3,5,22,Dry
2026-05-31,SITE006,Excavator,7,5,22,Dry
2026-05-31,SITE006,Bulldozer,1,5,22,Dry
2026-05-31,SITE006,Wheel Loader,2,5,22,Dry
2026-05-31,SITE006,Motor Grader,3,5,22,Dry
2026-05-31,SITE006,Backhoe Loader,2,5,22,Dry
2026-05-31,SITE006,Skid Steer Loader,4,5,22,Dry
2026-05-31,SITE006,Road Roller,1,5,22,Dry
2026-05-31,SITE006,Dump Truck,1,5,22,Dry
2026-05-31,SITE006,Forklift,5,5,22,Dry
2026-05-31,SITE007,Excavator,5,5,22,Dry
2026-05-31,SITE007,Bulldozer,5,5,22,Dry
2026-05-31,SITE007,Wheel Loader,5,5,22,Dry
2026-05-31,SITE007,Motor Grader,4,5,22,Dry
2026-05-31,SITE007,Backhoe Loader,5,5,22,Dry
2026-05-31,SITE007,Skid Steer Loader,3,5,22,Dry
2026-05-31,SITE007,Road Roller,3,5,22,Dry
2026-05-31,SITE007,Dump Truck,1,5,22,Dry
2026-05-31,SITE007,Forklift,5,5,22,Dry
2026-05-31,SITE008,Excavator,9,5,22,Dry
2026-05-31,SITE008,Bulldozer,2,5,22,Dry
2026-05-31,SITE008,Wheel Loader,0,5,22,Dry
2026-05-31,SITE008,Motor Grader,0,5,22,Dry
2026-05-31,SITE008,Backhoe Loader,2,5,22,Dry
2026-05-31,SITE008,Skid Steer Loader,0,5,22,Dry
2026-05-31,SITE008,Road Roller,2,5,22,Dry
2026-05-31,SITE008,Dump Truck,2,5,22,Dry
2026-05-31,SITE008,Forklift,3,5,22,Dry
2026-05-31,SITE009,Excavator,3,5,22,Dry
2026-05-31,SITE009,Bulldozer,0,5,22,Dry
2026-05-31,SITE009,Wheel Loader,4,5,22,Dry
2026-05-31,SITE009,Motor Grader,1,5,22,Dry
2026-05-31,SITE009,Backhoe Loader,1,5,22,Dry
2026-05-31,SITE009,Skid Steer Loader,2,5,22,Dry
2026-05-31,SITE009,Road Roller,0,5,22,Dry
2026-05-31,SITE009,Dump Truck,2,5,22,Dry
2026-05-31,SITE009,Forklift,2,5,22,Dry
2026-05-31,SITE010,Excavator,3,5,22,Dry
2026-05-31,SITE010,Bulldozer,4,5,22,Dry
2026-05-31,SITE010,Wheel Loader,5,5,22,Dry
2026-05-31,SITE010,Motor Grader,2,5,22,Dry
2026-05-31,SITE010,Backhoe Loader,1,5,22,Dry
2026-05-31,SITE010,Skid Steer Loader,1,5,22,Dry
2026-05-31,SITE010,Road Roller,2,5,22,Dry
2026-05-31,SITE010,Dump Truck,1,5,22,Dry
2026-05-31,SITE010,Forklift,2,5,22,Dry
2026-05-31,SITE011,Excavator,4,5,22,Dry
2026-05-31,SITE011,Bulldozer,2,5,22,Dry
2026-05-31,SITE011,Wheel Loader,1,5,22,Dry
2026-05-31,SITE011,Motor Grader,1,5,22,Dry
2026-05-31,SITE011,Backhoe Loader,5,5,22,Dry
2026-05-31,SITE011,Skid Steer Loader,0,5,22,Dry
2026-05-31,SITE011,Road Roller,3,5,22,Dry
2026-05-31,SITE011,Dump Truck,0,5,22,Dry
2026-05-31,SITE011,Forklift,2,5,22,Dry
2026-05-31,SITE012,Excavator,4,5,22,Dry
2026-05-31,SITE012,Bulldozer,2,5,22,Dry
2026-05-31,SITE012,Wheel Loader,1,5,22,Dry
2026-05-31,SITE012,Motor Grader,2,5,22,Dry
2026-05-31,SITE012,Backhoe Loader,3,5,22,Dry
2026-05-31,SITE012,Skid Steer Loader,2,5,22,Dry
2026-05-31,SITE012,Road Roller,0,5,22,Dry
2026-05-31,SITE012,Dump Truck,1,5,22,Dry
2026-05-31,SITE012,Forklift,4,5,22,Dry
2026-05-31,SITE013,Excavator,5,5,22,Dry
2026-05-31,SITE013,Bulldozer,1,5,22,Dry
2026-05-31,SITE013,Wheel Loader,1,5,22,Dry
2026-05-31,SITE013,Motor Grader,2,5,22,Dry
2026-05-31,SITE013,Backhoe Loader,1,5,22,Dry
2026-05-31,SITE013,Skid Steer Loader,1,5,22,Dry
2026-05-31,SITE013,Road Roller,3,5,22,Dry
2026-05-31,SITE013,Dump Truck,3,5,22,Dry
2026-05-31,SITE013,Forklift,1,5,22,Dry
2026-05-31,SITE014,Excavator,4,5,22,Dry
2026-05-31,SITE014,Bulldozer,3,5,22,Dry
2026-05-31,SITE014,Wheel Loader,1,5,22,Dry
2026-05-31,SITE014,Motor Grader,1,5,22,Dry
2026-05-31,SITE014,Backhoe Loader,3,5,22,Dry
2026-05-31,SITE014,Skid Steer Loader,2,5,22,Dry
2026-05-31,SITE014,Road Roller,2,5,22,Dry
2026-05-31,SITE014,Dump Truck,2,5,22,Dry
2026-05-31,SITE014,Forklift,3,5,22,Dry
2026-05-31,SITE015,Excavator,4,5,22,Dry
2026-05-31,SITE015,Bulldozer,1,5,22,Dry
2026-05-31,SITE015,Wheel Loader,0,5,22,Dry
2026-05-31,SITE015,Motor Grader,5,5,22,Dry
2026-05-31,SITE015,Backhoe Loader,2,5,22,Dry
2026-05-31,SITE015,Skid Steer Loader,1,5,22,Dry
2026-05-31,SITE015,Road Roller,2,5,22,Dry
2026-05-31,SITE015,Dump Truck,2,5,22,Dry
2026-05-31,SITE015,Forklift,1,5,22,Dry
2026-05-31,SITE016,Excavator,2,5,22,Dry
2026-05-31,SITE016,Bulldozer,2,5,22,Dry
2026-05-31,SITE016,Wheel Loader,3,5,22,Dry
2026-05-31,SITE016,Motor Grader,2,5,22,Dry
2026-05-31,SITE016,Backhoe Loader,4,5,22,Dry
2026-05-31,SITE016,Skid Steer Loader,2,5,22,Dry
2026-05-31,SITE016,Road Roller,2,5,22,Dry
2026-05-31,SITE016,Dump Truck,2,5,22,Dry
2026-05-31,SITE016,Forklift,2,5,22,Dry
2026-05-31,SITE017,Excavator,5,5,22,Dry
2026-05-31,SITE017,Bulldozer,2,5,22,Dry
2026-05-31,SITE017,Wheel Loader,2,5,22,Dry
2026-05-31,SITE017,Motor Grader,2,5,22,Dry
2026-05-31,SITE017,Backhoe Loader,1,5,22,Dry
2026-05-31,SITE017,Skid Steer Loader,2,5,22,Dry
2026-05-31,SITE017,Road Roller,0,5,22,Dry
2026-05-31,SITE017,Dump Truck,4,5,22,Dry
2026-05-31,SITE017,Forklift,3,5,22,Dry
2026-05-31,SITE018,Excavator,7,5,22,Dry
2026-05-31,SITE018,Bulldozer,0,5,22,Dry
2026-05-31,SITE018,Wheel Loader,4,5,22,Dry
2026-05-31,SITE018,Motor Grader,2,5,22,Dry
2026-05-31,SITE018,Backhoe Loader,1,5,22,Dry
2026-05-31,SITE018,Skid Steer Loader,0,5,22,Dry
2026-05-31,SITE018,Road Roller,0,5,22,Dry
2026-05-31,SITE018,Dump Truck,2,5,22,Dry
2026-05-31,SITE018,Forklift,0,5,22,Dry
2026-05-31,SITE019,Excavator,6,5,22,Dry
2026-05-31,SITE019,Bulldozer,2,5,22,Dry
2026-05-31,SITE019,Wheel Loader,3,5,22,Dry
2026-05-31,SITE019,Motor Grader,2,5,22,Dry
2026-05-31,SITE019,Backhoe Loader,5,5,22,Dry
2026-05-31,SITE019,Skid Steer Loader,1,5,22,Dry
2026-05-31,SITE019,Road Roller,0,5,22,Dry
2026-05-31,SITE019,Dump Truck,3,5,22,Dry
2026-05-31,SITE019,Forklift,2,5,22,Dry
2026-05-31,SITE020,Excavator,6,5,22,Dry
2026-05-31,SITE020,Bulldozer,0,5,22,Dry
2026-05-31,SITE020,Wheel Loader,2,5,22,Dry
2026-05-31,SITE020,Motor Grader,1,5,22,Dry
2026-05-31,SITE020,Backhoe Loader,3,5,22,Dry
2026-05-31,SITE020,Skid Steer Loader,3,5,22,Dry
2026-05-31,SITE020,Road Roller,1,5,22,Dry
2026-05-31,SITE020,Dump Truck,0,5,22,Dry
2026-05-31,SITE020,Forklift,3,5,22,Dry
2026-06-01,SITE001,Excavator,5,6,23,Monsoon
2026-06-01,SITE001,Bulldozer,4,6,23,Monsoon
2026-06-01,SITE001,Wheel Loader,2,6,23,Monsoon
2026-06-01,SITE001,Motor Grader,2,6,23,Monsoon
2026-06-01,SITE001,Backhoe Loader,2,6,23,Monsoon
2026-06-01,SITE001,Skid Steer Loader,0,6,23,Monsoon
2026-06-01,SITE001,Road Roller,3,6,23,Monsoon
2026-06-01,SITE001,Dump Truck,1,6,23,Monsoon
2026-06-01,SITE001,Forklift,2,6,23,Monsoon
2026-06-01,SITE002,Excavator,6,6,23,Monsoon
2026-06-01,SITE002,Bulldozer,1,6,23,Monsoon
2026-06-01,SITE002,Wheel Loader,1,6,23,Monsoon
2026-06-01,SITE002,Motor Grader,2,6,23,Monsoon
2026-06-01,SITE002,Backhoe Loader,1,6,23,Monsoon
2026-06-01,SITE002,Skid Steer Loader,3,6,23,Monsoon
2026-06-01,SITE002,Road Roller,1,6,23,Monsoon
2026-06-01,SITE002,Dump Truck,4,6,23,Monsoon
2026-06-01,SITE002,Forklift,0,6,23,Monsoon
2026-06-01,SITE003,Excavator,2,6,23,Monsoon
2026-06-01,SITE003,Bulldozer,5,6,23,Monsoon
2026-06-01,SITE003,Wheel Loader,3,6,23,Monsoon
2026-06-01,SITE003,Motor Grader,3,6,23,Monsoon
2026-06-01,SITE003,Backhoe Loader,2,6,23,Monsoon
2026-06-01,SITE003,Skid Steer Loader,4,6,23,Monsoon
2026-06-01,SITE003,Road Roller,3,6,23,Monsoon
2026-06-01,SITE003,Dump Truck,0,6,23,Monsoon
2026-06-01,SITE003,Forklift,1,6,23,Monsoon
2026-06-01,SITE004,Excavator,11,6,23,Monsoon
2026-06-01,SITE004,Bulldozer,5,6,23,Monsoon
2026-06-01,SITE004,Wheel Loader,3,6,23,Monsoon
2026-06-01,SITE004,Motor Grader,3,6,23,Monsoon
2026-06-01,SITE004,Backhoe Loader,0,6,23,Monsoon
2026-06-01,SITE004,Skid Steer Loader,2,6,23,Monsoon
2026-06-01,SITE004,Road Roller,2,6,23,Monsoon
2026-06-01,SITE004,Dump Truck,3,6,23,Monsoon
2026-06-01,SITE004,Forklift,1,6,23,Monsoon
2026-06-01,SITE005,Excavator,11,6,23,Monsoon
2026-06-01,SITE005,Bulldozer,1,6,23,Monsoon
2026-06-01,SITE005,Wheel Loader,3,6,23,Monsoon
2026-06-01,SITE005,Motor Grader,2,6,23,Monsoon
2026-06-01,SITE005,Backhoe Loader,4,6,23,Monsoon
2026-06-01,SITE005,Skid Steer Loader,1,6,23,Monsoon
2026-06-01,SITE005,Road Roller,0,6,23,Monsoon
2026-06-01,SITE005,Dump Truck,2,6,23,Monsoon
2026-06-01,SITE005,Forklift,2,6,23,Monsoon
2026-06-01,SITE006,Excavator,2,6,23,Monsoon
2026-06-01,SITE006,Bulldozer,0,6,23,Monsoon
2026-06-01,SITE006,Wheel Loader,0,6,23,Monsoon
2026-06-01,SITE006,Motor Grader,1,6,23,Monsoon
2026-06-01,SITE006,Backhoe Loader,0,6,23,Monsoon
2026-06-01,SITE006,Skid Steer Loader,2,6,23,Monsoon
2026-06-01,SITE006,Road Roller,1,6,23,Monsoon
2026-06-01,SITE006,Dump Truck,1,6,23,Monsoon
2026-06-01,SITE006,Forklift,0,6,23,Monsoon
2026-06-01,SITE007,Excavator,2,6,23,Monsoon
2026-06-01,SITE007,Bulldozer,0,6,23,Monsoon
2026-06-01,SITE007,Wheel Loader,7,6,23,Monsoon
2026-06-01,SITE007,Motor Grader,1,6,23,Monsoon
2026-06-01,SITE007,Backhoe Loader,4,6,23,Monsoon
2026-06-01,SITE007,Skid Steer Loader,2,6,23,Monsoon
2026-06-01,SITE007,Road Roller,4,6,23,Monsoon
2026-06-01,SITE007,Dump Truck,2,6,23,Monsoon
2026-06-01,SITE007,Forklift,2,6,23,Monsoon
2026-06-01,SITE008,Excavator,7,6,23,Monsoon
2026-06-01,SITE008,Bulldozer,1,6,23,Monsoon
2026-06-01,SITE008,Wheel Loader,2,6,23,Monsoon
2026-06-01,SITE008,Motor Grader,3,6,23,Monsoon
2026-06-01,SITE008,Backhoe Loader,5,6,23,Monsoon
2026-06-01,SITE008,Skid Steer Loader,1,6,23,Monsoon
2026-06-01,SITE008,Road Roller,2,6,23,Monsoon
2026-06-01,SITE008,Dump Truck,0,6,23,Monsoon
2026-06-01,SITE008,Forklift,3,6,23,Monsoon
2026-06-01,SITE009,Excavator,4,6,23,Monsoon
2026-06-01,SITE009,Bulldozer,1,6,23,Monsoon
2026-06-01,SITE009,Wheel Loader,0,6,23,Monsoon
2026-06-01,SITE009,Motor Grader,0,6,23,Monsoon
2026-06-01,SITE009,Backhoe Loader,1,6,23,Monsoon
2026-06-01,SITE009,Skid Steer Loader,3,6,23,Monsoon
2026-06-01,SITE009,Road Roller,2,6,23,Monsoon
2026-06-01,SITE009,Dump Truck,5,6,23,Monsoon
2026-06-01,SITE009,Forklift,2,6,23,Monsoon
2026-06-01,SITE010,Excavator,5,6,23,Monsoon
2026-06-01,SITE010,Bulldozer,1,6,23,Monsoon
2026-06-01,SITE010,Wheel Loader,2,6,23,Monsoon
2026-06-01,SITE010,Motor Grader,1,6,23,Monsoon
2026-06-01,SITE010,Backhoe Loader,0,6,23,Monsoon
2026-06-01,SITE010,Skid Steer Loader,4,6,23,Monsoon
2026-06-01,SITE010,Road Roller,1,6,23,Monsoon
2026-06-01,SITE010,Dump Truck,3,6,23,Monsoon
2026-06-01,SITE010,Forklift,1,6,23,Monsoon
2026-06-01,SITE011,Excavator,3,6,23,Monsoon
2026-06-01,SITE011,Bulldozer,1,6,23,Monsoon
2026-06-01,SITE011,Wheel Loader,1,6,23,Monsoon
2026-06-01,SITE011,Motor Grader,2,6,23,Monsoon
2026-06-01,SITE011,Backhoe Loader,0,6,23,Monsoon
2026-06-01,SITE011,Skid Steer Loader,2,6,23,Monsoon
2026-06-01,SITE011,Road Roller,1,6,23,Monsoon
2026-06-01,SITE011,Dump Truck,1,6,23,Monsoon
2026-06-01,SITE011,Forklift,0,6,23,Monsoon
2026-06-01,SITE012,Excavator,4,6,23,Monsoon
2026-06-01,SITE012,Bulldozer,2,6,23,Monsoon
2026-06-01,SITE012,Wheel Loader,1,6,23,Monsoon
2026-06-01,SITE012,Motor Grader,0,6,23,Monsoon
2026-06-01,SITE012,Backhoe Loader,5,6,23,Monsoon
2026-06-01,SITE012,Skid Steer Loader,1,6,23,Monsoon
2026-06-01,SITE012,Road Roller,4,6,23,Monsoon
2026-06-01,SITE012,Dump Truck,1,6,23,Monsoon
2026-06-01,SITE012,Forklift,0,6,23,Monsoon
2026-06-01,SITE013,Excavator,3,6,23,Monsoon
2026-06-01,SITE013,Bulldozer,3,6,23,Monsoon
2026-06-01,SITE013,Wheel Loader,2,6,23,Monsoon
2026-06-01,SITE013,Motor Grader,3,6,23,Monsoon
2026-06-01,SITE013,Backhoe Loader,2,6,23,Monsoon
2026-06-01,SITE013,Skid Steer Loader,2,6,23,Monsoon
2026-06-01,SITE013,Road Roller,1,6,23,Monsoon
2026-06-01,SITE013,Dump Truck,2,6,23,Monsoon
2026-06-01,SITE013,Forklift,3,6,23,Monsoon
2026-06-01,SITE014,Excavator,4,6,23,Monsoon
2026-06-01,SITE014,Bulldozer,2,6,23,Monsoon
2026-06-01,SITE014,Wheel Loader,2,6,23,Monsoon
2026-06-01,SITE014,Motor Grader,2,6,23,Monsoon
2026-06-01,SITE014,Backhoe Loader,1,6,23,Monsoon
2026-06-01,SITE014,Skid Steer Loader,2,6,23,Monsoon
2026-06-01,SITE014,Road Roller,0,6,23,Monsoon
2026-06-01,SITE014,Dump Truck,3,6,23,Monsoon
2026-06-01,SITE014,Forklift,3,6,23,Monsoon
2026-06-01,SITE015,Excavator,4,6,23,Monsoon
2026-06-01,SITE015,Bulldozer,7,6,23,Monsoon
2026-06-01,SITE015,Wheel Loader,4,6,23,Monsoon
2026-06-01,SITE015,Motor Grader,1,6,23,Monsoon
2026-06-01,SITE015,Backhoe Loader,1,6,23,Monsoon
2026-06-01,SITE015,Skid Steer Loader,0,6,23,Monsoon
2026-06-01,SITE015,Road Roller,0,6,23,Monsoon
2026-06-01,SITE015,Dump Truck,2,6,23,Monsoon
2026-06-01,SITE015,Forklift,1,6,23,Monsoon
2026-06-01,SITE016,Excavator,8,6,23,Monsoon
2026-06-01,SITE016,Bulldozer,5,6,23,Monsoon
2026-06-01,SITE016,Wheel Loader,2,6,23,Monsoon
2026-06-01,SITE016,Motor Grader,3,6,23,Monsoon
2026-06-01,SITE016,Backhoe Loader,2,6,23,Monsoon
2026-06-01,SITE016,Skid Steer Loader,2,6,23,Monsoon
2026-06-01,SITE016,Road Roller,0,6,23,Monsoon
2026-06-01,SITE016,Dump Truck,2,6,23,Monsoon
2026-06-01,SITE016,Forklift,1,6,23,Monsoon
2026-06-01,SITE017,Excavator,4,6,23,Monsoon
2026-06-01,SITE017,Bulldozer,0,6,23,Monsoon
2026-06-01,SITE017,Wheel Loader,4,6,23,Monsoon
2026-06-01,SITE017,Motor Grader,6,6,23,Monsoon
2026-06-01,SITE017,Backhoe Loader,3,6,23,Monsoon
2026-06-01,SITE017,Skid Steer Loader,2,6,23,Monsoon
2026-06-01,SITE017,Road Roller,2,6,23,Monsoon
2026-06-01,SITE017,Dump Truck,1,6,23,Monsoon
2026-06-01,SITE017,Forklift,2,6,23,Monsoon
2026-06-01,SITE018,Excavator,2,6,23,Monsoon
2026-06-01,SITE018,Bulldozer,2,6,23,Monsoon
2026-06-01,SITE018,Wheel Loader,2,6,23,Monsoon
2026-06-01,SITE018,Motor Grader,3,6,23,Monsoon
2026-06-01,SITE018,Backhoe Loader,2,6,23,Monsoon
2026-06-01,SITE018,Skid Steer Loader,1,6,23,Monsoon
2026-06-01,SITE018,Road Roller,2,6,23,Monsoon
2026-06-01,SITE018,Dump Truck,2,6,23,Monsoon
2026-06-01,SITE018,Forklift,3,6,23,Monsoon
2026-06-01,SITE019,Excavator,5,6,23,Monsoon
2026-06-01,SITE019,Bulldozer,0,6,23,Monsoon
2026-06-01,SITE019,Wheel Loader,1,6,23,Monsoon
2026-06-01,SITE019,Motor Grader,3,6,23,Monsoon
2026-06-01,SITE019,Backhoe Loader,3,6,23,Monsoon
2026-06-01,SITE019,Skid Steer Loader,4,6,23,Monsoon
2026-06-01,SITE019,Road Roller,3,6,23,Monsoon
2026-06-01,SITE019,Dump Truck,2,6,23,Monsoon
2026-06-01,SITE019,Forklift,1,6,23,Monsoon
2026-06-01,SITE020,Excavator,5,6,23,Monsoon
2026-06-01,SITE020,Bulldozer,0,6,23,Monsoon
2026-06-01,SITE020,Wheel Loader,0,6,23,Monsoon
2026-06-01,SITE020,Motor Grader,3,6,23,Monsoon
2026-06-01,SITE020,Backhoe Loader,4,6,23,Monsoon
2026-06-01,SITE020,Skid Steer Loader,2,6,23,Monsoon
2026-06-01,SITE020,Road Roller,5,6,23,Monsoon
2026-06-01,SITE020,Dump Truck,1,6,23,Monsoon
2026-06-01,SITE020,Forklift,0,6,23,Monsoon
2026-06-02,SITE001,Excavator,5,6,23,Monsoon
2026-06-02,SITE001,Bulldozer,1,6,23,Monsoon
2026-06-02,SITE001,Wheel Loader,1,6,23,Monsoon
2026-06-02,SITE001,Motor Grader,1,6,23,Monsoon
2026-06-02,SITE001,Backhoe Loader,2,6,23,Monsoon
2026-06-02,SITE001,Skid Steer Loader,2,6,23,Monsoon
2026-06-02,SITE001,Road Roller,5,6,23,Monsoon
2026-06-02,SITE001,Dump Truck,3,6,23,Monsoon
2026-06-02,SITE001,Forklift,0,6,23,Monsoon
2026-06-02,SITE002,Excavator,6,6,23,Monsoon
2026-06-02,SITE002,Bulldozer,5,6,23,Monsoon
2026-06-02,SITE002,Wheel Loader,1,6,23,Monsoon
2026-06-02,SITE002,Motor Grader,5,6,23,Monsoon
2026-06-02,SITE002,Backhoe Loader,1,6,23,Monsoon
2026-06-02,SITE002,Skid Steer Loader,1,6,23,Monsoon
2026-06-02,SITE002,Road Roller,3,6,23,Monsoon
2026-06-02,SITE002,Dump Truck,1,6,23,Monsoon
2026-06-02,SITE002,Forklift,1,6,23,Monsoon
2026-06-02,SITE003,Excavator,6,6,23,Monsoon
2026-06-02,SITE003,Bulldozer,1,6,23,Monsoon
2026-06-02,SITE003,Wheel Loader,4,6,23,Monsoon
2026-06-02,SITE003,Motor Grader,0,6,23,Monsoon
2026-06-02,SITE003,Backhoe Loader,2,6,23,Monsoon
2026-06-02,SITE003,Skid Steer Loader,1,6,23,Monsoon
2026-06-02,SITE003,Road Roller,2,6,23,Monsoon
2026-06-02,SITE003,Dump Truck,2,6,23,Monsoon
2026-06-02,SITE003,Forklift,2,6,23,Monsoon
2026-06-02,SITE004,Excavator,7,6,23,Monsoon
2026-06-02,SITE004,Bulldozer,3,6,23,Monsoon
2026-06-02,SITE004,Wheel Loader,2,6,23,Monsoon
2026-06-02,SITE004,Motor Grader,4,6,23,Monsoon
2026-06-02,SITE004,Backhoe Loader,3,6,23,Monsoon
2026-06-02,SITE004,Skid Steer Loader,6,6,23,Monsoon
2026-06-02,SITE004,Road Roller,3,6,23,Monsoon
2026-06-02,SITE004,Dump Truck,1,6,23,Monsoon
2026-06-02,SITE004,Forklift,2,6,23,Monsoon
2026-06-02,SITE005,Excavator,10,6,23,Monsoon
2026-06-02,SITE005,Bulldozer,1,6,23,Monsoon
2026-06-02,SITE005,Wheel Loader,5,6,23,Monsoon
2026-06-02,SITE005,Motor Grader,3,6,23,Monsoon
2026-06-02,SITE005,Backhoe Loader,5,6,23,Monsoon
2026-06-02,SITE005,Skid Steer Loader,2,6,23,Monsoon
2026-06-02,SITE005,Road Roller,0,6,23,Monsoon
2026-06-02,SITE005,Dump Truck,0,6,23,Monsoon
2026-06-02,SITE005,Forklift,1,6,23,Monsoon
2026-06-02,SITE006,Excavator,6,6,23,Monsoon
2026-06-02,SITE006,Bulldozer,2,6,23,Monsoon
2026-06-02,SITE006,Wheel Loader,2,6,23,Monsoon
2026-06-02,SITE006,Motor Grader,3,6,23,Monsoon
2026-06-02,SITE006,Backhoe Loader,1,6,23,Monsoon
2026-06-02,SITE006,Skid Steer Loader,7,6,23,Monsoon
2026-06-02,SITE006,Road Roller,2,6,23,Monsoon
2026-06-02,SITE006,Dump Truck,6,6,23,Monsoon
2026-06-02,SITE006,Forklift,1,6,23,Monsoon
2026-06-02,SITE007,Excavator,2,6,23,Monsoon
2026-06-02,SITE007,Bulldozer,6,6,23,Monsoon
2026-06-02,SITE007,Wheel Loader,2,6,23,Monsoon
2026-06-02,SITE007,Motor Grader,2,6,23,Monsoon
2026-06-02,SITE007,Backhoe Loader,1,6,23,Monsoon
2026-06-02,SITE007,Skid Steer Loader,1,6,23,Monsoon
2026-06-02,SITE007,Road Roller,1,6,23,Monsoon
2026-06-02,SITE007,Dump Truck,1,6,23,Monsoon
2026-06-02,SITE007,Forklift,2,6,23,Monsoon
2026-06-02,SITE008,Excavator,3,6,23,Monsoon
2026-06-02,SITE008,Bulldozer,2,6,23,Monsoon
2026-06-02,SITE008,Wheel Loader,1,6,23,Monsoon
2026-06-02,SITE008,Motor Grader,4,6,23,Monsoon
2026-06-02,SITE008,Backhoe Loader,5,6,23,Monsoon
2026-06-02,SITE008,Skid Steer Loader,2,6,23,Monsoon
2026-06-02,SITE008,Road Roller,4,6,23,Monsoon
2026-06-02,SITE008,Dump Truck,0,6,23,Monsoon
2026-06-02,SITE008,Forklift,3,6,23,Monsoon
2026-06-02,SITE009,Excavator,7,6,23,Monsoon
2026-06-02,SITE009,Bulldozer,6,6,23,Monsoon
2026-06-02,SITE009,Wheel Loader,2,6,23,Monsoon
2026-06-02,SITE009,Motor Grader,3,6,23,Monsoon
2026-06-02,SITE009,Backhoe Loader,3,6,23,Monsoon
2026-06-02,SITE009,Skid Steer Loader,0,6,23,Monsoon
2026-06-02,SITE009,Road Roller,1,6,23,Monsoon
2026-06-02,SITE009,Dump Truck,1,6,23,Monsoon
2026-06-02,SITE009,Forklift,1,6,23,Monsoon
2026-06-02,SITE010,Excavator,9,6,23,Monsoon
2026-06-02,SITE010,Bulldozer,2,6,23,Monsoon
2026-06-02,SITE010,Wheel Loader,3,6,23,Monsoon
2026-06-02,SITE010,Motor Grader,2,6,23,Monsoon
2026-06-02,SITE010,Backhoe Loader,7,6,23,Monsoon
2026-06-02,SITE010,Skid Steer Loader,3,6,23,Monsoon
2026-06-02,SITE010,Road Roller,1,6,23,Monsoon
2026-06-02,SITE010,Dump Truck,2,6,23,Monsoon
2026-06-02,SITE010,Forklift,2,6,23,Monsoon
2026-06-02,SITE011,Excavator,2,6,23,Monsoon
2026-06-02,SITE011,Bulldozer,1,6,23,Monsoon
2026-06-02,SITE011,Wheel Loader,1,6,23,Monsoon
2026-06-02,SITE011,Motor Grader,1,6,23,Monsoon
2026-06-02,SITE011,Backhoe Loader,1,6,23,Monsoon
2026-06-02,SITE011,Skid Steer Loader,2,6,23,Monsoon
2026-06-02,SITE011,Road Roller,2,6,23,Monsoon
2026-06-02,SITE011,Dump Truck,2,6,23,Monsoon
2026-06-02,SITE011,Forklift,0,6,23,Monsoon
2026-06-02,SITE012,Excavator,5,6,23,Monsoon
2026-06-02,SITE012,Bulldozer,2,6,23,Monsoon
2026-06-02,SITE012,Wheel Loader,2,6,23,Monsoon
2026-06-02,SITE012,Motor Grader,2,6,23,Monsoon
2026-06-02,SITE012,Backhoe Loader,2,6,23,Monsoon
2026-06-02,SITE012,Skid Steer Loader,2,6,23,Monsoon
2026-06-02,SITE012,Road Roller,2,6,23,Monsoon
2026-06-02,SITE012,Dump Truck,4,6,23,Monsoon
2026-06-02,SITE012,Forklift,4,6,23,Monsoon
2026-06-02,SITE013,Excavator,6,6,23,Monsoon
2026-06-02,SITE013,Bulldozer,1,6,23,Monsoon
2026-06-02,SITE013,Wheel Loader,1,6,23,Monsoon
2026-06-02,SITE013,Motor Grader,2,6,23,Monsoon
2026-06-02,SITE013,Backhoe Loader,3,6,23,Monsoon
2026-06-02,SITE013,Skid Steer Loader,2,6,23,Monsoon
2026-06-02,SITE013,Road Roller,2,6,23,Monsoon
2026-06-02,SITE013,Dump Truck,2,6,23,Monsoon
2026-06-02,SITE013,Forklift,4,6,23,Monsoon
2026-06-02,SITE014,Excavator,6,6,23,Monsoon
2026-06-02,SITE014,Bulldozer,2,6,23,Monsoon
2026-06-02,SITE014,Wheel Loader,4,6,23,Monsoon
2026-06-02,SITE014,Motor Grader,1,6,23,Monsoon
2026-06-02,SITE014,Backhoe Loader,1,6,23,Monsoon
2026-06-02,SITE014,Skid Steer Loader,0,6,23,Monsoon
2026-06-02,SITE014,Road Roller,1,6,23,Monsoon
2026-06-02,SITE014,Dump Truck,2,6,23,Monsoon
2026-06-02,SITE014,Forklift,4,6,23,Monsoon
2026-06-02,SITE015,Excavator,2,6,23,Monsoon
2026-06-02,SITE015,Bulldozer,2,6,23,Monsoon
2026-06-02,SITE015,Wheel Loader,4,6,23,Monsoon
2026-06-02,SITE015,Motor Grader,1,6,23,Monsoon
2026-06-02,SITE015,Backhoe Loader,1,6,23,Monsoon
2026-06-02,SITE015,Skid Steer Loader,3,6,23,Monsoon
2026-06-02,SITE015,Road Roller,1,6,23,Monsoon
2026-06-02,SITE015,Dump Truck,2,6,23,Monsoon
2026-06-02,SITE015,Forklift,1,6,23,Monsoon
2026-06-02,SITE016,Excavator,4,6,23,Monsoon
2026-06-02,SITE016,Bulldozer,1,6,23,Monsoon
2026-06-02,SITE016,Wheel Loader,3,6,23,Monsoon
2026-06-02,SITE016,Motor Grader,0,6,23,Monsoon
2026-06-02,SITE016,Backhoe Loader,1,6,23,Monsoon
2026-06-02,SITE016,Skid Steer Loader,1,6,23,Monsoon
2026-06-02,SITE016,Road Roller,0,6,23,Monsoon
2026-06-02,SITE016,Dump Truck,0,6,23,Monsoon
2026-06-02,SITE016,Forklift,4,6,23,Monsoon
2026-06-02,SITE017,Excavator,2,6,23,Monsoon
2026-06-02,SITE017,Bulldozer,0,6,23,Monsoon
2026-06-02,SITE017,Wheel Loader,4,6,23,Monsoon
2026-06-02,SITE017,Motor Grader,4,6,23,Monsoon
2026-06-02,SITE017,Backhoe Loader,2,6,23,Monsoon
2026-06-02,SITE017,Skid Steer Loader,2,6,23,Monsoon
2026-06-02,SITE017,Road Roller,1,6,23,Monsoon
2026-06-02,SITE017,Dump Truck,1,6,23,Monsoon
2026-06-02,SITE017,Forklift,1,6,23,Monsoon
2026-06-02,SITE018,Excavator,6,6,23,Monsoon
2026-06-02,SITE018,Bulldozer,5,6,23,Monsoon
2026-06-02,SITE018,Wheel Loader,1,6,23,Monsoon
2026-06-02,SITE018,Motor Grader,1,6,23,Monsoon
2026-06-02,SITE018,Backhoe Loader,0,6,23,Monsoon
2026-06-02,SITE018,Skid Steer Loader,1,6,23,Monsoon
2026-06-02,SITE018,Road Roller,2,6,23,Monsoon
2026-06-02,SITE018,Dump Truck,2,6,23,Monsoon
2026-06-02,SITE018,Forklift,0,6,23,Monsoon
2026-06-02,SITE019,Excavator,7,6,23,Monsoon
2026-06-02,SITE019,Bulldozer,3,6,23,Monsoon
2026-06-02,SITE019,Wheel Loader,1,6,23,Monsoon
2026-06-02,SITE019,Motor Grader,1,6,23,Monsoon
2026-06-02,SITE019,Backhoe Loader,2,6,23,Monsoon
2026-06-02,SITE019,Skid Steer Loader,0,6,23,Monsoon
2026-06-02,SITE019,Road Roller,2,6,23,Monsoon
2026-06-02,SITE019,Dump Truck,2,6,23,Monsoon
2026-06-02,SITE019,Forklift,1,6,23,Monsoon
2026-06-02,SITE020,Excavator,2,6,23,Monsoon
2026-06-02,SITE020,Bulldozer,2,6,23,Monsoon
2026-06-02,SITE020,Wheel Loader,2,6,23,Monsoon
2026-06-02,SITE020,Motor Grader,1,6,23,Monsoon
2026-06-02,SITE020,Backhoe Loader,2,6,23,Monsoon
2026-06-02,SITE020,Skid Steer Loader,0,6,23,Monsoon
2026-06-02,SITE020,Road Roller,3,6,23,Monsoon
2026-06-02,SITE020,Dump Truck,3,6,23,Monsoon
2026-06-02,SITE020,Forklift,2,6,23,Monsoon
2026-06-03,SITE001,Excavator,4,6,23,Monsoon
2026-06-03,SITE001,Bulldozer,6,6,23,Monsoon
2026-06-03,SITE001,Wheel Loader,1,6,23,Monsoon
2026-06-03,SITE001,Motor Grader,3,6,23,Monsoon
2026-06-03,SITE001,Backhoe Loader,1,6,23,Monsoon
2026-06-03,SITE001,Skid Steer Loader,2,6,23,Monsoon
2026-06-03,SITE001,Road Roller,1,6,23,Monsoon
2026-06-03,SITE001,Dump Truck,0,6,23,Monsoon
2026-06-03,SITE001,Forklift,2,6,23,Monsoon
2026-06-03,SITE002,Excavator,4,6,23,Monsoon
2026-06-03,SITE002,Bulldozer,1,6,23,Monsoon
2026-06-03,SITE002,Wheel Loader,3,6,23,Monsoon
2026-06-03,SITE002,Motor Grader,1,6,23,Monsoon
2026-06-03,SITE002,Backhoe Loader,2,6,23,Monsoon
2026-06-03,SITE002,Skid Steer Loader,3,6,23,Monsoon
2026-06-03,SITE002,Road Roller,6,6,23,Monsoon
2026-06-03,SITE002,Dump Truck,4,6,23,Monsoon
2026-06-03,SITE002,Forklift,2,6,23,Monsoon
2026-06-03,SITE003,Excavator,3,6,23,Monsoon
2026-06-03,SITE003,Bulldozer,2,6,23,Monsoon
2026-06-03,SITE003,Wheel Loader,4,6,23,Monsoon
2026-06-03,SITE003,Motor Grader,1,6,23,Monsoon
2026-06-03,SITE003,Backhoe Loader,2,6,23,Monsoon
2026-06-03,SITE003,Skid Steer Loader,1,6,23,Monsoon
2026-06-03,SITE003,Road Roller,3,6,23,Monsoon
2026-06-03,SITE003,Dump Truck,4,6,23,Monsoon
2026-06-03,SITE003,Forklift,1,6,23,Monsoon
2026-06-03,SITE004,Excavator,4,6,23,Monsoon
2026-06-03,SITE004,Bulldozer,3,6,23,Monsoon
2026-06-03,SITE004,Wheel Loader,1,6,23,Monsoon
2026-06-03,SITE004,Motor Grader,3,6,23,Monsoon
2026-06-03,SITE004,Backhoe Loader,5,6,23,Monsoon
2026-06-03,SITE004,Skid Steer Loader,4,6,23,Monsoon
2026-06-03,SITE004,Road Roller,1,6,23,Monsoon
2026-06-03,SITE004,Dump Truck,2,6,23,Monsoon
2026-06-03,SITE004,Forklift,1,6,23,Monsoon
2026-06-03,SITE005,Excavator,3,6,23,Monsoon
2026-06-03,SITE005,Bulldozer,2,6,23,Monsoon
2026-06-03,SITE005,Wheel Loader,5,6,23,Monsoon
2026-06-03,SITE005,Motor Grader,1,6,23,Monsoon
2026-06-03,SITE005,Backhoe Loader,3,6,23,Monsoon
2026-06-03,SITE005,Skid Steer Loader,3,6,23,Monsoon
2026-06-03,SITE005,Road Roller,4,6,23,Monsoon
2026-06-03,SITE005,Dump Truck,7,6,23,Monsoon
2026-06-03,SITE005,Forklift,2,6,23,Monsoon
2026-06-03,SITE006,Excavator,7,6,23,Monsoon
2026-06-03,SITE006,Bulldozer,2,6,23,Monsoon
2026-06-03,SITE006,Wheel Loader,2,6,23,Monsoon
2026-06-03,SITE006,Motor Grader,1,6,23,Monsoon
2026-06-03,SITE006,Backhoe Loader,1,6,23,Monsoon
2026-06-03,SITE006,Skid Steer Loader,6,6,23,Monsoon
2026-06-03,SITE006,Road Roller,2,6,23,Monsoon
2026-06-03,SITE006,Dump Truck,1,6,23,Monsoon
2026-06-03,SITE006,Forklift,1,6,23,Monsoon
2026-06-03,SITE007,Excavator,10,6,23,Monsoon
2026-06-03,SITE007,Bulldozer,2,6,23,Monsoon
2026-06-03,SITE007,Wheel Loader,1,6,23,Monsoon
2026-06-03,SITE007,Motor Grader,3,6,23,Monsoon
2026-06-03,SITE007,Backhoe Loader,0,6,23,Monsoon
2026-06-03,SITE007,Skid Steer Loader,0,6,23,Monsoon
2026-06-03,SITE007,Road Roller,5,6,23,Monsoon
2026-06-03,SITE007,Dump Truck,0,6,23,Monsoon
2026-06-03,SITE007,Forklift,0,6,23,Monsoon
2026-06-03,SITE008,Excavator,6,6,23,Monsoon
2026-06-03,SITE008,Bulldozer,2,6,23,Monsoon
2026-06-03,SITE008,Wheel Loader,3,6,23,Monsoon
2026-06-03,SITE008,Motor Grader,3,6,23,Monsoon
2026-06-03,SITE008,Backhoe Loader,2,6,23,Monsoon
2026-06-03,SITE008,Skid Steer Loader,5,6,23,Monsoon
2026-06-03,SITE008,Road Roller,3,6,23,Monsoon
2026-06-03,SITE008,Dump Truck,0,6,23,Monsoon
2026-06-03,SITE008,Forklift,5,6,23,Monsoon
2026-06-03,SITE009,Excavator,6,6,23,Monsoon
2026-06-03,SITE009,Bulldozer,1,6,23,Monsoon
2026-06-03,SITE009,Wheel Loader,2,6,23,Monsoon
2026-06-03,SITE009,Motor Grader,0,6,23,Monsoon
2026-06-03,SITE009,Backhoe Loader,2,6,23,Monsoon
2026-06-03,SITE009,Skid Steer Loader,1,6,23,Monsoon
2026-06-03,SITE009,Road Roller,2,6,23,Monsoon
2026-06-03,SITE009,Dump Truck,3,6,23,Monsoon
2026-06-03,SITE009,Forklift,2,6,23,Monsoon
2026-06-03,SITE010,Excavator,4,6,23,Monsoon
2026-06-03,SITE010,Bulldozer,2,6,23,Monsoon
2026-06-03,SITE010,Wheel Loader,2,6,23,Monsoon
2026-06-03,SITE010,Motor Grader,4,6,23,Monsoon
2026-06-03,SITE010,Backhoe Loader,1,6,23,Monsoon
2026-06-03,SITE010,Skid Steer Loader,3,6,23,Monsoon
2026-06-03,SITE010,Road Roller,1,6,23,Monsoon
2026-06-03,SITE010,Dump Truck,2,6,23,Monsoon
2026-06-03,SITE010,Forklift,2,6,23,Monsoon
2026-06-03,SITE011,Excavator,1,6,23,Monsoon
2026-06-03,SITE011,Bulldozer,0,6,23,Monsoon
2026-06-03,SITE011,Wheel Loader,3,6,23,Monsoon
2026-06-03,SITE011,Motor Grader,3,6,23,Monsoon
2026-06-03,SITE011,Backhoe Loader,2,6,23,Monsoon
2026-06-03,SITE011,Skid Steer Loader,1,6,23,Monsoon
2026-06-03,SITE011,Road Roller,1,6,23,Monsoon
2026-06-03,SITE011,Dump Truck,0,6,23,Monsoon
2026-06-03,SITE011,Forklift,1,6,23,Monsoon
2026-06-03,SITE012,Excavator,3,6,23,Monsoon
2026-06-03,SITE012,Bulldozer,3,6,23,Monsoon
2026-06-03,SITE012,Wheel Loader,2,6,23,Monsoon
2026-06-03,SITE012,Motor Grader,4,6,23,Monsoon
2026-06-03,SITE012,Backhoe Loader,1,6,23,Monsoon
2026-06-03,SITE012,Skid Steer Loader,4,6,23,Monsoon
2026-06-03,SITE012,Road Roller,2,6,23,Monsoon
2026-06-03,SITE012,Dump Truck,1,6,23,Monsoon
2026-06-03,SITE012,Forklift,5,6,23,Monsoon
2026-06-03,SITE013,Excavator,5,6,23,Monsoon
2026-06-03,SITE013,Bulldozer,2,6,23,Monsoon
2026-06-03,SITE013,Wheel Loader,2,6,23,Monsoon
2026-06-03,SITE013,Motor Grader,3,6,23,Monsoon
2026-06-03,SITE013,Backhoe Loader,3,6,23,Monsoon
2026-06-03,SITE013,Skid Steer Loader,2,6,23,Monsoon
2026-06-03,SITE013,Road Roller,3,6,23,Monsoon
2026-06-03,SITE013,Dump Truck,2,6,23,Monsoon
2026-06-03,SITE013,Forklift,0,6,23,Monsoon
2026-06-03,SITE014,Excavator,4,6,23,Monsoon
2026-06-03,SITE014,Bulldozer,3,6,23,Monsoon
2026-06-03,SITE014,Wheel Loader,4,6,23,Monsoon
2026-06-03,SITE014,Motor Grader,0,6,23,Monsoon
2026-06-03,SITE014,Backhoe Loader,2,6,23,Monsoon
2026-06-03,SITE014,Skid Steer Loader,0,6,23,Monsoon
2026-06-03,SITE014,Road Roller,1,6,23,Monsoon
2026-06-03,SITE014,Dump Truck,2,6,23,Monsoon
2026-06-03,SITE014,Forklift,1,6,23,Monsoon
2026-06-03,SITE015,Excavator,6,6,23,Monsoon
2026-06-03,SITE015,Bulldozer,1,6,23,Monsoon
2026-06-03,SITE015,Wheel Loader,1,6,23,Monsoon
2026-06-03,SITE015,Motor Grader,4,6,23,Monsoon
2026-06-03,SITE015,Backhoe Loader,6,6,23,Monsoon
2026-06-03,SITE015,Skid Steer Loader,1,6,23,Monsoon
2026-06-03,SITE015,Road Roller,3,6,23,Monsoon
2026-06-03,SITE015,Dump Truck,2,6,23,Monsoon
2026-06-03,SITE015,Forklift,0,6,23,Monsoon
2026-06-03,SITE016,Excavator,8,6,23,Monsoon
2026-06-03,SITE016,Bulldozer,0,6,23,Monsoon
2026-06-03,SITE016,Wheel Loader,0,6,23,Monsoon
2026-06-03,SITE016,Motor Grader,2,6,23,Monsoon
2026-06-03,SITE016,Backhoe Loader,3,6,23,Monsoon
2026-06-03,SITE016,Skid Steer Loader,2,6,23,Monsoon
2026-06-03,SITE016,Road Roller,2,6,23,Monsoon
2026-06-03,SITE016,Dump Truck,1,6,23,Monsoon
2026-06-03,SITE016,Forklift,3,6,23,Monsoon
2026-06-03,SITE017,Excavator,5,6,23,Monsoon
2026-06-03,SITE017,Bulldozer,1,6,23,Monsoon
2026-06-03,SITE017,Wheel Loader,2,6,23,Monsoon
2026-06-03,SITE017,Motor Grader,3,6,23,Monsoon
2026-06-03,SITE017,Backhoe Loader,2,6,23,Monsoon
2026-06-03,SITE017,Skid Steer Loader,2,6,23,Monsoon
2026-06-03,SITE017,Road Roller,1,6,23,Monsoon
2026-06-03,SITE017,Dump Truck,4,6,23,Monsoon
2026-06-03,SITE017,Forklift,1,6,23,Monsoon
2026-06-03,SITE018,Excavator,0,6,23,Monsoon
2026-06-03,SITE018,Bulldozer,3,6,23,Monsoon
2026-06-03,SITE018,Wheel Loader,0,6,23,Monsoon
2026-06-03,SITE018,Motor Grader,2,6,23,Monsoon
2026-06-03,SITE018,Backhoe Loader,3,6,23,Monsoon
2026-06-03,SITE018,Skid Steer Loader,3,6,23,Monsoon
2026-06-03,SITE018,Road Roller,3,6,23,Monsoon
2026-06-03,SITE018,Dump Truck,1,6,23,Monsoon
2026-06-03,SITE018,Forklift,2,6,23,Monsoon
2026-06-03,SITE019,Excavator,3,6,23,Monsoon
2026-06-03,SITE019,Bulldozer,0,6,23,Monsoon
2026-06-03,SITE019,Wheel Loader,2,6,23,Monsoon
2026-06-03,SITE019,Motor Grader,2,6,23,Monsoon
2026-06-03,SITE019,Backhoe Loader,3,6,23,Monsoon
2026-06-03,SITE019,Skid Steer Loader,3,6,23,Monsoon
2026-06-03,SITE019,Road Roller,1,6,23,Monsoon
2026-06-03,SITE019,Dump Truck,2,6,23,Monsoon
2026-06-03,SITE019,Forklift,1,6,23,Monsoon
2026-06-03,SITE020,Excavator,2,6,23,Monsoon
2026-06-03,SITE020,Bulldozer,3,6,23,Monsoon
2026-06-03,SITE020,Wheel Loader,2,6,23,Monsoon
2026-06-03,SITE020,Motor Grader,2,6,23,Monsoon
2026-06-03,SITE020,Backhoe Loader,0,6,23,Monsoon
2026-06-03,SITE020,Skid Steer Loader,3,6,23,Monsoon
2026-06-03,SITE020,Road Roller,2,6,23,Monsoon
2026-06-03,SITE020,Dump Truck,3,6,23,Monsoon
2026-06-03,SITE020,Forklift,2,6,23,Monsoon
2026-06-04,SITE001,Excavator,9,6,23,Monsoon
2026-06-04,SITE001,Bulldozer,0,6,23,Monsoon
2026-06-04,SITE001,Wheel Loader,3,6,23,Monsoon
2026-06-04,SITE001,Motor Grader,2,6,23,Monsoon
2026-06-04,SITE001,Backhoe Loader,4,6,23,Monsoon
2026-06-04,SITE001,Skid Steer Loader,2,6,23,Monsoon
2026-06-04,SITE001,Road Roller,4,6,23,Monsoon
2026-06-04,SITE001,Dump Truck,4,6,23,Monsoon
2026-06-04,SITE001,Forklift,2,6,23,Monsoon
2026-06-04,SITE002,Excavator,2,6,23,Monsoon
2026-06-04,SITE002,Bulldozer,3,6,23,Monsoon
2026-06-04,SITE002,Wheel Loader,2,6,23,Monsoon
2026-06-04,SITE002,Motor Grader,2,6,23,Monsoon
2026-06-04,SITE002,Backhoe Loader,3,6,23,Monsoon
2026-06-04,SITE002,Skid Steer Loader,3,6,23,Monsoon
2026-06-04,SITE002,Road Roller,2,6,23,Monsoon
2026-06-04,SITE002,Dump Truck,2,6,23,Monsoon
2026-06-04,SITE002,Forklift,2,6,23,Monsoon
2026-06-04,SITE003,Excavator,7,6,23,Monsoon
2026-06-04,SITE003,Bulldozer,4,6,23,Monsoon
2026-06-04,SITE003,Wheel Loader,2,6,23,Monsoon
2026-06-04,SITE003,Motor Grader,4,6,23,Monsoon
2026-06-04,SITE003,Backhoe Loader,3,6,23,Monsoon
2026-06-04,SITE003,Skid Steer Loader,2,6,23,Monsoon
2026-06-04,SITE003,Road Roller,6,6,23,Monsoon
2026-06-04,SITE003,Dump Truck,1,6,23,Monsoon
2026-06-04,SITE003,Forklift,0,6,23,Monsoon
2026-06-04,SITE004,Excavator,3,6,23,Monsoon
2026-06-04,SITE004,Bulldozer,2,6,23,Monsoon
2026-06-04,SITE004,Wheel Loader,0,6,23,Monsoon
2026-06-04,SITE004,Motor Grader,5,6,23,Monsoon
2026-06-04,SITE004,Backhoe Loader,4,6,23,Monsoon
2026-06-04,SITE004,Skid Steer Loader,3,6,23,Monsoon
2026-06-04,SITE004,Road Roller,2,6,23,Monsoon
2026-06-04,SITE004,Dump Truck,1,6,23,Monsoon
2026-06-04,SITE004,Forklift,2,6,23,Monsoon
2026-06-04,SITE005,Excavator,8,6,23,Monsoon
2026-06-04,SITE005,Bulldozer,1,6,23,Monsoon
2026-06-04,SITE005,Wheel Loader,0,6,23,Monsoon
2026-06-04,SITE005,Motor Grader,1,6,23,Monsoon
2026-06-04,SITE005,Backhoe Loader,0,6,23,Monsoon
2026-06-04,SITE005,Skid Steer Loader,2,6,23,Monsoon
2026-06-04,SITE005,Road Roller,2,6,23,Monsoon
2026-06-04,SITE005,Dump Truck,0,6,23,Monsoon
2026-06-04,SITE005,Forklift,0,6,23,Monsoon
2026-06-04,SITE006,Excavator,1,6,23,Monsoon
2026-06-04,SITE006,Bulldozer,2,6,23,Monsoon
2026-06-04,SITE006,Wheel Loader,3,6,23,Monsoon
2026-06-04,SITE006,Motor Grader,2,6,23,Monsoon
2026-06-04,SITE006,Backhoe Loader,2,6,23,Monsoon
2026-06-04,SITE006,Skid Steer Loader,3,6,23,Monsoon
2026-06-04,SITE006,Road Roller,2,6,23,Monsoon
2026-06-04,SITE006,Dump Truck,3,6,23,Monsoon
2026-06-04,SITE006,Forklift,3,6,23,Monsoon
2026-06-04,SITE007,Excavator,6,6,23,Monsoon
2026-06-04,SITE007,Bulldozer,0,6,23,Monsoon
2026-06-04,SITE007,Wheel Loader,4,6,23,Monsoon
2026-06-04,SITE007,Motor Grader,1,6,23,Monsoon
2026-06-04,SITE007,Backhoe Loader,2,6,23,Monsoon
2026-06-04,SITE007,Skid Steer Loader,3,6,23,Monsoon
2026-06-04,SITE007,Road Roller,5,6,23,Monsoon
2026-06-04,SITE007,Dump Truck,1,6,23,Monsoon
2026-06-04,SITE007,Forklift,2,6,23,Monsoon
2026-06-04,SITE008,Excavator,6,6,23,Monsoon
2026-06-04,SITE008,Bulldozer,3,6,23,Monsoon
2026-06-04,SITE008,Wheel Loader,1,6,23,Monsoon
2026-06-04,SITE008,Motor Grader,4,6,23,Monsoon
2026-06-04,SITE008,Backhoe Loader,2,6,23,Monsoon
2026-06-04,SITE008,Skid Steer Loader,3,6,23,Monsoon
2026-06-04,SITE008,Road Roller,1,6,23,Monsoon
2026-06-04,SITE008,Dump Truck,3,6,23,Monsoon
2026-06-04,SITE008,Forklift,1,6,23,Monsoon
2026-06-04,SITE009,Excavator,3,6,23,Monsoon
2026-06-04,SITE009,Bulldozer,4,6,23,Monsoon
2026-06-04,SITE009,Wheel Loader,2,6,23,Monsoon
2026-06-04,SITE009,Motor Grader,0,6,23,Monsoon
2026-06-04,SITE009,Backhoe Loader,1,6,23,Monsoon
2026-06-04,SITE009,Skid Steer Loader,4,6,23,Monsoon
2026-06-04,SITE009,Road Roller,1,6,23,Monsoon
2026-06-04,SITE009,Dump Truck,1,6,23,Monsoon
2026-06-04,SITE009,Forklift,3,6,23,Monsoon
2026-06-04,SITE010,Excavator,1,6,23,Monsoon
2026-06-04,SITE010,Bulldozer,0,6,23,Monsoon
2026-06-04,SITE010,Wheel Loader,1,6,23,Monsoon
2026-06-04,SITE010,Motor Grader,2,6,23,Monsoon
2026-06-04,SITE010,Backhoe Loader,2,6,23,Monsoon
2026-06-04,SITE010,Skid Steer Loader,1,6,23,Monsoon
2026-06-04,SITE010,Road Roller,2,6,23,Monsoon
2026-06-04,SITE010,Dump Truck,1,6,23,Monsoon
2026-06-04,SITE010,Forklift,2,6,23,Monsoon
2026-06-04,SITE011,Excavator,3,6,23,Monsoon
2026-06-04,SITE011,Bulldozer,4,6,23,Monsoon
2026-06-04,SITE011,Wheel Loader,1,6,23,Monsoon
2026-06-04,SITE011,Motor Grader,3,6,23,Monsoon
2026-06-04,SITE011,Backhoe Loader,3,6,23,Monsoon
2026-06-04,SITE011,Skid Steer Loader,3,6,23,Monsoon
2026-06-04,SITE011,Road Roller,1,6,23,Monsoon
2026-06-04,SITE011,Dump Truck,3,6,23,Monsoon
2026-06-04,SITE011,Forklift,2,6,23,Monsoon
2026-06-04,SITE012,Excavator,4,6,23,Monsoon
2026-06-04,SITE012,Bulldozer,1,6,23,Monsoon
2026-06-04,SITE012,Wheel Loader,0,6,23,Monsoon
2026-06-04,SITE012,Motor Grader,3,6,23,Monsoon
2026-06-04,SITE012,Backhoe Loader,3,6,23,Monsoon
2026-06-04,SITE012,Skid Steer Loader,3,6,23,Monsoon
2026-06-04,SITE012,Road Roller,1,6,23,Monsoon
2026-06-04,SITE012,Dump Truck,1,6,23,Monsoon
2026-06-04,SITE012,Forklift,1,6,23,Monsoon
2026-06-04,SITE013,Excavator,10,6,23,Monsoon
2026-06-04,SITE013,Bulldozer,1,6,23,Monsoon
2026-06-04,SITE013,Wheel Loader,4,6,23,Monsoon
2026-06-04,SITE013,Motor Grader,1,6,23,Monsoon
2026-06-04,SITE013,Backhoe Loader,1,6,23,Monsoon
2026-06-04,SITE013,Skid Steer Loader,2,6,23,Monsoon
2026-06-04,SITE013,Road Roller,0,6,23,Monsoon
2026-06-04,SITE013,Dump Truck,2,6,23,Monsoon
2026-06-04,SITE013,Forklift,0,6,23,Monsoon
2026-06-04,SITE014,Excavator,3,6,23,Monsoon
2026-06-04,SITE014,Bulldozer,2,6,23,Monsoon
2026-06-04,SITE014,Wheel Loader,4,6,23,Monsoon
2026-06-04,SITE014,Motor Grader,2,6,23,Monsoon
2026-06-04,SITE014,Backhoe Loader,0,6,23,Monsoon
2026-06-04,SITE014,Skid Steer Loader,2,6,23,Monsoon
2026-06-04,SITE014,Road Roller,1,6,23,Monsoon
2026-06-04,SITE014,Dump Truck,2,6,23,Monsoon
2026-06-04,SITE014,Forklift,4,6,23,Monsoon
2026-06-04,SITE015,Excavator,6,6,23,Monsoon
2026-06-04,SITE015,Bulldozer,0,6,23,Monsoon
2026-06-04,SITE015,Wheel Loader,1,6,23,Monsoon
2026-06-04,SITE015,Motor Grader,0,6,23,Monsoon
2026-06-04,SITE015,Backhoe Loader,1,6,23,Monsoon
2026-06-04,SITE015,Skid Steer Loader,1,6,23,Monsoon
2026-06-04,SITE015,Road Roller,5,6,23,Monsoon
2026-06-04,SITE015,Dump Truck,1,6,23,Monsoon
2026-06-04,SITE015,Forklift,1,6,23,Monsoon
2026-06-04,SITE016,Excavator,3,6,23,Monsoon
2026-06-04,SITE016,Bulldozer,3,6,23,Monsoon
2026-06-04,SITE016,Wheel Loader,2,6,23,Monsoon
2026-06-04,SITE016,Motor Grader,2,6,23,Monsoon
2026-06-04,SITE016,Backhoe Loader,3,6,23,Monsoon
2026-06-04,SITE016,Skid Steer Loader,1,6,23,Monsoon
2026-06-04,SITE016,Road Roller,1,6,23,Monsoon
2026-06-04,SITE016,Dump Truck,1,6,23,Monsoon
2026-06-04,SITE016,Forklift,3,6,23,Monsoon
2026-06-04,SITE017,Excavator,8,6,23,Monsoon
2026-06-04,SITE017,Bulldozer,0,6,23,Monsoon
2026-06-04,SITE017,Wheel Loader,3,6,23,Monsoon
2026-06-04,SITE017,Motor Grader,3,6,23,Monsoon
2026-06-04,SITE017,Backhoe Loader,0,6,23,Monsoon
2026-06-04,SITE017,Skid Steer Loader,3,6,23,Monsoon
2026-06-04,SITE017,Road Roller,4,6,23,Monsoon
2026-06-04,SITE017,Dump Truck,1,6,23,Monsoon
2026-06-04,SITE017,Forklift,3,6,23,Monsoon
2026-06-04,SITE018,Excavator,4,6,23,Monsoon
2026-06-04,SITE018,Bulldozer,5,6,23,Monsoon
2026-06-04,SITE018,Wheel Loader,1,6,23,Monsoon
2026-06-04,SITE018,Motor Grader,0,6,23,Monsoon
2026-06-04,SITE018,Backhoe Loader,2,6,23,Monsoon
2026-06-04,SITE018,Skid Steer Loader,1,6,23,Monsoon
2026-06-04,SITE018,Road Roller,4,6,23,Monsoon
2026-06-04,SITE018,Dump Truck,1,6,23,Monsoon
2026-06-04,SITE018,Forklift,1,6,23,Monsoon
2026-06-04,SITE019,Excavator,4,6,23,Monsoon
2026-06-04,SITE019,Bulldozer,3,6,23,Monsoon
2026-06-04,SITE019,Wheel Loader,5,6,23,Monsoon
2026-06-04,SITE019,Motor Grader,1,6,23,Monsoon
2026-06-04,SITE019,Backhoe Loader,2,6,23,Monsoon
2026-06-04,SITE019,Skid Steer Loader,3,6,23,Monsoon
2026-06-04,SITE019,Road Roller,3,6,23,Monsoon
2026-06-04,SITE019,Dump Truck,3,6,23,Monsoon
2026-06-04,SITE019,Forklift,2,6,23,Monsoon
2026-06-04,SITE020,Excavator,0,6,23,Monsoon
2026-06-04,SITE020,Bulldozer,2,6,23,Monsoon
2026-06-04,SITE020,Wheel Loader,3,6,23,Monsoon
2026-06-04,SITE020,Motor Grader,2,6,23,Monsoon
2026-06-04,SITE020,Backhoe Loader,0,6,23,Monsoon
2026-06-04,SITE020,Skid Steer Loader,3,6,23,Monsoon
2026-06-04,SITE020,Road Roller,4,6,23,Monsoon
2026-06-04,SITE020,Dump Truck,1,6,23,Monsoon
2026-06-04,SITE020,Forklift,4,6,23,Monsoon
2026-06-05,SITE001,Excavator,3,6,23,Monsoon
2026-06-05,SITE001,Bulldozer,0,6,23,Monsoon
2026-06-05,SITE001,Wheel Loader,3,6,23,Monsoon
2026-06-05,SITE001,Motor Grader,3,6,23,Monsoon
2026-06-05,SITE001,Backhoe Loader,3,6,23,Monsoon
2026-06-05,SITE001,Skid Steer Loader,2,6,23,Monsoon
2026-06-05,SITE001,Road Roller,1,6,23,Monsoon
2026-06-05,SITE001,Dump Truck,3,6,23,Monsoon
2026-06-05,SITE001,Forklift,1,6,23,Monsoon
2026-06-05,SITE002,Excavator,6,6,23,Monsoon
2026-06-05,SITE002,Bulldozer,3,6,23,Monsoon
2026-06-05,SITE002,Wheel Loader,1,6,23,Monsoon
2026-06-05,SITE002,Motor Grader,2,6,23,Monsoon
2026-06-05,SITE002,Backhoe Loader,2,6,23,Monsoon
2026-06-05,SITE002,Skid Steer Loader,1,6,23,Monsoon
2026-06-05,SITE002,Road Roller,2,6,23,Monsoon
2026-06-05,SITE002,Dump Truck,1,6,23,Monsoon
2026-06-05,SITE002,Forklift,4,6,23,Monsoon
2026-06-05,SITE003,Excavator,8,6,23,Monsoon
2026-06-05,SITE003,Bulldozer,4,6,23,Monsoon
2026-06-05,SITE003,Wheel Loader,4,6,23,Monsoon
2026-06-05,SITE003,Motor Grader,4,6,23,Monsoon
2026-06-05,SITE003,Backhoe Loader,1,6,23,Monsoon
2026-06-05,SITE003,Skid Steer Loader,0,6,23,Monsoon
2026-06-05,SITE003,Road Roller,0,6,23,Monsoon
2026-06-05,SITE003,Dump Truck,4,6,23,Monsoon
2026-06-05,SITE003,Forklift,3,6,23,Monsoon
2026-06-05,SITE004,Excavator,1,6,23,Monsoon
2026-06-05,SITE004,Bulldozer,1,6,23,Monsoon
2026-06-05,SITE004,Wheel Loader,2,6,23,Monsoon
2026-06-05,SITE004,Motor Grader,0,6,23,Monsoon
2026-06-05,SITE004,Backhoe Loader,1,6,23,Monsoon
2026-06-05,SITE004,Skid Steer Loader,6,6,23,Monsoon
2026-06-05,SITE004,Road Roller,1,6,23,Monsoon
2026-06-05,SITE004,Dump Truck,2,6,23,Monsoon
2026-06-05,SITE004,Forklift,0,6,23,Monsoon
2026-06-05,SITE005,Excavator,3,6,23,Monsoon
2026-06-05,SITE005,Bulldozer,2,6,23,Monsoon
2026-06-05,SITE005,Wheel Loader,1,6,23,Monsoon
2026-06-05,SITE005,Motor Grader,0,6,23,Monsoon
2026-06-05,SITE005,Backhoe Loader,1,6,23,Monsoon
2026-06-05,SITE005,Skid Steer Loader,3,6,23,Monsoon
2026-06-05,SITE005,Road Roller,1,6,23,Monsoon
2026-06-05,SITE005,Dump Truck,1,6,23,Monsoon
2026-06-05,SITE005,Forklift,3,6,23,Monsoon
2026-06-05,SITE006,Excavator,5,6,23,Monsoon
2026-06-05,SITE006,Bulldozer,0,6,23,Monsoon
2026-06-05,SITE006,Wheel Loader,4,6,23,Monsoon
2026-06-05,SITE006,Motor Grader,2,6,23,Monsoon
2026-06-05,SITE006,Backhoe Loader,1,6,23,Monsoon
2026-06-05,SITE006,Skid Steer Loader,3,6,23,Monsoon
2026-06-05,SITE006,Road Roller,1,6,23,Monsoon
2026-06-05,SITE006,Dump Truck,1,6,23,Monsoon
2026-06-05,SITE006,Forklift,4,6,23,Monsoon
2026-06-05,SITE007,Excavator,6,6,23,Monsoon
2026-06-05,SITE007,Bulldozer,2,6,23,Monsoon
2026-06-05,SITE007,Wheel Loader,4,6,23,Monsoon
2026-06-05,SITE007,Motor Grader,2,6,23,Monsoon
2026-06-05,SITE007,Backhoe Loader,2,6,23,Monsoon
2026-06-05,SITE007,Skid Steer Loader,1,6,23,Monsoon
2026-06-05,SITE007,Road Roller,2,6,23,Monsoon
2026-06-05,SITE007,Dump Truck,1,6,23,Monsoon
2026-06-05,SITE007,Forklift,3,6,23,Monsoon
2026-06-05,SITE008,Excavator,4,6,23,Monsoon
2026-06-05,SITE008,Bulldozer,3,6,23,Monsoon
2026-06-05,SITE008,Wheel Loader,1,6,23,Monsoon
2026-06-05,SITE008,Motor Grader,0,6,23,Monsoon
2026-06-05,SITE008,Backhoe Loader,1,6,23,Monsoon
2026-06-05,SITE008,Skid Steer Loader,4,6,23,Monsoon
2026-06-05,SITE008,Road Roller,1,6,23,Monsoon
2026-06-05,SITE008,Dump Truck,2,6,23,Monsoon
2026-06-05,SITE008,Forklift,0,6,23,Monsoon
2026-06-05,SITE009,Excavator,8,6,23,Monsoon
2026-06-05,SITE009,Bulldozer,1,6,23,Monsoon
2026-06-05,SITE009,Wheel Loader,3,6,23,Monsoon
2026-06-05,SITE009,Motor Grader,4,6,23,Monsoon
2026-06-05,SITE009,Backhoe Loader,1,6,23,Monsoon
2026-06-05,SITE009,Skid Steer Loader,1,6,23,Monsoon
2026-06-05,SITE009,Road Roller,4,6,23,Monsoon
2026-06-05,SITE009,Dump Truck,4,6,23,Monsoon
2026-06-05,SITE009,Forklift,1,6,23,Monsoon
2026-06-05,SITE010,Excavator,6,6,23,Monsoon
2026-06-05,SITE010,Bulldozer,2,6,23,Monsoon
2026-06-05,SITE010,Wheel Loader,3,6,23,Monsoon
2026-06-05,SITE010,Motor Grader,2,6,23,Monsoon
2026-06-05,SITE010,Backhoe Loader,8,6,23,Monsoon
2026-06-05,SITE010,Skid Steer Loader,2,6,23,Monsoon
2026-06-05,SITE010,Road Roller,1,6,23,Monsoon
2026-06-05,SITE010,Dump Truck,1,6,23,Monsoon
2026-06-05,SITE010,Forklift,0,6,23,Monsoon
2026-06-05,SITE011,Excavator,3,6,23,Monsoon
2026-06-05,SITE011,Bulldozer,1,6,23,Monsoon
2026-06-05,SITE011,Wheel Loader,3,6,23,Monsoon
2026-06-05,SITE011,Motor Grader,2,6,23,Monsoon
2026-06-05,SITE011,Backhoe Loader,1,6,23,Monsoon
2026-06-05,SITE011,Skid Steer Loader,1,6,23,Monsoon
2026-06-05,SITE011,Road Roller,2,6,23,Monsoon
2026-06-05,SITE011,Dump Truck,4,6,23,Monsoon
2026-06-05,SITE011,Forklift,2,6,23,Monsoon
2026-06-05,SITE012,Excavator,4,6,23,Monsoon
2026-06-05,SITE012,Bulldozer,1,6,23,Monsoon
2026-06-05,SITE012,Wheel Loader,1,6,23,Monsoon
2026-06-05,SITE012,Motor Grader,1,6,23,Monsoon
2026-06-05,SITE012,Backhoe Loader,2,6,23,Monsoon
2026-06-05,SITE012,Skid Steer Loader,2,6,23,Monsoon
2026-06-05,SITE012,Road Roller,4,6,23,Monsoon
2026-06-05,SITE012,Dump Truck,3,6,23,Monsoon
2026-06-05,SITE012,Forklift,4,6,23,Monsoon
2026-06-05,SITE013,Excavator,9,6,23,Monsoon
2026-06-05,SITE013,Bulldozer,2,6,23,Monsoon
2026-06-05,SITE013,Wheel Loader,1,6,23,Monsoon
2026-06-05,SITE013,Motor Grader,3,6,23,Monsoon
2026-06-05,SITE013,Backhoe Loader,2,6,23,Monsoon
2026-06-05,SITE013,Skid Steer Loader,0,6,23,Monsoon
2026-06-05,SITE013,Road Roller,4,6,23,Monsoon
2026-06-05,SITE013,Dump Truck,3,6,23,Monsoon
2026-06-05,SITE013,Forklift,2,6,23,Monsoon
2026-06-05,SITE014,Excavator,1,6,23,Monsoon
2026-06-05,SITE014,Bulldozer,2,6,23,Monsoon
2026-06-05,SITE014,Wheel Loader,5,6,23,Monsoon
2026-06-05,SITE014,Motor Grader,3,6,23,Monsoon
2026-06-05,SITE014,Backhoe Loader,2,6,23,Monsoon
2026-06-05,SITE014,Skid Steer Loader,1,6,23,Monsoon
2026-06-05,SITE014,Road Roller,4,6,23,Monsoon
2026-06-05,SITE014,Dump Truck,2,6,23,Monsoon
2026-06-05,SITE014,Forklift,3,6,23,Monsoon
2026-06-05,SITE015,Excavator,2,6,23,Monsoon
2026-06-05,SITE015,Bulldozer,1,6,23,Monsoon
2026-06-05,SITE015,Wheel Loader,4,6,23,Monsoon
2026-06-05,SITE015,Motor Grader,2,6,23,Monsoon
2026-06-05,SITE015,Backhoe Loader,1,6,23,Monsoon
2026-06-05,SITE015,Skid Steer Loader,1,6,23,Monsoon
2026-06-05,SITE015,Road Roller,2,6,23,Monsoon
2026-06-05,SITE015,Dump Truck,1,6,23,Monsoon
2026-06-05,SITE015,Forklift,3,6,23,Monsoon
2026-06-05,SITE016,Excavator,7,6,23,Monsoon
2026-06-05,SITE016,Bulldozer,2,6,23,Monsoon
2026-06-05,SITE016,Wheel Loader,4,6,23,Monsoon
2026-06-05,SITE016,Motor Grader,1,6,23,Monsoon
2026-06-05,SITE016,Backhoe Loader,1,6,23,Monsoon
2026-06-05,SITE016,Skid Steer Loader,2,6,23,Monsoon
2026-06-05,SITE016,Road Roller,1,6,23,Monsoon
2026-06-05,SITE016,Dump Truck,1,6,23,Monsoon
2026-06-05,SITE016,Forklift,3,6,23,Monsoon
2026-06-05,SITE017,Excavator,8,6,23,Monsoon
2026-06-05,SITE017,Bulldozer,2,6,23,Monsoon
2026-06-05,SITE017,Wheel Loader,2,6,23,Monsoon
2026-06-05,SITE017,Motor Grader,6,6,23,Monsoon
2026-06-05,SITE017,Backhoe Loader,1,6,23,Monsoon
2026-06-05,SITE017,Skid Steer Loader,2,6,23,Monsoon
2026-06-05,SITE017,Road Roller,4,6,23,Monsoon
2026-06-05,SITE017,Dump Truck,3,6,23,Monsoon
2026-06-05,SITE017,Forklift,2,6,23,Monsoon
2026-06-05,SITE018,Excavator,6,6,23,Monsoon
2026-06-05,SITE018,Bulldozer,0,6,23,Monsoon
2026-06-05,SITE018,Wheel Loader,1,6,23,Monsoon
2026-06-05,SITE018,Motor Grader,2,6,23,Monsoon
2026-06-05,SITE018,Backhoe Loader,2,6,23,Monsoon
2026-06-05,SITE018,Skid Steer Loader,4,6,23,Monsoon
2026-06-05,SITE018,Road Roller,3,6,23,Monsoon
2026-06-05,SITE018,Dump Truck,2,6,23,Monsoon
2026-06-05,SITE018,Forklift,2,6,23,Monsoon
2026-06-05,SITE019,Excavator,3,6,23,Monsoon
2026-06-05,SITE019,Bulldozer,1,6,23,Monsoon
2026-06-05,SITE019,Wheel Loader,6,6,23,Monsoon
2026-06-05,SITE019,Motor Grader,0,6,23,Monsoon
2026-06-05,SITE019,Backhoe Loader,3,6,23,Monsoon
2026-06-05,SITE019,Skid Steer Loader,4,6,23,Monsoon
2026-06-05,SITE019,Road Roller,3,6,23,Monsoon
2026-06-05,SITE019,Dump Truck,3,6,23,Monsoon
2026-06-05,SITE019,Forklift,0,6,23,Monsoon
2026-06-05,SITE020,Excavator,1,6,23,Monsoon
2026-06-05,SITE020,Bulldozer,4,6,23,Monsoon
2026-06-05,SITE020,Wheel Loader,0,6,23,Monsoon
2026-06-05,SITE020,Motor Grader,1,6,23,Monsoon
2026-06-05,SITE020,Backhoe Loader,0,6,23,Monsoon
2026-06-05,SITE020,Skid Steer Loader,6,6,23,Monsoon
2026-06-05,SITE020,Road Roller,2,6,23,Monsoon
2026-06-05,SITE020,Dump Truck,5,6,23,Monsoon
2026-06-05,SITE020,Forklift,4,6,23,Monsoon
2026-06-06,SITE001,Excavator,6,6,23,Monsoon
2026-06-06,SITE001,Bulldozer,4,6,23,Monsoon
2026-06-06,SITE001,Wheel Loader,2,6,23,Monsoon
2026-06-06,SITE001,Motor Grader,1,6,23,Monsoon
2026-06-06,SITE001,Backhoe Loader,2,6,23,Monsoon
2026-06-06,SITE001,Skid Steer Loader,2,6,23,Monsoon
2026-06-06,SITE001,Road Roller,2,6,23,Monsoon
2026-06-06,SITE001,Dump Truck,4,6,23,Monsoon
2026-06-06,SITE001,Forklift,0,6,23,Monsoon
2026-06-06,SITE002,Excavator,2,6,23,Monsoon
2026-06-06,SITE002,Bulldozer,1,6,23,Monsoon
2026-06-06,SITE002,Wheel Loader,2,6,23,Monsoon
2026-06-06,SITE002,Motor Grader,3,6,23,Monsoon
2026-06-06,SITE002,Backhoe Loader,1,6,23,Monsoon
2026-06-06,SITE002,Skid Steer Loader,1,6,23,Monsoon
2026-06-06,SITE002,Road Roller,0,6,23,Monsoon
2026-06-06,SITE002,Dump Truck,1,6,23,Monsoon
2026-06-06,SITE002,Forklift,2,6,23,Monsoon
2026-06-06,SITE003,Excavator,4,6,23,Monsoon
2026-06-06,SITE003,Bulldozer,3,6,23,Monsoon
2026-06-06,SITE003,Wheel Loader,3,6,23,Monsoon
2026-06-06,SITE003,Motor Grader,2,6,23,Monsoon
2026-06-06,SITE003,Backhoe Loader,2,6,23,Monsoon
2026-06-06,SITE003,Skid Steer Loader,0,6,23,Monsoon
2026-06-06,SITE003,Road Roller,1,6,23,Monsoon
2026-06-06,SITE003,Dump Truck,1,6,23,Monsoon
2026-06-06,SITE003,Forklift,2,6,23,Monsoon
2026-06-06,SITE004,Excavator,8,6,23,Monsoon
2026-06-06,SITE004,Bulldozer,1,6,23,Monsoon
2026-06-06,SITE004,Wheel Loader,3,6,23,Monsoon
2026-06-06,SITE004,Motor Grader,4,6,23,Monsoon
2026-06-06,SITE004,Backhoe Loader,1,6,23,Monsoon
2026-06-06,SITE004,Skid Steer Loader,2,6,23,Monsoon
2026-06-06,SITE004,Road Roller,2,6,23,Monsoon
2026-06-06,SITE004,Dump Truck,1,6,23,Monsoon
2026-06-06,SITE004,Forklift,1,6,23,Monsoon
2026-06-06,SITE005,Excavator,1,6,23,Monsoon
2026-06-06,SITE005,Bulldozer,0,6,23,Monsoon
2026-06-06,SITE005,Wheel Loader,2,6,23,Monsoon
2026-06-06,SITE005,Motor Grader,3,6,23,Monsoon
2026-06-06,SITE005,Backhoe Loader,2,6,23,Monsoon
2026-06-06,SITE005,Skid Steer Loader,5,6,23,Monsoon
2026-06-06,SITE005,Road Roller,1,6,23,Monsoon
2026-06-06,SITE005,Dump Truck,1,6,23,Monsoon
2026-06-06,SITE005,Forklift,1,6,23,Monsoon
2026-06-06,SITE006,Excavator,3,6,23,Monsoon
2026-06-06,SITE006,Bulldozer,2,6,23,Monsoon
2026-06-06,SITE006,Wheel Loader,0,6,23,Monsoon
2026-06-06,SITE006,Motor Grader,2,6,23,Monsoon
2026-06-06,SITE006,Backhoe Loader,2,6,23,Monsoon
2026-06-06,SITE006,Skid Steer Loader,1,6,23,Monsoon
2026-06-06,SITE006,Road Roller,0,6,23,Monsoon
2026-06-06,SITE006,Dump Truck,1,6,23,Monsoon
2026-06-06,SITE006,Forklift,3,6,23,Monsoon
2026-06-06,SITE007,Excavator,6,6,23,Monsoon
2026-06-06,SITE007,Bulldozer,3,6,23,Monsoon
2026-06-06,SITE007,Wheel Loader,3,6,23,Monsoon
2026-06-06,SITE007,Motor Grader,2,6,23,Monsoon
2026-06-06,SITE007,Backhoe Loader,0,6,23,Monsoon
2026-06-06,SITE007,Skid Steer Loader,1,6,23,Monsoon
2026-06-06,SITE007,Road Roller,1,6,23,Monsoon
2026-06-06,SITE007,Dump Truck,3,6,23,Monsoon
2026-06-06,SITE007,Forklift,4,6,23,Monsoon
2026-06-06,SITE008,Excavator,6,6,23,Monsoon
2026-06-06,SITE008,Bulldozer,0,6,23,Monsoon
2026-06-06,SITE008,Wheel Loader,0,6,23,Monsoon
2026-06-06,SITE008,Motor Grader,1,6,23,Monsoon
2026-06-06,SITE008,Backhoe Loader,2,6,23,Monsoon
2026-06-06,SITE008,Skid Steer Loader,2,6,23,Monsoon
2026-06-06,SITE008,Road Roller,2,6,23,Monsoon
2026-06-06,SITE008,Dump Truck,2,6,23,Monsoon
2026-06-06,SITE008,Forklift,0,6,23,Monsoon
2026-06-06,SITE009,Excavator,3,6,23,Monsoon
2026-06-06,SITE009,Bulldozer,1,6,23,Monsoon
2026-06-06,SITE009,Wheel Loader,1,6,23,Monsoon
2026-06-06,SITE009,Motor Grader,1,6,23,Monsoon
2026-06-06,SITE009,Backhoe Loader,0,6,23,Monsoon
2026-06-06,SITE009,Skid Steer Loader,2,6,23,Monsoon
2026-06-06,SITE009,Road Roller,2,6,23,Monsoon
2026-06-06,SITE009,Dump Truck,2,6,23,Monsoon
2026-06-06,SITE009,Forklift,2,6,23,Monsoon
2026-06-06,SITE010,Excavator,1,6,23,Monsoon
2026-06-06,SITE010,Bulldozer,2,6,23,Monsoon
2026-06-06,SITE010,Wheel Loader,0,6,23,Monsoon
2026-06-06,SITE010,Motor Grader,2,6,23,Monsoon
2026-06-06,SITE010,Backhoe Loader,0,6,23,Monsoon
2026-06-06,SITE010,Skid Steer Loader,4,6,23,Monsoon
2026-06-06,SITE010,Road Roller,0,6,23,Monsoon
2026-06-06,SITE010,Dump Truck,5,6,23,Monsoon
2026-06-06,SITE010,Forklift,4,6,23,Monsoon
2026-06-06,SITE011,Excavator,1,6,23,Monsoon
2026-06-06,SITE011,Bulldozer,2,6,23,Monsoon
2026-06-06,SITE011,Wheel Loader,3,6,23,Monsoon
2026-06-06,SITE011,Motor Grader,1,6,23,Monsoon
2026-06-06,SITE011,Backhoe Loader,1,6,23,Monsoon
2026-06-06,SITE011,Skid Steer Loader,2,6,23,Monsoon
2026-06-06,SITE011,Road Roller,4,6,23,Monsoon
2026-06-06,SITE011,Dump Truck,1,6,23,Monsoon
2026-06-06,SITE011,Forklift,1,6,23,Monsoon
2026-06-06,SITE012,Excavator,2,6,23,Monsoon
2026-06-06,SITE012,Bulldozer,0,6,23,Monsoon
2026-06-06,SITE012,Wheel Loader,1,6,23,Monsoon
2026-06-06,SITE012,Motor Grader,2,6,23,Monsoon
2026-06-06,SITE012,Backhoe Loader,3,6,23,Monsoon
2026-06-06,SITE012,Skid Steer Loader,1,6,23,Monsoon
2026-06-06,SITE012,Road Roller,4,6,23,Monsoon
2026-06-06,SITE012,Dump Truck,3,6,23,Monsoon
2026-06-06,SITE012,Forklift,2,6,23,Monsoon
2026-06-06,SITE013,Excavator,5,6,23,Monsoon
2026-06-06,SITE013,Bulldozer,3,6,23,Monsoon
2026-06-06,SITE013,Wheel Loader,2,6,23,Monsoon
2026-06-06,SITE013,Motor Grader,1,6,23,Monsoon
2026-06-06,SITE013,Backhoe Loader,2,6,23,Monsoon
2026-06-06,SITE013,Skid Steer Loader,2,6,23,Monsoon
2026-06-06,SITE013,Road Roller,4,6,23,Monsoon
2026-06-06,SITE013,Dump Truck,1,6,23,Monsoon
2026-06-06,SITE013,Forklift,0,6,23,Monsoon
2026-06-06,SITE014,Excavator,9,6,23,Monsoon
2026-06-06,SITE014,Bulldozer,2,6,23,Monsoon
2026-06-06,SITE014,Wheel Loader,1,6,23,Monsoon
2026-06-06,SITE014,Motor Grader,7,6,23,Monsoon
2026-06-06,SITE014,Backhoe Loader,1,6,23,Monsoon
2026-06-06,SITE014,Skid Steer Loader,4,6,23,Monsoon
2026-06-06,SITE014,Road Roller,0,6,23,Monsoon
2026-06-06,SITE014,Dump Truck,1,6,23,Monsoon
2026-06-06,SITE014,Forklift,3,6,23,Monsoon
2026-06-06,SITE015,Excavator,8,6,23,Monsoon
2026-06-06,SITE015,Bulldozer,1,6,23,Monsoon
2026-06-06,SITE015,Wheel Loader,2,6,23,Monsoon
2026-06-06,SITE015,Motor Grader,3,6,23,Monsoon
2026-06-06,SITE015,Backhoe Loader,1,6,23,Monsoon
2026-06-06,SITE015,Skid Steer Loader,3,6,23,Monsoon
2026-06-06,SITE015,Road Roller,2,6,23,Monsoon
2026-06-06,SITE015,Dump Truck,0,6,23,Monsoon
2026-06-06,SITE015,Forklift,0,6,23,Monsoon
2026-06-06,SITE016,Excavator,6,6,23,Monsoon
2026-06-06,SITE016,Bulldozer,1,6,23,Monsoon
2026-06-06,SITE016,Wheel Loader,2,6,23,Monsoon
2026-06-06,SITE016,Motor Grader,1,6,23,Monsoon
2026-06-06,SITE016,Backhoe Loader,1,6,23,Monsoon
2026-06-06,SITE016,Skid Steer Loader,1,6,23,Monsoon
2026-06-06,SITE016,Road Roller,3,6,23,Monsoon
2026-06-06,SITE016,Dump Truck,1,6,23,Monsoon
2026-06-06,SITE016,Forklift,4,6,23,Monsoon
2026-06-06,SITE017,Excavator,8,6,23,Monsoon
2026-06-06,SITE017,Bulldozer,2,6,23,Monsoon
2026-06-06,SITE017,Wheel Loader,1,6,23,Monsoon
2026-06-06,SITE017,Motor Grader,1,6,23,Monsoon
2026-06-06,SITE017,Backhoe Loader,2,6,23,Monsoon
2026-06-06,SITE017,Skid Steer Loader,2,6,23,Monsoon
2026-06-06,SITE017,Road Roller,2,6,23,Monsoon
2026-06-06,SITE017,Dump Truck,4,6,23,Monsoon
2026-06-06,SITE017,Forklift,1,6,23,Monsoon
2026-06-06,SITE018,Excavator,4,6,23,Monsoon
2026-06-06,SITE018,Bulldozer,1,6,23,Monsoon
2026-06-06,SITE018,Wheel Loader,3,6,23,Monsoon
2026-06-06,SITE018,Motor Grader,1,6,23,Monsoon
2026-06-06,SITE018,Backhoe Loader,4,6,23,Monsoon
2026-06-06,SITE018,Skid Steer Loader,2,6,23,Monsoon
2026-06-06,SITE018,Road Roller,0,6,23,Monsoon
2026-06-06,SITE018,Dump Truck,5,6,23,Monsoon
2026-06-06,SITE018,Forklift,3,6,23,Monsoon
2026-06-06,SITE019,Excavator,3,6,23,Monsoon
2026-06-06,SITE019,Bulldozer,0,6,23,Monsoon
2026-06-06,SITE019,Wheel Loader,4,6,23,Monsoon
2026-06-06,SITE019,Motor Grader,1,6,23,Monsoon
2026-06-06,SITE019,Backhoe Loader,1,6,23,Monsoon
2026-06-06,SITE019,Skid Steer Loader,1,6,23,Monsoon
2026-06-06,SITE019,Road Roller,4,6,23,Monsoon
2026-06-06,SITE019,Dump Truck,1,6,23,Monsoon
2026-06-06,SITE019,Forklift,6,6,23,Monsoon
2026-06-06,SITE020,Excavator,4,6,23,Monsoon
2026-06-06,SITE020,Bulldozer,1,6,23,Monsoon
2026-06-06,SITE020,Wheel Loader,3,6,23,Monsoon
2026-06-06,SITE020,Motor Grader,2,6,23,Monsoon
2026-06-06,SITE020,Backhoe Loader,2,6,23,Monsoon
2026-06-06,SITE020,Skid Steer Loader,2,6,23,Monsoon
2026-06-06,SITE020,Road Roller,1,6,23,Monsoon
2026-06-06,SITE020,Dump Truck,1,6,23,Monsoon
2026-06-06,SITE020,Forklift,2,6,23,Monsoon
2026-06-07,SITE001,Excavator,4,6,23,Monsoon
2026-06-07,SITE001,Bulldozer,2,6,23,Monsoon
2026-06-07,SITE001,Wheel Loader,2,6,23,Monsoon
2026-06-07,SITE001,Motor Grader,2,6,23,Monsoon
2026-06-07,SITE001,Backhoe Loader,3,6,23,Monsoon
2026-06-07,SITE001,Skid Steer Loader,1,6,23,Monsoon
2026-06-07,SITE001,Road Roller,6,6,23,Monsoon
2026-06-07,SITE001,Dump Truck,2,6,23,Monsoon
2026-06-07,SITE001,Forklift,1,6,23,Monsoon
2026-06-07,SITE002,Excavator,3,6,23,Monsoon
2026-06-07,SITE002,Bulldozer,1,6,23,Monsoon
2026-06-07,SITE002,Wheel Loader,1,6,23,Monsoon
2026-06-07,SITE002,Motor Grader,1,6,23,Monsoon
2026-06-07,SITE002,Backhoe Loader,1,6,23,Monsoon
2026-06-07,SITE002,Skid Steer Loader,2,6,23,Monsoon
2026-06-07,SITE002,Road Roller,0,6,23,Monsoon
2026-06-07,SITE002,Dump Truck,1,6,23,Monsoon
2026-06-07,SITE002,Forklift,3,6,23,Monsoon
2026-06-07,SITE003,Excavator,4,6,23,Monsoon
2026-06-07,SITE003,Bulldozer,1,6,23,Monsoon
2026-06-07,SITE003,Wheel Loader,0,6,23,Monsoon
2026-06-07,SITE003,Motor Grader,3,6,23,Monsoon
2026-06-07,SITE003,Backhoe Loader,1,6,23,Monsoon
2026-06-07,SITE003,Skid Steer Loader,7,6,23,Monsoon
2026-06-07,SITE003,Road Roller,3,6,23,Monsoon
2026-06-07,SITE003,Dump Truck,0,6,23,Monsoon
2026-06-07,SITE003,Forklift,3,6,23,Monsoon
2026-06-07,SITE004,Excavator,5,6,23,Monsoon
2026-06-07,SITE004,Bulldozer,1,6,23,Monsoon
2026-06-07,SITE004,Wheel Loader,0,6,23,Monsoon
2026-06-07,SITE004,Motor Grader,0,6,23,Monsoon
2026-06-07,SITE004,Backhoe Loader,1,6,23,Monsoon
2026-06-07,SITE004,Skid Steer Loader,2,6,23,Monsoon
2026-06-07,SITE004,Road Roller,1,6,23,Monsoon
2026-06-07,SITE004,Dump Truck,7,6,23,Monsoon
2026-06-07,SITE004,Forklift,1,6,23,Monsoon
2026-06-07,SITE005,Excavator,0,6,23,Monsoon
2026-06-07,SITE005,Bulldozer,2,6,23,Monsoon
2026-06-07,SITE005,Wheel Loader,3,6,23,Monsoon
2026-06-07,SITE005,Motor Grader,3,6,23,Monsoon
2026-06-07,SITE005,Backhoe Loader,2,6,23,Monsoon
2026-06-07,SITE005,Skid Steer Loader,2,6,23,Monsoon
2026-06-07,SITE005,Road Roller,1,6,23,Monsoon
2026-06-07,SITE005,Dump Truck,1,6,23,Monsoon
2026-06-07,SITE005,Forklift,2,6,23,Monsoon
2026-06-07,SITE006,Excavator,3,6,23,Monsoon
2026-06-07,SITE006,Bulldozer,3,6,23,Monsoon
2026-06-07,SITE006,Wheel Loader,2,6,23,Monsoon
2026-06-07,SITE006,Motor Grader,2,6,23,Monsoon
2026-06-07,SITE006,Backhoe Loader,1,6,23,Monsoon
2026-06-07,SITE006,Skid Steer Loader,2,6,23,Monsoon
2026-06-07,SITE006,Road Roller,3,6,23,Monsoon
2026-06-07,SITE006,Dump Truck,1,6,23,Monsoon
2026-06-07,SITE006,Forklift,3,6,23,Monsoon
2026-06-07,SITE007,Excavator,4,6,23,Monsoon
2026-06-07,SITE007,Bulldozer,4,6,23,Monsoon
2026-06-07,SITE007,Wheel Loader,0,6,23,Monsoon
2026-06-07,SITE007,Motor Grader,6,6,23,Monsoon
2026-06-07,SITE007,Backhoe Loader,3,6,23,Monsoon
2026-06-07,SITE007,Skid Steer Loader,1,6,23,Monsoon
2026-06-07,SITE007,Road Roller,2,6,23,Monsoon
2026-06-07,SITE007,Dump Truck,2,6,23,Monsoon
2026-06-07,SITE007,Forklift,2,6,23,Monsoon
2026-06-07,SITE008,Excavator,6,6,23,Monsoon
2026-06-07,SITE008,Bulldozer,5,6,23,Monsoon
2026-06-07,SITE008,Wheel Loader,2,6,23,Monsoon
2026-06-07,SITE008,Motor Grader,0,6,23,Monsoon
2026-06-07,SITE008,Backhoe Loader,0,6,23,Monsoon
2026-06-07,SITE008,Skid Steer Loader,1,6,23,Monsoon
2026-06-07,SITE008,Road Roller,3,6,23,Monsoon
2026-06-07,SITE008,Dump Truck,1,6,23,Monsoon
2026-06-07,SITE008,Forklift,1,6,23,Monsoon
2026-06-07,SITE009,Excavator,4,6,23,Monsoon
2026-06-07,SITE009,Bulldozer,2,6,23,Monsoon
2026-06-07,SITE009,Wheel Loader,3,6,23,Monsoon
2026-06-07,SITE009,Motor Grader,5,6,23,Monsoon
2026-06-07,SITE009,Backhoe Loader,3,6,23,Monsoon
2026-06-07,SITE009,Skid Steer Loader,1,6,23,Monsoon
2026-06-07,SITE009,Road Roller,3,6,23,Monsoon
2026-06-07,SITE009,Dump Truck,0,6,23,Monsoon
2026-06-07,SITE009,Forklift,5,6,23,Monsoon
2026-06-07,SITE010,Excavator,5,6,23,Monsoon
2026-06-07,SITE010,Bulldozer,3,6,23,Monsoon
2026-06-07,SITE010,Wheel Loader,0,6,23,Monsoon
2026-06-07,SITE010,Motor Grader,4,6,23,Monsoon
2026-06-07,SITE010,Backhoe Loader,2,6,23,Monsoon
2026-06-07,SITE010,Skid Steer Loader,0,6,23,Monsoon
2026-06-07,SITE010,Road Roller,0,6,23,Monsoon
2026-06-07,SITE010,Dump Truck,1,6,23,Monsoon
2026-06-07,SITE010,Forklift,1,6,23,Monsoon
2026-06-07,SITE011,Excavator,2,6,23,Monsoon
2026-06-07,SITE011,Bulldozer,2,6,23,Monsoon
2026-06-07,SITE011,Wheel Loader,3,6,23,Monsoon
2026-06-07,SITE011,Motor Grader,2,6,23,Monsoon
2026-06-07,SITE011,Backhoe Loader,1,6,23,Monsoon
2026-06-07,SITE011,Skid Steer Loader,3,6,23,Monsoon
2026-06-07,SITE011,Road Roller,1,6,23,Monsoon
2026-06-07,SITE011,Dump Truck,5,6,23,Monsoon
2026-06-07,SITE011,Forklift,2,6,23,Monsoon
2026-06-07,SITE012,Excavator,7,6,23,Monsoon
2026-06-07,SITE012,Bulldozer,1,6,23,Monsoon
2026-06-07,SITE012,Wheel Loader,0,6,23,Monsoon
2026-06-07,SITE012,Motor Grader,3,6,23,Monsoon
2026-06-07,SITE012,Backhoe Loader,1,6,23,Monsoon
2026-06-07,SITE012,Skid Steer Loader,1,6,23,Monsoon
2026-06-07,SITE012,Road Roller,4,6,23,Monsoon
2026-06-07,SITE012,Dump Truck,2,6,23,Monsoon
2026-06-07,SITE012,Forklift,1,6,23,Monsoon
2026-06-07,SITE013,Excavator,4,6,23,Monsoon
2026-06-07,SITE013,Bulldozer,0,6,23,Monsoon
2026-06-07,SITE013,Wheel Loader,3,6,23,Monsoon
2026-06-07,SITE013,Motor Grader,4,6,23,Monsoon
2026-06-07,SITE013,Backhoe Loader,4,6,23,Monsoon
2026-06-07,SITE013,Skid Steer Loader,1,6,23,Monsoon
2026-06-07,SITE013,Road Roller,4,6,23,Monsoon
2026-06-07,SITE013,Dump Truck,0,6,23,Monsoon
2026-06-07,SITE013,Forklift,0,6,23,Monsoon
2026-06-07,SITE014,Excavator,2,6,23,Monsoon
2026-06-07,SITE014,Bulldozer,4,6,23,Monsoon
2026-06-07,SITE014,Wheel Loader,1,6,23,Monsoon
2026-06-07,SITE014,Motor Grader,2,6,23,Monsoon
2026-06-07,SITE014,Backhoe Loader,1,6,23,Monsoon
2026-06-07,SITE014,Skid Steer Loader,5,6,23,Monsoon
2026-06-07,SITE014,Road Roller,1,6,23,Monsoon
2026-06-07,SITE014,Dump Truck,1,6,23,Monsoon
2026-06-07,SITE014,Forklift,2,6,23,Monsoon
2026-06-07,SITE015,Excavator,5,6,23,Monsoon
2026-06-07,SITE015,Bulldozer,2,6,23,Monsoon
2026-06-07,SITE015,Wheel Loader,1,6,23,Monsoon
2026-06-07,SITE015,Motor Grader,2,6,23,Monsoon
2026-06-07,SITE015,Backhoe Loader,4,6,23,Monsoon
2026-06-07,SITE015,Skid Steer Loader,4,6,23,Monsoon
2026-06-07,SITE015,Road Roller,4,6,23,Monsoon
2026-06-07,SITE015,Dump Truck,4,6,23,Monsoon
2026-06-07,SITE015,Forklift,1,6,23,Monsoon
2026-06-07,SITE016,Excavator,8,6,23,Monsoon
2026-06-07,SITE016,Bulldozer,4,6,23,Monsoon
2026-06-07,SITE016,Wheel Loader,2,6,23,Monsoon
2026-06-07,SITE016,Motor Grader,1,6,23,Monsoon
2026-06-07,SITE016,Backhoe Loader,2,6,23,Monsoon
2026-06-07,SITE016,Skid Steer Loader,4,6,23,Monsoon
2026-06-07,SITE016,Road Roller,2,6,23,Monsoon
2026-06-07,SITE016,Dump Truck,1,6,23,Monsoon
2026-06-07,SITE016,Forklift,4,6,23,Monsoon
2026-06-07,SITE017,Excavator,1,6,23,Monsoon
2026-06-07,SITE017,Bulldozer,3,6,23,Monsoon
2026-06-07,SITE017,Wheel Loader,6,6,23,Monsoon
2026-06-07,SITE017,Motor Grader,0,6,23,Monsoon
2026-06-07,SITE017,Backhoe Loader,3,6,23,Monsoon
2026-06-07,SITE017,Skid Steer Loader,3,6,23,Monsoon
2026-06-07,SITE017,Road Roller,2,6,23,Monsoon
2026-06-07,SITE017,Dump Truck,0,6,23,Monsoon
2026-06-07,SITE017,Forklift,4,6,23,Monsoon
2026-06-07,SITE018,Excavator,7,6,23,Monsoon
2026-06-07,SITE018,Bulldozer,4,6,23,Monsoon
2026-06-07,SITE018,Wheel Loader,1,6,23,Monsoon
2026-06-07,SITE018,Motor Grader,1,6,23,Monsoon
2026-06-07,SITE018,Backhoe Loader,1,6,23,Monsoon
2026-06-07,SITE018,Skid Steer Loader,2,6,23,Monsoon
2026-06-07,SITE018,Road Roller,2,6,23,Monsoon
2026-06-07,SITE018,Dump Truck,2,6,23,Monsoon
2026-06-07,SITE018,Forklift,2,6,23,Monsoon
2026-06-07,SITE019,Excavator,7,6,23,Monsoon
2026-06-07,SITE019,Bulldozer,2,6,23,Monsoon
2026-06-07,SITE019,Wheel Loader,0,6,23,Monsoon
2026-06-07,SITE019,Motor Grader,2,6,23,Monsoon
2026-06-07,SITE019,Backhoe Loader,2,6,23,Monsoon
2026-06-07,SITE019,Skid Steer Loader,3,6,23,Monsoon
2026-06-07,SITE019,Road Roller,2,6,23,Monsoon
2026-06-07,SITE019,Dump Truck,3,6,23,Monsoon
2026-06-07,SITE019,Forklift,2,6,23,Monsoon
2026-06-07,SITE020,Excavator,6,6,23,Monsoon
2026-06-07,SITE020,Bulldozer,1,6,23,Monsoon
2026-06-07,SITE020,Wheel Loader,1,6,23,Monsoon
2026-06-07,SITE020,Motor Grader,1,6,23,Monsoon
2026-06-07,SITE020,Backhoe Loader,2,6,23,Monsoon
2026-06-07,SITE020,Skid Steer Loader,3,6,23,Monsoon
2026-06-07,SITE020,Road Roller,7,6,23,Monsoon
2026-06-07,SITE020,Dump Truck,3,6,23,Monsoon
2026-06-07,SITE020,Forklift,2,6,23,Monsoon
2026-06-08,SITE001,Excavator,3,6,24,Monsoon
2026-06-08,SITE001,Bulldozer,1,6,24,Monsoon
2026-06-08,SITE001,Wheel Loader,1,6,24,Monsoon
2026-06-08,SITE001,Motor Grader,1,6,24,Monsoon
2026-06-08,SITE001,Backhoe Loader,3,6,24,Monsoon
2026-06-08,SITE001,Skid Steer Loader,3,6,24,Monsoon
2026-06-08,SITE001,Road Roller,3,6,24,Monsoon
2026-06-08,SITE001,Dump Truck,2,6,24,Monsoon
2026-06-08,SITE001,Forklift,4,6,24,Monsoon
2026-06-08,SITE002,Excavator,3,6,24,Monsoon
2026-06-08,SITE002,Bulldozer,1,6,24,Monsoon
2026-06-08,SITE002,Wheel Loader,2,6,24,Monsoon
2026-06-08,SITE002,Motor Grader,1,6,24,Monsoon
2026-06-08,SITE002,Backhoe Loader,2,6,24,Monsoon
2026-06-08,SITE002,Skid Steer Loader,0,6,24,Monsoon
2026-06-08,SITE002,Road Roller,3,6,24,Monsoon
2026-06-08,SITE002,Dump Truck,3,6,24,Monsoon
2026-06-08,SITE002,Forklift,3,6,24,Monsoon
2026-06-08,SITE003,Excavator,5,6,24,Monsoon
2026-06-08,SITE003,Bulldozer,1,6,24,Monsoon
2026-06-08,SITE003,Wheel Loader,2,6,24,Monsoon
2026-06-08,SITE003,Motor Grader,2,6,24,Monsoon
2026-06-08,SITE003,Backhoe Loader,0,6,24,Monsoon
2026-06-08,SITE003,Skid Steer Loader,0,6,24,Monsoon
2026-06-08,SITE003,Road Roller,0,6,24,Monsoon
2026-06-08,SITE003,Dump Truck,2,6,24,Monsoon
2026-06-08,SITE003,Forklift,1,6,24,Monsoon
2026-06-08,SITE004,Excavator,4,6,24,Monsoon
2026-06-08,SITE004,Bulldozer,3,6,24,Monsoon
2026-06-08,SITE004,Wheel Loader,3,6,24,Monsoon
2026-06-08,SITE004,Motor Grader,1,6,24,Monsoon
2026-06-08,SITE004,Backhoe Loader,4,6,24,Monsoon
2026-06-08,SITE004,Skid Steer Loader,1,6,24,Monsoon
2026-06-08,SITE004,Road Roller,2,6,24,Monsoon
2026-06-08,SITE004,Dump Truck,1,6,24,Monsoon
2026-06-08,SITE004,Forklift,4,6,24,Monsoon
2026-06-08,SITE005,Excavator,5,6,24,Monsoon
2026-06-08,SITE005,Bulldozer,3,6,24,Monsoon
2026-06-08,SITE005,Wheel Loader,1,6,24,Monsoon
2026-06-08,SITE005,Motor Grader,2,6,24,Monsoon
2026-06-08,SITE005,Backhoe Loader,0,6,24,Monsoon
2026-06-08,SITE005,Skid Steer Loader,2,6,24,Monsoon
2026-06-08,SITE005,Road Roller,3,6,24,Monsoon
2026-06-08,SITE005,Dump Truck,0,6,24,Monsoon
2026-06-08,SITE005,Forklift,4,6,24,Monsoon
2026-06-08,SITE006,Excavator,7,6,24,Monsoon
2026-06-08,SITE006,Bulldozer,4,6,24,Monsoon
2026-06-08,SITE006,Wheel Loader,7,6,24,Monsoon
2026-06-08,SITE006,Motor Grader,0,6,24,Monsoon
2026-06-08,SITE006,Backhoe Loader,2,6,24,Monsoon
2026-06-08,SITE006,Skid Steer Loader,0,6,24,Monsoon
2026-06-08,SITE006,Road Roller,1,6,24,Monsoon
2026-06-08,SITE006,Dump Truck,2,6,24,Monsoon
2026-06-08,SITE006,Forklift,2,6,24,Monsoon
2026-06-08,SITE007,Excavator,4,6,24,Monsoon
2026-06-08,SITE007,Bulldozer,4,6,24,Monsoon
2026-06-08,SITE007,Wheel Loader,2,6,24,Monsoon
2026-06-08,SITE007,Motor Grader,3,6,24,Monsoon
2026-06-08,SITE007,Backhoe Loader,2,6,24,Monsoon
2026-06-08,SITE007,Skid Steer Loader,3,6,24,Monsoon
2026-06-08,SITE007,Road Roller,1,6,24,Monsoon
2026-06-08,SITE007,Dump Truck,2,6,24,Monsoon
2026-06-08,SITE007,Forklift,5,6,24,Monsoon
2026-06-08,SITE008,Excavator,6,6,24,Monsoon
2026-06-08,SITE008,Bulldozer,0,6,24,Monsoon
2026-06-08,SITE008,Wheel Loader,1,6,24,Monsoon
2026-06-08,SITE008,Motor Grader,2,6,24,Monsoon
2026-06-08,SITE008,Backhoe Loader,4,6,24,Monsoon
2026-06-08,SITE008,Skid Steer Loader,1,6,24,Monsoon
2026-06-08,SITE008,Road Roller,5,6,24,Monsoon
2026-06-08,SITE008,Dump Truck,3,6,24,Monsoon
2026-06-08,SITE008,Forklift,2,6,24,Monsoon
2026-06-08,SITE009,Excavator,5,6,24,Monsoon
2026-06-08,SITE009,Bulldozer,3,6,24,Monsoon
2026-06-08,SITE009,Wheel Loader,1,6,24,Monsoon
2026-06-08,SITE009,Motor Grader,2,6,24,Monsoon
2026-06-08,SITE009,Backhoe Loader,3,6,24,Monsoon
2026-06-08,SITE009,Skid Steer Loader,0,6,24,Monsoon
2026-06-08,SITE009,Road Roller,2,6,24,Monsoon
2026-06-08,SITE009,Dump Truck,3,6,24,Monsoon
2026-06-08,SITE009,Forklift,2,6,24,Monsoon
2026-06-08,SITE010,Excavator,2,6,24,Monsoon
2026-06-08,SITE010,Bulldozer,1,6,24,Monsoon
2026-06-08,SITE010,Wheel Loader,2,6,24,Monsoon
2026-06-08,SITE010,Motor Grader,2,6,24,Monsoon
2026-06-08,SITE010,Backhoe Loader,3,6,24,Monsoon
2026-06-08,SITE010,Skid Steer Loader,4,6,24,Monsoon
2026-06-08,SITE010,Road Roller,2,6,24,Monsoon
2026-06-08,SITE010,Dump Truck,0,6,24,Monsoon
2026-06-08,SITE010,Forklift,0,6,24,Monsoon
2026-06-08,SITE011,Excavator,5,6,24,Monsoon
2026-06-08,SITE011,Bulldozer,0,6,24,Monsoon
2026-06-08,SITE011,Wheel Loader,1,6,24,Monsoon
2026-06-08,SITE011,Motor Grader,5,6,24,Monsoon
2026-06-08,SITE011,Backhoe Loader,1,6,24,Monsoon
2026-06-08,SITE011,Skid Steer Loader,3,6,24,Monsoon
2026-06-08,SITE011,Road Roller,4,6,24,Monsoon
2026-06-08,SITE011,Dump Truck,4,6,24,Monsoon
2026-06-08,SITE011,Forklift,6,6,24,Monsoon
2026-06-08,SITE012,Excavator,2,6,24,Monsoon
2026-06-08,SITE012,Bulldozer,3,6,24,Monsoon
2026-06-08,SITE012,Wheel Loader,4,6,24,Monsoon
2026-06-08,SITE012,Motor Grader,1,6,24,Monsoon
2026-06-08,SITE012,Backhoe Loader,1,6,24,Monsoon
2026-06-08,SITE012,Skid Steer Loader,3,6,24,Monsoon
2026-06-08,SITE012,Road Roller,7,6,24,Monsoon
2026-06-08,SITE012,Dump Truck,7,6,24,Monsoon
2026-06-08,SITE012,Forklift,1,6,24,Monsoon
2026-06-08,SITE013,Excavator,6,6,24,Monsoon
2026-06-08,SITE013,Bulldozer,2,6,24,Monsoon
2026-06-08,SITE013,Wheel Loader,4,6,24,Monsoon
2026-06-08,SITE013,Motor Grader,3,6,24,Monsoon
2026-06-08,SITE013,Backhoe Loader,0,6,24,Monsoon
2026-06-08,SITE013,Skid Steer Loader,1,6,24,Monsoon
2026-06-08,SITE013,Road Roller,1,6,24,Monsoon
2026-06-08,SITE013,Dump Truck,4,6,24,Monsoon
2026-06-08,SITE013,Forklift,5,6,24,Monsoon
2026-06-08,SITE014,Excavator,2,6,24,Monsoon
2026-06-08,SITE014,Bulldozer,2,6,24,Monsoon
2026-06-08,SITE014,Wheel Loader,6,6,24,Monsoon
2026-06-08,SITE014,Motor Grader,2,6,24,Monsoon
2026-06-08,SITE014,Backhoe Loader,3,6,24,Monsoon
2026-06-08,SITE014,Skid Steer Loader,2,6,24,Monsoon
2026-06-08,SITE014,Road Roller,5,6,24,Monsoon
2026-06-08,SITE014,Dump Truck,0,6,24,Monsoon
2026-06-08,SITE014,Forklift,0,6,24,Monsoon
2026-06-08,SITE015,Excavator,2,6,24,Monsoon
2026-06-08,SITE015,Bulldozer,3,6,24,Monsoon
2026-06-08,SITE015,Wheel Loader,1,6,24,Monsoon
2026-06-08,SITE015,Motor Grader,3,6,24,Monsoon
2026-06-08,SITE015,Backhoe Loader,1,6,24,Monsoon
2026-06-08,SITE015,Skid Steer Loader,3,6,24,Monsoon
2026-06-08,SITE015,Road Roller,1,6,24,Monsoon
2026-06-08,SITE015,Dump Truck,4,6,24,Monsoon
2026-06-08,SITE015,Forklift,1,6,24,Monsoon
2026-06-08,SITE016,Excavator,12,6,24,Monsoon
2026-06-08,SITE016,Bulldozer,1,6,24,Monsoon
2026-06-08,SITE016,Wheel Loader,2,6,24,Monsoon
2026-06-08,SITE016,Motor Grader,1,6,24,Monsoon
2026-06-08,SITE016,Backhoe Loader,1,6,24,Monsoon
2026-06-08,SITE016,Skid Steer Loader,2,6,24,Monsoon
2026-06-08,SITE016,Road Roller,2,6,24,Monsoon
2026-06-08,SITE016,Dump Truck,0,6,24,Monsoon
2026-06-08,SITE016,Forklift,2,6,24,Monsoon
2026-06-08,SITE017,Excavator,6,6,24,Monsoon
2026-06-08,SITE017,Bulldozer,2,6,24,Monsoon
2026-06-08,SITE017,Wheel Loader,1,6,24,Monsoon
2026-06-08,SITE017,Motor Grader,2,6,24,Monsoon
2026-06-08,SITE017,Backhoe Loader,0,6,24,Monsoon
2026-06-08,SITE017,Skid Steer Loader,1,6,24,Monsoon
2026-06-08,SITE017,Road Roller,3,6,24,Monsoon
2026-06-08,SITE017,Dump Truck,0,6,24,Monsoon
2026-06-08,SITE017,Forklift,4,6,24,Monsoon
2026-06-08,SITE018,Excavator,2,6,24,Monsoon
2026-06-08,SITE018,Bulldozer,4,6,24,Monsoon
2026-06-08,SITE018,Wheel Loader,3,6,24,Monsoon
2026-06-08,SITE018,Motor Grader,1,6,24,Monsoon
2026-06-08,SITE018,Backhoe Loader,3,6,24,Monsoon
2026-06-08,SITE018,Skid Steer Loader,2,6,24,Monsoon
2026-06-08,SITE018,Road Roller,3,6,24,Monsoon
2026-06-08,SITE018,Dump Truck,1,6,24,Monsoon
2026-06-08,SITE018,Forklift,1,6,24,Monsoon
2026-06-08,SITE019,Excavator,3,6,24,Monsoon
2026-06-08,SITE019,Bulldozer,7,6,24,Monsoon
2026-06-08,SITE019,Wheel Loader,3,6,24,Monsoon
2026-06-08,SITE019,Motor Grader,5,6,24,Monsoon
2026-06-08,SITE019,Backhoe Loader,1,6,24,Monsoon
2026-06-08,SITE019,Skid Steer Loader,1,6,24,Monsoon
2026-06-08,SITE019,Road Roller,3,6,24,Monsoon
2026-06-08,SITE019,Dump Truck,0,6,24,Monsoon
2026-06-08,SITE019,Forklift,1,6,24,Monsoon
2026-06-08,SITE020,Excavator,3,6,24,Monsoon
2026-06-08,SITE020,Bulldozer,2,6,24,Monsoon
2026-06-08,SITE020,Wheel Loader,2,6,24,Monsoon
2026-06-08,SITE020,Motor Grader,1,6,24,Monsoon
2026-06-08,SITE020,Backhoe Loader,1,6,24,Monsoon
2026-06-08,SITE020,Skid Steer Loader,1,6,24,Monsoon
2026-06-08,SITE020,Road Roller,1,6,24,Monsoon
2026-06-08,SITE020,Dump Truck,1,6,24,Monsoon
2026-06-08,SITE020,Forklift,0,6,24,Monsoon
2026-06-09,SITE001,Excavator,5,6,24,Monsoon
2026-06-09,SITE001,Bulldozer,2,6,24,Monsoon
2026-06-09,SITE001,Wheel Loader,1,6,24,Monsoon
2026-06-09,SITE001,Motor Grader,8,6,24,Monsoon
2026-06-09,SITE001,Backhoe Loader,7,6,24,Monsoon
2026-06-09,SITE001,Skid Steer Loader,0,6,24,Monsoon
2026-06-09,SITE001,Road Roller,2,6,24,Monsoon
2026-06-09,SITE001,Dump Truck,2,6,24,Monsoon
2026-06-09,SITE001,Forklift,4,6,24,Monsoon
2026-06-09,SITE002,Excavator,3,6,24,Monsoon
2026-06-09,SITE002,Bulldozer,0,6,24,Monsoon
2026-06-09,SITE002,Wheel Loader,1,6,24,Monsoon
2026-06-09,SITE002,Motor Grader,6,6,24,Monsoon
2026-06-09,SITE002,Backhoe Loader,3,6,24,Monsoon
2026-06-09,SITE002,Skid Steer Loader,0,6,24,Monsoon
2026-06-09,SITE002,Road Roller,2,6,24,Monsoon
2026-06-09,SITE002,Dump Truck,5,6,24,Monsoon
2026-06-09,SITE002,Forklift,1,6,24,Monsoon
2026-06-09,SITE003,Excavator,3,6,24,Monsoon
2026-06-09,SITE003,Bulldozer,3,6,24,Monsoon
2026-06-09,SITE003,Wheel Loader,1,6,24,Monsoon
2026-06-09,SITE003,Motor Grader,2,6,24,Monsoon
2026-06-09,SITE003,Backhoe Loader,2,6,24,Monsoon
2026-06-09,SITE003,Skid Steer Loader,3,6,24,Monsoon
2026-06-09,SITE003,Road Roller,3,6,24,Monsoon
2026-06-09,SITE003,Dump Truck,1,6,24,Monsoon
2026-06-09,SITE003,Forklift,1,6,24,Monsoon
2026-06-09,SITE004,Excavator,2,6,24,Monsoon
2026-06-09,SITE004,Bulldozer,5,6,24,Monsoon
2026-06-09,SITE004,Wheel Loader,2,6,24,Monsoon
2026-06-09,SITE004,Motor Grader,2,6,24,Monsoon
2026-06-09,SITE004,Backhoe Loader,2,6,24,Monsoon
2026-06-09,SITE004,Skid Steer Loader,2,6,24,Monsoon
2026-06-09,SITE004,Road Roller,1,6,24,Monsoon
2026-06-09,SITE004,Dump Truck,1,6,24,Monsoon
2026-06-09,SITE004,Forklift,1,6,24,Monsoon
2026-06-09,SITE005,Excavator,5,6,24,Monsoon
2026-06-09,SITE005,Bulldozer,3,6,24,Monsoon
2026-06-09,SITE005,Wheel Loader,2,6,24,Monsoon
2026-06-09,SITE005,Motor Grader,5,6,24,Monsoon
2026-06-09,SITE005,Backhoe Loader,4,6,24,Monsoon
2026-06-09,SITE005,Skid Steer Loader,3,6,24,Monsoon
2026-06-09,SITE005,Road Roller,3,6,24,Monsoon
2026-06-09,SITE005,Dump Truck,2,6,24,Monsoon
2026-06-09,SITE005,Forklift,1,6,24,Monsoon
2026-06-09,SITE006,Excavator,8,6,24,Monsoon
2026-06-09,SITE006,Bulldozer,2,6,24,Monsoon
2026-06-09,SITE006,Wheel Loader,5,6,24,Monsoon
2026-06-09,SITE006,Motor Grader,3,6,24,Monsoon
2026-06-09,SITE006,Backhoe Loader,1,6,24,Monsoon
2026-06-09,SITE006,Skid Steer Loader,1,6,24,Monsoon
2026-06-09,SITE006,Road Roller,3,6,24,Monsoon
2026-06-09,SITE006,Dump Truck,0,6,24,Monsoon
2026-06-09,SITE006,Forklift,4,6,24,Monsoon
2026-06-09,SITE007,Excavator,3,6,24,Monsoon
2026-06-09,SITE007,Bulldozer,2,6,24,Monsoon
2026-06-09,SITE007,Wheel Loader,3,6,24,Monsoon
2026-06-09,SITE007,Motor Grader,2,6,24,Monsoon
2026-06-09,SITE007,Backhoe Loader,2,6,24,Monsoon
2026-06-09,SITE007,Skid Steer Loader,2,6,24,Monsoon
2026-06-09,SITE007,Road Roller,1,6,24,Monsoon
2026-06-09,SITE007,Dump Truck,1,6,24,Monsoon
2026-06-09,SITE007,Forklift,3,6,24,Monsoon
2026-06-09,SITE008,Excavator,3,6,24,Monsoon
2026-06-09,SITE008,Bulldozer,3,6,24,Monsoon
2026-06-09,SITE008,Wheel Loader,4,6,24,Monsoon
2026-06-09,SITE008,Motor Grader,5,6,24,Monsoon
2026-06-09,SITE008,Backhoe Loader,0,6,24,Monsoon
2026-06-09,SITE008,Skid Steer Loader,2,6,24,Monsoon
2026-06-09,SITE008,Road Roller,2,6,24,Monsoon
2026-06-09,SITE008,Dump Truck,1,6,24,Monsoon
2026-06-09,SITE008,Forklift,0,6,24,Monsoon
2026-06-09,SITE009,Excavator,4,6,24,Monsoon
2026-06-09,SITE009,Bulldozer,1,6,24,Monsoon
2026-06-09,SITE009,Wheel Loader,1,6,24,Monsoon
2026-06-09,SITE009,Motor Grader,2,6,24,Monsoon
2026-06-09,SITE009,Backhoe Loader,2,6,24,Monsoon
2026-06-09,SITE009,Skid Steer Loader,4,6,24,Monsoon
2026-06-09,SITE009,Road Roller,1,6,24,Monsoon
2026-06-09,SITE009,Dump Truck,2,6,24,Monsoon
2026-06-09,SITE009,Forklift,2,6,24,Monsoon
2026-06-09,SITE010,Excavator,3,6,24,Monsoon
2026-06-09,SITE010,Bulldozer,2,6,24,Monsoon
2026-06-09,SITE010,Wheel Loader,1,6,24,Monsoon
2026-06-09,SITE010,Motor Grader,1,6,24,Monsoon
2026-06-09,SITE010,Backhoe Loader,1,6,24,Monsoon
2026-06-09,SITE010,Skid Steer Loader,3,6,24,Monsoon
2026-06-09,SITE010,Road Roller,3,6,24,Monsoon
2026-06-09,SITE010,Dump Truck,3,6,24,Monsoon
2026-06-09,SITE010,Forklift,4,6,24,Monsoon
2026-06-09,SITE011,Excavator,5,6,24,Monsoon
2026-06-09,SITE011,Bulldozer,1,6,24,Monsoon
2026-06-09,SITE011,Wheel Loader,2,6,24,Monsoon
2026-06-09,SITE011,Motor Grader,1,6,24,Monsoon
2026-06-09,SITE011,Backhoe Loader,1,6,24,Monsoon
2026-06-09,SITE011,Skid Steer Loader,0,6,24,Monsoon
2026-06-09,SITE011,Road Roller,1,6,24,Monsoon
2026-06-09,SITE011,Dump Truck,2,6,24,Monsoon
2026-06-09,SITE011,Forklift,4,6,24,Monsoon
2026-06-09,SITE012,Excavator,7,6,24,Monsoon
2026-06-09,SITE012,Bulldozer,2,6,24,Monsoon
2026-06-09,SITE012,Wheel Loader,2,6,24,Monsoon
2026-06-09,SITE012,Motor Grader,2,6,24,Monsoon
2026-06-09,SITE012,Backhoe Loader,0,6,24,Monsoon
2026-06-09,SITE012,Skid Steer Loader,3,6,24,Monsoon
2026-06-09,SITE012,Road Roller,2,6,24,Monsoon
2026-06-09,SITE012,Dump Truck,1,6,24,Monsoon
2026-06-09,SITE012,Forklift,4,6,24,Monsoon
2026-06-09,SITE013,Excavator,5,6,24,Monsoon
2026-06-09,SITE013,Bulldozer,4,6,24,Monsoon
2026-06-09,SITE013,Wheel Loader,1,6,24,Monsoon
2026-06-09,SITE013,Motor Grader,1,6,24,Monsoon
2026-06-09,SITE013,Backhoe Loader,1,6,24,Monsoon
2026-06-09,SITE013,Skid Steer Loader,4,6,24,Monsoon
2026-06-09,SITE013,Road Roller,0,6,24,Monsoon
2026-06-09,SITE013,Dump Truck,2,6,24,Monsoon
2026-06-09,SITE013,Forklift,2,6,24,Monsoon
2026-06-09,SITE014,Excavator,7,6,24,Monsoon
2026-06-09,SITE014,Bulldozer,4,6,24,Monsoon
2026-06-09,SITE014,Wheel Loader,4,6,24,Monsoon
2026-06-09,SITE014,Motor Grader,2,6,24,Monsoon
2026-06-09,SITE014,Backhoe Loader,4,6,24,Monsoon
2026-06-09,SITE014,Skid Steer Loader,3,6,24,Monsoon
2026-06-09,SITE014,Road Roller,2,6,24,Monsoon
2026-06-09,SITE014,Dump Truck,4,6,24,Monsoon
2026-06-09,SITE014,Forklift,2,6,24,Monsoon
2026-06-09,SITE015,Excavator,3,6,24,Monsoon
2026-06-09,SITE015,Bulldozer,0,6,24,Monsoon
2026-06-09,SITE015,Wheel Loader,2,6,24,Monsoon
2026-06-09,SITE015,Motor Grader,0,6,24,Monsoon
2026-06-09,SITE015,Backhoe Loader,2,6,24,Monsoon
2026-06-09,SITE015,Skid Steer Loader,1,6,24,Monsoon
2026-06-09,SITE015,Road Roller,1,6,24,Monsoon
2026-06-09,SITE015,Dump Truck,3,6,24,Monsoon
2026-06-09,SITE015,Forklift,3,6,24,Monsoon
2026-06-09,SITE016,Excavator,6,6,24,Monsoon
2026-06-09,SITE016,Bulldozer,2,6,24,Monsoon
2026-06-09,SITE016,Wheel Loader,2,6,24,Monsoon
2026-06-09,SITE016,Motor Grader,1,6,24,Monsoon
2026-06-09,SITE016,Backhoe Loader,2,6,24,Monsoon
2026-06-09,SITE016,Skid Steer Loader,0,6,24,Monsoon
2026-06-09,SITE016,Road Roller,1,6,24,Monsoon
2026-06-09,SITE016,Dump Truck,2,6,24,Monsoon
2026-06-09,SITE016,Forklift,1,6,24,Monsoon
2026-06-09,SITE017,Excavator,4,6,24,Monsoon
2026-06-09,SITE017,Bulldozer,2,6,24,Monsoon
2026-06-09,SITE017,Wheel Loader,3,6,24,Monsoon
2026-06-09,SITE017,Motor Grader,4,6,24,Monsoon
2026-06-09,SITE017,Backhoe Loader,4,6,24,Monsoon
2026-06-09,SITE017,Skid Steer Loader,2,6,24,Monsoon
2026-06-09,SITE017,Road Roller,2,6,24,Monsoon
2026-06-09,SITE017,Dump Truck,1,6,24,Monsoon
2026-06-09,SITE017,Forklift,1,6,24,Monsoon
2026-06-09,SITE018,Excavator,3,6,24,Monsoon
2026-06-09,SITE018,Bulldozer,1,6,24,Monsoon
2026-06-09,SITE018,Wheel Loader,3,6,24,Monsoon
2026-06-09,SITE018,Motor Grader,2,6,24,Monsoon
2026-06-09,SITE018,Backhoe Loader,0,6,24,Monsoon
2026-06-09,SITE018,Skid Steer Loader,2,6,24,Monsoon
2026-06-09,SITE018,Road Roller,1,6,24,Monsoon
2026-06-09,SITE018,Dump Truck,2,6,24,Monsoon
2026-06-09,SITE018,Forklift,2,6,24,Monsoon
2026-06-09,SITE019,Excavator,7,6,24,Monsoon
2026-06-09,SITE019,Bulldozer,2,6,24,Monsoon
2026-06-09,SITE019,Wheel Loader,1,6,24,Monsoon
2026-06-09,SITE019,Motor Grader,0,6,24,Monsoon
2026-06-09,SITE019,Backhoe Loader,1,6,24,Monsoon
2026-06-09,SITE019,Skid Steer Loader,4,6,24,Monsoon
2026-06-09,SITE019,Road Roller,2,6,24,Monsoon
2026-06-09,SITE019,Dump Truck,1,6,24,Monsoon
2026-06-09,SITE019,Forklift,1,6,24,Monsoon
2026-06-09,SITE020,Excavator,6,6,24,Monsoon
2026-06-09,SITE020,Bulldozer,1,6,24,Monsoon
2026-06-09,SITE020,Wheel Loader,0,6,24,Monsoon
2026-06-09,SITE020,Motor Grader,2,6,24,Monsoon
2026-06-09,SITE020,Backhoe Loader,2,6,24,Monsoon
2026-06-09,SITE020,Skid Steer Loader,5,6,24,Monsoon
2026-06-09,SITE020,Road Roller,3,6,24,Monsoon
2026-06-09,SITE020,Dump Truck,4,6,24,Monsoon
2026-06-09,SITE020,Forklift,1,6,24,Monsoon
2026-06-10,SITE001,Excavator,4,6,24,Monsoon
2026-06-10,SITE001,Bulldozer,1,6,24,Monsoon
2026-06-10,SITE001,Wheel Loader,1,6,24,Monsoon
2026-06-10,SITE001,Motor Grader,0,6,24,Monsoon
2026-06-10,SITE001,Backhoe Loader,3,6,24,Monsoon
2026-06-10,SITE001,Skid Steer Loader,3,6,24,Monsoon
2026-06-10,SITE001,Road Roller,1,6,24,Monsoon
2026-06-10,SITE001,Dump Truck,0,6,24,Monsoon
2026-06-10,SITE001,Forklift,1,6,24,Monsoon
2026-06-10,SITE002,Excavator,4,6,24,Monsoon
2026-06-10,SITE002,Bulldozer,0,6,24,Monsoon
2026-06-10,SITE002,Wheel Loader,2,6,24,Monsoon
2026-06-10,SITE002,Motor Grader,5,6,24,Monsoon
2026-06-10,SITE002,Backhoe Loader,0,6,24,Monsoon
2026-06-10,SITE002,Skid Steer Loader,2,6,24,Monsoon
2026-06-10,SITE002,Road Roller,3,6,24,Monsoon
2026-06-10,SITE002,Dump Truck,2,6,24,Monsoon
2026-06-10,SITE002,Forklift,2,6,24,Monsoon
2026-06-10,SITE003,Excavator,5,6,24,Monsoon
2026-06-10,SITE003,Bulldozer,3,6,24,Monsoon
2026-06-10,SITE003,Wheel Loader,1,6,24,Monsoon
2026-06-10,SITE003,Motor Grader,6,6,24,Monsoon
2026-06-10,SITE003,Backhoe Loader,2,6,24,Monsoon
2026-06-10,SITE003,Skid Steer Loader,4,6,24,Monsoon
2026-06-10,SITE003,Road Roller,1,6,24,Monsoon
2026-06-10,SITE003,Dump Truck,2,6,24,Monsoon
2026-06-10,SITE003,Forklift,1,6,24,Monsoon
2026-06-10,SITE004,Excavator,3,6,24,Monsoon
2026-06-10,SITE004,Bulldozer,0,6,24,Monsoon
2026-06-10,SITE004,Wheel Loader,7,6,24,Monsoon
2026-06-10,SITE004,Motor Grader,2,6,24,Monsoon
2026-06-10,SITE004,Backhoe Loader,0,6,24,Monsoon
2026-06-10,SITE004,Skid Steer Loader,1,6,24,Monsoon
2026-06-10,SITE004,Road Roller,4,6,24,Monsoon
2026-06-10,SITE004,Dump Truck,3,6,24,Monsoon
2026-06-10,SITE004,Forklift,0,6,24,Monsoon
2026-06-10,SITE005,Excavator,2,6,24,Monsoon
2026-06-10,SITE005,Bulldozer,3,6,24,Monsoon
2026-06-10,SITE005,Wheel Loader,3,6,24,Monsoon
2026-06-10,SITE005,Motor Grader,2,6,24,Monsoon
2026-06-10,SITE005,Backhoe Loader,0,6,24,Monsoon
2026-06-10,SITE005,Skid Steer Loader,2,6,24,Monsoon
2026-06-10,SITE005,Road Roller,3,6,24,Monsoon
2026-06-10,SITE005,Dump Truck,1,6,24,Monsoon
2026-06-10,SITE005,Forklift,3,6,24,Monsoon
2026-06-10,SITE006,Excavator,8,6,24,Monsoon
2026-06-10,SITE006,Bulldozer,4,6,24,Monsoon
2026-06-10,SITE006,Wheel Loader,3,6,24,Monsoon
2026-06-10,SITE006,Motor Grader,1,6,24,Monsoon
2026-06-10,SITE006,Backhoe Loader,2,6,24,Monsoon
2026-06-10,SITE006,Skid Steer Loader,1,6,24,Monsoon
2026-06-10,SITE006,Road Roller,2,6,24,Monsoon
2026-06-10,SITE006,Dump Truck,4,6,24,Monsoon
2026-06-10,SITE006,Forklift,0,6,24,Monsoon
2026-06-10,SITE007,Excavator,5,6,24,Monsoon
2026-06-10,SITE007,Bulldozer,3,6,24,Monsoon
2026-06-10,SITE007,Wheel Loader,1,6,24,Monsoon
2026-06-10,SITE007,Motor Grader,1,6,24,Monsoon
2026-06-10,SITE007,Backhoe Loader,4,6,24,Monsoon
2026-06-10,SITE007,Skid Steer Loader,5,6,24,Monsoon
2026-06-10,SITE007,Road Roller,2,6,24,Monsoon
2026-06-10,SITE007,Dump Truck,1,6,24,Monsoon
2026-06-10,SITE007,Forklift,2,6,24,Monsoon
2026-06-10,SITE008,Excavator,6,6,24,Monsoon
2026-06-10,SITE008,Bulldozer,4,6,24,Monsoon
2026-06-10,SITE008,Wheel Loader,3,6,24,Monsoon
2026-06-10,SITE008,Motor Grader,3,6,24,Monsoon
2026-06-10,SITE008,Backhoe Loader,2,6,24,Monsoon
2026-06-10,SITE008,Skid Steer Loader,4,6,24,Monsoon
2026-06-10,SITE008,Road Roller,4,6,24,Monsoon
2026-06-10,SITE008,Dump Truck,2,6,24,Monsoon
2026-06-10,SITE008,Forklift,2,6,24,Monsoon
2026-06-10,SITE009,Excavator,2,6,24,Monsoon
2026-06-10,SITE009,Bulldozer,2,6,24,Monsoon
2026-06-10,SITE009,Wheel Loader,1,6,24,Monsoon
2026-06-10,SITE009,Motor Grader,4,6,24,Monsoon
2026-06-10,SITE009,Backhoe Loader,0,6,24,Monsoon
2026-06-10,SITE009,Skid Steer Loader,2,6,24,Monsoon
2026-06-10,SITE009,Road Roller,2,6,24,Monsoon
2026-06-10,SITE009,Dump Truck,4,6,24,Monsoon
2026-06-10,SITE009,Forklift,1,6,24,Monsoon
2026-06-10,SITE010,Excavator,7,6,24,Monsoon
2026-06-10,SITE010,Bulldozer,3,6,24,Monsoon
2026-06-10,SITE010,Wheel Loader,2,6,24,Monsoon
2026-06-10,SITE010,Motor Grader,1,6,24,Monsoon
2026-06-10,SITE010,Backhoe Loader,1,6,24,Monsoon
2026-06-10,SITE010,Skid Steer Loader,4,6,24,Monsoon
2026-06-10,SITE010,Road Roller,2,6,24,Monsoon
2026-06-10,SITE010,Dump Truck,1,6,24,Monsoon
2026-06-10,SITE010,Forklift,3,6,24,Monsoon
2026-06-10,SITE011,Excavator,4,6,24,Monsoon
2026-06-10,SITE011,Bulldozer,5,6,24,Monsoon
2026-06-10,SITE011,Wheel Loader,0,6,24,Monsoon
2026-06-10,SITE011,Motor Grader,5,6,24,Monsoon
2026-06-10,SITE011,Backhoe Loader,1,6,24,Monsoon
2026-06-10,SITE011,Skid Steer Loader,2,6,24,Monsoon
2026-06-10,SITE011,Road Roller,4,6,24,Monsoon
2026-06-10,SITE011,Dump Truck,1,6,24,Monsoon
2026-06-10,SITE011,Forklift,1,6,24,Monsoon
2026-06-10,SITE012,Excavator,6,6,24,Monsoon
2026-06-10,SITE012,Bulldozer,3,6,24,Monsoon
2026-06-10,SITE012,Wheel Loader,3,6,24,Monsoon
2026-06-10,SITE012,Motor Grader,2,6,24,Monsoon
2026-06-10,SITE012,Backhoe Loader,1,6,24,Monsoon
2026-06-10,SITE012,Skid Steer Loader,1,6,24,Monsoon
2026-06-10,SITE012,Road Roller,6,6,24,Monsoon
2026-06-10,SITE012,Dump Truck,1,6,24,Monsoon
2026-06-10,SITE012,Forklift,1,6,24,Monsoon
2026-06-10,SITE013,Excavator,4,6,24,Monsoon
2026-06-10,SITE013,Bulldozer,0,6,24,Monsoon
2026-06-10,SITE013,Wheel Loader,2,6,24,Monsoon
2026-06-10,SITE013,Motor Grader,1,6,24,Monsoon
2026-06-10,SITE013,Backhoe Loader,6,6,24,Monsoon
2026-06-10,SITE013,Skid Steer Loader,2,6,24,Monsoon
2026-06-10,SITE013,Road Roller,1,6,24,Monsoon
2026-06-10,SITE013,Dump Truck,1,6,24,Monsoon
2026-06-10,SITE013,Forklift,4,6,24,Monsoon
2026-06-10,SITE014,Excavator,3,6,24,Monsoon
2026-06-10,SITE014,Bulldozer,1,6,24,Monsoon
2026-06-10,SITE014,Wheel Loader,1,6,24,Monsoon
2026-06-10,SITE014,Motor Grader,1,6,24,Monsoon
2026-06-10,SITE014,Backhoe Loader,2,6,24,Monsoon
2026-06-10,SITE014,Skid Steer Loader,4,6,24,Monsoon
2026-06-10,SITE014,Road Roller,1,6,24,Monsoon
2026-06-10,SITE014,Dump Truck,3,6,24,Monsoon
2026-06-10,SITE014,Forklift,2,6,24,Monsoon
2026-06-10,SITE015,Excavator,5,6,24,Monsoon
2026-06-10,SITE015,Bulldozer,3,6,24,Monsoon
2026-06-10,SITE015,Wheel Loader,1,6,24,Monsoon
2026-06-10,SITE015,Motor Grader,2,6,24,Monsoon
2026-06-10,SITE015,Backhoe Loader,2,6,24,Monsoon
2026-06-10,SITE015,Skid Steer Loader,3,6,24,Monsoon
2026-06-10,SITE015,Road Roller,1,6,24,Monsoon
2026-06-10,SITE015,Dump Truck,3,6,24,Monsoon
2026-06-10,SITE015,Forklift,1,6,24,Monsoon
2026-06-10,SITE016,Excavator,4,6,24,Monsoon
2026-06-10,SITE016,Bulldozer,2,6,24,Monsoon
2026-06-10,SITE016,Wheel Loader,3,6,24,Monsoon
2026-06-10,SITE016,Motor Grader,3,6,24,Monsoon
2026-06-10,SITE016,Backhoe Loader,6,6,24,Monsoon
2026-06-10,SITE016,Skid Steer Loader,1,6,24,Monsoon
2026-06-10,SITE016,Road Roller,2,6,24,Monsoon
2026-06-10,SITE016,Dump Truck,4,6,24,Monsoon
2026-06-10,SITE016,Forklift,3,6,24,Monsoon
2026-06-10,SITE017,Excavator,5,6,24,Monsoon
2026-06-10,SITE017,Bulldozer,2,6,24,Monsoon
2026-06-10,SITE017,Wheel Loader,4,6,24,Monsoon
2026-06-10,SITE017,Motor Grader,0,6,24,Monsoon
2026-06-10,SITE017,Backhoe Loader,2,6,24,Monsoon
2026-06-10,SITE017,Skid Steer Loader,2,6,24,Monsoon
2026-06-10,SITE017,Road Roller,1,6,24,Monsoon
2026-06-10,SITE017,Dump Truck,1,6,24,Monsoon
2026-06-10,SITE017,Forklift,4,6,24,Monsoon
2026-06-10,SITE018,Excavator,6,6,24,Monsoon
2026-06-10,SITE018,Bulldozer,2,6,24,Monsoon
2026-06-10,SITE018,Wheel Loader,1,6,24,Monsoon
2026-06-10,SITE018,Motor Grader,3,6,24,Monsoon
2026-06-10,SITE018,Backhoe Loader,2,6,24,Monsoon
2026-06-10,SITE018,Skid Steer Loader,3,6,24,Monsoon
2026-06-10,SITE018,Road Roller,3,6,24,Monsoon
2026-06-10,SITE018,Dump Truck,0,6,24,Monsoon
2026-06-10,SITE018,Forklift,1,6,24,Monsoon
2026-06-10,SITE019,Excavator,6,6,24,Monsoon
2026-06-10,SITE019,Bulldozer,1,6,24,Monsoon
2026-06-10,SITE019,Wheel Loader,1,6,24,Monsoon
2026-06-10,SITE019,Motor Grader,1,6,24,Monsoon
2026-06-10,SITE019,Backhoe Loader,2,6,24,Monsoon
2026-06-10,SITE019,Skid Steer Loader,3,6,24,Monsoon
2026-06-10,SITE019,Road Roller,1,6,24,Monsoon
2026-06-10,SITE019,Dump Truck,0,6,24,Monsoon
2026-06-10,SITE019,Forklift,1,6,24,Monsoon
2026-06-10,SITE020,Excavator,1,6,24,Monsoon
2026-06-10,SITE020,Bulldozer,1,6,24,Monsoon
2026-06-10,SITE020,Wheel Loader,2,6,24,Monsoon
2026-06-10,SITE020,Motor Grader,1,6,24,Monsoon
2026-06-10,SITE020,Backhoe Loader,3,6,24,Monsoon
2026-06-10,SITE020,Skid Steer Loader,0,6,24,Monsoon
2026-06-10,SITE020,Road Roller,7,6,24,Monsoon
2026-06-10,SITE020,Dump Truck,2,6,24,Monsoon
2026-06-10,SITE020,Forklift,1,6,24,Monsoon
2026-06-11,SITE001,Excavator,5,6,24,Monsoon
2026-06-11,SITE001,Bulldozer,2,6,24,Monsoon
2026-06-11,SITE001,Wheel Loader,0,6,24,Monsoon
2026-06-11,SITE001,Motor Grader,3,6,24,Monsoon
2026-06-11,SITE001,Backhoe Loader,2,6,24,Monsoon
2026-06-11,SITE001,Skid Steer Loader,4,6,24,Monsoon
2026-06-11,SITE001,Road Roller,0,6,24,Monsoon
2026-06-11,SITE001,Dump Truck,3,6,24,Monsoon
2026-06-11,SITE001,Forklift,1,6,24,Monsoon
2026-06-11,SITE002,Excavator,3,6,24,Monsoon
2026-06-11,SITE002,Bulldozer,1,6,24,Monsoon
2026-06-11,SITE002,Wheel Loader,3,6,24,Monsoon
2026-06-11,SITE002,Motor Grader,1,6,24,Monsoon
2026-06-11,SITE002,Backhoe Loader,3,6,24,Monsoon
2026-06-11,SITE002,Skid Steer Loader,4,6,24,Monsoon
2026-06-11,SITE002,Road Roller,1,6,24,Monsoon
2026-06-11,SITE002,Dump Truck,2,6,24,Monsoon
2026-06-11,SITE002,Forklift,2,6,24,Monsoon
2026-06-11,SITE003,Excavator,3,6,24,Monsoon
2026-06-11,SITE003,Bulldozer,2,6,24,Monsoon
2026-06-11,SITE003,Wheel Loader,2,6,24,Monsoon
2026-06-11,SITE003,Motor Grader,1,6,24,Monsoon
2026-06-11,SITE003,Backhoe Loader,3,6,24,Monsoon
2026-06-11,SITE003,Skid Steer Loader,1,6,24,Monsoon
2026-06-11,SITE003,Road Roller,0,6,24,Monsoon
2026-06-11,SITE003,Dump Truck,1,6,24,Monsoon
2026-06-11,SITE003,Forklift,0,6,24,Monsoon
2026-06-11,SITE004,Excavator,6,6,24,Monsoon
2026-06-11,SITE004,Bulldozer,1,6,24,Monsoon
2026-06-11,SITE004,Wheel Loader,2,6,24,Monsoon
2026-06-11,SITE004,Motor Grader,1,6,24,Monsoon
2026-06-11,SITE004,Backhoe Loader,1,6,24,Monsoon
2026-06-11,SITE004,Skid Steer Loader,2,6,24,Monsoon
2026-06-11,SITE004,Road Roller,0,6,24,Monsoon
2026-06-11,SITE004,Dump Truck,1,6,24,Monsoon
2026-06-11,SITE004,Forklift,4,6,24,Monsoon
2026-06-11,SITE005,Excavator,4,6,24,Monsoon
2026-06-11,SITE005,Bulldozer,1,6,24,Monsoon
2026-06-11,SITE005,Wheel Loader,1,6,24,Monsoon
2026-06-11,SITE005,Motor Grader,1,6,24,Monsoon
2026-06-11,SITE005,Backhoe Loader,1,6,24,Monsoon
2026-06-11,SITE005,Skid Steer Loader,1,6,24,Monsoon
2026-06-11,SITE005,Road Roller,1,6,24,Monsoon
2026-06-11,SITE005,Dump Truck,0,6,24,Monsoon
2026-06-11,SITE005,Forklift,2,6,24,Monsoon
2026-06-11,SITE006,Excavator,3,6,24,Monsoon
2026-06-11,SITE006,Bulldozer,1,6,24,Monsoon
2026-06-11,SITE006,Wheel Loader,1,6,24,Monsoon
2026-06-11,SITE006,Motor Grader,4,6,24,Monsoon
2026-06-11,SITE006,Backhoe Loader,2,6,24,Monsoon
2026-06-11,SITE006,Skid Steer Loader,0,6,24,Monsoon
2026-06-11,SITE006,Road Roller,4,6,24,Monsoon
2026-06-11,SITE006,Dump Truck,0,6,24,Monsoon
2026-06-11,SITE006,Forklift,2,6,24,Monsoon
2026-06-11,SITE007,Excavator,4,6,24,Monsoon
2026-06-11,SITE007,Bulldozer,3,6,24,Monsoon
2026-06-11,SITE007,Wheel Loader,3,6,24,Monsoon
2026-06-11,SITE007,Motor Grader,2,6,24,Monsoon
2026-06-11,SITE007,Backhoe Loader,4,6,24,Monsoon
2026-06-11,SITE007,Skid Steer Loader,1,6,24,Monsoon
2026-06-11,SITE007,Road Roller,2,6,24,Monsoon
2026-06-11,SITE007,Dump Truck,4,6,24,Monsoon
2026-06-11,SITE007,Forklift,1,6,24,Monsoon
2026-06-11,SITE008,Excavator,2,6,24,Monsoon
2026-06-11,SITE008,Bulldozer,0,6,24,Monsoon
2026-06-11,SITE008,Wheel Loader,0,6,24,Monsoon
2026-06-11,SITE008,Motor Grader,2,6,24,Monsoon
2026-06-11,SITE008,Backhoe Loader,3,6,24,Monsoon
2026-06-11,SITE008,Skid Steer Loader,0,6,24,Monsoon
2026-06-11,SITE008,Road Roller,5,6,24,Monsoon
2026-06-11,SITE008,Dump Truck,1,6,24,Monsoon
2026-06-11,SITE008,Forklift,5,6,24,Monsoon
2026-06-11,SITE009,Excavator,8,6,24,Monsoon
2026-06-11,SITE009,Bulldozer,2,6,24,Monsoon
2026-06-11,SITE009,Wheel Loader,2,6,24,Monsoon
2026-06-11,SITE009,Motor Grader,5,6,24,Monsoon
2026-06-11,SITE009,Backhoe Loader,0,6,24,Monsoon
2026-06-11,SITE009,Skid Steer Loader,4,6,24,Monsoon
2026-06-11,SITE009,Road Roller,2,6,24,Monsoon
2026-06-11,SITE009,Dump Truck,4,6,24,Monsoon
2026-06-11,SITE009,Forklift,1,6,24,Monsoon
2026-06-11,SITE010,Excavator,7,6,24,Monsoon
2026-06-11,SITE010,Bulldozer,2,6,24,Monsoon
2026-06-11,SITE010,Wheel Loader,4,6,24,Monsoon
2026-06-11,SITE010,Motor Grader,1,6,24,Monsoon
2026-06-11,SITE010,Backhoe Loader,2,6,24,Monsoon
2026-06-11,SITE010,Skid Steer Loader,1,6,24,Monsoon
2026-06-11,SITE010,Road Roller,1,6,24,Monsoon
2026-06-11,SITE010,Dump Truck,3,6,24,Monsoon
2026-06-11,SITE010,Forklift,3,6,24,Monsoon
2026-06-11,SITE011,Excavator,4,6,24,Monsoon
2026-06-11,SITE011,Bulldozer,3,6,24,Monsoon
2026-06-11,SITE011,Wheel Loader,5,6,24,Monsoon
2026-06-11,SITE011,Motor Grader,0,6,24,Monsoon
2026-06-11,SITE011,Backhoe Loader,1,6,24,Monsoon
2026-06-11,SITE011,Skid Steer Loader,2,6,24,Monsoon
2026-06-11,SITE011,Road Roller,5,6,24,Monsoon
2026-06-11,SITE011,Dump Truck,2,6,24,Monsoon
2026-06-11,SITE011,Forklift,1,6,24,Monsoon
2026-06-11,SITE012,Excavator,4,6,24,Monsoon
2026-06-11,SITE012,Bulldozer,1,6,24,Monsoon
2026-06-11,SITE012,Wheel Loader,2,6,24,Monsoon
2026-06-11,SITE012,Motor Grader,2,6,24,Monsoon
2026-06-11,SITE012,Backhoe Loader,2,6,24,Monsoon
2026-06-11,SITE012,Skid Steer Loader,1,6,24,Monsoon
2026-06-11,SITE012,Road Roller,2,6,24,Monsoon
2026-06-11,SITE012,Dump Truck,3,6,24,Monsoon
2026-06-11,SITE012,Forklift,4,6,24,Monsoon
2026-06-11,SITE013,Excavator,2,6,24,Monsoon
2026-06-11,SITE013,Bulldozer,3,6,24,Monsoon
2026-06-11,SITE013,Wheel Loader,2,6,24,Monsoon
2026-06-11,SITE013,Motor Grader,1,6,24,Monsoon
2026-06-11,SITE013,Backhoe Loader,1,6,24,Monsoon
2026-06-11,SITE013,Skid Steer Loader,0,6,24,Monsoon
2026-06-11,SITE013,Road Roller,3,6,24,Monsoon
2026-06-11,SITE013,Dump Truck,4,6,24,Monsoon
2026-06-11,SITE013,Forklift,2,6,24,Monsoon
2026-06-11,SITE014,Excavator,5,6,24,Monsoon
2026-06-11,SITE014,Bulldozer,4,6,24,Monsoon
2026-06-11,SITE014,Wheel Loader,3,6,24,Monsoon
2026-06-11,SITE014,Motor Grader,2,6,24,Monsoon
2026-06-11,SITE014,Backhoe Loader,1,6,24,Monsoon
2026-06-11,SITE014,Skid Steer Loader,0,6,24,Monsoon
2026-06-11,SITE014,Road Roller,1,6,24,Monsoon
2026-06-11,SITE014,Dump Truck,2,6,24,Monsoon
2026-06-11,SITE014,Forklift,2,6,24,Monsoon
2026-06-11,SITE015,Excavator,5,6,24,Monsoon
2026-06-11,SITE015,Bulldozer,0,6,24,Monsoon
2026-06-11,SITE015,Wheel Loader,1,6,24,Monsoon
2026-06-11,SITE015,Motor Grader,3,6,24,Monsoon
2026-06-11,SITE015,Backhoe Loader,4,6,24,Monsoon
2026-06-11,SITE015,Skid Steer Loader,0,6,24,Monsoon
2026-06-11,SITE015,Road Roller,3,6,24,Monsoon
2026-06-11,SITE015,Dump Truck,8,6,24,Monsoon
2026-06-11,SITE015,Forklift,1,6,24,Monsoon
2026-06-11,SITE016,Excavator,1,6,24,Monsoon
2026-06-11,SITE016,Bulldozer,1,6,24,Monsoon
2026-06-11,SITE016,Wheel Loader,1,6,24,Monsoon
2026-06-11,SITE016,Motor Grader,1,6,24,Monsoon
2026-06-11,SITE016,Backhoe Loader,6,6,24,Monsoon
2026-06-11,SITE016,Skid Steer Loader,2,6,24,Monsoon
2026-06-11,SITE016,Road Roller,3,6,24,Monsoon
2026-06-11,SITE016,Dump Truck,3,6,24,Monsoon
2026-06-11,SITE016,Forklift,5,6,24,Monsoon
2026-06-11,SITE017,Excavator,4,6,24,Monsoon
2026-06-11,SITE017,Bulldozer,1,6,24,Monsoon
2026-06-11,SITE017,Wheel Loader,2,6,24,Monsoon
2026-06-11,SITE017,Motor Grader,2,6,24,Monsoon
2026-06-11,SITE017,Backhoe Loader,1,6,24,Monsoon
2026-06-11,SITE017,Skid Steer Loader,0,6,24,Monsoon
2026-06-11,SITE017,Road Roller,0,6,24,Monsoon
2026-06-11,SITE017,Dump Truck,1,6,24,Monsoon
2026-06-11,SITE017,Forklift,2,6,24,Monsoon
2026-06-11,SITE018,Excavator,3,6,24,Monsoon
2026-06-11,SITE018,Bulldozer,1,6,24,Monsoon
2026-06-11,SITE018,Wheel Loader,1,6,24,Monsoon
2026-06-11,SITE018,Motor Grader,2,6,24,Monsoon
2026-06-11,SITE018,Backhoe Loader,3,6,24,Monsoon
2026-06-11,SITE018,Skid Steer Loader,3,6,24,Monsoon
2026-06-11,SITE018,Road Roller,0,6,24,Monsoon
2026-06-11,SITE018,Dump Truck,4,6,24,Monsoon
2026-06-11,SITE018,Forklift,2,6,24,Monsoon
2026-06-11,SITE019,Excavator,6,6,24,Monsoon
2026-06-11,SITE019,Bulldozer,3,6,24,Monsoon
2026-06-11,SITE019,Wheel Loader,3,6,24,Monsoon
2026-06-11,SITE019,Motor Grader,0,6,24,Monsoon
2026-06-11,SITE019,Backhoe Loader,0,6,24,Monsoon
2026-06-11,SITE019,Skid Steer Loader,1,6,24,Monsoon
2026-06-11,SITE019,Road Roller,3,6,24,Monsoon
2026-06-11,SITE019,Dump Truck,2,6,24,Monsoon
2026-06-11,SITE019,Forklift,3,6,24,Monsoon
2026-06-11,SITE020,Excavator,4,6,24,Monsoon
2026-06-11,SITE020,Bulldozer,2,6,24,Monsoon
2026-06-11,SITE020,Wheel Loader,1,6,24,Monsoon
2026-06-11,SITE020,Motor Grader,5,6,24,Monsoon
2026-06-11,SITE020,Backhoe Loader,4,6,24,Monsoon
2026-06-11,SITE020,Skid Steer Loader,0,6,24,Monsoon
2026-06-11,SITE020,Road Roller,2,6,24,Monsoon
2026-06-11,SITE020,Dump Truck,3,6,24,Monsoon
2026-06-11,SITE020,Forklift,1,6,24,Monsoon
2026-06-12,SITE001,Excavator,5,6,24,Monsoon
2026-06-12,SITE001,Bulldozer,3,6,24,Monsoon
2026-06-12,SITE001,Wheel Loader,2,6,24,Monsoon
2026-06-12,SITE001,Motor Grader,0,6,24,Monsoon
2026-06-12,SITE001,Backhoe Loader,3,6,24,Monsoon
2026-06-12,SITE001,Skid Steer Loader,0,6,24,Monsoon
2026-06-12,SITE001,Road Roller,1,6,24,Monsoon
2026-06-12,SITE001,Dump Truck,4,6,24,Monsoon
2026-06-12,SITE001,Forklift,2,6,24,Monsoon
2026-06-12,SITE002,Excavator,4,6,24,Monsoon
2026-06-12,SITE002,Bulldozer,1,6,24,Monsoon
2026-06-12,SITE002,Wheel Loader,3,6,24,Monsoon
2026-06-12,SITE002,Motor Grader,1,6,24,Monsoon
2026-06-12,SITE002,Backhoe Loader,0,6,24,Monsoon
2026-06-12,SITE002,Skid Steer Loader,1,6,24,Monsoon
2026-06-12,SITE002,Road Roller,2,6,24,Monsoon
2026-06-12,SITE002,Dump Truck,2,6,24,Monsoon
2026-06-12,SITE002,Forklift,3,6,24,Monsoon
2026-06-12,SITE003,Excavator,7,6,24,Monsoon
2026-06-12,SITE003,Bulldozer,3,6,24,Monsoon
2026-06-12,SITE003,Wheel Loader,3,6,24,Monsoon
2026-06-12,SITE003,Motor Grader,3,6,24,Monsoon
2026-06-12,SITE003,Backhoe Loader,3,6,24,Monsoon
2026-06-12,SITE003,Skid Steer Loader,1,6,24,Monsoon
2026-06-12,SITE003,Road Roller,2,6,24,Monsoon
2026-06-12,SITE003,Dump Truck,3,6,24,Monsoon
2026-06-12,SITE003,Forklift,0,6,24,Monsoon
2026-06-12,SITE004,Excavator,3,6,24,Monsoon
2026-06-12,SITE004,Bulldozer,3,6,24,Monsoon
2026-06-12,SITE004,Wheel Loader,2,6,24,Monsoon
2026-06-12,SITE004,Motor Grader,3,6,24,Monsoon
2026-06-12,SITE004,Backhoe Loader,1,6,24,Monsoon
2026-06-12,SITE004,Skid Steer Loader,3,6,24,Monsoon
2026-06-12,SITE004,Road Roller,0,6,24,Monsoon
2026-06-12,SITE004,Dump Truck,1,6,24,Monsoon
2026-06-12,SITE004,Forklift,1,6,24,Monsoon
2026-06-12,SITE005,Excavator,3,6,24,Monsoon
2026-06-12,SITE005,Bulldozer,2,6,24,Monsoon
2026-06-12,SITE005,Wheel Loader,0,6,24,Monsoon
2026-06-12,SITE005,Motor Grader,5,6,24,Monsoon
2026-06-12,SITE005,Backhoe Loader,2,6,24,Monsoon
2026-06-12,SITE005,Skid Steer Loader,1,6,24,Monsoon
2026-06-12,SITE005,Road Roller,3,6,24,Monsoon
2026-06-12,SITE005,Dump Truck,3,6,24,Monsoon
2026-06-12,SITE005,Forklift,4,6,24,Monsoon
2026-06-12,SITE006,Excavator,5,6,24,Monsoon
2026-06-12,SITE006,Bulldozer,2,6,24,Monsoon
2026-06-12,SITE006,Wheel Loader,0,6,24,Monsoon
2026-06-12,SITE006,Motor Grader,1,6,24,Monsoon
2026-06-12,SITE006,Backhoe Loader,3,6,24,Monsoon
2026-06-12,SITE006,Skid Steer Loader,6,6,24,Monsoon
2026-06-12,SITE006,Road Roller,4,6,24,Monsoon
2026-06-12,SITE006,Dump Truck,2,6,24,Monsoon
2026-06-12,SITE006,Forklift,0,6,24,Monsoon
2026-06-12,SITE007,Excavator,3,6,24,Monsoon
2026-06-12,SITE007,Bulldozer,2,6,24,Monsoon
2026-06-12,SITE007,Wheel Loader,2,6,24,Monsoon
2026-06-12,SITE007,Motor Grader,3,6,24,Monsoon
2026-06-12,SITE007,Backhoe Loader,1,6,24,Monsoon
2026-06-12,SITE007,Skid Steer Loader,1,6,24,Monsoon
2026-06-12,SITE007,Road Roller,1,6,24,Monsoon
2026-06-12,SITE007,Dump Truck,4,6,24,Monsoon
2026-06-12,SITE007,Forklift,1,6,24,Monsoon
2026-06-12,SITE008,Excavator,3,6,24,Monsoon
2026-06-12,SITE008,Bulldozer,4,6,24,Monsoon
2026-06-12,SITE008,Wheel Loader,1,6,24,Monsoon
2026-06-12,SITE008,Motor Grader,2,6,24,Monsoon
2026-06-12,SITE008,Backhoe Loader,1,6,24,Monsoon
2026-06-12,SITE008,Skid Steer Loader,2,6,24,Monsoon
2026-06-12,SITE008,Road Roller,1,6,24,Monsoon
2026-06-12,SITE008,Dump Truck,2,6,24,Monsoon
2026-06-12,SITE008,Forklift,3,6,24,Monsoon
2026-06-12,SITE009,Excavator,0,6,24,Monsoon
2026-06-12,SITE009,Bulldozer,1,6,24,Monsoon
2026-06-12,SITE009,Wheel Loader,0,6,24,Monsoon
2026-06-12,SITE009,Motor Grader,4,6,24,Monsoon
2026-06-12,SITE009,Backhoe Loader,3,6,24,Monsoon
2026-06-12,SITE009,Skid Steer Loader,1,6,24,Monsoon
2026-06-12,SITE009,Road Roller,2,6,24,Monsoon
2026-06-12,SITE009,Dump Truck,1,6,24,Monsoon
2026-06-12,SITE009,Forklift,2,6,24,Monsoon
2026-06-12,SITE010,Excavator,12,6,24,Monsoon
2026-06-12,SITE010,Bulldozer,1,6,24,Monsoon
2026-06-12,SITE010,Wheel Loader,1,6,24,Monsoon
2026-06-12,SITE010,Motor Grader,2,6,24,Monsoon
2026-06-12,SITE010,Backhoe Loader,3,6,24,Monsoon
2026-06-12,SITE010,Skid Steer Loader,2,6,24,Monsoon
2026-06-12,SITE010,Road Roller,0,6,24,Monsoon
2026-06-12,SITE010,Dump Truck,2,6,24,Monsoon
2026-06-12,SITE010,Forklift,2,6,24,Monsoon
2026-06-12,SITE011,Excavator,2,6,24,Monsoon
2026-06-12,SITE011,Bulldozer,4,6,24,Monsoon
2026-06-12,SITE011,Wheel Loader,4,6,24,Monsoon
2026-06-12,SITE011,Motor Grader,2,6,24,Monsoon
2026-06-12,SITE011,Backhoe Loader,0,6,24,Monsoon
2026-06-12,SITE011,Skid Steer Loader,2,6,24,Monsoon
2026-06-12,SITE011,Road Roller,0,6,24,Monsoon
2026-06-12,SITE011,Dump Truck,3,6,24,Monsoon
2026-06-12,SITE011,Forklift,2,6,24,Monsoon
2026-06-12,SITE012,Excavator,4,6,24,Monsoon
2026-06-12,SITE012,Bulldozer,3,6,24,Monsoon
2026-06-12,SITE012,Wheel Loader,3,6,24,Monsoon
2026-06-12,SITE012,Motor Grader,3,6,24,Monsoon
2026-06-12,SITE012,Backhoe Loader,1,6,24,Monsoon
2026-06-12,SITE012,Skid Steer Loader,2,6,24,Monsoon
2026-06-12,SITE012,Road Roller,1,6,24,Monsoon
2026-06-12,SITE012,Dump Truck,2,6,24,Monsoon
2026-06-12,SITE012,Forklift,2,6,24,Monsoon
2026-06-12,SITE013,Excavator,1,6,24,Monsoon
2026-06-12,SITE013,Bulldozer,4,6,24,Monsoon
2026-06-12,SITE013,Wheel Loader,1,6,24,Monsoon
2026-06-12,SITE013,Motor Grader,2,6,24,Monsoon
2026-06-12,SITE013,Backhoe Loader,0,6,24,Monsoon
2026-06-12,SITE013,Skid Steer Loader,0,6,24,Monsoon
2026-06-12,SITE013,Road Roller,2,6,24,Monsoon
2026-06-12,SITE013,Dump Truck,0,6,24,Monsoon
2026-06-12,SITE013,Forklift,4,6,24,Monsoon
2026-06-12,SITE014,Excavator,2,6,24,Monsoon
2026-06-12,SITE014,Bulldozer,0,6,24,Monsoon
2026-06-12,SITE014,Wheel Loader,0,6,24,Monsoon
2026-06-12,SITE014,Motor Grader,5,6,24,Monsoon
2026-06-12,SITE014,Backhoe Loader,2,6,24,Monsoon
2026-06-12,SITE014,Skid Steer Loader,1,6,24,Monsoon
2026-06-12,SITE014,Road Roller,2,6,24,Monsoon
2026-06-12,SITE014,Dump Truck,1,6,24,Monsoon
2026-06-12,SITE014,Forklift,2,6,24,Monsoon
2026-06-12,SITE015,Excavator,5,6,24,Monsoon
2026-06-12,SITE015,Bulldozer,0,6,24,Monsoon
2026-06-12,SITE015,Wheel Loader,0,6,24,Monsoon
2026-06-12,SITE015,Motor Grader,1,6,24,Monsoon
2026-06-12,SITE015,Backhoe Loader,3,6,24,Monsoon
2026-06-12,SITE015,Skid Steer Loader,3,6,24,Monsoon
2026-06-12,SITE015,Road Roller,2,6,24,Monsoon
2026-06-12,SITE015,Dump Truck,2,6,24,Monsoon
2026-06-12,SITE015,Forklift,3,6,24,Monsoon
2026-06-12,SITE016,Excavator,5,6,24,Monsoon
2026-06-12,SITE016,Bulldozer,1,6,24,Monsoon
2026-06-12,SITE016,Wheel Loader,1,6,24,Monsoon
2026-06-12,SITE016,Motor Grader,0,6,24,Monsoon
2026-06-12,SITE016,Backhoe Loader,1,6,24,Monsoon
2026-06-12,SITE016,Skid Steer Loader,1,6,24,Monsoon
2026-06-12,SITE016,Road Roller,0,6,24,Monsoon
2026-06-12,SITE016,Dump Truck,3,6,24,Monsoon
2026-06-12,SITE016,Forklift,2,6,24,Monsoon
2026-06-12,SITE017,Excavator,7,6,24,Monsoon
2026-06-12,SITE017,Bulldozer,2,6,24,Monsoon
2026-06-12,SITE017,Wheel Loader,4,6,24,Monsoon
2026-06-12,SITE017,Motor Grader,0,6,24,Monsoon
2026-06-12,SITE017,Backhoe Loader,0,6,24,Monsoon
2026-06-12,SITE017,Skid Steer Loader,3,6,24,Monsoon
2026-06-12,SITE017,Road Roller,1,6,24,Monsoon
2026-06-12,SITE017,Dump Truck,1,6,24,Monsoon
2026-06-12,SITE017,Forklift,3,6,24,Monsoon
2026-06-12,SITE018,Excavator,3,6,24,Monsoon
2026-06-12,SITE018,Bulldozer,2,6,24,Monsoon
2026-06-12,SITE018,Wheel Loader,1,6,24,Monsoon
2026-06-12,SITE018,Motor Grader,1,6,24,Monsoon
2026-06-12,SITE018,Backhoe Loader,3,6,24,Monsoon
2026-06-12,SITE018,Skid Steer Loader,2,6,24,Monsoon
2026-06-12,SITE018,Road Roller,4,6,24,Monsoon
2026-06-12,SITE018,Dump Truck,5,6,24,Monsoon
2026-06-12,SITE018,Forklift,0,6,24,Monsoon
2026-06-12,SITE019,Excavator,1,6,24,Monsoon
2026-06-12,SITE019,Bulldozer,0,6,24,Monsoon
2026-06-12,SITE019,Wheel Loader,1,6,24,Monsoon
2026-06-12,SITE019,Motor Grader,3,6,24,Monsoon
2026-06-12,SITE019,Backhoe Loader,2,6,24,Monsoon
2026-06-12,SITE019,Skid Steer Loader,3,6,24,Monsoon
2026-06-12,SITE019,Road Roller,0,6,24,Monsoon
2026-06-12,SITE019,Dump Truck,2,6,24,Monsoon
2026-06-12,SITE019,Forklift,2,6,24,Monsoon
2026-06-12,SITE020,Excavator,5,6,24,Monsoon
2026-06-12,SITE020,Bulldozer,2,6,24,Monsoon
2026-06-12,SITE020,Wheel Loader,2,6,24,Monsoon
2026-06-12,SITE020,Motor Grader,7,6,24,Monsoon
2026-06-12,SITE020,Backhoe Loader,3,6,24,Monsoon
2026-06-12,SITE020,Skid Steer Loader,2,6,24,Monsoon
2026-06-12,SITE020,Road Roller,1,6,24,Monsoon
2026-06-12,SITE020,Dump Truck,4,6,24,Monsoon
2026-06-12,SITE020,Forklift,2,6,24,Monsoon
2026-06-13,SITE001,Excavator,5,6,24,Monsoon
2026-06-13,SITE001,Bulldozer,2,6,24,Monsoon
2026-06-13,SITE001,Wheel Loader,1,6,24,Monsoon
2026-06-13,SITE001,Motor Grader,1,6,24,Monsoon
2026-06-13,SITE001,Backhoe Loader,2,6,24,Monsoon
2026-06-13,SITE001,Skid Steer Loader,4,6,24,Monsoon
2026-06-13,SITE001,Road Roller,3,6,24,Monsoon
2026-06-13,SITE001,Dump Truck,0,6,24,Monsoon
2026-06-13,SITE001,Forklift,4,6,24,Monsoon
2026-06-13,SITE002,Excavator,5,6,24,Monsoon
2026-06-13,SITE002,Bulldozer,3,6,24,Monsoon
2026-06-13,SITE002,Wheel Loader,1,6,24,Monsoon
2026-06-13,SITE002,Motor Grader,2,6,24,Monsoon
2026-06-13,SITE002,Backhoe Loader,4,6,24,Monsoon
2026-06-13,SITE002,Skid Steer Loader,4,6,24,Monsoon
2026-06-13,SITE002,Road Roller,2,6,24,Monsoon
2026-06-13,SITE002,Dump Truck,0,6,24,Monsoon
2026-06-13,SITE002,Forklift,3,6,24,Monsoon
2026-06-13,SITE003,Excavator,2,6,24,Monsoon
2026-06-13,SITE003,Bulldozer,1,6,24,Monsoon
2026-06-13,SITE003,Wheel Loader,5,6,24,Monsoon
2026-06-13,SITE003,Motor Grader,4,6,24,Monsoon
2026-06-13,SITE003,Backhoe Loader,3,6,24,Monsoon
2026-06-13,SITE003,Skid Steer Loader,4,6,24,Monsoon
2026-06-13,SITE003,Road Roller,1,6,24,Monsoon
2026-06-13,SITE003,Dump Truck,1,6,24,Monsoon
2026-06-13,SITE003,Forklift,3,6,24,Monsoon
2026-06-13,SITE004,Excavator,4,6,24,Monsoon
2026-06-13,SITE004,Bulldozer,2,6,24,Monsoon
2026-06-13,SITE004,Wheel Loader,2,6,24,Monsoon
2026-06-13,SITE004,Motor Grader,2,6,24,Monsoon
2026-06-13,SITE004,Backhoe Loader,0,6,24,Monsoon
2026-06-13,SITE004,Skid Steer Loader,3,6,24,Monsoon
2026-06-13,SITE004,Road Roller,4,6,24,Monsoon
2026-06-13,SITE004,Dump Truck,5,6,24,Monsoon
2026-06-13,SITE004,Forklift,1,6,24,Monsoon
2026-06-13,SITE005,Excavator,5,6,24,Monsoon
2026-06-13,SITE005,Bulldozer,3,6,24,Monsoon
2026-06-13,SITE005,Wheel Loader,1,6,24,Monsoon
2026-06-13,SITE005,Motor Grader,1,6,24,Monsoon
2026-06-13,SITE005,Backhoe Loader,1,6,24,Monsoon
2026-06-13,SITE005,Skid Steer Loader,3,6,24,Monsoon
2026-06-13,SITE005,Road Roller,3,6,24,Monsoon
2026-06-13,SITE005,Dump Truck,1,6,24,Monsoon
2026-06-13,SITE005,Forklift,2,6,24,Monsoon
2026-06-13,SITE006,Excavator,3,6,24,Monsoon
2026-06-13,SITE006,Bulldozer,1,6,24,Monsoon
2026-06-13,SITE006,Wheel Loader,1,6,24,Monsoon
2026-06-13,SITE006,Motor Grader,2,6,24,Monsoon
2026-06-13,SITE006,Backhoe Loader,3,6,24,Monsoon
2026-06-13,SITE006,Skid Steer Loader,2,6,24,Monsoon
2026-06-13,SITE006,Road Roller,2,6,24,Monsoon
2026-06-13,SITE006,Dump Truck,1,6,24,Monsoon
2026-06-13,SITE006,Forklift,2,6,24,Monsoon
2026-06-13,SITE007,Excavator,2,6,24,Monsoon
2026-06-13,SITE007,Bulldozer,2,6,24,Monsoon
2026-06-13,SITE007,Wheel Loader,1,6,24,Monsoon
2026-06-13,SITE007,Motor Grader,2,6,24,Monsoon
2026-06-13,SITE007,Backhoe Loader,4,6,24,Monsoon
2026-06-13,SITE007,Skid Steer Loader,1,6,24,Monsoon
2026-06-13,SITE007,Road Roller,5,6,24,Monsoon
2026-06-13,SITE007,Dump Truck,3,6,24,Monsoon
2026-06-13,SITE007,Forklift,0,6,24,Monsoon
2026-06-13,SITE008,Excavator,2,6,24,Monsoon
2026-06-13,SITE008,Bulldozer,0,6,24,Monsoon
2026-06-13,SITE008,Wheel Loader,1,6,24,Monsoon
2026-06-13,SITE008,Motor Grader,3,6,24,Monsoon
2026-06-13,SITE008,Backhoe Loader,0,6,24,Monsoon
2026-06-13,SITE008,Skid Steer Loader,0,6,24,Monsoon
2026-06-13,SITE008,Road Roller,1,6,24,Monsoon
2026-06-13,SITE008,Dump Truck,3,6,24,Monsoon
2026-06-13,SITE008,Forklift,5,6,24,Monsoon
2026-06-13,SITE009,Excavator,5,6,24,Monsoon
2026-06-13,SITE009,Bulldozer,1,6,24,Monsoon
2026-06-13,SITE009,Wheel Loader,3,6,24,Monsoon
2026-06-13,SITE009,Motor Grader,2,6,24,Monsoon
2026-06-13,SITE009,Backhoe Loader,0,6,24,Monsoon
2026-06-13,SITE009,Skid Steer Loader,2,6,24,Monsoon
2026-06-13,SITE009,Road Roller,2,6,24,Monsoon
2026-06-13,SITE009,Dump Truck,4,6,24,Monsoon
2026-06-13,SITE009,Forklift,4,6,24,Monsoon
2026-06-13,SITE010,Excavator,5,6,24,Monsoon
2026-06-13,SITE010,Bulldozer,1,6,24,Monsoon
2026-06-13,SITE010,Wheel Loader,2,6,24,Monsoon
2026-06-13,SITE010,Motor Grader,3,6,24,Monsoon
2026-06-13,SITE010,Backhoe Loader,2,6,24,Monsoon
2026-06-13,SITE010,Skid Steer Loader,3,6,24,Monsoon
2026-06-13,SITE010,Road Roller,2,6,24,Monsoon
2026-06-13,SITE010,Dump Truck,4,6,24,Monsoon
2026-06-13,SITE010,Forklift,3,6,24,Monsoon
2026-06-13,SITE011,Excavator,3,6,24,Monsoon
2026-06-13,SITE011,Bulldozer,2,6,24,Monsoon
2026-06-13,SITE011,Wheel Loader,1,6,24,Monsoon
2026-06-13,SITE011,Motor Grader,7,6,24,Monsoon
2026-06-13,SITE011,Backhoe Loader,1,6,24,Monsoon
2026-06-13,SITE011,Skid Steer Loader,0,6,24,Monsoon
2026-06-13,SITE011,Road Roller,0,6,24,Monsoon
2026-06-13,SITE011,Dump Truck,2,6,24,Monsoon
2026-06-13,SITE011,Forklift,0,6,24,Monsoon
2026-06-13,SITE012,Excavator,4,6,24,Monsoon
2026-06-13,SITE012,Bulldozer,1,6,24,Monsoon
2026-06-13,SITE012,Wheel Loader,2,6,24,Monsoon
2026-06-13,SITE012,Motor Grader,2,6,24,Monsoon
2026-06-13,SITE012,Backhoe Loader,2,6,24,Monsoon
2026-06-13,SITE012,Skid Steer Loader,0,6,24,Monsoon
2026-06-13,SITE012,Road Roller,4,6,24,Monsoon
2026-06-13,SITE012,Dump Truck,1,6,24,Monsoon
2026-06-13,SITE012,Forklift,2,6,24,Monsoon
2026-06-13,SITE013,Excavator,5,6,24,Monsoon
2026-06-13,SITE013,Bulldozer,1,6,24,Monsoon
2026-06-13,SITE013,Wheel Loader,3,6,24,Monsoon
2026-06-13,SITE013,Motor Grader,3,6,24,Monsoon
2026-06-13,SITE013,Backhoe Loader,1,6,24,Monsoon
2026-06-13,SITE013,Skid Steer Loader,2,6,24,Monsoon
2026-06-13,SITE013,Road Roller,1,6,24,Monsoon
2026-06-13,SITE013,Dump Truck,0,6,24,Monsoon
2026-06-13,SITE013,Forklift,3,6,24,Monsoon
2026-06-13,SITE014,Excavator,4,6,24,Monsoon
2026-06-13,SITE014,Bulldozer,2,6,24,Monsoon
2026-06-13,SITE014,Wheel Loader,2,6,24,Monsoon
2026-06-13,SITE014,Motor Grader,5,6,24,Monsoon
2026-06-13,SITE014,Backhoe Loader,2,6,24,Monsoon
2026-06-13,SITE014,Skid Steer Loader,0,6,24,Monsoon
2026-06-13,SITE014,Road Roller,0,6,24,Monsoon
2026-06-13,SITE014,Dump Truck,2,6,24,Monsoon
2026-06-13,SITE014,Forklift,2,6,24,Monsoon
2026-06-13,SITE015,Excavator,5,6,24,Monsoon
2026-06-13,SITE015,Bulldozer,1,6,24,Monsoon
2026-06-13,SITE015,Wheel Loader,2,6,24,Monsoon
2026-06-13,SITE015,Motor Grader,2,6,24,Monsoon
2026-06-13,SITE015,Backhoe Loader,1,6,24,Monsoon
2026-06-13,SITE015,Skid Steer Loader,2,6,24,Monsoon
2026-06-13,SITE015,Road Roller,4,6,24,Monsoon
2026-06-13,SITE015,Dump Truck,4,6,24,Monsoon
2026-06-13,SITE015,Forklift,1,6,24,Monsoon
2026-06-13,SITE016,Excavator,5,6,24,Monsoon
2026-06-13,SITE016,Bulldozer,2,6,24,Monsoon
2026-06-13,SITE016,Wheel Loader,2,6,24,Monsoon
2026-06-13,SITE016,Motor Grader,3,6,24,Monsoon
2026-06-13,SITE016,Backhoe Loader,1,6,24,Monsoon
2026-06-13,SITE016,Skid Steer Loader,2,6,24,Monsoon
2026-06-13,SITE016,Road Roller,2,6,24,Monsoon
2026-06-13,SITE016,Dump Truck,2,6,24,Monsoon
2026-06-13,SITE016,Forklift,1,6,24,Monsoon
2026-06-13,SITE017,Excavator,2,6,24,Monsoon
2026-06-13,SITE017,Bulldozer,2,6,24,Monsoon
2026-06-13,SITE017,Wheel Loader,1,6,24,Monsoon
2026-06-13,SITE017,Motor Grader,3,6,24,Monsoon
2026-06-13,SITE017,Backhoe Loader,1,6,24,Monsoon
2026-06-13,SITE017,Skid Steer Loader,4,6,24,Monsoon
2026-06-13,SITE017,Road Roller,2,6,24,Monsoon
2026-06-13,SITE017,Dump Truck,2,6,24,Monsoon
2026-06-13,SITE017,Forklift,0,6,24,Monsoon
2026-06-13,SITE018,Excavator,8,6,24,Monsoon
2026-06-13,SITE018,Bulldozer,1,6,24,Monsoon
2026-06-13,SITE018,Wheel Loader,1,6,24,Monsoon
2026-06-13,SITE018,Motor Grader,2,6,24,Monsoon
2026-06-13,SITE018,Backhoe Loader,0,6,24,Monsoon
2026-06-13,SITE018,Skid Steer Loader,4,6,24,Monsoon
2026-06-13,SITE018,Road Roller,1,6,24,Monsoon
2026-06-13,SITE018,Dump Truck,1,6,24,Monsoon
2026-06-13,SITE018,Forklift,3,6,24,Monsoon
2026-06-13,SITE019,Excavator,7,6,24,Monsoon
2026-06-13,SITE019,Bulldozer,1,6,24,Monsoon
2026-06-13,SITE019,Wheel Loader,1,6,24,Monsoon
2026-06-13,SITE019,Motor Grader,4,6,24,Monsoon
2026-06-13,SITE019,Backhoe Loader,4,6,24,Monsoon
2026-06-13,SITE019,Skid Steer Loader,5,6,24,Monsoon
2026-06-13,SITE019,Road Roller,1,6,24,Monsoon
2026-06-13,SITE019,Dump Truck,0,6,24,Monsoon
2026-06-13,SITE019,Forklift,4,6,24,Monsoon
2026-06-13,SITE020,Excavator,4,6,24,Monsoon
2026-06-13,SITE020,Bulldozer,4,6,24,Monsoon
2026-06-13,SITE020,Wheel Loader,0,6,24,Monsoon
2026-06-13,SITE020,Motor Grader,3,6,24,Monsoon
2026-06-13,SITE020,Backhoe Loader,1,6,24,Monsoon
2026-06-13,SITE020,Skid Steer Loader,2,6,24,Monsoon
2026-06-13,SITE020,Road Roller,1,6,24,Monsoon
2026-06-13,SITE020,Dump Truck,4,6,24,Monsoon
2026-06-13,SITE020,Forklift,1,6,24,Monsoon
2026-06-14,SITE001,Excavator,5,6,24,Monsoon
2026-06-14,SITE001,Bulldozer,3,6,24,Monsoon
2026-06-14,SITE001,Wheel Loader,1,6,24,Monsoon
2026-06-14,SITE001,Motor Grader,2,6,24,Monsoon
2026-06-14,SITE001,Backhoe Loader,0,6,24,Monsoon
2026-06-14,SITE001,Skid Steer Loader,1,6,24,Monsoon
2026-06-14,SITE001,Road Roller,2,6,24,Monsoon
2026-06-14,SITE001,Dump Truck,1,6,24,Monsoon
2026-06-14,SITE001,Forklift,1,6,24,Monsoon
2026-06-14,SITE002,Excavator,4,6,24,Monsoon
2026-06-14,SITE002,Bulldozer,1,6,24,Monsoon
2026-06-14,SITE002,Wheel Loader,0,6,24,Monsoon
2026-06-14,SITE002,Motor Grader,3,6,24,Monsoon
2026-06-14,SITE002,Backhoe Loader,2,6,24,Monsoon
2026-06-14,SITE002,Skid Steer Loader,1,6,24,Monsoon
2026-06-14,SITE002,Road Roller,2,6,24,Monsoon
2026-06-14,SITE002,Dump Truck,1,6,24,Monsoon
2026-06-14,SITE002,Forklift,2,6,24,Monsoon
2026-06-14,SITE003,Excavator,3,6,24,Monsoon
2026-06-14,SITE003,Bulldozer,3,6,24,Monsoon
2026-06-14,SITE003,Wheel Loader,1,6,24,Monsoon
2026-06-14,SITE003,Motor Grader,3,6,24,Monsoon
2026-06-14,SITE003,Backhoe Loader,3,6,24,Monsoon
2026-06-14,SITE003,Skid Steer Loader,2,6,24,Monsoon
2026-06-14,SITE003,Road Roller,2,6,24,Monsoon
2026-06-14,SITE003,Dump Truck,2,6,24,Monsoon
2026-06-14,SITE003,Forklift,2,6,24,Monsoon
2026-06-14,SITE004,Excavator,5,6,24,Monsoon
2026-06-14,SITE004,Bulldozer,0,6,24,Monsoon
2026-06-14,SITE004,Wheel Loader,1,6,24,Monsoon
2026-06-14,SITE004,Motor Grader,2,6,24,Monsoon
2026-06-14,SITE004,Backhoe Loader,3,6,24,Monsoon
2026-06-14,SITE004,Skid Steer Loader,2,6,24,Monsoon
2026-06-14,SITE004,Road Roller,2,6,24,Monsoon
2026-06-14,SITE004,Dump Truck,2,6,24,Monsoon
2026-06-14,SITE004,Forklift,3,6,24,Monsoon
2026-06-14,SITE005,Excavator,7,6,24,Monsoon
2026-06-14,SITE005,Bulldozer,2,6,24,Monsoon
2026-06-14,SITE005,Wheel Loader,1,6,24,Monsoon
2026-06-14,SITE005,Motor Grader,2,6,24,Monsoon
2026-06-14,SITE005,Backhoe Loader,2,6,24,Monsoon
2026-06-14,SITE005,Skid Steer Loader,2,6,24,Monsoon
2026-06-14,SITE005,Road Roller,2,6,24,Monsoon
2026-06-14,SITE005,Dump Truck,3,6,24,Monsoon
2026-06-14,SITE005,Forklift,1,6,24,Monsoon
2026-06-14,SITE006,Excavator,7,6,24,Monsoon
2026-06-14,SITE006,Bulldozer,3,6,24,Monsoon
2026-06-14,SITE006,Wheel Loader,2,6,24,Monsoon
2026-06-14,SITE006,Motor Grader,3,6,24,Monsoon
2026-06-14,SITE006,Backhoe Loader,2,6,24,Monsoon
2026-06-14,SITE006,Skid Steer Loader,3,6,24,Monsoon
2026-06-14,SITE006,Road Roller,1,6,24,Monsoon
2026-06-14,SITE006,Dump Truck,1,6,24,Monsoon
2026-06-14,SITE006,Forklift,2,6,24,Monsoon
2026-06-14,SITE007,Excavator,6,6,24,Monsoon
2026-06-14,SITE007,Bulldozer,3,6,24,Monsoon
2026-06-14,SITE007,Wheel Loader,3,6,24,Monsoon
2026-06-14,SITE007,Motor Grader,2,6,24,Monsoon
2026-06-14,SITE007,Backhoe Loader,1,6,24,Monsoon
2026-06-14,SITE007,Skid Steer Loader,2,6,24,Monsoon
2026-06-14,SITE007,Road Roller,2,6,24,Monsoon
2026-06-14,SITE007,Dump Truck,3,6,24,Monsoon
2026-06-14,SITE007,Forklift,1,6,24,Monsoon
2026-06-14,SITE008,Excavator,2,6,24,Monsoon
2026-06-14,SITE008,Bulldozer,1,6,24,Monsoon
2026-06-14,SITE008,Wheel Loader,3,6,24,Monsoon
2026-06-14,SITE008,Motor Grader,1,6,24,Monsoon
2026-06-14,SITE008,Backhoe Loader,1,6,24,Monsoon
2026-06-14,SITE008,Skid Steer Loader,6,6,24,Monsoon
2026-06-14,SITE008,Road Roller,2,6,24,Monsoon
2026-06-14,SITE008,Dump Truck,1,6,24,Monsoon
2026-06-14,SITE008,Forklift,2,6,24,Monsoon
2026-06-14,SITE009,Excavator,3,6,24,Monsoon
2026-06-14,SITE009,Bulldozer,3,6,24,Monsoon
2026-06-14,SITE009,Wheel Loader,2,6,24,Monsoon
2026-06-14,SITE009,Motor Grader,4,6,24,Monsoon
2026-06-14,SITE009,Backhoe Loader,3,6,24,Monsoon
2026-06-14,SITE009,Skid Steer Loader,3,6,24,Monsoon
2026-06-14,SITE009,Road Roller,1,6,24,Monsoon
2026-06-14,SITE009,Dump Truck,1,6,24,Monsoon
2026-06-14,SITE009,Forklift,5,6,24,Monsoon
2026-06-14,SITE010,Excavator,3,6,24,Monsoon
2026-06-14,SITE010,Bulldozer,3,6,24,Monsoon
2026-06-14,SITE010,Wheel Loader,2,6,24,Monsoon
2026-06-14,SITE010,Motor Grader,6,6,24,Monsoon
2026-06-14,SITE010,Backhoe Loader,1,6,24,Monsoon
2026-06-14,SITE010,Skid Steer Loader,4,6,24,Monsoon
2026-06-14,SITE010,Road Roller,1,6,24,Monsoon
2026-06-14,SITE010,Dump Truck,2,6,24,Monsoon
2026-06-14,SITE010,Forklift,1,6,24,Monsoon
2026-06-14,SITE011,Excavator,5,6,24,Monsoon
2026-06-14,SITE011,Bulldozer,1,6,24,Monsoon
2026-06-14,SITE011,Wheel Loader,2,6,24,Monsoon
2026-06-14,SITE011,Motor Grader,0,6,24,Monsoon
2026-06-14,SITE011,Backhoe Loader,1,6,24,Monsoon
2026-06-14,SITE011,Skid Steer Loader,0,6,24,Monsoon
2026-06-14,SITE011,Road Roller,2,6,24,Monsoon
2026-06-14,SITE011,Dump Truck,2,6,24,Monsoon
2026-06-14,SITE011,Forklift,3,6,24,Monsoon
2026-06-14,SITE012,Excavator,2,6,24,Monsoon
2026-06-14,SITE012,Bulldozer,0,6,24,Monsoon
2026-06-14,SITE012,Wheel Loader,1,6,24,Monsoon
2026-06-14,SITE012,Motor Grader,1,6,24,Monsoon
2026-06-14,SITE012,Backhoe Loader,4,6,24,Monsoon
2026-06-14,SITE012,Skid Steer Loader,0,6,24,Monsoon
2026-06-14,SITE012,Road Roller,2,6,24,Monsoon
2026-06-14,SITE012,Dump Truck,0,6,24,Monsoon
2026-06-14,SITE012,Forklift,1,6,24,Monsoon
2026-06-14,SITE013,Excavator,2,6,24,Monsoon
2026-06-14,SITE013,Bulldozer,3,6,24,Monsoon
2026-06-14,SITE013,Wheel Loader,2,6,24,Monsoon
2026-06-14,SITE013,Motor Grader,0,6,24,Monsoon
2026-06-14,SITE013,Backhoe Loader,2,6,24,Monsoon
2026-06-14,SITE013,Skid Steer Loader,1,6,24,Monsoon
2026-06-14,SITE013,Road Roller,0,6,24,Monsoon
2026-06-14,SITE013,Dump Truck,2,6,24,Monsoon
2026-06-14,SITE013,Forklift,5,6,24,Monsoon
2026-06-14,SITE014,Excavator,6,6,24,Monsoon
2026-06-14,SITE014,Bulldozer,3,6,24,Monsoon
2026-06-14,SITE014,Wheel Loader,0,6,24,Monsoon
2026-06-14,SITE014,Motor Grader,3,6,24,Monsoon
2026-06-14,SITE014,Backhoe Loader,0,6,24,Monsoon
2026-06-14,SITE014,Skid Steer Loader,2,6,24,Monsoon
2026-06-14,SITE014,Road Roller,0,6,24,Monsoon
2026-06-14,SITE014,Dump Truck,2,6,24,Monsoon
2026-06-14,SITE014,Forklift,2,6,24,Monsoon
2026-06-14,SITE015,Excavator,6,6,24,Monsoon
2026-06-14,SITE015,Bulldozer,3,6,24,Monsoon
2026-06-14,SITE015,Wheel Loader,1,6,24,Monsoon
2026-06-14,SITE015,Motor Grader,0,6,24,Monsoon
2026-06-14,SITE015,Backhoe Loader,2,6,24,Monsoon
2026-06-14,SITE015,Skid Steer Loader,4,6,24,Monsoon
2026-06-14,SITE015,Road Roller,0,6,24,Monsoon
2026-06-14,SITE015,Dump Truck,0,6,24,Monsoon
2026-06-14,SITE015,Forklift,1,6,24,Monsoon
2026-06-14,SITE016,Excavator,4,6,24,Monsoon
2026-06-14,SITE016,Bulldozer,1,6,24,Monsoon
2026-06-14,SITE016,Wheel Loader,1,6,24,Monsoon
2026-06-14,SITE016,Motor Grader,3,6,24,Monsoon
2026-06-14,SITE016,Backhoe Loader,2,6,24,Monsoon
2026-06-14,SITE016,Skid Steer Loader,4,6,24,Monsoon
2026-06-14,SITE016,Road Roller,1,6,24,Monsoon
2026-06-14,SITE016,Dump Truck,3,6,24,Monsoon
2026-06-14,SITE016,Forklift,1,6,24,Monsoon
2026-06-14,SITE017,Excavator,4,6,24,Monsoon
2026-06-14,SITE017,Bulldozer,1,6,24,Monsoon
2026-06-14,SITE017,Wheel Loader,2,6,24,Monsoon
2026-06-14,SITE017,Motor Grader,3,6,24,Monsoon
2026-06-14,SITE017,Backhoe Loader,2,6,24,Monsoon
2026-06-14,SITE017,Skid Steer Loader,2,6,24,Monsoon
2026-06-14,SITE017,Road Roller,2,6,24,Monsoon
2026-06-14,SITE017,Dump Truck,1,6,24,Monsoon
2026-06-14,SITE017,Forklift,4,6,24,Monsoon
2026-06-14,SITE018,Excavator,5,6,24,Monsoon
2026-06-14,SITE018,Bulldozer,2,6,24,Monsoon
2026-06-14,SITE018,Wheel Loader,2,6,24,Monsoon
2026-06-14,SITE018,Motor Grader,4,6,24,Monsoon
2026-06-14,SITE018,Backhoe Loader,4,6,24,Monsoon
2026-06-14,SITE018,Skid Steer Loader,1,6,24,Monsoon
2026-06-14,SITE018,Road Roller,3,6,24,Monsoon
2026-06-14,SITE018,Dump Truck,2,6,24,Monsoon
2026-06-14,SITE018,Forklift,3,6,24,Monsoon
2026-06-14,SITE019,Excavator,0,6,24,Monsoon
2026-06-14,SITE019,Bulldozer,2,6,24,Monsoon
2026-06-14,SITE019,Wheel Loader,2,6,24,Monsoon
2026-06-14,SITE019,Motor Grader,4,6,24,Monsoon
2026-06-14,SITE019,Backhoe Loader,0,6,24,Monsoon
2026-06-14,SITE019,Skid Steer Loader,3,6,24,Monsoon
2026-06-14,SITE019,Road Roller,6,6,24,Monsoon
2026-06-14,SITE019,Dump Truck,1,6,24,Monsoon
2026-06-14,SITE019,Forklift,3,6,24,Monsoon
2026-06-14,SITE020,Excavator,5,6,24,Monsoon
2026-06-14,SITE020,Bulldozer,1,6,24,Monsoon
2026-06-14,SITE020,Wheel Loader,3,6,24,Monsoon
2026-06-14,SITE020,Motor Grader,2,6,24,Monsoon
2026-06-14,SITE020,Backhoe Loader,4,6,24,Monsoon
2026-06-14,SITE020,Skid Steer Loader,2,6,24,Monsoon
2026-06-14,SITE020,Road Roller,2,6,24,Monsoon
2026-06-14,SITE020,Dump Truck,1,6,24,Monsoon
2026-06-14,SITE020,Forklift,0,6,24,Monsoon
2026-06-15,SITE001,Excavator,3,6,25,Monsoon
2026-06-15,SITE001,Bulldozer,3,6,25,Monsoon
2026-06-15,SITE001,Wheel Loader,3,6,25,Monsoon
2026-06-15,SITE001,Motor Grader,2,6,25,Monsoon
2026-06-15,SITE001,Backhoe Loader,2,6,25,Monsoon
2026-06-15,SITE001,Skid Steer Loader,3,6,25,Monsoon
2026-06-15,SITE001,Road Roller,3,6,25,Monsoon
2026-06-15,SITE001,Dump Truck,3,6,25,Monsoon
2026-06-15,SITE001,Forklift,0,6,25,Monsoon
2026-06-15,SITE002,Excavator,2,6,25,Monsoon
2026-06-15,SITE002,Bulldozer,2,6,25,Monsoon
2026-06-15,SITE002,Wheel Loader,1,6,25,Monsoon
2026-06-15,SITE002,Motor Grader,5,6,25,Monsoon
2026-06-15,SITE002,Backhoe Loader,3,6,25,Monsoon
2026-06-15,SITE002,Skid Steer Loader,2,6,25,Monsoon
2026-06-15,SITE002,Road Roller,2,6,25,Monsoon
2026-06-15,SITE002,Dump Truck,1,6,25,Monsoon
2026-06-15,SITE002,Forklift,1,6,25,Monsoon
2026-06-15,SITE003,Excavator,2,6,25,Monsoon
2026-06-15,SITE003,Bulldozer,3,6,25,Monsoon
2026-06-15,SITE003,Wheel Loader,5,6,25,Monsoon
2026-06-15,SITE003,Motor Grader,1,6,25,Monsoon
2026-06-15,SITE003,Backhoe Loader,3,6,25,Monsoon
2026-06-15,SITE003,Skid Steer Loader,2,6,25,Monsoon
2026-06-15,SITE003,Road Roller,2,6,25,Monsoon
2026-06-15,SITE003,Dump Truck,0,6,25,Monsoon
2026-06-15,SITE003,Forklift,0,6,25,Monsoon
2026-06-15,SITE004,Excavator,5,6,25,Monsoon
2026-06-15,SITE004,Bulldozer,3,6,25,Monsoon
2026-06-15,SITE004,Wheel Loader,2,6,25,Monsoon
2026-06-15,SITE004,Motor Grader,2,6,25,Monsoon
2026-06-15,SITE004,Backhoe Loader,1,6,25,Monsoon
2026-06-15,SITE004,Skid Steer Loader,3,6,25,Monsoon
2026-06-15,SITE004,Road Roller,2,6,25,Monsoon
2026-06-15,SITE004,Dump Truck,1,6,25,Monsoon
2026-06-15,SITE004,Forklift,1,6,25,Monsoon
2026-06-15,SITE005,Excavator,3,6,25,Monsoon
2026-06-15,SITE005,Bulldozer,4,6,25,Monsoon
2026-06-15,SITE005,Wheel Loader,2,6,25,Monsoon
2026-06-15,SITE005,Motor Grader,2,6,25,Monsoon
2026-06-15,SITE005,Backhoe Loader,2,6,25,Monsoon
2026-06-15,SITE005,Skid Steer Loader,5,6,25,Monsoon
2026-06-15,SITE005,Road Roller,0,6,25,Monsoon
2026-06-15,SITE005,Dump Truck,1,6,25,Monsoon
2026-06-15,SITE005,Forklift,1,6,25,Monsoon
2026-06-15,SITE006,Excavator,4,6,25,Monsoon
2026-06-15,SITE006,Bulldozer,1,6,25,Monsoon
2026-06-15,SITE006,Wheel Loader,3,6,25,Monsoon
2026-06-15,SITE006,Motor Grader,1,6,25,Monsoon
2026-06-15,SITE006,Backhoe Loader,2,6,25,Monsoon
2026-06-15,SITE006,Skid Steer Loader,1,6,25,Monsoon
2026-06-15,SITE006,Road Roller,5,6,25,Monsoon
2026-06-15,SITE006,Dump Truck,1,6,25,Monsoon
2026-06-15,SITE006,Forklift,5,6,25,Monsoon
2026-06-15,SITE007,Excavator,3,6,25,Monsoon
2026-06-15,SITE007,Bulldozer,1,6,25,Monsoon
2026-06-15,SITE007,Wheel Loader,2,6,25,Monsoon
2026-06-15,SITE007,Motor Grader,1,6,25,Monsoon
2026-06-15,SITE007,Backhoe Loader,2,6,25,Monsoon
2026-06-15,SITE007,Skid Steer Loader,2,6,25,Monsoon
2026-06-15,SITE007,Road Roller,1,6,25,Monsoon
2026-06-15,SITE007,Dump Truck,2,6,25,Monsoon
2026-06-15,SITE007,Forklift,5,6,25,Monsoon
2026-06-15,SITE008,Excavator,6,6,25,Monsoon
2026-06-15,SITE008,Bulldozer,2,6,25,Monsoon
2026-06-15,SITE008,Wheel Loader,3,6,25,Monsoon
2026-06-15,SITE008,Motor Grader,2,6,25,Monsoon
2026-06-15,SITE008,Backhoe Loader,4,6,25,Monsoon
2026-06-15,SITE008,Skid Steer Loader,4,6,25,Monsoon
2026-06-15,SITE008,Road Roller,2,6,25,Monsoon
2026-06-15,SITE008,Dump Truck,1,6,25,Monsoon
2026-06-15,SITE008,Forklift,2,6,25,Monsoon
2026-06-15,SITE009,Excavator,3,6,25,Monsoon
2026-06-15,SITE009,Bulldozer,4,6,25,Monsoon
2026-06-15,SITE009,Wheel Loader,0,6,25,Monsoon
2026-06-15,SITE009,Motor Grader,2,6,25,Monsoon
2026-06-15,SITE009,Backhoe Loader,0,6,25,Monsoon
2026-06-15,SITE009,Skid Steer Loader,3,6,25,Monsoon
2026-06-15,SITE009,Road Roller,1,6,25,Monsoon
2026-06-15,SITE009,Dump Truck,4,6,25,Monsoon
2026-06-15,SITE009,Forklift,2,6,25,Monsoon
2026-06-15,SITE010,Excavator,6,6,25,Monsoon
2026-06-15,SITE010,Bulldozer,3,6,25,Monsoon
2026-06-15,SITE010,Wheel Loader,2,6,25,Monsoon
2026-06-15,SITE010,Motor Grader,0,6,25,Monsoon
2026-06-15,SITE010,Backhoe Loader,4,6,25,Monsoon
2026-06-15,SITE010,Skid Steer Loader,1,6,25,Monsoon
2026-06-15,SITE010,Road Roller,3,6,25,Monsoon
2026-06-15,SITE010,Dump Truck,3,6,25,Monsoon
2026-06-15,SITE010,Forklift,1,6,25,Monsoon
2026-06-15,SITE011,Excavator,6,6,25,Monsoon
2026-06-15,SITE011,Bulldozer,3,6,25,Monsoon
2026-06-15,SITE011,Wheel Loader,1,6,25,Monsoon
2026-06-15,SITE011,Motor Grader,4,6,25,Monsoon
2026-06-15,SITE011,Backhoe Loader,0,6,25,Monsoon
2026-06-15,SITE011,Skid Steer Loader,2,6,25,Monsoon
2026-06-15,SITE011,Road Roller,1,6,25,Monsoon
2026-06-15,SITE011,Dump Truck,1,6,25,Monsoon
2026-06-15,SITE011,Forklift,3,6,25,Monsoon
2026-06-15,SITE012,Excavator,5,6,25,Monsoon
2026-06-15,SITE012,Bulldozer,1,6,25,Monsoon
2026-06-15,SITE012,Wheel Loader,2,6,25,Monsoon
2026-06-15,SITE012,Motor Grader,2,6,25,Monsoon
2026-06-15,SITE012,Backhoe Loader,2,6,25,Monsoon
2026-06-15,SITE012,Skid Steer Loader,3,6,25,Monsoon
2026-06-15,SITE012,Road Roller,1,6,25,Monsoon
2026-06-15,SITE012,Dump Truck,1,6,25,Monsoon
2026-06-15,SITE012,Forklift,2,6,25,Monsoon
2026-06-15,SITE013,Excavator,0,6,25,Monsoon
2026-06-15,SITE013,Bulldozer,1,6,25,Monsoon
2026-06-15,SITE013,Wheel Loader,5,6,25,Monsoon
2026-06-15,SITE013,Motor Grader,2,6,25,Monsoon
2026-06-15,SITE013,Backhoe Loader,3,6,25,Monsoon
2026-06-15,SITE013,Skid Steer Loader,3,6,25,Monsoon
2026-06-15,SITE013,Road Roller,3,6,25,Monsoon
2026-06-15,SITE013,Dump Truck,2,6,25,Monsoon
2026-06-15,SITE013,Forklift,3,6,25,Monsoon
2026-06-15,SITE014,Excavator,5,6,25,Monsoon
2026-06-15,SITE014,Bulldozer,3,6,25,Monsoon
2026-06-15,SITE014,Wheel Loader,0,6,25,Monsoon
2026-06-15,SITE014,Motor Grader,0,6,25,Monsoon
2026-06-15,SITE014,Backhoe Loader,3,6,25,Monsoon
2026-06-15,SITE014,Skid Steer Loader,1,6,25,Monsoon
2026-06-15,SITE014,Road Roller,2,6,25,Monsoon
2026-06-15,SITE014,Dump Truck,2,6,25,Monsoon
2026-06-15,SITE014,Forklift,4,6,25,Monsoon
2026-06-15,SITE015,Excavator,2,6,25,Monsoon
2026-06-15,SITE015,Bulldozer,1,6,25,Monsoon
2026-06-15,SITE015,Wheel Loader,1,6,25,Monsoon
2026-06-15,SITE015,Motor Grader,0,6,25,Monsoon
2026-06-15,SITE015,Backhoe Loader,0,6,25,Monsoon
2026-06-15,SITE015,Skid Steer Loader,0,6,25,Monsoon
2026-06-15,SITE015,Road Roller,1,6,25,Monsoon
2026-06-15,SITE015,Dump Truck,0,6,25,Monsoon
2026-06-15,SITE015,Forklift,2,6,25,Monsoon
2026-06-15,SITE016,Excavator,4,6,25,Monsoon
2026-06-15,SITE016,Bulldozer,4,6,25,Monsoon
2026-06-15,SITE016,Wheel Loader,1,6,25,Monsoon
2026-06-15,SITE016,Motor Grader,3,6,25,Monsoon
2026-06-15,SITE016,Backhoe Loader,2,6,25,Monsoon
2026-06-15,SITE016,Skid Steer Loader,4,6,25,Monsoon
2026-06-15,SITE016,Road Roller,4,6,25,Monsoon
2026-06-15,SITE016,Dump Truck,4,6,25,Monsoon
2026-06-15,SITE016,Forklift,2,6,25,Monsoon
2026-06-15,SITE017,Excavator,6,6,25,Monsoon
2026-06-15,SITE017,Bulldozer,0,6,25,Monsoon
2026-06-15,SITE017,Wheel Loader,2,6,25,Monsoon
2026-06-15,SITE017,Motor Grader,2,6,25,Monsoon
2026-06-15,SITE017,Backhoe Loader,4,6,25,Monsoon
2026-06-15,SITE017,Skid Steer Loader,3,6,25,Monsoon
2026-06-15,SITE017,Road Roller,0,6,25,Monsoon
2026-06-15,SITE017,Dump Truck,1,6,25,Monsoon
2026-06-15,SITE017,Forklift,2,6,25,Monsoon
2026-06-15,SITE018,Excavator,6,6,25,Monsoon
2026-06-15,SITE018,Bulldozer,2,6,25,Monsoon
2026-06-15,SITE018,Wheel Loader,2,6,25,Monsoon
2026-06-15,SITE018,Motor Grader,1,6,25,Monsoon
2026-06-15,SITE018,Backhoe Loader,2,6,25,Monsoon
2026-06-15,SITE018,Skid Steer Loader,3,6,25,Monsoon
2026-06-15,SITE018,Road Roller,1,6,25,Monsoon
2026-06-15,SITE018,Dump Truck,1,6,25,Monsoon
2026-06-15,SITE018,Forklift,0,6,25,Monsoon
2026-06-15,SITE019,Excavator,8,6,25,Monsoon
2026-06-15,SITE019,Bulldozer,1,6,25,Monsoon
2026-06-15,SITE019,Wheel Loader,2,6,25,Monsoon
2026-06-15,SITE019,Motor Grader,1,6,25,Monsoon
2026-06-15,SITE019,Backhoe Loader,1,6,25,Monsoon
2026-06-15,SITE019,Skid Steer Loader,1,6,25,Monsoon
2026-06-15,SITE019,Road Roller,2,6,25,Monsoon
2026-06-15,SITE019,Dump Truck,2,6,25,Monsoon
2026-06-15,SITE019,Forklift,1,6,25,Monsoon
2026-06-15,SITE020,Excavator,1,6,25,Monsoon
2026-06-15,SITE020,Bulldozer,4,6,25,Monsoon
2026-06-15,SITE020,Wheel Loader,3,6,25,Monsoon
2026-06-15,SITE020,Motor Grader,3,6,25,Monsoon
2026-06-15,SITE020,Backhoe Loader,2,6,25,Monsoon
2026-06-15,SITE020,Skid Steer Loader,1,6,25,Monsoon
2026-06-15,SITE020,Road Roller,3,6,25,Monsoon
2026-06-15,SITE020,Dump Truck,2,6,25,Monsoon
2026-06-15,SITE020,Forklift,2,6,25,Monsoon
2026-06-16,SITE001,Excavator,6,6,25,Monsoon
2026-06-16,SITE001,Bulldozer,0,6,25,Monsoon
2026-06-16,SITE001,Wheel Loader,3,6,25,Monsoon
2026-06-16,SITE001,Motor Grader,3,6,25,Monsoon
2026-06-16,SITE001,Backhoe Loader,2,6,25,Monsoon
2026-06-16,SITE001,Skid Steer Loader,4,6,25,Monsoon
2026-06-16,SITE001,Road Roller,0,6,25,Monsoon
2026-06-16,SITE001,Dump Truck,2,6,25,Monsoon
2026-06-16,SITE001,Forklift,2,6,25,Monsoon
2026-06-16,SITE002,Excavator,5,6,25,Monsoon
2026-06-16,SITE002,Bulldozer,1,6,25,Monsoon
2026-06-16,SITE002,Wheel Loader,0,6,25,Monsoon
2026-06-16,SITE002,Motor Grader,0,6,25,Monsoon
2026-06-16,SITE002,Backhoe Loader,2,6,25,Monsoon
2026-06-16,SITE002,Skid Steer Loader,1,6,25,Monsoon
2026-06-16,SITE002,Road Roller,1,6,25,Monsoon
2026-06-16,SITE002,Dump Truck,2,6,25,Monsoon
2026-06-16,SITE002,Forklift,5,6,25,Monsoon
2026-06-16,SITE003,Excavator,4,6,25,Monsoon
2026-06-16,SITE003,Bulldozer,3,6,25,Monsoon
2026-06-16,SITE003,Wheel Loader,1,6,25,Monsoon
2026-06-16,SITE003,Motor Grader,1,6,25,Monsoon
2026-06-16,SITE003,Backhoe Loader,1,6,25,Monsoon
2026-06-16,SITE003,Skid Steer Loader,3,6,25,Monsoon
2026-06-16,SITE003,Road Roller,1,6,25,Monsoon
2026-06-16,SITE003,Dump Truck,0,6,25,Monsoon
2026-06-16,SITE003,Forklift,5,6,25,Monsoon
2026-06-16,SITE004,Excavator,3,6,25,Monsoon
2026-06-16,SITE004,Bulldozer,1,6,25,Monsoon
2026-06-16,SITE004,Wheel Loader,0,6,25,Monsoon
2026-06-16,SITE004,Motor Grader,0,6,25,Monsoon
2026-06-16,SITE004,Backhoe Loader,0,6,25,Monsoon
2026-06-16,SITE004,Skid Steer Loader,0,6,25,Monsoon
2026-06-16,SITE004,Road Roller,2,6,25,Monsoon
2026-06-16,SITE004,Dump Truck,2,6,25,Monsoon
2026-06-16,SITE004,Forklift,2,6,25,Monsoon
2026-06-16,SITE005,Excavator,4,6,25,Monsoon
2026-06-16,SITE005,Bulldozer,3,6,25,Monsoon
2026-06-16,SITE005,Wheel Loader,2,6,25,Monsoon
2026-06-16,SITE005,Motor Grader,4,6,25,Monsoon
2026-06-16,SITE005,Backhoe Loader,3,6,25,Monsoon
2026-06-16,SITE005,Skid Steer Loader,1,6,25,Monsoon
2026-06-16,SITE005,Road Roller,1,6,25,Monsoon
2026-06-16,SITE005,Dump Truck,2,6,25,Monsoon
2026-06-16,SITE005,Forklift,3,6,25,Monsoon
2026-06-16,SITE006,Excavator,6,6,25,Monsoon
2026-06-16,SITE006,Bulldozer,0,6,25,Monsoon
2026-06-16,SITE006,Wheel Loader,1,6,25,Monsoon
2026-06-16,SITE006,Motor Grader,3,6,25,Monsoon
2026-06-16,SITE006,Backhoe Loader,4,6,25,Monsoon
2026-06-16,SITE006,Skid Steer Loader,2,6,25,Monsoon
2026-06-16,SITE006,Road Roller,4,6,25,Monsoon
2026-06-16,SITE006,Dump Truck,3,6,25,Monsoon
2026-06-16,SITE006,Forklift,1,6,25,Monsoon
2026-06-16,SITE007,Excavator,6,6,25,Monsoon
2026-06-16,SITE007,Bulldozer,2,6,25,Monsoon
2026-06-16,SITE007,Wheel Loader,2,6,25,Monsoon
2026-06-16,SITE007,Motor Grader,2,6,25,Monsoon
2026-06-16,SITE007,Backhoe Loader,1,6,25,Monsoon
2026-06-16,SITE007,Skid Steer Loader,3,6,25,Monsoon
2026-06-16,SITE007,Road Roller,4,6,25,Monsoon
2026-06-16,SITE007,Dump Truck,1,6,25,Monsoon
2026-06-16,SITE007,Forklift,1,6,25,Monsoon
2026-06-16,SITE008,Excavator,3,6,25,Monsoon
2026-06-16,SITE008,Bulldozer,2,6,25,Monsoon
2026-06-16,SITE008,Wheel Loader,2,6,25,Monsoon
2026-06-16,SITE008,Motor Grader,3,6,25,Monsoon
2026-06-16,SITE008,Backhoe Loader,3,6,25,Monsoon
2026-06-16,SITE008,Skid Steer Loader,1,6,25,Monsoon
2026-06-16,SITE008,Road Roller,1,6,25,Monsoon
2026-06-16,SITE008,Dump Truck,4,6,25,Monsoon
2026-06-16,SITE008,Forklift,1,6,25,Monsoon
2026-06-16,SITE009,Excavator,3,6,25,Monsoon
2026-06-16,SITE009,Bulldozer,5,6,25,Monsoon
2026-06-16,SITE009,Wheel Loader,2,6,25,Monsoon
2026-06-16,SITE009,Motor Grader,2,6,25,Monsoon
2026-06-16,SITE009,Backhoe Loader,1,6,25,Monsoon
2026-06-16,SITE009,Skid Steer Loader,4,6,25,Monsoon
2026-06-16,SITE009,Road Roller,7,6,25,Monsoon
2026-06-16,SITE009,Dump Truck,5,6,25,Monsoon
2026-06-16,SITE009,Forklift,2,6,25,Monsoon
2026-06-16,SITE010,Excavator,8,6,25,Monsoon
2026-06-16,SITE010,Bulldozer,2,6,25,Monsoon
2026-06-16,SITE010,Wheel Loader,2,6,25,Monsoon
2026-06-16,SITE010,Motor Grader,1,6,25,Monsoon
2026-06-16,SITE010,Backhoe Loader,2,6,25,Monsoon
2026-06-16,SITE010,Skid Steer Loader,5,6,25,Monsoon
2026-06-16,SITE010,Road Roller,0,6,25,Monsoon
2026-06-16,SITE010,Dump Truck,0,6,25,Monsoon
2026-06-16,SITE010,Forklift,3,6,25,Monsoon
2026-06-16,SITE011,Excavator,5,6,25,Monsoon
2026-06-16,SITE011,Bulldozer,4,6,25,Monsoon
2026-06-16,SITE011,Wheel Loader,2,6,25,Monsoon
2026-06-16,SITE011,Motor Grader,1,6,25,Monsoon
2026-06-16,SITE011,Backhoe Loader,4,6,25,Monsoon
2026-06-16,SITE011,Skid Steer Loader,0,6,25,Monsoon
2026-06-16,SITE011,Road Roller,3,6,25,Monsoon
2026-06-16,SITE011,Dump Truck,1,6,25,Monsoon
2026-06-16,SITE011,Forklift,3,6,25,Monsoon
2026-06-16,SITE012,Excavator,5,6,25,Monsoon
2026-06-16,SITE012,Bulldozer,2,6,25,Monsoon
2026-06-16,SITE012,Wheel Loader,2,6,25,Monsoon
2026-06-16,SITE012,Motor Grader,0,6,25,Monsoon
2026-06-16,SITE012,Backhoe Loader,2,6,25,Monsoon
2026-06-16,SITE012,Skid Steer Loader,2,6,25,Monsoon
2026-06-16,SITE012,Road Roller,2,6,25,Monsoon
2026-06-16,SITE012,Dump Truck,0,6,25,Monsoon
2026-06-16,SITE012,Forklift,2,6,25,Monsoon
2026-06-16,SITE013,Excavator,6,6,25,Monsoon
2026-06-16,SITE013,Bulldozer,1,6,25,Monsoon
2026-06-16,SITE013,Wheel Loader,0,6,25,Monsoon
2026-06-16,SITE013,Motor Grader,0,6,25,Monsoon
2026-06-16,SITE013,Backhoe Loader,1,6,25,Monsoon
2026-06-16,SITE013,Skid Steer Loader,2,6,25,Monsoon
2026-06-16,SITE013,Road Roller,1,6,25,Monsoon
2026-06-16,SITE013,Dump Truck,0,6,25,Monsoon
2026-06-16,SITE013,Forklift,1,6,25,Monsoon
2026-06-16,SITE014,Excavator,4,6,25,Monsoon
2026-06-16,SITE014,Bulldozer,1,6,25,Monsoon
2026-06-16,SITE014,Wheel Loader,1,6,25,Monsoon
2026-06-16,SITE014,Motor Grader,2,6,25,Monsoon
2026-06-16,SITE014,Backhoe Loader,2,6,25,Monsoon
2026-06-16,SITE014,Skid Steer Loader,1,6,25,Monsoon
2026-06-16,SITE014,Road Roller,1,6,25,Monsoon
2026-06-16,SITE014,Dump Truck,2,6,25,Monsoon
2026-06-16,SITE014,Forklift,2,6,25,Monsoon
2026-06-16,SITE015,Excavator,4,6,25,Monsoon
2026-06-16,SITE015,Bulldozer,3,6,25,Monsoon
2026-06-16,SITE015,Wheel Loader,3,6,25,Monsoon
2026-06-16,SITE015,Motor Grader,1,6,25,Monsoon
2026-06-16,SITE015,Backhoe Loader,1,6,25,Monsoon
2026-06-16,SITE015,Skid Steer Loader,1,6,25,Monsoon
2026-06-16,SITE015,Road Roller,3,6,25,Monsoon
2026-06-16,SITE015,Dump Truck,0,6,25,Monsoon
2026-06-16,SITE015,Forklift,1,6,25,Monsoon
2026-06-16,SITE016,Excavator,6,6,25,Monsoon
2026-06-16,SITE016,Bulldozer,3,6,25,Monsoon
2026-06-16,SITE016,Wheel Loader,1,6,25,Monsoon
2026-06-16,SITE016,Motor Grader,0,6,25,Monsoon
2026-06-16,SITE016,Backhoe Loader,9,6,25,Monsoon
2026-06-16,SITE016,Skid Steer Loader,0,6,25,Monsoon
2026-06-16,SITE016,Road Roller,0,6,25,Monsoon
2026-06-16,SITE016,Dump Truck,0,6,25,Monsoon
2026-06-16,SITE016,Forklift,0,6,25,Monsoon
2026-06-16,SITE017,Excavator,4,6,25,Monsoon
2026-06-16,SITE017,Bulldozer,1,6,25,Monsoon
2026-06-16,SITE017,Wheel Loader,3,6,25,Monsoon
2026-06-16,SITE017,Motor Grader,2,6,25,Monsoon
2026-06-16,SITE017,Backhoe Loader,1,6,25,Monsoon
2026-06-16,SITE017,Skid Steer Loader,3,6,25,Monsoon
2026-06-16,SITE017,Road Roller,1,6,25,Monsoon
2026-06-16,SITE017,Dump Truck,0,6,25,Monsoon
2026-06-16,SITE017,Forklift,3,6,25,Monsoon
2026-06-16,SITE018,Excavator,5,6,25,Monsoon
2026-06-16,SITE018,Bulldozer,2,6,25,Monsoon
2026-06-16,SITE018,Wheel Loader,3,6,25,Monsoon
2026-06-16,SITE018,Motor Grader,2,6,25,Monsoon
2026-06-16,SITE018,Backhoe Loader,0,6,25,Monsoon
2026-06-16,SITE018,Skid Steer Loader,2,6,25,Monsoon
2026-06-16,SITE018,Road Roller,0,6,25,Monsoon
2026-06-16,SITE018,Dump Truck,2,6,25,Monsoon
2026-06-16,SITE018,Forklift,4,6,25,Monsoon
2026-06-16,SITE019,Excavator,3,6,25,Monsoon
2026-06-16,SITE019,Bulldozer,1,6,25,Monsoon
2026-06-16,SITE019,Wheel Loader,2,6,25,Monsoon
2026-06-16,SITE019,Motor Grader,3,6,25,Monsoon
2026-06-16,SITE019,Backhoe Loader,1,6,25,Monsoon
2026-06-16,SITE019,Skid Steer Loader,3,6,25,Monsoon
2026-06-16,SITE019,Road Roller,4,6,25,Monsoon
2026-06-16,SITE019,Dump Truck,1,6,25,Monsoon
2026-06-16,SITE019,Forklift,2,6,25,Monsoon
2026-06-16,SITE020,Excavator,6,6,25,Monsoon
2026-06-16,SITE020,Bulldozer,1,6,25,Monsoon
2026-06-16,SITE020,Wheel Loader,2,6,25,Monsoon
2026-06-16,SITE020,Motor Grader,3,6,25,Monsoon
2026-06-16,SITE020,Backhoe Loader,4,6,25,Monsoon
2026-06-16,SITE020,Skid Steer Loader,2,6,25,Monsoon
2026-06-16,SITE020,Road Roller,1,6,25,Monsoon
2026-06-16,SITE020,Dump Truck,3,6,25,Monsoon
2026-06-16,SITE020,Forklift,2,6,25,Monsoon
2026-06-17,SITE001,Excavator,2,6,25,Monsoon
2026-06-17,SITE001,Bulldozer,6,6,25,Monsoon
2026-06-17,SITE001,Wheel Loader,4,6,25,Monsoon
2026-06-17,SITE001,Motor Grader,0,6,25,Monsoon
2026-06-17,SITE001,Backhoe Loader,1,6,25,Monsoon
2026-06-17,SITE001,Skid Steer Loader,3,6,25,Monsoon
2026-06-17,SITE001,Road Roller,3,6,25,Monsoon
2026-06-17,SITE001,Dump Truck,2,6,25,Monsoon
2026-06-17,SITE001,Forklift,3,6,25,Monsoon
2026-06-17,SITE002,Excavator,3,6,25,Monsoon
2026-06-17,SITE002,Bulldozer,3,6,25,Monsoon
2026-06-17,SITE002,Wheel Loader,0,6,25,Monsoon
2026-06-17,SITE002,Motor Grader,2,6,25,Monsoon
2026-06-17,SITE002,Backhoe Loader,2,6,25,Monsoon
2026-06-17,SITE002,Skid Steer Loader,0,6,25,Monsoon
2026-06-17,SITE002,Road Roller,3,6,25,Monsoon
2026-06-17,SITE002,Dump Truck,4,6,25,Monsoon
2026-06-17,SITE002,Forklift,2,6,25,Monsoon
2026-06-17,SITE003,Excavator,3,6,25,Monsoon
2026-06-17,SITE003,Bulldozer,3,6,25,Monsoon
2026-06-17,SITE003,Wheel Loader,2,6,25,Monsoon
2026-06-17,SITE003,Motor Grader,2,6,25,Monsoon
2026-06-17,SITE003,Backhoe Loader,3,6,25,Monsoon
2026-06-17,SITE003,Skid Steer Loader,2,6,25,Monsoon
2026-06-17,SITE003,Road Roller,1,6,25,Monsoon
2026-06-17,SITE003,Dump Truck,1,6,25,Monsoon
2026-06-17,SITE003,Forklift,3,6,25,Monsoon
2026-06-17,SITE004,Excavator,5,6,25,Monsoon
2026-06-17,SITE004,Bulldozer,1,6,25,Monsoon
2026-06-17,SITE004,Wheel Loader,4,6,25,Monsoon
2026-06-17,SITE004,Motor Grader,2,6,25,Monsoon
2026-06-17,SITE004,Backhoe Loader,3,6,25,Monsoon
2026-06-17,SITE004,Skid Steer Loader,1,6,25,Monsoon
2026-06-17,SITE004,Road Roller,1,6,25,Monsoon
2026-06-17,SITE004,Dump Truck,4,6,25,Monsoon
2026-06-17,SITE004,Forklift,1,6,25,Monsoon
2026-06-17,SITE005,Excavator,4,6,25,Monsoon
2026-06-17,SITE005,Bulldozer,1,6,25,Monsoon
2026-06-17,SITE005,Wheel Loader,2,6,25,Monsoon
2026-06-17,SITE005,Motor Grader,1,6,25,Monsoon
2026-06-17,SITE005,Backhoe Loader,3,6,25,Monsoon
2026-06-17,SITE005,Skid Steer Loader,1,6,25,Monsoon
2026-06-17,SITE005,Road Roller,1,6,25,Monsoon
2026-06-17,SITE005,Dump Truck,3,6,25,Monsoon
2026-06-17,SITE005,Forklift,1,6,25,Monsoon
2026-06-17,SITE006,Excavator,7,6,25,Monsoon
2026-06-17,SITE006,Bulldozer,4,6,25,Monsoon
2026-06-17,SITE006,Wheel Loader,3,6,25,Monsoon
2026-06-17,SITE006,Motor Grader,3,6,25,Monsoon
2026-06-17,SITE006,Backhoe Loader,0,6,25,Monsoon
2026-06-17,SITE006,Skid Steer Loader,3,6,25,Monsoon
2026-06-17,SITE006,Road Roller,2,6,25,Monsoon
2026-06-17,SITE006,Dump Truck,4,6,25,Monsoon
2026-06-17,SITE006,Forklift,1,6,25,Monsoon
2026-06-17,SITE007,Excavator,2,6,25,Monsoon
2026-06-17,SITE007,Bulldozer,2,6,25,Monsoon
2026-06-17,SITE007,Wheel Loader,0,6,25,Monsoon
2026-06-17,SITE007,Motor Grader,2,6,25,Monsoon
2026-06-17,SITE007,Backhoe Loader,2,6,25,Monsoon
2026-06-17,SITE007,Skid Steer Loader,1,6,25,Monsoon
2026-06-17,SITE007,Road Roller,0,6,25,Monsoon
2026-06-17,SITE007,Dump Truck,4,6,25,Monsoon
2026-06-17,SITE007,Forklift,3,6,25,Monsoon
2026-06-17,SITE008,Excavator,3,6,25,Monsoon
2026-06-17,SITE008,Bulldozer,1,6,25,Monsoon
2026-06-17,SITE008,Wheel Loader,0,6,25,Monsoon
2026-06-17,SITE008,Motor Grader,3,6,25,Monsoon
2026-06-17,SITE008,Backhoe Loader,2,6,25,Monsoon
2026-06-17,SITE008,Skid Steer Loader,0,6,25,Monsoon
2026-06-17,SITE008,Road Roller,1,6,25,Monsoon
2026-06-17,SITE008,Dump Truck,3,6,25,Monsoon
2026-06-17,SITE008,Forklift,1,6,25,Monsoon
2026-06-17,SITE009,Excavator,2,6,25,Monsoon
2026-06-17,SITE009,Bulldozer,1,6,25,Monsoon
2026-06-17,SITE009,Wheel Loader,2,6,25,Monsoon
2026-06-17,SITE009,Motor Grader,3,6,25,Monsoon
2026-06-17,SITE009,Backhoe Loader,1,6,25,Monsoon
2026-06-17,SITE009,Skid Steer Loader,2,6,25,Monsoon
2026-06-17,SITE009,Road Roller,1,6,25,Monsoon
2026-06-17,SITE009,Dump Truck,2,6,25,Monsoon
2026-06-17,SITE009,Forklift,2,6,25,Monsoon
2026-06-17,SITE010,Excavator,5,6,25,Monsoon
2026-06-17,SITE010,Bulldozer,0,6,25,Monsoon
2026-06-17,SITE010,Wheel Loader,2,6,25,Monsoon
2026-06-17,SITE010,Motor Grader,4,6,25,Monsoon
2026-06-17,SITE010,Backhoe Loader,2,6,25,Monsoon
2026-06-17,SITE010,Skid Steer Loader,2,6,25,Monsoon
2026-06-17,SITE010,Road Roller,2,6,25,Monsoon
2026-06-17,SITE010,Dump Truck,2,6,25,Monsoon
2026-06-17,SITE010,Forklift,1,6,25,Monsoon
2026-06-17,SITE011,Excavator,1,6,25,Monsoon
2026-06-17,SITE011,Bulldozer,2,6,25,Monsoon
2026-06-17,SITE011,Wheel Loader,2,6,25,Monsoon
2026-06-17,SITE011,Motor Grader,1,6,25,Monsoon
2026-06-17,SITE011,Backhoe Loader,0,6,25,Monsoon
2026-06-17,SITE011,Skid Steer Loader,1,6,25,Monsoon
2026-06-17,SITE011,Road Roller,2,6,25,Monsoon
2026-06-17,SITE011,Dump Truck,3,6,25,Monsoon
2026-06-17,SITE011,Forklift,1,6,25,Monsoon
2026-06-17,SITE012,Excavator,5,6,25,Monsoon
2026-06-17,SITE012,Bulldozer,1,6,25,Monsoon
2026-06-17,SITE012,Wheel Loader,2,6,25,Monsoon
2026-06-17,SITE012,Motor Grader,1,6,25,Monsoon
2026-06-17,SITE012,Backhoe Loader,2,6,25,Monsoon
2026-06-17,SITE012,Skid Steer Loader,1,6,25,Monsoon
2026-06-17,SITE012,Road Roller,3,6,25,Monsoon
2026-06-17,SITE012,Dump Truck,1,6,25,Monsoon
2026-06-17,SITE012,Forklift,3,6,25,Monsoon
2026-06-17,SITE013,Excavator,0,6,25,Monsoon
2026-06-17,SITE013,Bulldozer,0,6,25,Monsoon
2026-06-17,SITE013,Wheel Loader,3,6,25,Monsoon
2026-06-17,SITE013,Motor Grader,2,6,25,Monsoon
2026-06-17,SITE013,Backhoe Loader,2,6,25,Monsoon
2026-06-17,SITE013,Skid Steer Loader,4,6,25,Monsoon
2026-06-17,SITE013,Road Roller,1,6,25,Monsoon
2026-06-17,SITE013,Dump Truck,3,6,25,Monsoon
2026-06-17,SITE013,Forklift,2,6,25,Monsoon
2026-06-17,SITE014,Excavator,6,6,25,Monsoon
2026-06-17,SITE014,Bulldozer,2,6,25,Monsoon
2026-06-17,SITE014,Wheel Loader,1,6,25,Monsoon
2026-06-17,SITE014,Motor Grader,1,6,25,Monsoon
2026-06-17,SITE014,Backhoe Loader,1,6,25,Monsoon
2026-06-17,SITE014,Skid Steer Loader,4,6,25,Monsoon
2026-06-17,SITE014,Road Roller,2,6,25,Monsoon
2026-06-17,SITE014,Dump Truck,4,6,25,Monsoon
2026-06-17,SITE014,Forklift,4,6,25,Monsoon
2026-06-17,SITE015,Excavator,1,6,25,Monsoon
2026-06-17,SITE015,Bulldozer,0,6,25,Monsoon
2026-06-17,SITE015,Wheel Loader,1,6,25,Monsoon
2026-06-17,SITE015,Motor Grader,3,6,25,Monsoon
2026-06-17,SITE015,Backhoe Loader,2,6,25,Monsoon
2026-06-17,SITE015,Skid Steer Loader,4,6,25,Monsoon
2026-06-17,SITE015,Road Roller,1,6,25,Monsoon
2026-06-17,SITE015,Dump Truck,1,6,25,Monsoon
2026-06-17,SITE015,Forklift,4,6,25,Monsoon
2026-06-17,SITE016,Excavator,6,6,25,Monsoon
2026-06-17,SITE016,Bulldozer,4,6,25,Monsoon
2026-06-17,SITE016,Wheel Loader,2,6,25,Monsoon
2026-06-17,SITE016,Motor Grader,1,6,25,Monsoon
2026-06-17,SITE016,Backhoe Loader,4,6,25,Monsoon
2026-06-17,SITE016,Skid Steer Loader,2,6,25,Monsoon
2026-06-17,SITE016,Road Roller,1,6,25,Monsoon
2026-06-17,SITE016,Dump Truck,3,6,25,Monsoon
2026-06-17,SITE016,Forklift,1,6,25,Monsoon
2026-06-17,SITE017,Excavator,2,6,25,Monsoon
2026-06-17,SITE017,Bulldozer,2,6,25,Monsoon
2026-06-17,SITE017,Wheel Loader,1,6,25,Monsoon
2026-06-17,SITE017,Motor Grader,0,6,25,Monsoon
2026-06-17,SITE017,Backhoe Loader,1,6,25,Monsoon
2026-06-17,SITE017,Skid Steer Loader,4,6,25,Monsoon
2026-06-17,SITE017,Road Roller,2,6,25,Monsoon
2026-06-17,SITE017,Dump Truck,0,6,25,Monsoon
2026-06-17,SITE017,Forklift,3,6,25,Monsoon
2026-06-17,SITE018,Excavator,8,6,25,Monsoon
2026-06-17,SITE018,Bulldozer,2,6,25,Monsoon
2026-06-17,SITE018,Wheel Loader,2,6,25,Monsoon
2026-06-17,SITE018,Motor Grader,3,6,25,Monsoon
2026-06-17,SITE018,Backhoe Loader,1,6,25,Monsoon
2026-06-17,SITE018,Skid Steer Loader,3,6,25,Monsoon
2026-06-17,SITE018,Road Roller,1,6,25,Monsoon
2026-06-17,SITE018,Dump Truck,2,6,25,Monsoon
2026-06-17,SITE018,Forklift,3,6,25,Monsoon
2026-06-17,SITE019,Excavator,4,6,25,Monsoon
2026-06-17,SITE019,Bulldozer,2,6,25,Monsoon
2026-06-17,SITE019,Wheel Loader,2,6,25,Monsoon
2026-06-17,SITE019,Motor Grader,2,6,25,Monsoon
2026-06-17,SITE019,Backhoe Loader,1,6,25,Monsoon
2026-06-17,SITE019,Skid Steer Loader,1,6,25,Monsoon
2026-06-17,SITE019,Road Roller,0,6,25,Monsoon
2026-06-17,SITE019,Dump Truck,1,6,25,Monsoon
2026-06-17,SITE019,Forklift,4,6,25,Monsoon
2026-06-17,SITE020,Excavator,7,6,25,Monsoon
2026-06-17,SITE020,Bulldozer,4,6,25,Monsoon
2026-06-17,SITE020,Wheel Loader,1,6,25,Monsoon
2026-06-17,SITE020,Motor Grader,4,6,25,Monsoon
2026-06-17,SITE020,Backhoe Loader,1,6,25,Monsoon
2026-06-17,SITE020,Skid Steer Loader,2,6,25,Monsoon
2026-06-17,SITE020,Road Roller,2,6,25,Monsoon
2026-06-17,SITE020,Dump Truck,0,6,25,Monsoon
2026-06-17,SITE020,Forklift,2,6,25,Monsoon
2026-06-18,SITE001,Excavator,5,6,25,Monsoon
2026-06-18,SITE001,Bulldozer,1,6,25,Monsoon
2026-06-18,SITE001,Wheel Loader,4,6,25,Monsoon
2026-06-18,SITE001,Motor Grader,3,6,25,Monsoon
2026-06-18,SITE001,Backhoe Loader,3,6,25,Monsoon
2026-06-18,SITE001,Skid Steer Loader,3,6,25,Monsoon
2026-06-18,SITE001,Road Roller,4,6,25,Monsoon
2026-06-18,SITE001,Dump Truck,0,6,25,Monsoon
2026-06-18,SITE001,Forklift,3,6,25,Monsoon
2026-06-18,SITE002,Excavator,2,6,25,Monsoon
2026-06-18,SITE002,Bulldozer,4,6,25,Monsoon
2026-06-18,SITE002,Wheel Loader,1,6,25,Monsoon
2026-06-18,SITE002,Motor Grader,1,6,25,Monsoon
2026-06-18,SITE002,Backhoe Loader,1,6,25,Monsoon
2026-06-18,SITE002,Skid Steer Loader,2,6,25,Monsoon
2026-06-18,SITE002,Road Roller,3,6,25,Monsoon
2026-06-18,SITE002,Dump Truck,2,6,25,Monsoon
2026-06-18,SITE002,Forklift,1,6,25,Monsoon
2026-06-18,SITE003,Excavator,2,6,25,Monsoon
2026-06-18,SITE003,Bulldozer,3,6,25,Monsoon
2026-06-18,SITE003,Wheel Loader,5,6,25,Monsoon
2026-06-18,SITE003,Motor Grader,1,6,25,Monsoon
2026-06-18,SITE003,Backhoe Loader,3,6,25,Monsoon
2026-06-18,SITE003,Skid Steer Loader,2,6,25,Monsoon
2026-06-18,SITE003,Road Roller,0,6,25,Monsoon
2026-06-18,SITE003,Dump Truck,3,6,25,Monsoon
2026-06-18,SITE003,Forklift,2,6,25,Monsoon
2026-06-18,SITE004,Excavator,3,6,25,Monsoon
2026-06-18,SITE004,Bulldozer,2,6,25,Monsoon
2026-06-18,SITE004,Wheel Loader,3,6,25,Monsoon
2026-06-18,SITE004,Motor Grader,2,6,25,Monsoon
2026-06-18,SITE004,Backhoe Loader,1,6,25,Monsoon
2026-06-18,SITE004,Skid Steer Loader,4,6,25,Monsoon
2026-06-18,SITE004,Road Roller,1,6,25,Monsoon
2026-06-18,SITE004,Dump Truck,5,6,25,Monsoon
2026-06-18,SITE004,Forklift,2,6,25,Monsoon
2026-06-18,SITE005,Excavator,0,6,25,Monsoon
2026-06-18,SITE005,Bulldozer,1,6,25,Monsoon
2026-06-18,SITE005,Wheel Loader,2,6,25,Monsoon
2026-06-18,SITE005,Motor Grader,3,6,25,Monsoon
2026-06-18,SITE005,Backhoe Loader,2,6,25,Monsoon
2026-06-18,SITE005,Skid Steer Loader,0,6,25,Monsoon
2026-06-18,SITE005,Road Roller,0,6,25,Monsoon
2026-06-18,SITE005,Dump Truck,2,6,25,Monsoon
2026-06-18,SITE005,Forklift,1,6,25,Monsoon
2026-06-18,SITE006,Excavator,2,6,25,Monsoon
2026-06-18,SITE006,Bulldozer,2,6,25,Monsoon
2026-06-18,SITE006,Wheel Loader,2,6,25,Monsoon
2026-06-18,SITE006,Motor Grader,0,6,25,Monsoon
2026-06-18,SITE006,Backhoe Loader,0,6,25,Monsoon
2026-06-18,SITE006,Skid Steer Loader,2,6,25,Monsoon
2026-06-18,SITE006,Road Roller,2,6,25,Monsoon
2026-06-18,SITE006,Dump Truck,2,6,25,Monsoon
2026-06-18,SITE006,Forklift,3,6,25,Monsoon
2026-06-18,SITE007,Excavator,4,6,25,Monsoon
2026-06-18,SITE007,Bulldozer,2,6,25,Monsoon
2026-06-18,SITE007,Wheel Loader,1,6,25,Monsoon
2026-06-18,SITE007,Motor Grader,3,6,25,Monsoon
2026-06-18,SITE007,Backhoe Loader,1,6,25,Monsoon
2026-06-18,SITE007,Skid Steer Loader,4,6,25,Monsoon
2026-06-18,SITE007,Road Roller,2,6,25,Monsoon
2026-06-18,SITE007,Dump Truck,2,6,25,Monsoon
2026-06-18,SITE007,Forklift,3,6,25,Monsoon
2026-06-18,SITE008,Excavator,1,6,25,Monsoon
2026-06-18,SITE008,Bulldozer,3,6,25,Monsoon
2026-06-18,SITE008,Wheel Loader,0,6,25,Monsoon
2026-06-18,SITE008,Motor Grader,2,6,25,Monsoon
2026-06-18,SITE008,Backhoe Loader,0,6,25,Monsoon
2026-06-18,SITE008,Skid Steer Loader,0,6,25,Monsoon
2026-06-18,SITE008,Road Roller,1,6,25,Monsoon
2026-06-18,SITE008,Dump Truck,1,6,25,Monsoon
2026-06-18,SITE008,Forklift,1,6,25,Monsoon
2026-06-18,SITE009,Excavator,2,6,25,Monsoon
2026-06-18,SITE009,Bulldozer,1,6,25,Monsoon
2026-06-18,SITE009,Wheel Loader,2,6,25,Monsoon
2026-06-18,SITE009,Motor Grader,1,6,25,Monsoon
2026-06-18,SITE009,Backhoe Loader,1,6,25,Monsoon
2026-06-18,SITE009,Skid Steer Loader,2,6,25,Monsoon
2026-06-18,SITE009,Road Roller,1,6,25,Monsoon
2026-06-18,SITE009,Dump Truck,1,6,25,Monsoon
2026-06-18,SITE009,Forklift,3,6,25,Monsoon
2026-06-18,SITE010,Excavator,5,6,25,Monsoon
2026-06-18,SITE010,Bulldozer,1,6,25,Monsoon
2026-06-18,SITE010,Wheel Loader,2,6,25,Monsoon
2026-06-18,SITE010,Motor Grader,0,6,25,Monsoon
2026-06-18,SITE010,Backhoe Loader,1,6,25,Monsoon
2026-06-18,SITE010,Skid Steer Loader,2,6,25,Monsoon
2026-06-18,SITE010,Road Roller,1,6,25,Monsoon
2026-06-18,SITE010,Dump Truck,0,6,25,Monsoon
2026-06-18,SITE010,Forklift,2,6,25,Monsoon
2026-06-18,SITE011,Excavator,5,6,25,Monsoon
2026-06-18,SITE011,Bulldozer,2,6,25,Monsoon
2026-06-18,SITE011,Wheel Loader,1,6,25,Monsoon
2026-06-18,SITE011,Motor Grader,2,6,25,Monsoon
2026-06-18,SITE011,Backhoe Loader,2,6,25,Monsoon
2026-06-18,SITE011,Skid Steer Loader,2,6,25,Monsoon
2026-06-18,SITE011,Road Roller,2,6,25,Monsoon
2026-06-18,SITE011,Dump Truck,3,6,25,Monsoon
2026-06-18,SITE011,Forklift,3,6,25,Monsoon
2026-06-18,SITE012,Excavator,2,6,25,Monsoon
2026-06-18,SITE012,Bulldozer,3,6,25,Monsoon
2026-06-18,SITE012,Wheel Loader,3,6,25,Monsoon
2026-06-18,SITE012,Motor Grader,0,6,25,Monsoon
2026-06-18,SITE012,Backhoe Loader,2,6,25,Monsoon
2026-06-18,SITE012,Skid Steer Loader,2,6,25,Monsoon
2026-06-18,SITE012,Road Roller,3,6,25,Monsoon
2026-06-18,SITE012,Dump Truck,2,6,25,Monsoon
2026-06-18,SITE012,Forklift,2,6,25,Monsoon
2026-06-18,SITE013,Excavator,5,6,25,Monsoon
2026-06-18,SITE013,Bulldozer,3,6,25,Monsoon
2026-06-18,SITE013,Wheel Loader,0,6,25,Monsoon
2026-06-18,SITE013,Motor Grader,3,6,25,Monsoon
2026-06-18,SITE013,Backhoe Loader,1,6,25,Monsoon
2026-06-18,SITE013,Skid Steer Loader,4,6,25,Monsoon
2026-06-18,SITE013,Road Roller,2,6,25,Monsoon
2026-06-18,SITE013,Dump Truck,3,6,25,Monsoon
2026-06-18,SITE013,Forklift,2,6,25,Monsoon
2026-06-18,SITE014,Excavator,2,6,25,Monsoon
2026-06-18,SITE014,Bulldozer,4,6,25,Monsoon
2026-06-18,SITE014,Wheel Loader,0,6,25,Monsoon
2026-06-18,SITE014,Motor Grader,3,6,25,Monsoon
2026-06-18,SITE014,Backhoe Loader,1,6,25,Monsoon
2026-06-18,SITE014,Skid Steer Loader,1,6,25,Monsoon
2026-06-18,SITE014,Road Roller,1,6,25,Monsoon
2026-06-18,SITE014,Dump Truck,6,6,25,Monsoon
2026-06-18,SITE014,Forklift,3,6,25,Monsoon
2026-06-18,SITE015,Excavator,3,6,25,Monsoon
2026-06-18,SITE015,Bulldozer,1,6,25,Monsoon
2026-06-18,SITE015,Wheel Loader,2,6,25,Monsoon
2026-06-18,SITE015,Motor Grader,0,6,25,Monsoon
2026-06-18,SITE015,Backhoe Loader,2,6,25,Monsoon
2026-06-18,SITE015,Skid Steer Loader,0,6,25,Monsoon
2026-06-18,SITE015,Road Roller,2,6,25,Monsoon
2026-06-18,SITE015,Dump Truck,1,6,25,Monsoon
2026-06-18,SITE015,Forklift,2,6,25,Monsoon
2026-06-18,SITE016,Excavator,3,6,25,Monsoon
2026-06-18,SITE016,Bulldozer,3,6,25,Monsoon
2026-06-18,SITE016,Wheel Loader,1,6,25,Monsoon
2026-06-18,SITE016,Motor Grader,3,6,25,Monsoon
2026-06-18,SITE016,Backhoe Loader,2,6,25,Monsoon
2026-06-18,SITE016,Skid Steer Loader,3,6,25,Monsoon
2026-06-18,SITE016,Road Roller,1,6,25,Monsoon
2026-06-18,SITE016,Dump Truck,1,6,25,Monsoon
2026-06-18,SITE016,Forklift,3,6,25,Monsoon
2026-06-18,SITE017,Excavator,8,6,25,Monsoon
2026-06-18,SITE017,Bulldozer,4,6,25,Monsoon
2026-06-18,SITE017,Wheel Loader,1,6,25,Monsoon
2026-06-18,SITE017,Motor Grader,1,6,25,Monsoon
2026-06-18,SITE017,Backhoe Loader,1,6,25,Monsoon
2026-06-18,SITE017,Skid Steer Loader,0,6,25,Monsoon
2026-06-18,SITE017,Road Roller,2,6,25,Monsoon
2026-06-18,SITE017,Dump Truck,1,6,25,Monsoon
2026-06-18,SITE017,Forklift,0,6,25,Monsoon
2026-06-18,SITE018,Excavator,5,6,25,Monsoon
2026-06-18,SITE018,Bulldozer,4,6,25,Monsoon
2026-06-18,SITE018,Wheel Loader,1,6,25,Monsoon
2026-06-18,SITE018,Motor Grader,2,6,25,Monsoon
2026-06-18,SITE018,Backhoe Loader,0,6,25,Monsoon
2026-06-18,SITE018,Skid Steer Loader,2,6,25,Monsoon
2026-06-18,SITE018,Road Roller,2,6,25,Monsoon
2026-06-18,SITE018,Dump Truck,2,6,25,Monsoon
2026-06-18,SITE018,Forklift,3,6,25,Monsoon
2026-06-18,SITE019,Excavator,4,6,25,Monsoon
2026-06-18,SITE019,Bulldozer,0,6,25,Monsoon
2026-06-18,SITE019,Wheel Loader,2,6,25,Monsoon
2026-06-18,SITE019,Motor Grader,2,6,25,Monsoon
2026-06-18,SITE019,Backhoe Loader,1,6,25,Monsoon
2026-06-18,SITE019,Skid Steer Loader,0,6,25,Monsoon
2026-06-18,SITE019,Road Roller,4,6,25,Monsoon
2026-06-18,SITE019,Dump Truck,1,6,25,Monsoon
2026-06-18,SITE019,Forklift,1,6,25,Monsoon
2026-06-18,SITE020,Excavator,5,6,25,Monsoon
2026-06-18,SITE020,Bulldozer,0,6,25,Monsoon
2026-06-18,SITE020,Wheel Loader,1,6,25,Monsoon
2026-06-18,SITE020,Motor Grader,0,6,25,Monsoon
2026-06-18,SITE020,Backhoe Loader,2,6,25,Monsoon
2026-06-18,SITE020,Skid Steer Loader,3,6,25,Monsoon
2026-06-18,SITE020,Road Roller,3,6,25,Monsoon
2026-06-18,SITE020,Dump Truck,2,6,25,Monsoon
2026-06-18,SITE020,Forklift,2,6,25,Monsoon
2026-06-19,SITE001,Excavator,7,6,25,Monsoon
2026-06-19,SITE001,Bulldozer,1,6,25,Monsoon
2026-06-19,SITE001,Wheel Loader,2,6,25,Monsoon
2026-06-19,SITE001,Motor Grader,1,6,25,Monsoon
2026-06-19,SITE001,Backhoe Loader,0,6,25,Monsoon
2026-06-19,SITE001,Skid Steer Loader,2,6,25,Monsoon
2026-06-19,SITE001,Road Roller,4,6,25,Monsoon
2026-06-19,SITE001,Dump Truck,0,6,25,Monsoon
2026-06-19,SITE001,Forklift,3,6,25,Monsoon
2026-06-19,SITE002,Excavator,5,6,25,Monsoon
2026-06-19,SITE002,Bulldozer,0,6,25,Monsoon
2026-06-19,SITE002,Wheel Loader,3,6,25,Monsoon
2026-06-19,SITE002,Motor Grader,3,6,25,Monsoon
2026-06-19,SITE002,Backhoe Loader,3,6,25,Monsoon
2026-06-19,SITE002,Skid Steer Loader,2,6,25,Monsoon
2026-06-19,SITE002,Road Roller,0,6,25,Monsoon
2026-06-19,SITE002,Dump Truck,4,6,25,Monsoon
2026-06-19,SITE002,Forklift,0,6,25,Monsoon
2026-06-19,SITE003,Excavator,6,6,25,Monsoon
2026-06-19,SITE003,Bulldozer,2,6,25,Monsoon
2026-06-19,SITE003,Wheel Loader,2,6,25,Monsoon
2026-06-19,SITE003,Motor Grader,1,6,25,Monsoon
2026-06-19,SITE003,Backhoe Loader,3,6,25,Monsoon
2026-06-19,SITE003,Skid Steer Loader,3,6,25,Monsoon
2026-06-19,SITE003,Road Roller,3,6,25,Monsoon
2026-06-19,SITE003,Dump Truck,2,6,25,Monsoon
2026-06-19,SITE003,Forklift,0,6,25,Monsoon
2026-06-19,SITE004,Excavator,5,6,25,Monsoon
2026-06-19,SITE004,Bulldozer,4,6,25,Monsoon
2026-06-19,SITE004,Wheel Loader,4,6,25,Monsoon
2026-06-19,SITE004,Motor Grader,4,6,25,Monsoon
2026-06-19,SITE004,Backhoe Loader,3,6,25,Monsoon
2026-06-19,SITE004,Skid Steer Loader,2,6,25,Monsoon
2026-06-19,SITE004,Road Roller,3,6,25,Monsoon
2026-06-19,SITE004,Dump Truck,2,6,25,Monsoon
2026-06-19,SITE004,Forklift,1,6,25,Monsoon
2026-06-19,SITE005,Excavator,5,6,25,Monsoon
2026-06-19,SITE005,Bulldozer,0,6,25,Monsoon
2026-06-19,SITE005,Wheel Loader,2,6,25,Monsoon
2026-06-19,SITE005,Motor Grader,2,6,25,Monsoon
2026-06-19,SITE005,Backhoe Loader,1,6,25,Monsoon
2026-06-19,SITE005,Skid Steer Loader,3,6,25,Monsoon
2026-06-19,SITE005,Road Roller,1,6,25,Monsoon
2026-06-19,SITE005,Dump Truck,0,6,25,Monsoon
2026-06-19,SITE005,Forklift,2,6,25,Monsoon
2026-06-19,SITE006,Excavator,5,6,25,Monsoon
2026-06-19,SITE006,Bulldozer,1,6,25,Monsoon
2026-06-19,SITE006,Wheel Loader,1,6,25,Monsoon
2026-06-19,SITE006,Motor Grader,2,6,25,Monsoon
2026-06-19,SITE006,Backhoe Loader,3,6,25,Monsoon
2026-06-19,SITE006,Skid Steer Loader,2,6,25,Monsoon
2026-06-19,SITE006,Road Roller,2,6,25,Monsoon
2026-06-19,SITE006,Dump Truck,0,6,25,Monsoon
2026-06-19,SITE006,Forklift,0,6,25,Monsoon
2026-06-19,SITE007,Excavator,5,6,25,Monsoon
2026-06-19,SITE007,Bulldozer,1,6,25,Monsoon
2026-06-19,SITE007,Wheel Loader,2,6,25,Monsoon
2026-06-19,SITE007,Motor Grader,1,6,25,Monsoon
2026-06-19,SITE007,Backhoe Loader,1,6,25,Monsoon
2026-06-19,SITE007,Skid Steer Loader,2,6,25,Monsoon
2026-06-19,SITE007,Road Roller,2,6,25,Monsoon
2026-06-19,SITE007,Dump Truck,2,6,25,Monsoon
2026-06-19,SITE007,Forklift,0,6,25,Monsoon
2026-06-19,SITE008,Excavator,3,6,25,Monsoon
2026-06-19,SITE008,Bulldozer,3,6,25,Monsoon
2026-06-19,SITE008,Wheel Loader,1,6,25,Monsoon
2026-06-19,SITE008,Motor Grader,1,6,25,Monsoon
2026-06-19,SITE008,Backhoe Loader,3,6,25,Monsoon
2026-06-19,SITE008,Skid Steer Loader,3,6,25,Monsoon
2026-06-19,SITE008,Road Roller,1,6,25,Monsoon
2026-06-19,SITE008,Dump Truck,1,6,25,Monsoon
2026-06-19,SITE008,Forklift,1,6,25,Monsoon
2026-06-19,SITE009,Excavator,2,6,25,Monsoon
2026-06-19,SITE009,Bulldozer,2,6,25,Monsoon
2026-06-19,SITE009,Wheel Loader,6,6,25,Monsoon
2026-06-19,SITE009,Motor Grader,1,6,25,Monsoon
2026-06-19,SITE009,Backhoe Loader,4,6,25,Monsoon
2026-06-19,SITE009,Skid Steer Loader,3,6,25,Monsoon
2026-06-19,SITE009,Road Roller,2,6,25,Monsoon
2026-06-19,SITE009,Dump Truck,2,6,25,Monsoon
2026-06-19,SITE009,Forklift,4,6,25,Monsoon
2026-06-19,SITE010,Excavator,5,6,25,Monsoon
2026-06-19,SITE010,Bulldozer,4,6,25,Monsoon
2026-06-19,SITE010,Wheel Loader,2,6,25,Monsoon
2026-06-19,SITE010,Motor Grader,2,6,25,Monsoon
2026-06-19,SITE010,Backhoe Loader,2,6,25,Monsoon
2026-06-19,SITE010,Skid Steer Loader,1,6,25,Monsoon
2026-06-19,SITE010,Road Roller,2,6,25,Monsoon
2026-06-19,SITE010,Dump Truck,1,6,25,Monsoon
2026-06-19,SITE010,Forklift,1,6,25,Monsoon
2026-06-19,SITE011,Excavator,3,6,25,Monsoon
2026-06-19,SITE011,Bulldozer,2,6,25,Monsoon
2026-06-19,SITE011,Wheel Loader,4,6,25,Monsoon
2026-06-19,SITE011,Motor Grader,2,6,25,Monsoon
2026-06-19,SITE011,Backhoe Loader,1,6,25,Monsoon
2026-06-19,SITE011,Skid Steer Loader,1,6,25,Monsoon
2026-06-19,SITE011,Road Roller,3,6,25,Monsoon
2026-06-19,SITE011,Dump Truck,1,6,25,Monsoon
2026-06-19,SITE011,Forklift,0,6,25,Monsoon
2026-06-19,SITE012,Excavator,4,6,25,Monsoon
2026-06-19,SITE012,Bulldozer,6,6,25,Monsoon
2026-06-19,SITE012,Wheel Loader,4,6,25,Monsoon
2026-06-19,SITE012,Motor Grader,3,6,25,Monsoon
2026-06-19,SITE012,Backhoe Loader,2,6,25,Monsoon
2026-06-19,SITE012,Skid Steer Loader,3,6,25,Monsoon
2026-06-19,SITE012,Road Roller,3,6,25,Monsoon
2026-06-19,SITE012,Dump Truck,2,6,25,Monsoon
2026-06-19,SITE012,Forklift,1,6,25,Monsoon
2026-06-19,SITE013,Excavator,1,6,25,Monsoon
2026-06-19,SITE013,Bulldozer,2,6,25,Monsoon
2026-06-19,SITE013,Wheel Loader,5,6,25,Monsoon
2026-06-19,SITE013,Motor Grader,1,6,25,Monsoon
2026-06-19,SITE013,Backhoe Loader,2,6,25,Monsoon
2026-06-19,SITE013,Skid Steer Loader,1,6,25,Monsoon
2026-06-19,SITE013,Road Roller,1,6,25,Monsoon
2026-06-19,SITE013,Dump Truck,3,6,25,Monsoon
2026-06-19,SITE013,Forklift,4,6,25,Monsoon
2026-06-19,SITE014,Excavator,2,6,25,Monsoon
2026-06-19,SITE014,Bulldozer,2,6,25,Monsoon
2026-06-19,SITE014,Wheel Loader,3,6,25,Monsoon
2026-06-19,SITE014,Motor Grader,1,6,25,Monsoon
2026-06-19,SITE014,Backhoe Loader,0,6,25,Monsoon
2026-06-19,SITE014,Skid Steer Loader,2,6,25,Monsoon
2026-06-19,SITE014,Road Roller,3,6,25,Monsoon
2026-06-19,SITE014,Dump Truck,0,6,25,Monsoon
2026-06-19,SITE014,Forklift,4,6,25,Monsoon
2026-06-19,SITE015,Excavator,3,6,25,Monsoon
2026-06-19,SITE015,Bulldozer,1,6,25,Monsoon
2026-06-19,SITE015,Wheel Loader,4,6,25,Monsoon
2026-06-19,SITE015,Motor Grader,3,6,25,Monsoon
2026-06-19,SITE015,Backhoe Loader,2,6,25,Monsoon
2026-06-19,SITE015,Skid Steer Loader,2,6,25,Monsoon
2026-06-19,SITE015,Road Roller,0,6,25,Monsoon
2026-06-19,SITE015,Dump Truck,0,6,25,Monsoon
2026-06-19,SITE015,Forklift,4,6,25,Monsoon
2026-06-19,SITE016,Excavator,1,6,25,Monsoon
2026-06-19,SITE016,Bulldozer,4,6,25,Monsoon
2026-06-19,SITE016,Wheel Loader,2,6,25,Monsoon
2026-06-19,SITE016,Motor Grader,0,6,25,Monsoon
2026-06-19,SITE016,Backhoe Loader,0,6,25,Monsoon
2026-06-19,SITE016,Skid Steer Loader,2,6,25,Monsoon
2026-06-19,SITE016,Road Roller,1,6,25,Monsoon
2026-06-19,SITE016,Dump Truck,2,6,25,Monsoon
2026-06-19,SITE016,Forklift,1,6,25,Monsoon
2026-06-19,SITE017,Excavator,5,6,25,Monsoon
2026-06-19,SITE017,Bulldozer,2,6,25,Monsoon
2026-06-19,SITE017,Wheel Loader,2,6,25,Monsoon
2026-06-19,SITE017,Motor Grader,2,6,25,Monsoon
2026-06-19,SITE017,Backhoe Loader,1,6,25,Monsoon
2026-06-19,SITE017,Skid Steer Loader,1,6,25,Monsoon
2026-06-19,SITE017,Road Roller,3,6,25,Monsoon
2026-06-19,SITE017,Dump Truck,2,6,25,Monsoon
2026-06-19,SITE017,Forklift,2,6,25,Monsoon
2026-06-19,SITE018,Excavator,5,6,25,Monsoon
2026-06-19,SITE018,Bulldozer,3,6,25,Monsoon
2026-06-19,SITE018,Wheel Loader,1,6,25,Monsoon
2026-06-19,SITE018,Motor Grader,1,6,25,Monsoon
2026-06-19,SITE018,Backhoe Loader,2,6,25,Monsoon
2026-06-19,SITE018,Skid Steer Loader,1,6,25,Monsoon
2026-06-19,SITE018,Road Roller,3,6,25,Monsoon
2026-06-19,SITE018,Dump Truck,1,6,25,Monsoon
2026-06-19,SITE018,Forklift,2,6,25,Monsoon
2026-06-19,SITE019,Excavator,2,6,25,Monsoon
2026-06-19,SITE019,Bulldozer,2,6,25,Monsoon
2026-06-19,SITE019,Wheel Loader,5,6,25,Monsoon
2026-06-19,SITE019,Motor Grader,0,6,25,Monsoon
2026-06-19,SITE019,Backhoe Loader,2,6,25,Monsoon
2026-06-19,SITE019,Skid Steer Loader,3,6,25,Monsoon
2026-06-19,SITE019,Road Roller,3,6,25,Monsoon
2026-06-19,SITE019,Dump Truck,2,6,25,Monsoon
2026-06-19,SITE019,Forklift,2,6,25,Monsoon
2026-06-19,SITE020,Excavator,4,6,25,Monsoon
2026-06-19,SITE020,Bulldozer,2,6,25,Monsoon
2026-06-19,SITE020,Wheel Loader,5,6,25,Monsoon
2026-06-19,SITE020,Motor Grader,3,6,25,Monsoon
2026-06-19,SITE020,Backhoe Loader,0,6,25,Monsoon
2026-06-19,SITE020,Skid Steer Loader,2,6,25,Monsoon
2026-06-19,SITE020,Road Roller,1,6,25,Monsoon
2026-06-19,SITE020,Dump Truck,0,6,25,Monsoon
2026-06-19,SITE020,Forklift,2,6,25,Monsoon
2026-06-20,SITE001,Excavator,2,6,25,Monsoon
2026-06-20,SITE001,Bulldozer,2,6,25,Monsoon
2026-06-20,SITE001,Wheel Loader,2,6,25,Monsoon
2026-06-20,SITE001,Motor Grader,1,6,25,Monsoon
2026-06-20,SITE001,Backhoe Loader,7,6,25,Monsoon
2026-06-20,SITE001,Skid Steer Loader,4,6,25,Monsoon
2026-06-20,SITE001,Road Roller,3,6,25,Monsoon
2026-06-20,SITE001,Dump Truck,4,6,25,Monsoon
2026-06-20,SITE001,Forklift,2,6,25,Monsoon
2026-06-20,SITE002,Excavator,3,6,25,Monsoon
2026-06-20,SITE002,Bulldozer,5,6,25,Monsoon
2026-06-20,SITE002,Wheel Loader,1,6,25,Monsoon
2026-06-20,SITE002,Motor Grader,3,6,25,Monsoon
2026-06-20,SITE002,Backhoe Loader,3,6,25,Monsoon
2026-06-20,SITE002,Skid Steer Loader,1,6,25,Monsoon
2026-06-20,SITE002,Road Roller,0,6,25,Monsoon
2026-06-20,SITE002,Dump Truck,1,6,25,Monsoon
2026-06-20,SITE002,Forklift,0,6,25,Monsoon
2026-06-20,SITE003,Excavator,3,6,25,Monsoon
2026-06-20,SITE003,Bulldozer,0,6,25,Monsoon
2026-06-20,SITE003,Wheel Loader,3,6,25,Monsoon
2026-06-20,SITE003,Motor Grader,2,6,25,Monsoon
2026-06-20,SITE003,Backhoe Loader,2,6,25,Monsoon
2026-06-20,SITE003,Skid Steer Loader,2,6,25,Monsoon
2026-06-20,SITE003,Road Roller,3,6,25,Monsoon
2026-06-20,SITE003,Dump Truck,1,6,25,Monsoon
2026-06-20,SITE003,Forklift,2,6,25,Monsoon
2026-06-20,SITE004,Excavator,0,6,25,Monsoon
2026-06-20,SITE004,Bulldozer,0,6,25,Monsoon
2026-06-20,SITE004,Wheel Loader,5,6,25,Monsoon
2026-06-20,SITE004,Motor Grader,2,6,25,Monsoon
2026-06-20,SITE004,Backhoe Loader,1,6,25,Monsoon
2026-06-20,SITE004,Skid Steer Loader,1,6,25,Monsoon
2026-06-20,SITE004,Road Roller,0,6,25,Monsoon
2026-06-20,SITE004,Dump Truck,2,6,25,Monsoon
2026-06-20,SITE004,Forklift,1,6,25,Monsoon
2026-06-20,SITE005,Excavator,2,6,25,Monsoon
2026-06-20,SITE005,Bulldozer,3,6,25,Monsoon
2026-06-20,SITE005,Wheel Loader,2,6,25,Monsoon
2026-06-20,SITE005,Motor Grader,1,6,25,Monsoon
2026-06-20,SITE005,Backhoe Loader,1,6,25,Monsoon
2026-06-20,SITE005,Skid Steer Loader,1,6,25,Monsoon
2026-06-20,SITE005,Road Roller,3,6,25,Monsoon
2026-06-20,SITE005,Dump Truck,3,6,25,Monsoon
2026-06-20,SITE005,Forklift,0,6,25,Monsoon
2026-06-20,SITE006,Excavator,3,6,25,Monsoon
2026-06-20,SITE006,Bulldozer,2,6,25,Monsoon
2026-06-20,SITE006,Wheel Loader,0,6,25,Monsoon
2026-06-20,SITE006,Motor Grader,1,6,25,Monsoon
2026-06-20,SITE006,Backhoe Loader,0,6,25,Monsoon
2026-06-20,SITE006,Skid Steer Loader,0,6,25,Monsoon
2026-06-20,SITE006,Road Roller,2,6,25,Monsoon
2026-06-20,SITE006,Dump Truck,3,6,25,Monsoon
2026-06-20,SITE006,Forklift,1,6,25,Monsoon
2026-06-20,SITE007,Excavator,5,6,25,Monsoon
2026-06-20,SITE007,Bulldozer,2,6,25,Monsoon
2026-06-20,SITE007,Wheel Loader,1,6,25,Monsoon
2026-06-20,SITE007,Motor Grader,3,6,25,Monsoon
2026-06-20,SITE007,Backhoe Loader,0,6,25,Monsoon
2026-06-20,SITE007,Skid Steer Loader,3,6,25,Monsoon
2026-06-20,SITE007,Road Roller,2,6,25,Monsoon
2026-06-20,SITE007,Dump Truck,1,6,25,Monsoon
2026-06-20,SITE007,Forklift,1,6,25,Monsoon
2026-06-20,SITE008,Excavator,4,6,25,Monsoon
2026-06-20,SITE008,Bulldozer,2,6,25,Monsoon
2026-06-20,SITE008,Wheel Loader,3,6,25,Monsoon
2026-06-20,SITE008,Motor Grader,1,6,25,Monsoon
2026-06-20,SITE008,Backhoe Loader,2,6,25,Monsoon
2026-06-20,SITE008,Skid Steer Loader,3,6,25,Monsoon
2026-06-20,SITE008,Road Roller,3,6,25,Monsoon
2026-06-20,SITE008,Dump Truck,4,6,25,Monsoon
2026-06-20,SITE008,Forklift,1,6,25,Monsoon
2026-06-20,SITE009,Excavator,3,6,25,Monsoon
2026-06-20,SITE009,Bulldozer,4,6,25,Monsoon
2026-06-20,SITE009,Wheel Loader,0,6,25,Monsoon
2026-06-20,SITE009,Motor Grader,0,6,25,Monsoon
2026-06-20,SITE009,Backhoe Loader,0,6,25,Monsoon
2026-06-20,SITE009,Skid Steer Loader,0,6,25,Monsoon
2026-06-20,SITE009,Road Roller,4,6,25,Monsoon
2026-06-20,SITE009,Dump Truck,1,6,25,Monsoon
2026-06-20,SITE009,Forklift,2,6,25,Monsoon
2026-06-20,SITE010,Excavator,3,6,25,Monsoon
2026-06-20,SITE010,Bulldozer,1,6,25,Monsoon
2026-06-20,SITE010,Wheel Loader,1,6,25,Monsoon
2026-06-20,SITE010,Motor Grader,0,6,25,Monsoon
2026-06-20,SITE010,Backhoe Loader,0,6,25,Monsoon
2026-06-20,SITE010,Skid Steer Loader,1,6,25,Monsoon
2026-06-20,SITE010,Road Roller,3,6,25,Monsoon
2026-06-20,SITE010,Dump Truck,0,6,25,Monsoon
2026-06-20,SITE010,Forklift,1,6,25,Monsoon
2026-06-20,SITE011,Excavator,3,6,25,Monsoon
2026-06-20,SITE011,Bulldozer,5,6,25,Monsoon
2026-06-20,SITE011,Wheel Loader,2,6,25,Monsoon
2026-06-20,SITE011,Motor Grader,2,6,25,Monsoon
2026-06-20,SITE011,Backhoe Loader,2,6,25,Monsoon
2026-06-20,SITE011,Skid Steer Loader,2,6,25,Monsoon
2026-06-20,SITE011,Road Roller,2,6,25,Monsoon
2026-06-20,SITE011,Dump Truck,4,6,25,Monsoon
2026-06-20,SITE011,Forklift,2,6,25,Monsoon
2026-06-20,SITE012,Excavator,1,6,25,Monsoon
2026-06-20,SITE012,Bulldozer,1,6,25,Monsoon
2026-06-20,SITE012,Wheel Loader,3,6,25,Monsoon
2026-06-20,SITE012,Motor Grader,1,6,25,Monsoon
2026-06-20,SITE012,Backhoe Loader,3,6,25,Monsoon
2026-06-20,SITE012,Skid Steer Loader,3,6,25,Monsoon
2026-06-20,SITE012,Road Roller,1,6,25,Monsoon
2026-06-20,SITE012,Dump Truck,0,6,25,Monsoon
2026-06-20,SITE012,Forklift,2,6,25,Monsoon
2026-06-20,SITE013,Excavator,4,6,25,Monsoon
2026-06-20,SITE013,Bulldozer,2,6,25,Monsoon
2026-06-20,SITE013,Wheel Loader,2,6,25,Monsoon
2026-06-20,SITE013,Motor Grader,4,6,25,Monsoon
2026-06-20,SITE013,Backhoe Loader,0,6,25,Monsoon
2026-06-20,SITE013,Skid Steer Loader,2,6,25,Monsoon
2026-06-20,SITE013,Road Roller,2,6,25,Monsoon
2026-06-20,SITE013,Dump Truck,2,6,25,Monsoon
2026-06-20,SITE013,Forklift,2,6,25,Monsoon
2026-06-20,SITE014,Excavator,2,6,25,Monsoon
2026-06-20,SITE014,Bulldozer,1,6,25,Monsoon
2026-06-20,SITE014,Wheel Loader,2,6,25,Monsoon
2026-06-20,SITE014,Motor Grader,0,6,25,Monsoon
2026-06-20,SITE014,Backhoe Loader,1,6,25,Monsoon
2026-06-20,SITE014,Skid Steer Loader,3,6,25,Monsoon
2026-06-20,SITE014,Road Roller,2,6,25,Monsoon
2026-06-20,SITE014,Dump Truck,1,6,25,Monsoon
2026-06-20,SITE014,Forklift,2,6,25,Monsoon
2026-06-20,SITE015,Excavator,4,6,25,Monsoon
2026-06-20,SITE015,Bulldozer,3,6,25,Monsoon
2026-06-20,SITE015,Wheel Loader,1,6,25,Monsoon
2026-06-20,SITE015,Motor Grader,1,6,25,Monsoon
2026-06-20,SITE015,Backhoe Loader,1,6,25,Monsoon
2026-06-20,SITE015,Skid Steer Loader,1,6,25,Monsoon
2026-06-20,SITE015,Road Roller,3,6,25,Monsoon
2026-06-20,SITE015,Dump Truck,5,6,25,Monsoon
2026-06-20,SITE015,Forklift,5,6,25,Monsoon
2026-06-20,SITE016,Excavator,7,6,25,Monsoon
2026-06-20,SITE016,Bulldozer,5,6,25,Monsoon
2026-06-20,SITE016,Wheel Loader,2,6,25,Monsoon
2026-06-20,SITE016,Motor Grader,3,6,25,Monsoon
2026-06-20,SITE016,Backhoe Loader,2,6,25,Monsoon
2026-06-20,SITE016,Skid Steer Loader,2,6,25,Monsoon
2026-06-20,SITE016,Road Roller,1,6,25,Monsoon
2026-06-20,SITE016,Dump Truck,1,6,25,Monsoon
2026-06-20,SITE016,Forklift,2,6,25,Monsoon
2026-06-20,SITE017,Excavator,7,6,25,Monsoon
2026-06-20,SITE017,Bulldozer,4,6,25,Monsoon
2026-06-20,SITE017,Wheel Loader,0,6,25,Monsoon
2026-06-20,SITE017,Motor Grader,1,6,25,Monsoon
2026-06-20,SITE017,Backhoe Loader,0,6,25,Monsoon
2026-06-20,SITE017,Skid Steer Loader,0,6,25,Monsoon
2026-06-20,SITE017,Road Roller,3,6,25,Monsoon
2026-06-20,SITE017,Dump Truck,4,6,25,Monsoon
2026-06-20,SITE017,Forklift,3,6,25,Monsoon
2026-06-20,SITE018,Excavator,1,6,25,Monsoon
2026-06-20,SITE018,Bulldozer,2,6,25,Monsoon
2026-06-20,SITE018,Wheel Loader,2,6,25,Monsoon
2026-06-20,SITE018,Motor Grader,4,6,25,Monsoon
2026-06-20,SITE018,Backhoe Loader,0,6,25,Monsoon
2026-06-20,SITE018,Skid Steer Loader,1,6,25,Monsoon
2026-06-20,SITE018,Road Roller,1,6,25,Monsoon
2026-06-20,SITE018,Dump Truck,1,6,25,Monsoon
2026-06-20,SITE018,Forklift,0,6,25,Monsoon
2026-06-20,SITE019,Excavator,8,6,25,Monsoon
2026-06-20,SITE019,Bulldozer,2,6,25,Monsoon
2026-06-20,SITE019,Wheel Loader,2,6,25,Monsoon
2026-06-20,SITE019,Motor Grader,3,6,25,Monsoon
2026-06-20,SITE019,Backhoe Loader,2,6,25,Monsoon
2026-06-20,SITE019,Skid Steer Loader,2,6,25,Monsoon
2026-06-20,SITE019,Road Roller,5,6,25,Monsoon
2026-06-20,SITE019,Dump Truck,2,6,25,Monsoon
2026-06-20,SITE019,Forklift,2,6,25,Monsoon
2026-06-20,SITE020,Excavator,5,6,25,Monsoon
2026-06-20,SITE020,Bulldozer,1,6,25,Monsoon
2026-06-20,SITE020,Wheel Loader,3,6,25,Monsoon
2026-06-20,SITE020,Motor Grader,0,6,25,Monsoon
2026-06-20,SITE020,Backhoe Loader,1,6,25,Monsoon
2026-06-20,SITE020,Skid Steer Loader,4,6,25,Monsoon
2026-06-20,SITE020,Road Roller,3,6,25,Monsoon
2026-06-20,SITE020,Dump Truck,2,6,25,Monsoon
2026-06-20,SITE020,Forklift,4,6,25,Monsoon
2026-06-21,SITE001,Excavator,3,6,25,Monsoon
2026-06-21,SITE001,Bulldozer,3,6,25,Monsoon
2026-06-21,SITE001,Wheel Loader,2,6,25,Monsoon
2026-06-21,SITE001,Motor Grader,1,6,25,Monsoon
2026-06-21,SITE001,Backhoe Loader,6,6,25,Monsoon
2026-06-21,SITE001,Skid Steer Loader,2,6,25,Monsoon
2026-06-21,SITE001,Road Roller,4,6,25,Monsoon
2026-06-21,SITE001,Dump Truck,3,6,25,Monsoon
2026-06-21,SITE001,Forklift,4,6,25,Monsoon
2026-06-21,SITE002,Excavator,6,6,25,Monsoon
2026-06-21,SITE002,Bulldozer,1,6,25,Monsoon
2026-06-21,SITE002,Wheel Loader,1,6,25,Monsoon
2026-06-21,SITE002,Motor Grader,0,6,25,Monsoon
2026-06-21,SITE002,Backhoe Loader,1,6,25,Monsoon
2026-06-21,SITE002,Skid Steer Loader,3,6,25,Monsoon
2026-06-21,SITE002,Road Roller,0,6,25,Monsoon
2026-06-21,SITE002,Dump Truck,3,6,25,Monsoon
2026-06-21,SITE002,Forklift,0,6,25,Monsoon
2026-06-21,SITE003,Excavator,4,6,25,Monsoon
2026-06-21,SITE003,Bulldozer,4,6,25,Monsoon
2026-06-21,SITE003,Wheel Loader,3,6,25,Monsoon
2026-06-21,SITE003,Motor Grader,3,6,25,Monsoon
2026-06-21,SITE003,Backhoe Loader,5,6,25,Monsoon
2026-06-21,SITE003,Skid Steer Loader,1,6,25,Monsoon
2026-06-21,SITE003,Road Roller,5,6,25,Monsoon
2026-06-21,SITE003,Dump Truck,3,6,25,Monsoon
2026-06-21,SITE003,Forklift,0,6,25,Monsoon
2026-06-21,SITE004,Excavator,2,6,25,Monsoon
2026-06-21,SITE004,Bulldozer,4,6,25,Monsoon
2026-06-21,SITE004,Wheel Loader,2,6,25,Monsoon
2026-06-21,SITE004,Motor Grader,0,6,25,Monsoon
2026-06-21,SITE004,Backhoe Loader,1,6,25,Monsoon
2026-06-21,SITE004,Skid Steer Loader,3,6,25,Monsoon
2026-06-21,SITE004,Road Roller,2,6,25,Monsoon
2026-06-21,SITE004,Dump Truck,5,6,25,Monsoon
2026-06-21,SITE004,Forklift,4,6,25,Monsoon
2026-06-21,SITE005,Excavator,4,6,25,Monsoon
2026-06-21,SITE005,Bulldozer,2,6,25,Monsoon
2026-06-21,SITE005,Wheel Loader,3,6,25,Monsoon
2026-06-21,SITE005,Motor Grader,1,6,25,Monsoon
2026-06-21,SITE005,Backhoe Loader,2,6,25,Monsoon
2026-06-21,SITE005,Skid Steer Loader,3,6,25,Monsoon
2026-06-21,SITE005,Road Roller,0,6,25,Monsoon
2026-06-21,SITE005,Dump Truck,2,6,25,Monsoon
2026-06-21,SITE005,Forklift,2,6,25,Monsoon
2026-06-21,SITE006,Excavator,4,6,25,Monsoon
2026-06-21,SITE006,Bulldozer,1,6,25,Monsoon
2026-06-21,SITE006,Wheel Loader,4,6,25,Monsoon
2026-06-21,SITE006,Motor Grader,1,6,25,Monsoon
2026-06-21,SITE006,Backhoe Loader,2,6,25,Monsoon
2026-06-21,SITE006,Skid Steer Loader,0,6,25,Monsoon
2026-06-21,SITE006,Road Roller,1,6,25,Monsoon
2026-06-21,SITE006,Dump Truck,1,6,25,Monsoon
2026-06-21,SITE006,Forklift,1,6,25,Monsoon
2026-06-21,SITE007,Excavator,2,6,25,Monsoon
2026-06-21,SITE007,Bulldozer,2,6,25,Monsoon
2026-06-21,SITE007,Wheel Loader,0,6,25,Monsoon
2026-06-21,SITE007,Motor Grader,1,6,25,Monsoon
2026-06-21,SITE007,Backhoe Loader,2,6,25,Monsoon
2026-06-21,SITE007,Skid Steer Loader,2,6,25,Monsoon
2026-06-21,SITE007,Road Roller,1,6,25,Monsoon
2026-06-21,SITE007,Dump Truck,4,6,25,Monsoon
2026-06-21,SITE007,Forklift,2,6,25,Monsoon
2026-06-21,SITE008,Excavator,5,6,25,Monsoon
2026-06-21,SITE008,Bulldozer,1,6,25,Monsoon
2026-06-21,SITE008,Wheel Loader,3,6,25,Monsoon
2026-06-21,SITE008,Motor Grader,2,6,25,Monsoon
2026-06-21,SITE008,Backhoe Loader,2,6,25,Monsoon
2026-06-21,SITE008,Skid Steer Loader,5,6,25,Monsoon
2026-06-21,SITE008,Road Roller,2,6,25,Monsoon
2026-06-21,SITE008,Dump Truck,1,6,25,Monsoon
2026-06-21,SITE008,Forklift,1,6,25,Monsoon
2026-06-21,SITE009,Excavator,4,6,25,Monsoon
2026-06-21,SITE009,Bulldozer,1,6,25,Monsoon
2026-06-21,SITE009,Wheel Loader,2,6,25,Monsoon
2026-06-21,SITE009,Motor Grader,4,6,25,Monsoon
2026-06-21,SITE009,Backhoe Loader,2,6,25,Monsoon
2026-06-21,SITE009,Skid Steer Loader,5,6,25,Monsoon
2026-06-21,SITE009,Road Roller,3,6,25,Monsoon
2026-06-21,SITE009,Dump Truck,4,6,25,Monsoon
2026-06-21,SITE009,Forklift,1,6,25,Monsoon
2026-06-21,SITE010,Excavator,1,6,25,Monsoon
2026-06-21,SITE010,Bulldozer,2,6,25,Monsoon
2026-06-21,SITE010,Wheel Loader,1,6,25,Monsoon
2026-06-21,SITE010,Motor Grader,3,6,25,Monsoon
2026-06-21,SITE010,Backhoe Loader,2,6,25,Monsoon
2026-06-21,SITE010,Skid Steer Loader,0,6,25,Monsoon
2026-06-21,SITE010,Road Roller,0,6,25,Monsoon
2026-06-21,SITE010,Dump Truck,0,6,25,Monsoon
2026-06-21,SITE010,Forklift,2,6,25,Monsoon
2026-06-21,SITE011,Excavator,3,6,25,Monsoon
2026-06-21,SITE011,Bulldozer,2,6,25,Monsoon
2026-06-21,SITE011,Wheel Loader,3,6,25,Monsoon
2026-06-21,SITE011,Motor Grader,2,6,25,Monsoon
2026-06-21,SITE011,Backhoe Loader,1,6,25,Monsoon
2026-06-21,SITE011,Skid Steer Loader,2,6,25,Monsoon
2026-06-21,SITE011,Road Roller,2,6,25,Monsoon
2026-06-21,SITE011,Dump Truck,1,6,25,Monsoon
2026-06-21,SITE011,Forklift,2,6,25,Monsoon
2026-06-21,SITE012,Excavator,4,6,25,Monsoon
2026-06-21,SITE012,Bulldozer,1,6,25,Monsoon
2026-06-21,SITE012,Wheel Loader,3,6,25,Monsoon
2026-06-21,SITE012,Motor Grader,4,6,25,Monsoon
2026-06-21,SITE012,Backhoe Loader,1,6,25,Monsoon
2026-06-21,SITE012,Skid Steer Loader,5,6,25,Monsoon
2026-06-21,SITE012,Road Roller,0,6,25,Monsoon
2026-06-21,SITE012,Dump Truck,3,6,25,Monsoon
2026-06-21,SITE012,Forklift,3,6,25,Monsoon
2026-06-21,SITE013,Excavator,3,6,25,Monsoon
2026-06-21,SITE013,Bulldozer,1,6,25,Monsoon
2026-06-21,SITE013,Wheel Loader,5,6,25,Monsoon
2026-06-21,SITE013,Motor Grader,0,6,25,Monsoon
2026-06-21,SITE013,Backhoe Loader,0,6,25,Monsoon
2026-06-21,SITE013,Skid Steer Loader,1,6,25,Monsoon
2026-06-21,SITE013,Road Roller,2,6,25,Monsoon
2026-06-21,SITE013,Dump Truck,1,6,25,Monsoon
2026-06-21,SITE013,Forklift,5,6,25,Monsoon
2026-06-21,SITE014,Excavator,3,6,25,Monsoon
2026-06-21,SITE014,Bulldozer,0,6,25,Monsoon
2026-06-21,SITE014,Wheel Loader,3,6,25,Monsoon
2026-06-21,SITE014,Motor Grader,1,6,25,Monsoon
2026-06-21,SITE014,Backhoe Loader,1,6,25,Monsoon
2026-06-21,SITE014,Skid Steer Loader,1,6,25,Monsoon
2026-06-21,SITE014,Road Roller,2,6,25,Monsoon
2026-06-21,SITE014,Dump Truck,1,6,25,Monsoon
2026-06-21,SITE014,Forklift,2,6,25,Monsoon
2026-06-21,SITE015,Excavator,4,6,25,Monsoon
2026-06-21,SITE015,Bulldozer,4,6,25,Monsoon
2026-06-21,SITE015,Wheel Loader,3,6,25,Monsoon
2026-06-21,SITE015,Motor Grader,3,6,25,Monsoon
2026-06-21,SITE015,Backhoe Loader,3,6,25,Monsoon
2026-06-21,SITE015,Skid Steer Loader,3,6,25,Monsoon
2026-06-21,SITE015,Road Roller,0,6,25,Monsoon
2026-06-21,SITE015,Dump Truck,0,6,25,Monsoon
2026-06-21,SITE015,Forklift,2,6,25,Monsoon
2026-06-21,SITE016,Excavator,3,6,25,Monsoon
2026-06-21,SITE016,Bulldozer,1,6,25,Monsoon
2026-06-21,SITE016,Wheel Loader,0,6,25,Monsoon
2026-06-21,SITE016,Motor Grader,1,6,25,Monsoon
2026-06-21,SITE016,Backhoe Loader,1,6,25,Monsoon
2026-06-21,SITE016,Skid Steer Loader,0,6,25,Monsoon
2026-06-21,SITE016,Road Roller,1,6,25,Monsoon
2026-06-21,SITE016,Dump Truck,2,6,25,Monsoon
2026-06-21,SITE016,Forklift,5,6,25,Monsoon
2026-06-21,SITE017,Excavator,1,6,25,Monsoon
2026-06-21,SITE017,Bulldozer,3,6,25,Monsoon
2026-06-21,SITE017,Wheel Loader,6,6,25,Monsoon
2026-06-21,SITE017,Motor Grader,2,6,25,Monsoon
2026-06-21,SITE017,Backhoe Loader,1,6,25,Monsoon
2026-06-21,SITE017,Skid Steer Loader,1,6,25,Monsoon
2026-06-21,SITE017,Road Roller,1,6,25,Monsoon
2026-06-21,SITE017,Dump Truck,2,6,25,Monsoon
2026-06-21,SITE017,Forklift,2,6,25,Monsoon
2026-06-21,SITE018,Excavator,2,6,25,Monsoon
2026-06-21,SITE018,Bulldozer,2,6,25,Monsoon
2026-06-21,SITE018,Wheel Loader,5,6,25,Monsoon
2026-06-21,SITE018,Motor Grader,4,6,25,Monsoon
2026-06-21,SITE018,Backhoe Loader,1,6,25,Monsoon
2026-06-21,SITE018,Skid Steer Loader,3,6,25,Monsoon
2026-06-21,SITE018,Road Roller,2,6,25,Monsoon
2026-06-21,SITE018,Dump Truck,2,6,25,Monsoon
2026-06-21,SITE018,Forklift,3,6,25,Monsoon
2026-06-21,SITE019,Excavator,8,6,25,Monsoon
2026-06-21,SITE019,Bulldozer,5,6,25,Monsoon
2026-06-21,SITE019,Wheel Loader,2,6,25,Monsoon
2026-06-21,SITE019,Motor Grader,3,6,25,Monsoon
2026-06-21,SITE019,Backhoe Loader,2,6,25,Monsoon
2026-06-21,SITE019,Skid Steer Loader,0,6,25,Monsoon
2026-06-21,SITE019,Road Roller,0,6,25,Monsoon
2026-06-21,SITE019,Dump Truck,1,6,25,Monsoon
2026-06-21,SITE019,Forklift,3,6,25,Monsoon
2026-06-21,SITE020,Excavator,5,6,25,Monsoon
2026-06-21,SITE020,Bulldozer,4,6,25,Monsoon
2026-06-21,SITE020,Wheel Loader,0,6,25,Monsoon
2026-06-21,SITE020,Motor Grader,2,6,25,Monsoon
2026-06-21,SITE020,Backhoe Loader,0,6,25,Monsoon
2026-06-21,SITE020,Skid Steer Loader,7,6,25,Monsoon
2026-06-21,SITE020,Road Roller,1,6,25,Monsoon
2026-06-21,SITE020,Dump Truck,1,6,25,Monsoon
2026-06-21,SITE020,Forklift,4,6,25,Monsoon
2026-06-22,SITE001,Excavator,4,6,26,Monsoon
2026-06-22,SITE001,Bulldozer,2,6,26,Monsoon
2026-06-22,SITE001,Wheel Loader,1,6,26,Monsoon
2026-06-22,SITE001,Motor Grader,3,6,26,Monsoon
2026-06-22,SITE001,Backhoe Loader,1,6,26,Monsoon
2026-06-22,SITE001,Skid Steer Loader,3,6,26,Monsoon
2026-06-22,SITE001,Road Roller,2,6,26,Monsoon
2026-06-22,SITE001,Dump Truck,0,6,26,Monsoon
2026-06-22,SITE001,Forklift,2,6,26,Monsoon
2026-06-22,SITE002,Excavator,6,6,26,Monsoon
2026-06-22,SITE002,Bulldozer,1,6,26,Monsoon
2026-06-22,SITE002,Wheel Loader,5,6,26,Monsoon
2026-06-22,SITE002,Motor Grader,2,6,26,Monsoon
2026-06-22,SITE002,Backhoe Loader,1,6,26,Monsoon
2026-06-22,SITE002,Skid Steer Loader,2,6,26,Monsoon
2026-06-22,SITE002,Road Roller,2,6,26,Monsoon
2026-06-22,SITE002,Dump Truck,2,6,26,Monsoon
2026-06-22,SITE002,Forklift,1,6,26,Monsoon
2026-06-22,SITE003,Excavator,4,6,26,Monsoon
2026-06-22,SITE003,Bulldozer,3,6,26,Monsoon
2026-06-22,SITE003,Wheel Loader,4,6,26,Monsoon
2026-06-22,SITE003,Motor Grader,1,6,26,Monsoon
2026-06-22,SITE003,Backhoe Loader,1,6,26,Monsoon
2026-06-22,SITE003,Skid Steer Loader,2,6,26,Monsoon
2026-06-22,SITE003,Road Roller,0,6,26,Monsoon
2026-06-22,SITE003,Dump Truck,3,6,26,Monsoon
2026-06-22,SITE003,Forklift,4,6,26,Monsoon
2026-06-22,SITE004,Excavator,4,6,26,Monsoon
2026-06-22,SITE004,Bulldozer,5,6,26,Monsoon
2026-06-22,SITE004,Wheel Loader,0,6,26,Monsoon
2026-06-22,SITE004,Motor Grader,2,6,26,Monsoon
2026-06-22,SITE004,Backhoe Loader,1,6,26,Monsoon
2026-06-22,SITE004,Skid Steer Loader,1,6,26,Monsoon
2026-06-22,SITE004,Road Roller,0,6,26,Monsoon
2026-06-22,SITE004,Dump Truck,2,6,26,Monsoon
2026-06-22,SITE004,Forklift,4,6,26,Monsoon
2026-06-22,SITE005,Excavator,5,6,26,Monsoon
2026-06-22,SITE005,Bulldozer,0,6,26,Monsoon
2026-06-22,SITE005,Wheel Loader,3,6,26,Monsoon
2026-06-22,SITE005,Motor Grader,1,6,26,Monsoon
2026-06-22,SITE005,Backhoe Loader,3,6,26,Monsoon
2026-06-22,SITE005,Skid Steer Loader,6,6,26,Monsoon
2026-06-22,SITE005,Road Roller,4,6,26,Monsoon
2026-06-22,SITE005,Dump Truck,0,6,26,Monsoon
2026-06-22,SITE005,Forklift,1,6,26,Monsoon
2026-06-22,SITE006,Excavator,3,6,26,Monsoon
2026-06-22,SITE006,Bulldozer,1,6,26,Monsoon
2026-06-22,SITE006,Wheel Loader,2,6,26,Monsoon
2026-06-22,SITE006,Motor Grader,0,6,26,Monsoon
2026-06-22,SITE006,Backhoe Loader,5,6,26,Monsoon
2026-06-22,SITE006,Skid Steer Loader,0,6,26,Monsoon
2026-06-22,SITE006,Road Roller,6,6,26,Monsoon
2026-06-22,SITE006,Dump Truck,0,6,26,Monsoon
2026-06-22,SITE006,Forklift,2,6,26,Monsoon
2026-06-22,SITE007,Excavator,4,6,26,Monsoon
2026-06-22,SITE007,Bulldozer,3,6,26,Monsoon
2026-06-22,SITE007,Wheel Loader,1,6,26,Monsoon
2026-06-22,SITE007,Motor Grader,3,6,26,Monsoon
2026-06-22,SITE007,Backhoe Loader,3,6,26,Monsoon
2026-06-22,SITE007,Skid Steer Loader,2,6,26,Monsoon
2026-06-22,SITE007,Road Roller,3,6,26,Monsoon
2026-06-22,SITE007,Dump Truck,1,6,26,Monsoon
2026-06-22,SITE007,Forklift,1,6,26,Monsoon
2026-06-22,SITE008,Excavator,3,6,26,Monsoon
2026-06-22,SITE008,Bulldozer,3,6,26,Monsoon
2026-06-22,SITE008,Wheel Loader,1,6,26,Monsoon
2026-06-22,SITE008,Motor Grader,4,6,26,Monsoon
2026-06-22,SITE008,Backhoe Loader,2,6,26,Monsoon
2026-06-22,SITE008,Skid Steer Loader,4,6,26,Monsoon
2026-06-22,SITE008,Road Roller,1,6,26,Monsoon
2026-06-22,SITE008,Dump Truck,0,6,26,Monsoon
2026-06-22,SITE008,Forklift,1,6,26,Monsoon
2026-06-22,SITE009,Excavator,6,6,26,Monsoon
2026-06-22,SITE009,Bulldozer,3,6,26,Monsoon
2026-06-22,SITE009,Wheel Loader,2,6,26,Monsoon
2026-06-22,SITE009,Motor Grader,0,6,26,Monsoon
2026-06-22,SITE009,Backhoe Loader,2,6,26,Monsoon
2026-06-22,SITE009,Skid Steer Loader,1,6,26,Monsoon
2026-06-22,SITE009,Road Roller,1,6,26,Monsoon
2026-06-22,SITE009,Dump Truck,2,6,26,Monsoon
2026-06-22,SITE009,Forklift,2,6,26,Monsoon
2026-06-22,SITE010,Excavator,3,6,26,Monsoon
2026-06-22,SITE010,Bulldozer,2,6,26,Monsoon
2026-06-22,SITE010,Wheel Loader,2,6,26,Monsoon
2026-06-22,SITE010,Motor Grader,2,6,26,Monsoon
2026-06-22,SITE010,Backhoe Loader,2,6,26,Monsoon
2026-06-22,SITE010,Skid Steer Loader,1,6,26,Monsoon
2026-06-22,SITE010,Road Roller,2,6,26,Monsoon
2026-06-22,SITE010,Dump Truck,4,6,26,Monsoon
2026-06-22,SITE010,Forklift,2,6,26,Monsoon
2026-06-22,SITE011,Excavator,5,6,26,Monsoon
2026-06-22,SITE011,Bulldozer,3,6,26,Monsoon
2026-06-22,SITE011,Wheel Loader,2,6,26,Monsoon
2026-06-22,SITE011,Motor Grader,2,6,26,Monsoon
2026-06-22,SITE011,Backhoe Loader,2,6,26,Monsoon
2026-06-22,SITE011,Skid Steer Loader,5,6,26,Monsoon
2026-06-22,SITE011,Road Roller,2,6,26,Monsoon
2026-06-22,SITE011,Dump Truck,0,6,26,Monsoon
2026-06-22,SITE011,Forklift,7,6,26,Monsoon
2026-06-22,SITE012,Excavator,5,6,26,Monsoon
2026-06-22,SITE012,Bulldozer,3,6,26,Monsoon
2026-06-22,SITE012,Wheel Loader,3,6,26,Monsoon
2026-06-22,SITE012,Motor Grader,3,6,26,Monsoon
2026-06-22,SITE012,Backhoe Loader,0,6,26,Monsoon
2026-06-22,SITE012,Skid Steer Loader,4,6,26,Monsoon
2026-06-22,SITE012,Road Roller,2,6,26,Monsoon
2026-06-22,SITE012,Dump Truck,4,6,26,Monsoon
2026-06-22,SITE012,Forklift,0,6,26,Monsoon
2026-06-22,SITE013,Excavator,2,6,26,Monsoon
2026-06-22,SITE013,Bulldozer,2,6,26,Monsoon
2026-06-22,SITE013,Wheel Loader,2,6,26,Monsoon
2026-06-22,SITE013,Motor Grader,4,6,26,Monsoon
2026-06-22,SITE013,Backhoe Loader,4,6,26,Monsoon
2026-06-22,SITE013,Skid Steer Loader,0,6,26,Monsoon
2026-06-22,SITE013,Road Roller,2,6,26,Monsoon
2026-06-22,SITE013,Dump Truck,3,6,26,Monsoon
2026-06-22,SITE013,Forklift,1,6,26,Monsoon
2026-06-22,SITE014,Excavator,1,6,26,Monsoon
2026-06-22,SITE014,Bulldozer,0,6,26,Monsoon
2026-06-22,SITE014,Wheel Loader,2,6,26,Monsoon
2026-06-22,SITE014,Motor Grader,1,6,26,Monsoon
2026-06-22,SITE014,Backhoe Loader,1,6,26,Monsoon
2026-06-22,SITE014,Skid Steer Loader,1,6,26,Monsoon
2026-06-22,SITE014,Road Roller,1,6,26,Monsoon
2026-06-22,SITE014,Dump Truck,4,6,26,Monsoon
2026-06-22,SITE014,Forklift,1,6,26,Monsoon
2026-06-22,SITE015,Excavator,3,6,26,Monsoon
2026-06-22,SITE015,Bulldozer,1,6,26,Monsoon
2026-06-22,SITE015,Wheel Loader,3,6,26,Monsoon
2026-06-22,SITE015,Motor Grader,2,6,26,Monsoon
2026-06-22,SITE015,Backhoe Loader,2,6,26,Monsoon
2026-06-22,SITE015,Skid Steer Loader,3,6,26,Monsoon
2026-06-22,SITE015,Road Roller,2,6,26,Monsoon
2026-06-22,SITE015,Dump Truck,1,6,26,Monsoon
2026-06-22,SITE015,Forklift,3,6,26,Monsoon
2026-06-22,SITE016,Excavator,5,6,26,Monsoon
2026-06-22,SITE016,Bulldozer,3,6,26,Monsoon
2026-06-22,SITE016,Wheel Loader,3,6,26,Monsoon
2026-06-22,SITE016,Motor Grader,1,6,26,Monsoon
2026-06-22,SITE016,Backhoe Loader,2,6,26,Monsoon
2026-06-22,SITE016,Skid Steer Loader,4,6,26,Monsoon
2026-06-22,SITE016,Road Roller,3,6,26,Monsoon
2026-06-22,SITE016,Dump Truck,1,6,26,Monsoon
2026-06-22,SITE016,Forklift,0,6,26,Monsoon
2026-06-22,SITE017,Excavator,2,6,26,Monsoon
2026-06-22,SITE017,Bulldozer,5,6,26,Monsoon
2026-06-22,SITE017,Wheel Loader,2,6,26,Monsoon
2026-06-22,SITE017,Motor Grader,2,6,26,Monsoon
2026-06-22,SITE017,Backhoe Loader,2,6,26,Monsoon
2026-06-22,SITE017,Skid Steer Loader,0,6,26,Monsoon
2026-06-22,SITE017,Road Roller,1,6,26,Monsoon
2026-06-22,SITE017,Dump Truck,0,6,26,Monsoon
2026-06-22,SITE017,Forklift,2,6,26,Monsoon
2026-06-22,SITE018,Excavator,5,6,26,Monsoon
2026-06-22,SITE018,Bulldozer,1,6,26,Monsoon
2026-06-22,SITE018,Wheel Loader,1,6,26,Monsoon
2026-06-22,SITE018,Motor Grader,3,6,26,Monsoon
2026-06-22,SITE018,Backhoe Loader,1,6,26,Monsoon
2026-06-22,SITE018,Skid Steer Loader,1,6,26,Monsoon
2026-06-22,SITE018,Road Roller,1,6,26,Monsoon
2026-06-22,SITE018,Dump Truck,2,6,26,Monsoon
2026-06-22,SITE018,Forklift,3,6,26,Monsoon
2026-06-22,SITE019,Excavator,2,6,26,Monsoon
2026-06-22,SITE019,Bulldozer,2,6,26,Monsoon
2026-06-22,SITE019,Wheel Loader,3,6,26,Monsoon
2026-06-22,SITE019,Motor Grader,2,6,26,Monsoon
2026-06-22,SITE019,Backhoe Loader,2,6,26,Monsoon
2026-06-22,SITE019,Skid Steer Loader,4,6,26,Monsoon
2026-06-22,SITE019,Road Roller,1,6,26,Monsoon
2026-06-22,SITE019,Dump Truck,3,6,26,Monsoon
2026-06-22,SITE019,Forklift,4,6,26,Monsoon
2026-06-22,SITE020,Excavator,5,6,26,Monsoon
2026-06-22,SITE020,Bulldozer,1,6,26,Monsoon
2026-06-22,SITE020,Wheel Loader,1,6,26,Monsoon
2026-06-22,SITE020,Motor Grader,2,6,26,Monsoon
2026-06-22,SITE020,Backhoe Loader,3,6,26,Monsoon
2026-06-22,SITE020,Skid Steer Loader,3,6,26,Monsoon
2026-06-22,SITE020,Road Roller,4,6,26,Monsoon
2026-06-22,SITE020,Dump Truck,2,6,26,Monsoon
2026-06-22,SITE020,Forklift,1,6,26,Monsoon
2026-06-23,SITE001,Excavator,3,6,26,Monsoon
2026-06-23,SITE001,Bulldozer,1,6,26,Monsoon
2026-06-23,SITE001,Wheel Loader,1,6,26,Monsoon
2026-06-23,SITE001,Motor Grader,1,6,26,Monsoon
2026-06-23,SITE001,Backhoe Loader,3,6,26,Monsoon
2026-06-23,SITE001,Skid Steer Loader,2,6,26,Monsoon
2026-06-23,SITE001,Road Roller,1,6,26,Monsoon
2026-06-23,SITE001,Dump Truck,0,6,26,Monsoon
2026-06-23,SITE001,Forklift,0,6,26,Monsoon
2026-06-23,SITE002,Excavator,3,6,26,Monsoon
2026-06-23,SITE002,Bulldozer,0,6,26,Monsoon
2026-06-23,SITE002,Wheel Loader,2,6,26,Monsoon
2026-06-23,SITE002,Motor Grader,2,6,26,Monsoon
2026-06-23,SITE002,Backhoe Loader,1,6,26,Monsoon
2026-06-23,SITE002,Skid Steer Loader,5,6,26,Monsoon
2026-06-23,SITE002,Road Roller,0,6,26,Monsoon
2026-06-23,SITE002,Dump Truck,4,6,26,Monsoon
2026-06-23,SITE002,Forklift,3,6,26,Monsoon
2026-06-23,SITE003,Excavator,3,6,26,Monsoon
2026-06-23,SITE003,Bulldozer,0,6,26,Monsoon
2026-06-23,SITE003,Wheel Loader,5,6,26,Monsoon
2026-06-23,SITE003,Motor Grader,2,6,26,Monsoon
2026-06-23,SITE003,Backhoe Loader,0,6,26,Monsoon
2026-06-23,SITE003,Skid Steer Loader,1,6,26,Monsoon
2026-06-23,SITE003,Road Roller,4,6,26,Monsoon
2026-06-23,SITE003,Dump Truck,2,6,26,Monsoon
2026-06-23,SITE003,Forklift,5,6,26,Monsoon
2026-06-23,SITE004,Excavator,8,6,26,Monsoon
2026-06-23,SITE004,Bulldozer,2,6,26,Monsoon
2026-06-23,SITE004,Wheel Loader,2,6,26,Monsoon
2026-06-23,SITE004,Motor Grader,3,6,26,Monsoon
2026-06-23,SITE004,Backhoe Loader,2,6,26,Monsoon
2026-06-23,SITE004,Skid Steer Loader,0,6,26,Monsoon
2026-06-23,SITE004,Road Roller,1,6,26,Monsoon
2026-06-23,SITE004,Dump Truck,2,6,26,Monsoon
2026-06-23,SITE004,Forklift,2,6,26,Monsoon
2026-06-23,SITE005,Excavator,7,6,26,Monsoon
2026-06-23,SITE005,Bulldozer,0,6,26,Monsoon
2026-06-23,SITE005,Wheel Loader,2,6,26,Monsoon
2026-06-23,SITE005,Motor Grader,1,6,26,Monsoon
2026-06-23,SITE005,Backhoe Loader,2,6,26,Monsoon
2026-06-23,SITE005,Skid Steer Loader,1,6,26,Monsoon
2026-06-23,SITE005,Road Roller,3,6,26,Monsoon
2026-06-23,SITE005,Dump Truck,3,6,26,Monsoon
2026-06-23,SITE005,Forklift,0,6,26,Monsoon
2026-06-23,SITE006,Excavator,2,6,26,Monsoon
2026-06-23,SITE006,Bulldozer,2,6,26,Monsoon
2026-06-23,SITE006,Wheel Loader,4,6,26,Monsoon
2026-06-23,SITE006,Motor Grader,3,6,26,Monsoon
2026-06-23,SITE006,Backhoe Loader,2,6,26,Monsoon
2026-06-23,SITE006,Skid Steer Loader,3,6,26,Monsoon
2026-06-23,SITE006,Road Roller,3,6,26,Monsoon
2026-06-23,SITE006,Dump Truck,1,6,26,Monsoon
2026-06-23,SITE006,Forklift,0,6,26,Monsoon
2026-06-23,SITE007,Excavator,3,6,26,Monsoon
2026-06-23,SITE007,Bulldozer,1,6,26,Monsoon
2026-06-23,SITE007,Wheel Loader,1,6,26,Monsoon
2026-06-23,SITE007,Motor Grader,5,6,26,Monsoon
2026-06-23,SITE007,Backhoe Loader,5,6,26,Monsoon
2026-06-23,SITE007,Skid Steer Loader,2,6,26,Monsoon
2026-06-23,SITE007,Road Roller,3,6,26,Monsoon
2026-06-23,SITE007,Dump Truck,3,6,26,Monsoon
2026-06-23,SITE007,Forklift,2,6,26,Monsoon
2026-06-23,SITE008,Excavator,3,6,26,Monsoon
2026-06-23,SITE008,Bulldozer,2,6,26,Monsoon
2026-06-23,SITE008,Wheel Loader,2,6,26,Monsoon
2026-06-23,SITE008,Motor Grader,2,6,26,Monsoon
2026-06-23,SITE008,Backhoe Loader,3,6,26,Monsoon
2026-06-23,SITE008,Skid Steer Loader,2,6,26,Monsoon
2026-06-23,SITE008,Road Roller,3,6,26,Monsoon
2026-06-23,SITE008,Dump Truck,1,6,26,Monsoon
2026-06-23,SITE008,Forklift,2,6,26,Monsoon
2026-06-23,SITE009,Excavator,6,6,26,Monsoon
2026-06-23,SITE009,Bulldozer,1,6,26,Monsoon
2026-06-23,SITE009,Wheel Loader,3,6,26,Monsoon
2026-06-23,SITE009,Motor Grader,1,6,26,Monsoon
2026-06-23,SITE009,Backhoe Loader,2,6,26,Monsoon
2026-06-23,SITE009,Skid Steer Loader,3,6,26,Monsoon
2026-06-23,SITE009,Road Roller,1,6,26,Monsoon
2026-06-23,SITE009,Dump Truck,2,6,26,Monsoon
2026-06-23,SITE009,Forklift,5,6,26,Monsoon
2026-06-23,SITE010,Excavator,5,6,26,Monsoon
2026-06-23,SITE010,Bulldozer,3,6,26,Monsoon
2026-06-23,SITE010,Wheel Loader,4,6,26,Monsoon
2026-06-23,SITE010,Motor Grader,3,6,26,Monsoon
2026-06-23,SITE010,Backhoe Loader,2,6,26,Monsoon
2026-06-23,SITE010,Skid Steer Loader,4,6,26,Monsoon
2026-06-23,SITE010,Road Roller,3,6,26,Monsoon
2026-06-23,SITE010,Dump Truck,0,6,26,Monsoon
2026-06-23,SITE010,Forklift,2,6,26,Monsoon
2026-06-23,SITE011,Excavator,2,6,26,Monsoon
2026-06-23,SITE011,Bulldozer,2,6,26,Monsoon
2026-06-23,SITE011,Wheel Loader,1,6,26,Monsoon
2026-06-23,SITE011,Motor Grader,1,6,26,Monsoon
2026-06-23,SITE011,Backhoe Loader,1,6,26,Monsoon
2026-06-23,SITE011,Skid Steer Loader,0,6,26,Monsoon
2026-06-23,SITE011,Road Roller,0,6,26,Monsoon
2026-06-23,SITE011,Dump Truck,2,6,26,Monsoon
2026-06-23,SITE011,Forklift,3,6,26,Monsoon
2026-06-23,SITE012,Excavator,2,6,26,Monsoon
2026-06-23,SITE012,Bulldozer,2,6,26,Monsoon
2026-06-23,SITE012,Wheel Loader,3,6,26,Monsoon
2026-06-23,SITE012,Motor Grader,1,6,26,Monsoon
2026-06-23,SITE012,Backhoe Loader,3,6,26,Monsoon
2026-06-23,SITE012,Skid Steer Loader,1,6,26,Monsoon
2026-06-23,SITE012,Road Roller,2,6,26,Monsoon
2026-06-23,SITE012,Dump Truck,3,6,26,Monsoon
2026-06-23,SITE012,Forklift,1,6,26,Monsoon
2026-06-23,SITE013,Excavator,9,6,26,Monsoon
2026-06-23,SITE013,Bulldozer,4,6,26,Monsoon
2026-06-23,SITE013,Wheel Loader,1,6,26,Monsoon
2026-06-23,SITE013,Motor Grader,2,6,26,Monsoon
2026-06-23,SITE013,Backhoe Loader,1,6,26,Monsoon
2026-06-23,SITE013,Skid Steer Loader,0,6,26,Monsoon
2026-06-23,SITE013,Road Roller,2,6,26,Monsoon
2026-06-23,SITE013,Dump Truck,1,6,26,Monsoon
2026-06-23,SITE013,Forklift,1,6,26,Monsoon
2026-06-23,SITE014,Excavator,4,6,26,Monsoon
2026-06-23,SITE014,Bulldozer,2,6,26,Monsoon
2026-06-23,SITE014,Wheel Loader,2,6,26,Monsoon
2026-06-23,SITE014,Motor Grader,2,6,26,Monsoon
2026-06-23,SITE014,Backhoe Loader,1,6,26,Monsoon
2026-06-23,SITE014,Skid Steer Loader,0,6,26,Monsoon
2026-06-23,SITE014,Road Roller,2,6,26,Monsoon
2026-06-23,SITE014,Dump Truck,0,6,26,Monsoon
2026-06-23,SITE014,Forklift,2,6,26,Monsoon
2026-06-23,SITE015,Excavator,2,6,26,Monsoon
2026-06-23,SITE015,Bulldozer,1,6,26,Monsoon
2026-06-23,SITE015,Wheel Loader,1,6,26,Monsoon
2026-06-23,SITE015,Motor Grader,2,6,26,Monsoon
2026-06-23,SITE015,Backhoe Loader,2,6,26,Monsoon
2026-06-23,SITE015,Skid Steer Loader,0,6,26,Monsoon
2026-06-23,SITE015,Road Roller,1,6,26,Monsoon
2026-06-23,SITE015,Dump Truck,4,6,26,Monsoon
2026-06-23,SITE015,Forklift,1,6,26,Monsoon
2026-06-23,SITE016,Excavator,2,6,26,Monsoon
2026-06-23,SITE016,Bulldozer,1,6,26,Monsoon
2026-06-23,SITE016,Wheel Loader,6,6,26,Monsoon
2026-06-23,SITE016,Motor Grader,2,6,26,Monsoon
2026-06-23,SITE016,Backhoe Loader,2,6,26,Monsoon
2026-06-23,SITE016,Skid Steer Loader,2,6,26,Monsoon
2026-06-23,SITE016,Road Roller,4,6,26,Monsoon
2026-06-23,SITE016,Dump Truck,0,6,26,Monsoon
2026-06-23,SITE016,Forklift,0,6,26,Monsoon
2026-06-23,SITE017,Excavator,2,6,26,Monsoon
2026-06-23,SITE017,Bulldozer,0,6,26,Monsoon
2026-06-23,SITE017,Wheel Loader,4,6,26,Monsoon
2026-06-23,SITE017,Motor Grader,2,6,26,Monsoon
2026-06-23,SITE017,Backhoe Loader,4,6,26,Monsoon
2026-06-23,SITE017,Skid Steer Loader,4,6,26,Monsoon
2026-06-23,SITE017,Road Roller,0,6,26,Monsoon
2026-06-23,SITE017,Dump Truck,1,6,26,Monsoon
2026-06-23,SITE017,Forklift,1,6,26,Monsoon
2026-06-23,SITE018,Excavator,3,6,26,Monsoon
2026-06-23,SITE018,Bulldozer,1,6,26,Monsoon
2026-06-23,SITE018,Wheel Loader,3,6,26,Monsoon
2026-06-23,SITE018,Motor Grader,2,6,26,Monsoon
2026-06-23,SITE018,Backhoe Loader,2,6,26,Monsoon
2026-06-23,SITE018,Skid Steer Loader,1,6,26,Monsoon
2026-06-23,SITE018,Road Roller,0,6,26,Monsoon
2026-06-23,SITE018,Dump Truck,1,6,26,Monsoon
2026-06-23,SITE018,Forklift,1,6,26,Monsoon
2026-06-23,SITE019,Excavator,7,6,26,Monsoon
2026-06-23,SITE019,Bulldozer,2,6,26,Monsoon
2026-06-23,SITE019,Wheel Loader,3,6,26,Monsoon
2026-06-23,SITE019,Motor Grader,2,6,26,Monsoon
2026-06-23,SITE019,Backhoe Loader,3,6,26,Monsoon
2026-06-23,SITE019,Skid Steer Loader,2,6,26,Monsoon
2026-06-23,SITE019,Road Roller,1,6,26,Monsoon
2026-06-23,SITE019,Dump Truck,0,6,26,Monsoon
2026-06-23,SITE019,Forklift,2,6,26,Monsoon
2026-06-23,SITE020,Excavator,5,6,26,Monsoon
2026-06-23,SITE020,Bulldozer,6,6,26,Monsoon
2026-06-23,SITE020,Wheel Loader,1,6,26,Monsoon
2026-06-23,SITE020,Motor Grader,4,6,26,Monsoon
2026-06-23,SITE020,Backhoe Loader,2,6,26,Monsoon
2026-06-23,SITE020,Skid Steer Loader,0,6,26,Monsoon
2026-06-23,SITE020,Road Roller,4,6,26,Monsoon
2026-06-23,SITE020,Dump Truck,2,6,26,Monsoon
2026-06-23,SITE020,Forklift,2,6,26,Monsoon
2026-06-24,SITE001,Excavator,5,6,26,Monsoon
2026-06-24,SITE001,Bulldozer,0,6,26,Monsoon
2026-06-24,SITE001,Wheel Loader,0,6,26,Monsoon
2026-06-24,SITE001,Motor Grader,4,6,26,Monsoon
2026-06-24,SITE001,Backhoe Loader,3,6,26,Monsoon
2026-06-24,SITE001,Skid Steer Loader,1,6,26,Monsoon
2026-06-24,SITE001,Road Roller,0,6,26,Monsoon
2026-06-24,SITE001,Dump Truck,0,6,26,Monsoon
2026-06-24,SITE001,Forklift,1,6,26,Monsoon
2026-06-24,SITE002,Excavator,0,6,26,Monsoon
2026-06-24,SITE002,Bulldozer,2,6,26,Monsoon
2026-06-24,SITE002,Wheel Loader,1,6,26,Monsoon
2026-06-24,SITE002,Motor Grader,3,6,26,Monsoon
2026-06-24,SITE002,Backhoe Loader,3,6,26,Monsoon
2026-06-24,SITE002,Skid Steer Loader,0,6,26,Monsoon
2026-06-24,SITE002,Road Roller,3,6,26,Monsoon
2026-06-24,SITE002,Dump Truck,2,6,26,Monsoon
2026-06-24,SITE002,Forklift,2,6,26,Monsoon
2026-06-24,SITE003,Excavator,8,6,26,Monsoon
2026-06-24,SITE003,Bulldozer,4,6,26,Monsoon
2026-06-24,SITE003,Wheel Loader,2,6,26,Monsoon
2026-06-24,SITE003,Motor Grader,5,6,26,Monsoon
2026-06-24,SITE003,Backhoe Loader,1,6,26,Monsoon
2026-06-24,SITE003,Skid Steer Loader,1,6,26,Monsoon
2026-06-24,SITE003,Road Roller,2,6,26,Monsoon
2026-06-24,SITE003,Dump Truck,2,6,26,Monsoon
2026-06-24,SITE003,Forklift,0,6,26,Monsoon
2026-06-24,SITE004,Excavator,4,6,26,Monsoon
2026-06-24,SITE004,Bulldozer,2,6,26,Monsoon
2026-06-24,SITE004,Wheel Loader,0,6,26,Monsoon
2026-06-24,SITE004,Motor Grader,3,6,26,Monsoon
2026-06-24,SITE004,Backhoe Loader,3,6,26,Monsoon
2026-06-24,SITE004,Skid Steer Loader,2,6,26,Monsoon
2026-06-24,SITE004,Road Roller,0,6,26,Monsoon
2026-06-24,SITE004,Dump Truck,1,6,26,Monsoon
2026-06-24,SITE004,Forklift,3,6,26,Monsoon
2026-06-24,SITE005,Excavator,6,6,26,Monsoon
2026-06-24,SITE005,Bulldozer,1,6,26,Monsoon
2026-06-24,SITE005,Wheel Loader,1,6,26,Monsoon
2026-06-24,SITE005,Motor Grader,2,6,26,Monsoon
2026-06-24,SITE005,Backhoe Loader,2,6,26,Monsoon
2026-06-24,SITE005,Skid Steer Loader,2,6,26,Monsoon
2026-06-24,SITE005,Road Roller,3,6,26,Monsoon
2026-06-24,SITE005,Dump Truck,3,6,26,Monsoon
2026-06-24,SITE005,Forklift,2,6,26,Monsoon
2026-06-24,SITE006,Excavator,4,6,26,Monsoon
2026-06-24,SITE006,Bulldozer,1,6,26,Monsoon
2026-06-24,SITE006,Wheel Loader,1,6,26,Monsoon
2026-06-24,SITE006,Motor Grader,0,6,26,Monsoon
2026-06-24,SITE006,Backhoe Loader,2,6,26,Monsoon
2026-06-24,SITE006,Skid Steer Loader,3,6,26,Monsoon
2026-06-24,SITE006,Road Roller,3,6,26,Monsoon
2026-06-24,SITE006,Dump Truck,4,6,26,Monsoon
2026-06-24,SITE006,Forklift,4,6,26,Monsoon
2026-06-24,SITE007,Excavator,1,6,26,Monsoon
2026-06-24,SITE007,Bulldozer,6,6,26,Monsoon
2026-06-24,SITE007,Wheel Loader,3,6,26,Monsoon
2026-06-24,SITE007,Motor Grader,1,6,26,Monsoon
2026-06-24,SITE007,Backhoe Loader,2,6,26,Monsoon
2026-06-24,SITE007,Skid Steer Loader,4,6,26,Monsoon
2026-06-24,SITE007,Road Roller,2,6,26,Monsoon
2026-06-24,SITE007,Dump Truck,2,6,26,Monsoon
2026-06-24,SITE007,Forklift,1,6,26,Monsoon
2026-06-24,SITE008,Excavator,1,6,26,Monsoon
2026-06-24,SITE008,Bulldozer,1,6,26,Monsoon
2026-06-24,SITE008,Wheel Loader,3,6,26,Monsoon
2026-06-24,SITE008,Motor Grader,3,6,26,Monsoon
2026-06-24,SITE008,Backhoe Loader,1,6,26,Monsoon
2026-06-24,SITE008,Skid Steer Loader,1,6,26,Monsoon
2026-06-24,SITE008,Road Roller,1,6,26,Monsoon
2026-06-24,SITE008,Dump Truck,4,6,26,Monsoon
2026-06-24,SITE008,Forklift,2,6,26,Monsoon
2026-06-24,SITE009,Excavator,3,6,26,Monsoon
2026-06-24,SITE009,Bulldozer,1,6,26,Monsoon
2026-06-24,SITE009,Wheel Loader,4,6,26,Monsoon
2026-06-24,SITE009,Motor Grader,3,6,26,Monsoon
2026-06-24,SITE009,Backhoe Loader,0,6,26,Monsoon
2026-06-24,SITE009,Skid Steer Loader,0,6,26,Monsoon
2026-06-24,SITE009,Road Roller,0,6,26,Monsoon
2026-06-24,SITE009,Dump Truck,1,6,26,Monsoon
2026-06-24,SITE009,Forklift,1,6,26,Monsoon
2026-06-24,SITE010,Excavator,7,6,26,Monsoon
2026-06-24,SITE010,Bulldozer,2,6,26,Monsoon
2026-06-24,SITE010,Wheel Loader,4,6,26,Monsoon
2026-06-24,SITE010,Motor Grader,1,6,26,Monsoon
2026-06-24,SITE010,Backhoe Loader,2,6,26,Monsoon
2026-06-24,SITE010,Skid Steer Loader,0,6,26,Monsoon
2026-06-24,SITE010,Road Roller,1,6,26,Monsoon
2026-06-24,SITE010,Dump Truck,1,6,26,Monsoon
2026-06-24,SITE010,Forklift,2,6,26,Monsoon
2026-06-24,SITE011,Excavator,3,6,26,Monsoon
2026-06-24,SITE011,Bulldozer,2,6,26,Monsoon
2026-06-24,SITE011,Wheel Loader,2,6,26,Monsoon
2026-06-24,SITE011,Motor Grader,1,6,26,Monsoon
2026-06-24,SITE011,Backhoe Loader,2,6,26,Monsoon
2026-06-24,SITE011,Skid Steer Loader,2,6,26,Monsoon
2026-06-24,SITE011,Road Roller,2,6,26,Monsoon
2026-06-24,SITE011,Dump Truck,2,6,26,Monsoon
2026-06-24,SITE011,Forklift,1,6,26,Monsoon
2026-06-24,SITE012,Excavator,1,6,26,Monsoon
2026-06-24,SITE012,Bulldozer,2,6,26,Monsoon
2026-06-24,SITE012,Wheel Loader,3,6,26,Monsoon
2026-06-24,SITE012,Motor Grader,2,6,26,Monsoon
2026-06-24,SITE012,Backhoe Loader,2,6,26,Monsoon
2026-06-24,SITE012,Skid Steer Loader,5,6,26,Monsoon
2026-06-24,SITE012,Road Roller,2,6,26,Monsoon
2026-06-24,SITE012,Dump Truck,2,6,26,Monsoon
2026-06-24,SITE012,Forklift,2,6,26,Monsoon
2026-06-24,SITE013,Excavator,6,6,26,Monsoon
2026-06-24,SITE013,Bulldozer,2,6,26,Monsoon
2026-06-24,SITE013,Wheel Loader,4,6,26,Monsoon
2026-06-24,SITE013,Motor Grader,2,6,26,Monsoon
2026-06-24,SITE013,Backhoe Loader,1,6,26,Monsoon
2026-06-24,SITE013,Skid Steer Loader,3,6,26,Monsoon
2026-06-24,SITE013,Road Roller,1,6,26,Monsoon
2026-06-24,SITE013,Dump Truck,2,6,26,Monsoon
2026-06-24,SITE013,Forklift,1,6,26,Monsoon
2026-06-24,SITE014,Excavator,4,6,26,Monsoon
2026-06-24,SITE014,Bulldozer,3,6,26,Monsoon
2026-06-24,SITE014,Wheel Loader,2,6,26,Monsoon
2026-06-24,SITE014,Motor Grader,2,6,26,Monsoon
2026-06-24,SITE014,Backhoe Loader,2,6,26,Monsoon
2026-06-24,SITE014,Skid Steer Loader,1,6,26,Monsoon
2026-06-24,SITE014,Road Roller,3,6,26,Monsoon
2026-06-24,SITE014,Dump Truck,2,6,26,Monsoon
2026-06-24,SITE014,Forklift,2,6,26,Monsoon
2026-06-24,SITE015,Excavator,3,6,26,Monsoon
2026-06-24,SITE015,Bulldozer,2,6,26,Monsoon
2026-06-24,SITE015,Wheel Loader,3,6,26,Monsoon
2026-06-24,SITE015,Motor Grader,2,6,26,Monsoon
2026-06-24,SITE015,Backhoe Loader,4,6,26,Monsoon
2026-06-24,SITE015,Skid Steer Loader,2,6,26,Monsoon
2026-06-24,SITE015,Road Roller,2,6,26,Monsoon
2026-06-24,SITE015,Dump Truck,4,6,26,Monsoon
2026-06-24,SITE015,Forklift,1,6,26,Monsoon
2026-06-24,SITE016,Excavator,4,6,26,Monsoon
2026-06-24,SITE016,Bulldozer,2,6,26,Monsoon
2026-06-24,SITE016,Wheel Loader,3,6,26,Monsoon
2026-06-24,SITE016,Motor Grader,2,6,26,Monsoon
2026-06-24,SITE016,Backhoe Loader,2,6,26,Monsoon
2026-06-24,SITE016,Skid Steer Loader,2,6,26,Monsoon
2026-06-24,SITE016,Road Roller,2,6,26,Monsoon
2026-06-24,SITE016,Dump Truck,2,6,26,Monsoon
2026-06-24,SITE016,Forklift,0,6,26,Monsoon
2026-06-24,SITE017,Excavator,5,6,26,Monsoon
2026-06-24,SITE017,Bulldozer,2,6,26,Monsoon
2026-06-24,SITE017,Wheel Loader,1,6,26,Monsoon
2026-06-24,SITE017,Motor Grader,0,6,26,Monsoon
2026-06-24,SITE017,Backhoe Loader,1,6,26,Monsoon
2026-06-24,SITE017,Skid Steer Loader,3,6,26,Monsoon
2026-06-24,SITE017,Road Roller,1,6,26,Monsoon
2026-06-24,SITE017,Dump Truck,1,6,26,Monsoon
2026-06-24,SITE017,Forklift,4,6,26,Monsoon
2026-06-24,SITE018,Excavator,3,6,26,Monsoon
2026-06-24,SITE018,Bulldozer,1,6,26,Monsoon
2026-06-24,SITE018,Wheel Loader,3,6,26,Monsoon
2026-06-24,SITE018,Motor Grader,3,6,26,Monsoon
2026-06-24,SITE018,Backhoe Loader,3,6,26,Monsoon
2026-06-24,SITE018,Skid Steer Loader,1,6,26,Monsoon
2026-06-24,SITE018,Road Roller,1,6,26,Monsoon
2026-06-24,SITE018,Dump Truck,0,6,26,Monsoon
2026-06-24,SITE018,Forklift,1,6,26,Monsoon
2026-06-24,SITE019,Excavator,3,6,26,Monsoon
2026-06-24,SITE019,Bulldozer,4,6,26,Monsoon
2026-06-24,SITE019,Wheel Loader,0,6,26,Monsoon
2026-06-24,SITE019,Motor Grader,2,6,26,Monsoon
2026-06-24,SITE019,Backhoe Loader,6,6,26,Monsoon
2026-06-24,SITE019,Skid Steer Loader,3,6,26,Monsoon
2026-06-24,SITE019,Road Roller,0,6,26,Monsoon
2026-06-24,SITE019,Dump Truck,2,6,26,Monsoon
2026-06-24,SITE019,Forklift,2,6,26,Monsoon
2026-06-24,SITE020,Excavator,6,6,26,Monsoon
2026-06-24,SITE020,Bulldozer,0,6,26,Monsoon
2026-06-24,SITE020,Wheel Loader,5,6,26,Monsoon
2026-06-24,SITE020,Motor Grader,5,6,26,Monsoon
2026-06-24,SITE020,Backhoe Loader,0,6,26,Monsoon
2026-06-24,SITE020,Skid Steer Loader,2,6,26,Monsoon
2026-06-24,SITE020,Road Roller,1,6,26,Monsoon
2026-06-24,SITE020,Dump Truck,5,6,26,Monsoon
2026-06-24,SITE020,Forklift,5,6,26,Monsoon
2026-06-25,SITE001,Excavator,6,6,26,Monsoon
2026-06-25,SITE001,Bulldozer,1,6,26,Monsoon
2026-06-25,SITE001,Wheel Loader,1,6,26,Monsoon
2026-06-25,SITE001,Motor Grader,0,6,26,Monsoon
2026-06-25,SITE001,Backhoe Loader,3,6,26,Monsoon
2026-06-25,SITE001,Skid Steer Loader,4,6,26,Monsoon
2026-06-25,SITE001,Road Roller,1,6,26,Monsoon
2026-06-25,SITE001,Dump Truck,2,6,26,Monsoon
2026-06-25,SITE001,Forklift,3,6,26,Monsoon
2026-06-25,SITE002,Excavator,2,6,26,Monsoon
2026-06-25,SITE002,Bulldozer,1,6,26,Monsoon
2026-06-25,SITE002,Wheel Loader,1,6,26,Monsoon
2026-06-25,SITE002,Motor Grader,3,6,26,Monsoon
2026-06-25,SITE002,Backhoe Loader,4,6,26,Monsoon
2026-06-25,SITE002,Skid Steer Loader,2,6,26,Monsoon
2026-06-25,SITE002,Road Roller,1,6,26,Monsoon
2026-06-25,SITE002,Dump Truck,4,6,26,Monsoon
2026-06-25,SITE002,Forklift,5,6,26,Monsoon
2026-06-25,SITE003,Excavator,3,6,26,Monsoon
2026-06-25,SITE003,Bulldozer,0,6,26,Monsoon
2026-06-25,SITE003,Wheel Loader,2,6,26,Monsoon
2026-06-25,SITE003,Motor Grader,1,6,26,Monsoon
2026-06-25,SITE003,Backhoe Loader,1,6,26,Monsoon
2026-06-25,SITE003,Skid Steer Loader,0,6,26,Monsoon
2026-06-25,SITE003,Road Roller,2,6,26,Monsoon
2026-06-25,SITE003,Dump Truck,2,6,26,Monsoon
2026-06-25,SITE003,Forklift,1,6,26,Monsoon
2026-06-25,SITE004,Excavator,5,6,26,Monsoon
2026-06-25,SITE004,Bulldozer,4,6,26,Monsoon
2026-06-25,SITE004,Wheel Loader,2,6,26,Monsoon
2026-06-25,SITE004,Motor Grader,6,6,26,Monsoon
2026-06-25,SITE004,Backhoe Loader,2,6,26,Monsoon
2026-06-25,SITE004,Skid Steer Loader,0,6,26,Monsoon
2026-06-25,SITE004,Road Roller,1,6,26,Monsoon
2026-06-25,SITE004,Dump Truck,3,6,26,Monsoon
2026-06-25,SITE004,Forklift,0,6,26,Monsoon
2026-06-25,SITE005,Excavator,1,6,26,Monsoon
2026-06-25,SITE005,Bulldozer,2,6,26,Monsoon
2026-06-25,SITE005,Wheel Loader,0,6,26,Monsoon
2026-06-25,SITE005,Motor Grader,2,6,26,Monsoon
2026-06-25,SITE005,Backhoe Loader,3,6,26,Monsoon
2026-06-25,SITE005,Skid Steer Loader,2,6,26,Monsoon
2026-06-25,SITE005,Road Roller,0,6,26,Monsoon
2026-06-25,SITE005,Dump Truck,2,6,26,Monsoon
2026-06-25,SITE005,Forklift,2,6,26,Monsoon
2026-06-25,SITE006,Excavator,2,6,26,Monsoon
2026-06-25,SITE006,Bulldozer,1,6,26,Monsoon
2026-06-25,SITE006,Wheel Loader,1,6,26,Monsoon
2026-06-25,SITE006,Motor Grader,0,6,26,Monsoon
2026-06-25,SITE006,Backhoe Loader,1,6,26,Monsoon
2026-06-25,SITE006,Skid Steer Loader,4,6,26,Monsoon
2026-06-25,SITE006,Road Roller,4,6,26,Monsoon
2026-06-25,SITE006,Dump Truck,2,6,26,Monsoon
2026-06-25,SITE006,Forklift,5,6,26,Monsoon
2026-06-25,SITE007,Excavator,5,6,26,Monsoon
2026-06-25,SITE007,Bulldozer,3,6,26,Monsoon
2026-06-25,SITE007,Wheel Loader,3,6,26,Monsoon
2026-06-25,SITE007,Motor Grader,1,6,26,Monsoon
2026-06-25,SITE007,Backhoe Loader,0,6,26,Monsoon
2026-06-25,SITE007,Skid Steer Loader,3,6,26,Monsoon
2026-06-25,SITE007,Road Roller,2,6,26,Monsoon
2026-06-25,SITE007,Dump Truck,2,6,26,Monsoon
2026-06-25,SITE007,Forklift,2,6,26,Monsoon
2026-06-25,SITE008,Excavator,4,6,26,Monsoon
2026-06-25,SITE008,Bulldozer,2,6,26,Monsoon
2026-06-25,SITE008,Wheel Loader,2,6,26,Monsoon
2026-06-25,SITE008,Motor Grader,3,6,26,Monsoon
2026-06-25,SITE008,Backhoe Loader,2,6,26,Monsoon
2026-06-25,SITE008,Skid Steer Loader,3,6,26,Monsoon
2026-06-25,SITE008,Road Roller,0,6,26,Monsoon
2026-06-25,SITE008,Dump Truck,2,6,26,Monsoon
2026-06-25,SITE008,Forklift,3,6,26,Monsoon
2026-06-25,SITE009,Excavator,5,6,26,Monsoon
2026-06-25,SITE009,Bulldozer,2,6,26,Monsoon
2026-06-25,SITE009,Wheel Loader,1,6,26,Monsoon
2026-06-25,SITE009,Motor Grader,2,6,26,Monsoon
2026-06-25,SITE009,Backhoe Loader,2,6,26,Monsoon
2026-06-25,SITE009,Skid Steer Loader,1,6,26,Monsoon
2026-06-25,SITE009,Road Roller,0,6,26,Monsoon
2026-06-25,SITE009,Dump Truck,1,6,26,Monsoon
2026-06-25,SITE009,Forklift,3,6,26,Monsoon
2026-06-25,SITE010,Excavator,5,6,26,Monsoon
2026-06-25,SITE010,Bulldozer,1,6,26,Monsoon
2026-06-25,SITE010,Wheel Loader,3,6,26,Monsoon
2026-06-25,SITE010,Motor Grader,2,6,26,Monsoon
2026-06-25,SITE010,Backhoe Loader,2,6,26,Monsoon
2026-06-25,SITE010,Skid Steer Loader,0,6,26,Monsoon
2026-06-25,SITE010,Road Roller,0,6,26,Monsoon
2026-06-25,SITE010,Dump Truck,1,6,26,Monsoon
2026-06-25,SITE010,Forklift,2,6,26,Monsoon
2026-06-25,SITE011,Excavator,6,6,26,Monsoon
2026-06-25,SITE011,Bulldozer,0,6,26,Monsoon
2026-06-25,SITE011,Wheel Loader,2,6,26,Monsoon
2026-06-25,SITE011,Motor Grader,1,6,26,Monsoon
2026-06-25,SITE011,Backhoe Loader,3,6,26,Monsoon
2026-06-25,SITE011,Skid Steer Loader,1,6,26,Monsoon
2026-06-25,SITE011,Road Roller,4,6,26,Monsoon
2026-06-25,SITE011,Dump Truck,3,6,26,Monsoon
2026-06-25,SITE011,Forklift,2,6,26,Monsoon
2026-06-25,SITE012,Excavator,2,6,26,Monsoon
2026-06-25,SITE012,Bulldozer,6,6,26,Monsoon
2026-06-25,SITE012,Wheel Loader,5,6,26,Monsoon
2026-06-25,SITE012,Motor Grader,1,6,26,Monsoon
2026-06-25,SITE012,Backhoe Loader,2,6,26,Monsoon
2026-06-25,SITE012,Skid Steer Loader,3,6,26,Monsoon
2026-06-25,SITE012,Road Roller,3,6,26,Monsoon
2026-06-25,SITE012,Dump Truck,8,6,26,Monsoon
2026-06-25,SITE012,Forklift,2,6,26,Monsoon
2026-06-25,SITE013,Excavator,6,6,26,Monsoon
2026-06-25,SITE013,Bulldozer,1,6,26,Monsoon
2026-06-25,SITE013,Wheel Loader,2,6,26,Monsoon
2026-06-25,SITE013,Motor Grader,1,6,26,Monsoon
2026-06-25,SITE013,Backhoe Loader,0,6,26,Monsoon
2026-06-25,SITE013,Skid Steer Loader,2,6,26,Monsoon
2026-06-25,SITE013,Road Roller,4,6,26,Monsoon
2026-06-25,SITE013,Dump Truck,1,6,26,Monsoon
2026-06-25,SITE013,Forklift,1,6,26,Monsoon
2026-06-25,SITE014,Excavator,6,6,26,Monsoon
2026-06-25,SITE014,Bulldozer,2,6,26,Monsoon
2026-06-25,SITE014,Wheel Loader,2,6,26,Monsoon
2026-06-25,SITE014,Motor Grader,1,6,26,Monsoon
2026-06-25,SITE014,Backhoe Loader,3,6,26,Monsoon
2026-06-25,SITE014,Skid Steer Loader,3,6,26,Monsoon
2026-06-25,SITE014,Road Roller,5,6,26,Monsoon
2026-06-25,SITE014,Dump Truck,2,6,26,Monsoon
2026-06-25,SITE014,Forklift,1,6,26,Monsoon
2026-06-25,SITE015,Excavator,3,6,26,Monsoon
2026-06-25,SITE015,Bulldozer,6,6,26,Monsoon
2026-06-25,SITE015,Wheel Loader,3,6,26,Monsoon
2026-06-25,SITE015,Motor Grader,3,6,26,Monsoon
2026-06-25,SITE015,Backhoe Loader,2,6,26,Monsoon
2026-06-25,SITE015,Skid Steer Loader,6,6,26,Monsoon
2026-06-25,SITE015,Road Roller,3,6,26,Monsoon
2026-06-25,SITE015,Dump Truck,1,6,26,Monsoon
2026-06-25,SITE015,Forklift,3,6,26,Monsoon
2026-06-25,SITE016,Excavator,1,6,26,Monsoon
2026-06-25,SITE016,Bulldozer,3,6,26,Monsoon
2026-06-25,SITE016,Wheel Loader,1,6,26,Monsoon
2026-06-25,SITE016,Motor Grader,4,6,26,Monsoon
2026-06-25,SITE016,Backhoe Loader,1,6,26,Monsoon
2026-06-25,SITE016,Skid Steer Loader,0,6,26,Monsoon
2026-06-25,SITE016,Road Roller,3,6,26,Monsoon
2026-06-25,SITE016,Dump Truck,1,6,26,Monsoon
2026-06-25,SITE016,Forklift,0,6,26,Monsoon
2026-06-25,SITE017,Excavator,4,6,26,Monsoon
2026-06-25,SITE017,Bulldozer,1,6,26,Monsoon
2026-06-25,SITE017,Wheel Loader,0,6,26,Monsoon
2026-06-25,SITE017,Motor Grader,2,6,26,Monsoon
2026-06-25,SITE017,Backhoe Loader,2,6,26,Monsoon
2026-06-25,SITE017,Skid Steer Loader,3,6,26,Monsoon
2026-06-25,SITE017,Road Roller,1,6,26,Monsoon
2026-06-25,SITE017,Dump Truck,1,6,26,Monsoon
2026-06-25,SITE017,Forklift,3,6,26,Monsoon
2026-06-25,SITE018,Excavator,5,6,26,Monsoon
2026-06-25,SITE018,Bulldozer,2,6,26,Monsoon
2026-06-25,SITE018,Wheel Loader,2,6,26,Monsoon
2026-06-25,SITE018,Motor Grader,0,6,26,Monsoon
2026-06-25,SITE018,Backhoe Loader,1,6,26,Monsoon
2026-06-25,SITE018,Skid Steer Loader,2,6,26,Monsoon
2026-06-25,SITE018,Road Roller,2,6,26,Monsoon
2026-06-25,SITE018,Dump Truck,1,6,26,Monsoon
2026-06-25,SITE018,Forklift,3,6,26,Monsoon
2026-06-25,SITE019,Excavator,5,6,26,Monsoon
2026-06-25,SITE019,Bulldozer,3,6,26,Monsoon
2026-06-25,SITE019,Wheel Loader,2,6,26,Monsoon
2026-06-25,SITE019,Motor Grader,2,6,26,Monsoon
2026-06-25,SITE019,Backhoe Loader,4,6,26,Monsoon
2026-06-25,SITE019,Skid Steer Loader,0,6,26,Monsoon
2026-06-25,SITE019,Road Roller,3,6,26,Monsoon
2026-06-25,SITE019,Dump Truck,1,6,26,Monsoon
2026-06-25,SITE019,Forklift,1,6,26,Monsoon
2026-06-25,SITE020,Excavator,2,6,26,Monsoon
2026-06-25,SITE020,Bulldozer,2,6,26,Monsoon
2026-06-25,SITE020,Wheel Loader,1,6,26,Monsoon
2026-06-25,SITE020,Motor Grader,0,6,26,Monsoon
2026-06-25,SITE020,Backhoe Loader,3,6,26,Monsoon
2026-06-25,SITE020,Skid Steer Loader,5,6,26,Monsoon
2026-06-25,SITE020,Road Roller,0,6,26,Monsoon
2026-06-25,SITE020,Dump Truck,1,6,26,Monsoon
2026-06-25,SITE020,Forklift,0,6,26,Monsoon
2026-06-26,SITE001,Excavator,4,6,26,Monsoon
2026-06-26,SITE001,Bulldozer,0,6,26,Monsoon
2026-06-26,SITE001,Wheel Loader,0,6,26,Monsoon
2026-06-26,SITE001,Motor Grader,1,6,26,Monsoon
2026-06-26,SITE001,Backhoe Loader,3,6,26,Monsoon
2026-06-26,SITE001,Skid Steer Loader,1,6,26,Monsoon
2026-06-26,SITE001,Road Roller,1,6,26,Monsoon
2026-06-26,SITE001,Dump Truck,3,6,26,Monsoon
2026-06-26,SITE001,Forklift,1,6,26,Monsoon
2026-06-26,SITE002,Excavator,6,6,26,Monsoon
2026-06-26,SITE002,Bulldozer,3,6,26,Monsoon
2026-06-26,SITE002,Wheel Loader,2,6,26,Monsoon
2026-06-26,SITE002,Motor Grader,4,6,26,Monsoon
2026-06-26,SITE002,Backhoe Loader,1,6,26,Monsoon
2026-06-26,SITE002,Skid Steer Loader,0,6,26,Monsoon
2026-06-26,SITE002,Road Roller,3,6,26,Monsoon
2026-06-26,SITE002,Dump Truck,2,6,26,Monsoon
2026-06-26,SITE002,Forklift,4,6,26,Monsoon
2026-06-26,SITE003,Excavator,3,6,26,Monsoon
2026-06-26,SITE003,Bulldozer,2,6,26,Monsoon
2026-06-26,SITE003,Wheel Loader,1,6,26,Monsoon
2026-06-26,SITE003,Motor Grader,3,6,26,Monsoon
2026-06-26,SITE003,Backhoe Loader,2,6,26,Monsoon
2026-06-26,SITE003,Skid Steer Loader,4,6,26,Monsoon
2026-06-26,SITE003,Road Roller,1,6,26,Monsoon
2026-06-26,SITE003,Dump Truck,1,6,26,Monsoon
2026-06-26,SITE003,Forklift,3,6,26,Monsoon
2026-06-26,SITE004,Excavator,4,6,26,Monsoon
2026-06-26,SITE004,Bulldozer,2,6,26,Monsoon
2026-06-26,SITE004,Wheel Loader,3,6,26,Monsoon
2026-06-26,SITE004,Motor Grader,2,6,26,Monsoon
2026-06-26,SITE004,Backhoe Loader,0,6,26,Monsoon
2026-06-26,SITE004,Skid Steer Loader,2,6,26,Monsoon
2026-06-26,SITE004,Road Roller,2,6,26,Monsoon
2026-06-26,SITE004,Dump Truck,4,6,26,Monsoon
2026-06-26,SITE004,Forklift,1,6,26,Monsoon
2026-06-26,SITE005,Excavator,3,6,26,Monsoon
2026-06-26,SITE005,Bulldozer,3,6,26,Monsoon
2026-06-26,SITE005,Wheel Loader,4,6,26,Monsoon
2026-06-26,SITE005,Motor Grader,2,6,26,Monsoon
2026-06-26,SITE005,Backhoe Loader,3,6,26,Monsoon
2026-06-26,SITE005,Skid Steer Loader,1,6,26,Monsoon
2026-06-26,SITE005,Road Roller,3,6,26,Monsoon
2026-06-26,SITE005,Dump Truck,1,6,26,Monsoon
2026-06-26,SITE005,Forklift,1,6,26,Monsoon
2026-06-26,SITE006,Excavator,3,6,26,Monsoon
2026-06-26,SITE006,Bulldozer,0,6,26,Monsoon
2026-06-26,SITE006,Wheel Loader,3,6,26,Monsoon
2026-06-26,SITE006,Motor Grader,2,6,26,Monsoon
2026-06-26,SITE006,Backhoe Loader,2,6,26,Monsoon
2026-06-26,SITE006,Skid Steer Loader,0,6,26,Monsoon
2026-06-26,SITE006,Road Roller,2,6,26,Monsoon
2026-06-26,SITE006,Dump Truck,4,6,26,Monsoon
2026-06-26,SITE006,Forklift,2,6,26,Monsoon
2026-06-26,SITE007,Excavator,3,6,26,Monsoon
2026-06-26,SITE007,Bulldozer,3,6,26,Monsoon
2026-06-26,SITE007,Wheel Loader,4,6,26,Monsoon
2026-06-26,SITE007,Motor Grader,1,6,26,Monsoon
2026-06-26,SITE007,Backhoe Loader,4,6,26,Monsoon
2026-06-26,SITE007,Skid Steer Loader,1,6,26,Monsoon
2026-06-26,SITE007,Road Roller,2,6,26,Monsoon
2026-06-26,SITE007,Dump Truck,6,6,26,Monsoon
2026-06-26,SITE007,Forklift,6,6,26,Monsoon
2026-06-26,SITE008,Excavator,6,6,26,Monsoon
2026-06-26,SITE008,Bulldozer,3,6,26,Monsoon
2026-06-26,SITE008,Wheel Loader,0,6,26,Monsoon
2026-06-26,SITE008,Motor Grader,0,6,26,Monsoon
2026-06-26,SITE008,Backhoe Loader,5,6,26,Monsoon
2026-06-26,SITE008,Skid Steer Loader,1,6,26,Monsoon
2026-06-26,SITE008,Road Roller,2,6,26,Monsoon
2026-06-26,SITE008,Dump Truck,0,6,26,Monsoon
2026-06-26,SITE008,Forklift,1,6,26,Monsoon
2026-06-26,SITE009,Excavator,3,6,26,Monsoon
2026-06-26,SITE009,Bulldozer,4,6,26,Monsoon
2026-06-26,SITE009,Wheel Loader,1,6,26,Monsoon
2026-06-26,SITE009,Motor Grader,2,6,26,Monsoon
2026-06-26,SITE009,Backhoe Loader,1,6,26,Monsoon
2026-06-26,SITE009,Skid Steer Loader,2,6,26,Monsoon
2026-06-26,SITE009,Road Roller,2,6,26,Monsoon
2026-06-26,SITE009,Dump Truck,3,6,26,Monsoon
2026-06-26,SITE009,Forklift,1,6,26,Monsoon
2026-06-26,SITE010,Excavator,3,6,26,Monsoon
2026-06-26,SITE010,Bulldozer,1,6,26,Monsoon
2026-06-26,SITE010,Wheel Loader,0,6,26,Monsoon
2026-06-26,SITE010,Motor Grader,4,6,26,Monsoon
2026-06-26,SITE010,Backhoe Loader,2,6,26,Monsoon
2026-06-26,SITE010,Skid Steer Loader,1,6,26,Monsoon
2026-06-26,SITE010,Road Roller,5,6,26,Monsoon
2026-06-26,SITE010,Dump Truck,1,6,26,Monsoon
2026-06-26,SITE010,Forklift,3,6,26,Monsoon
2026-06-26,SITE011,Excavator,4,6,26,Monsoon
2026-06-26,SITE011,Bulldozer,1,6,26,Monsoon
2026-06-26,SITE011,Wheel Loader,3,6,26,Monsoon
2026-06-26,SITE011,Motor Grader,2,6,26,Monsoon
2026-06-26,SITE011,Backhoe Loader,0,6,26,Monsoon
2026-06-26,SITE011,Skid Steer Loader,1,6,26,Monsoon
2026-06-26,SITE011,Road Roller,0,6,26,Monsoon
2026-06-26,SITE011,Dump Truck,2,6,26,Monsoon
2026-06-26,SITE011,Forklift,2,6,26,Monsoon
2026-06-26,SITE012,Excavator,5,6,26,Monsoon
2026-06-26,SITE012,Bulldozer,0,6,26,Monsoon
2026-06-26,SITE012,Wheel Loader,4,6,26,Monsoon
2026-06-26,SITE012,Motor Grader,2,6,26,Monsoon
2026-06-26,SITE012,Backhoe Loader,2,6,26,Monsoon
2026-06-26,SITE012,Skid Steer Loader,3,6,26,Monsoon
2026-06-26,SITE012,Road Roller,3,6,26,Monsoon
2026-06-26,SITE012,Dump Truck,1,6,26,Monsoon
2026-06-26,SITE012,Forklift,0,6,26,Monsoon
2026-06-26,SITE013,Excavator,4,6,26,Monsoon
2026-06-26,SITE013,Bulldozer,1,6,26,Monsoon
2026-06-26,SITE013,Wheel Loader,1,6,26,Monsoon
2026-06-26,SITE013,Motor Grader,2,6,26,Monsoon
2026-06-26,SITE013,Backhoe Loader,5,6,26,Monsoon
2026-06-26,SITE013,Skid Steer Loader,5,6,26,Monsoon
2026-06-26,SITE013,Road Roller,3,6,26,Monsoon
2026-06-26,SITE013,Dump Truck,4,6,26,Monsoon
2026-06-26,SITE013,Forklift,3,6,26,Monsoon
2026-06-26,SITE014,Excavator,4,6,26,Monsoon
2026-06-26,SITE014,Bulldozer,4,6,26,Monsoon
2026-06-26,SITE014,Wheel Loader,7,6,26,Monsoon
2026-06-26,SITE014,Motor Grader,1,6,26,Monsoon
2026-06-26,SITE014,Backhoe Loader,2,6,26,Monsoon
2026-06-26,SITE014,Skid Steer Loader,3,6,26,Monsoon
2026-06-26,SITE014,Road Roller,0,6,26,Monsoon
2026-06-26,SITE014,Dump Truck,3,6,26,Monsoon
2026-06-26,SITE014,Forklift,2,6,26,Monsoon
2026-06-26,SITE015,Excavator,4,6,26,Monsoon
2026-06-26,SITE015,Bulldozer,0,6,26,Monsoon
2026-06-26,SITE015,Wheel Loader,2,6,26,Monsoon
2026-06-26,SITE015,Motor Grader,2,6,26,Monsoon
2026-06-26,SITE015,Backhoe Loader,2,6,26,Monsoon
2026-06-26,SITE015,Skid Steer Loader,2,6,26,Monsoon
2026-06-26,SITE015,Road Roller,2,6,26,Monsoon
2026-06-26,SITE015,Dump Truck,4,6,26,Monsoon
2026-06-26,SITE015,Forklift,2,6,26,Monsoon
2026-06-26,SITE016,Excavator,5,6,26,Monsoon
2026-06-26,SITE016,Bulldozer,2,6,26,Monsoon
2026-06-26,SITE016,Wheel Loader,3,6,26,Monsoon
2026-06-26,SITE016,Motor Grader,5,6,26,Monsoon
2026-06-26,SITE016,Backhoe Loader,2,6,26,Monsoon
2026-06-26,SITE016,Skid Steer Loader,1,6,26,Monsoon
2026-06-26,SITE016,Road Roller,5,6,26,Monsoon
2026-06-26,SITE016,Dump Truck,3,6,26,Monsoon
2026-06-26,SITE016,Forklift,2,6,26,Monsoon
2026-06-26,SITE017,Excavator,3,6,26,Monsoon
2026-06-26,SITE017,Bulldozer,2,6,26,Monsoon
2026-06-26,SITE017,Wheel Loader,3,6,26,Monsoon
2026-06-26,SITE017,Motor Grader,2,6,26,Monsoon
2026-06-26,SITE017,Backhoe Loader,2,6,26,Monsoon
2026-06-26,SITE017,Skid Steer Loader,2,6,26,Monsoon
2026-06-26,SITE017,Road Roller,2,6,26,Monsoon
2026-06-26,SITE017,Dump Truck,0,6,26,Monsoon
2026-06-26,SITE017,Forklift,3,6,26,Monsoon
2026-06-26,SITE018,Excavator,1,6,26,Monsoon
2026-06-26,SITE018,Bulldozer,2,6,26,Monsoon
2026-06-26,SITE018,Wheel Loader,3,6,26,Monsoon
2026-06-26,SITE018,Motor Grader,0,6,26,Monsoon
2026-06-26,SITE018,Backhoe Loader,1,6,26,Monsoon
2026-06-26,SITE018,Skid Steer Loader,3,6,26,Monsoon
2026-06-26,SITE018,Road Roller,1,6,26,Monsoon
2026-06-26,SITE018,Dump Truck,3,6,26,Monsoon
2026-06-26,SITE018,Forklift,1,6,26,Monsoon
2026-06-26,SITE019,Excavator,4,6,26,Monsoon
2026-06-26,SITE019,Bulldozer,3,6,26,Monsoon
2026-06-26,SITE019,Wheel Loader,0,6,26,Monsoon
2026-06-26,SITE019,Motor Grader,1,6,26,Monsoon
2026-06-26,SITE019,Backhoe Loader,3,6,26,Monsoon
2026-06-26,SITE019,Skid Steer Loader,1,6,26,Monsoon
2026-06-26,SITE019,Road Roller,5,6,26,Monsoon
2026-06-26,SITE019,Dump Truck,1,6,26,Monsoon
2026-06-26,SITE019,Forklift,1,6,26,Monsoon
2026-06-26,SITE020,Excavator,8,6,26,Monsoon
2026-06-26,SITE020,Bulldozer,1,6,26,Monsoon
2026-06-26,SITE020,Wheel Loader,2,6,26,Monsoon
2026-06-26,SITE020,Motor Grader,1,6,26,Monsoon
2026-06-26,SITE020,Backhoe Loader,1,6,26,Monsoon
2026-06-26,SITE020,Skid Steer Loader,3,6,26,Monsoon
2026-06-26,SITE020,Road Roller,3,6,26,Monsoon
2026-06-26,SITE020,Dump Truck,3,6,26,Monsoon
2026-06-26,SITE020,Forklift,1,6,26,Monsoon
2026-06-27,SITE001,Excavator,2,6,26,Monsoon
2026-06-27,SITE001,Bulldozer,3,6,26,Monsoon
2026-06-27,SITE001,Wheel Loader,2,6,26,Monsoon
2026-06-27,SITE001,Motor Grader,0,6,26,Monsoon
2026-06-27,SITE001,Backhoe Loader,1,6,26,Monsoon
2026-06-27,SITE001,Skid Steer Loader,1,6,26,Monsoon
2026-06-27,SITE001,Road Roller,1,6,26,Monsoon
2026-06-27,SITE001,Dump Truck,3,6,26,Monsoon
2026-06-27,SITE001,Forklift,1,6,26,Monsoon
2026-06-27,SITE002,Excavator,4,6,26,Monsoon
2026-06-27,SITE002,Bulldozer,2,6,26,Monsoon
2026-06-27,SITE002,Wheel Loader,3,6,26,Monsoon
2026-06-27,SITE002,Motor Grader,2,6,26,Monsoon
2026-06-27,SITE002,Backhoe Loader,2,6,26,Monsoon
2026-06-27,SITE002,Skid Steer Loader,2,6,26,Monsoon
2026-06-27,SITE002,Road Roller,5,6,26,Monsoon
2026-06-27,SITE002,Dump Truck,0,6,26,Monsoon
2026-06-27,SITE002,Forklift,2,6,26,Monsoon
2026-06-27,SITE003,Excavator,2,6,26,Monsoon
2026-06-27,SITE003,Bulldozer,2,6,26,Monsoon
2026-06-27,SITE003,Wheel Loader,2,6,26,Monsoon
2026-06-27,SITE003,Motor Grader,0,6,26,Monsoon
2026-06-27,SITE003,Backhoe Loader,3,6,26,Monsoon
2026-06-27,SITE003,Skid Steer Loader,1,6,26,Monsoon
2026-06-27,SITE003,Road Roller,0,6,26,Monsoon
2026-06-27,SITE003,Dump Truck,3,6,26,Monsoon
2026-06-27,SITE003,Forklift,1,6,26,Monsoon
2026-06-27,SITE004,Excavator,6,6,26,Monsoon
2026-06-27,SITE004,Bulldozer,1,6,26,Monsoon
2026-06-27,SITE004,Wheel Loader,4,6,26,Monsoon
2026-06-27,SITE004,Motor Grader,2,6,26,Monsoon
2026-06-27,SITE004,Backhoe Loader,2,6,26,Monsoon
2026-06-27,SITE004,Skid Steer Loader,1,6,26,Monsoon
2026-06-27,SITE004,Road Roller,2,6,26,Monsoon
2026-06-27,SITE004,Dump Truck,0,6,26,Monsoon
2026-06-27,SITE004,Forklift,1,6,26,Monsoon
2026-06-27,SITE005,Excavator,10,6,26,Monsoon
2026-06-27,SITE005,Bulldozer,1,6,26,Monsoon
2026-06-27,SITE005,Wheel Loader,2,6,26,Monsoon
2026-06-27,SITE005,Motor Grader,0,6,26,Monsoon
2026-06-27,SITE005,Backhoe Loader,4,6,26,Monsoon
2026-06-27,SITE005,Skid Steer Loader,2,6,26,Monsoon
2026-06-27,SITE005,Road Roller,2,6,26,Monsoon
2026-06-27,SITE005,Dump Truck,1,6,26,Monsoon
2026-06-27,SITE005,Forklift,3,6,26,Monsoon
2026-06-27,SITE006,Excavator,5,6,26,Monsoon
2026-06-27,SITE006,Bulldozer,2,6,26,Monsoon
2026-06-27,SITE006,Wheel Loader,1,6,26,Monsoon
2026-06-27,SITE006,Motor Grader,0,6,26,Monsoon
2026-06-27,SITE006,Backhoe Loader,4,6,26,Monsoon
2026-06-27,SITE006,Skid Steer Loader,1,6,26,Monsoon
2026-06-27,SITE006,Road Roller,4,6,26,Monsoon
2026-06-27,SITE006,Dump Truck,3,6,26,Monsoon
2026-06-27,SITE006,Forklift,1,6,26,Monsoon
2026-06-27,SITE007,Excavator,3,6,26,Monsoon
2026-06-27,SITE007,Bulldozer,1,6,26,Monsoon
2026-06-27,SITE007,Wheel Loader,0,6,26,Monsoon
2026-06-27,SITE007,Motor Grader,2,6,26,Monsoon
2026-06-27,SITE007,Backhoe Loader,0,6,26,Monsoon
2026-06-27,SITE007,Skid Steer Loader,3,6,26,Monsoon
2026-06-27,SITE007,Road Roller,2,6,26,Monsoon
2026-06-27,SITE007,Dump Truck,2,6,26,Monsoon
2026-06-27,SITE007,Forklift,2,6,26,Monsoon
2026-06-27,SITE008,Excavator,5,6,26,Monsoon
2026-06-27,SITE008,Bulldozer,0,6,26,Monsoon
2026-06-27,SITE008,Wheel Loader,2,6,26,Monsoon
2026-06-27,SITE008,Motor Grader,3,6,26,Monsoon
2026-06-27,SITE008,Backhoe Loader,3,6,26,Monsoon
2026-06-27,SITE008,Skid Steer Loader,1,6,26,Monsoon
2026-06-27,SITE008,Road Roller,1,6,26,Monsoon
2026-06-27,SITE008,Dump Truck,0,6,26,Monsoon
2026-06-27,SITE008,Forklift,2,6,26,Monsoon
2026-06-27,SITE009,Excavator,6,6,26,Monsoon
2026-06-27,SITE009,Bulldozer,1,6,26,Monsoon
2026-06-27,SITE009,Wheel Loader,3,6,26,Monsoon
2026-06-27,SITE009,Motor Grader,2,6,26,Monsoon
2026-06-27,SITE009,Backhoe Loader,2,6,26,Monsoon
2026-06-27,SITE009,Skid Steer Loader,1,6,26,Monsoon
2026-06-27,SITE009,Road Roller,5,6,26,Monsoon
2026-06-27,SITE009,Dump Truck,0,6,26,Monsoon
2026-06-27,SITE009,Forklift,0,6,26,Monsoon
2026-06-27,SITE010,Excavator,6,6,26,Monsoon
2026-06-27,SITE010,Bulldozer,3,6,26,Monsoon
2026-06-27,SITE010,Wheel Loader,3,6,26,Monsoon
2026-06-27,SITE010,Motor Grader,1,6,26,Monsoon
2026-06-27,SITE010,Backhoe Loader,4,6,26,Monsoon
2026-06-27,SITE010,Skid Steer Loader,4,6,26,Monsoon
2026-06-27,SITE010,Road Roller,0,6,26,Monsoon
2026-06-27,SITE010,Dump Truck,3,6,26,Monsoon
2026-06-27,SITE010,Forklift,5,6,26,Monsoon
2026-06-27,SITE011,Excavator,3,6,26,Monsoon
2026-06-27,SITE011,Bulldozer,1,6,26,Monsoon
2026-06-27,SITE011,Wheel Loader,1,6,26,Monsoon
2026-06-27,SITE011,Motor Grader,3,6,26,Monsoon
2026-06-27,SITE011,Backhoe Loader,1,6,26,Monsoon
2026-06-27,SITE011,Skid Steer Loader,0,6,26,Monsoon
2026-06-27,SITE011,Road Roller,2,6,26,Monsoon
2026-06-27,SITE011,Dump Truck,2,6,26,Monsoon
2026-06-27,SITE011,Forklift,0,6,26,Monsoon
2026-06-27,SITE012,Excavator,5,6,26,Monsoon
2026-06-27,SITE012,Bulldozer,0,6,26,Monsoon
2026-06-27,SITE012,Wheel Loader,0,6,26,Monsoon
2026-06-27,SITE012,Motor Grader,1,6,26,Monsoon
2026-06-27,SITE012,Backhoe Loader,2,6,26,Monsoon
2026-06-27,SITE012,Skid Steer Loader,1,6,26,Monsoon
2026-06-27,SITE012,Road Roller,0,6,26,Monsoon
2026-06-27,SITE012,Dump Truck,1,6,26,Monsoon
2026-06-27,SITE012,Forklift,1,6,26,Monsoon
2026-06-27,SITE013,Excavator,4,6,26,Monsoon
2026-06-27,SITE013,Bulldozer,5,6,26,Monsoon
2026-06-27,SITE013,Wheel Loader,3,6,26,Monsoon
2026-06-27,SITE013,Motor Grader,1,6,26,Monsoon
2026-06-27,SITE013,Backhoe Loader,2,6,26,Monsoon
2026-06-27,SITE013,Skid Steer Loader,3,6,26,Monsoon
2026-06-27,SITE013,Road Roller,2,6,26,Monsoon
2026-06-27,SITE013,Dump Truck,3,6,26,Monsoon
2026-06-27,SITE013,Forklift,3,6,26,Monsoon
2026-06-27,SITE014,Excavator,6,6,26,Monsoon
2026-06-27,SITE014,Bulldozer,1,6,26,Monsoon
2026-06-27,SITE014,Wheel Loader,2,6,26,Monsoon
2026-06-27,SITE014,Motor Grader,0,6,26,Monsoon
2026-06-27,SITE014,Backhoe Loader,2,6,26,Monsoon
2026-06-27,SITE014,Skid Steer Loader,2,6,26,Monsoon
2026-06-27,SITE014,Road Roller,1,6,26,Monsoon
2026-06-27,SITE014,Dump Truck,2,6,26,Monsoon
2026-06-27,SITE014,Forklift,2,6,26,Monsoon
2026-06-27,SITE015,Excavator,7,6,26,Monsoon
2026-06-27,SITE015,Bulldozer,2,6,26,Monsoon
2026-06-27,SITE015,Wheel Loader,3,6,26,Monsoon
2026-06-27,SITE015,Motor Grader,1,6,26,Monsoon
2026-06-27,SITE015,Backhoe Loader,3,6,26,Monsoon
2026-06-27,SITE015,Skid Steer Loader,1,6,26,Monsoon
2026-06-27,SITE015,Road Roller,2,6,26,Monsoon
2026-06-27,SITE015,Dump Truck,0,6,26,Monsoon
2026-06-27,SITE015,Forklift,2,6,26,Monsoon
2026-06-27,SITE016,Excavator,3,6,26,Monsoon
2026-06-27,SITE016,Bulldozer,2,6,26,Monsoon
2026-06-27,SITE016,Wheel Loader,0,6,26,Monsoon
2026-06-27,SITE016,Motor Grader,2,6,26,Monsoon
2026-06-27,SITE016,Backhoe Loader,5,6,26,Monsoon
2026-06-27,SITE016,Skid Steer Loader,1,6,26,Monsoon
2026-06-27,SITE016,Road Roller,2,6,26,Monsoon
2026-06-27,SITE016,Dump Truck,3,6,26,Monsoon
2026-06-27,SITE016,Forklift,2,6,26,Monsoon
2026-06-27,SITE017,Excavator,3,6,26,Monsoon
2026-06-27,SITE017,Bulldozer,1,6,26,Monsoon
2026-06-27,SITE017,Wheel Loader,0,6,26,Monsoon
2026-06-27,SITE017,Motor Grader,3,6,26,Monsoon
2026-06-27,SITE017,Backhoe Loader,0,6,26,Monsoon
2026-06-27,SITE017,Skid Steer Loader,1,6,26,Monsoon
2026-06-27,SITE017,Road Roller,0,6,26,Monsoon
2026-06-27,SITE017,Dump Truck,2,6,26,Monsoon
2026-06-27,SITE017,Forklift,2,6,26,Monsoon
2026-06-27,SITE018,Excavator,3,6,26,Monsoon
2026-06-27,SITE018,Bulldozer,1,6,26,Monsoon
2026-06-27,SITE018,Wheel Loader,4,6,26,Monsoon
2026-06-27,SITE018,Motor Grader,2,6,26,Monsoon
2026-06-27,SITE018,Backhoe Loader,1,6,26,Monsoon
2026-06-27,SITE018,Skid Steer Loader,3,6,26,Monsoon
2026-06-27,SITE018,Road Roller,3,6,26,Monsoon
2026-06-27,SITE018,Dump Truck,4,6,26,Monsoon
2026-06-27,SITE018,Forklift,2,6,26,Monsoon
2026-06-27,SITE019,Excavator,4,6,26,Monsoon
2026-06-27,SITE019,Bulldozer,4,6,26,Monsoon
2026-06-27,SITE019,Wheel Loader,0,6,26,Monsoon
2026-06-27,SITE019,Motor Grader,1,6,26,Monsoon
2026-06-27,SITE019,Backhoe Loader,1,6,26,Monsoon
2026-06-27,SITE019,Skid Steer Loader,2,6,26,Monsoon
2026-06-27,SITE019,Road Roller,2,6,26,Monsoon
2026-06-27,SITE019,Dump Truck,4,6,26,Monsoon
2026-06-27,SITE019,Forklift,2,6,26,Monsoon
2026-06-27,SITE020,Excavator,3,6,26,Monsoon
2026-06-27,SITE020,Bulldozer,2,6,26,Monsoon
2026-06-27,SITE020,Wheel Loader,1,6,26,Monsoon
2026-06-27,SITE020,Motor Grader,5,6,26,Monsoon
2026-06-27,SITE020,Backhoe Loader,2,6,26,Monsoon
2026-06-27,SITE020,Skid Steer Loader,2,6,26,Monsoon
2026-06-27,SITE020,Road Roller,1,6,26,Monsoon
2026-06-27,SITE020,Dump Truck,3,6,26,Monsoon
2026-06-27,SITE020,Forklift,1,6,26,Monsoon
2026-06-28,SITE001,Excavator,2,6,26,Monsoon
2026-06-28,SITE001,Bulldozer,0,6,26,Monsoon
2026-06-28,SITE001,Wheel Loader,0,6,26,Monsoon
2026-06-28,SITE001,Motor Grader,4,6,26,Monsoon
2026-06-28,SITE001,Backhoe Loader,0,6,26,Monsoon
2026-06-28,SITE001,Skid Steer Loader,0,6,26,Monsoon
2026-06-28,SITE001,Road Roller,1,6,26,Monsoon
2026-06-28,SITE001,Dump Truck,2,6,26,Monsoon
2026-06-28,SITE001,Forklift,3,6,26,Monsoon
2026-06-28,SITE002,Excavator,3,6,26,Monsoon
2026-06-28,SITE002,Bulldozer,2,6,26,Monsoon
2026-06-28,SITE002,Wheel Loader,3,6,26,Monsoon
2026-06-28,SITE002,Motor Grader,2,6,26,Monsoon
2026-06-28,SITE002,Backhoe Loader,2,6,26,Monsoon
2026-06-28,SITE002,Skid Steer Loader,1,6,26,Monsoon
2026-06-28,SITE002,Road Roller,2,6,26,Monsoon
2026-06-28,SITE002,Dump Truck,2,6,26,Monsoon
2026-06-28,SITE002,Forklift,1,6,26,Monsoon
2026-06-28,SITE003,Excavator,3,6,26,Monsoon
2026-06-28,SITE003,Bulldozer,2,6,26,Monsoon
2026-06-28,SITE003,Wheel Loader,2,6,26,Monsoon
2026-06-28,SITE003,Motor Grader,2,6,26,Monsoon
2026-06-28,SITE003,Backhoe Loader,2,6,26,Monsoon
2026-06-28,SITE003,Skid Steer Loader,1,6,26,Monsoon
2026-06-28,SITE003,Road Roller,1,6,26,Monsoon
2026-06-28,SITE003,Dump Truck,3,6,26,Monsoon
2026-06-28,SITE003,Forklift,1,6,26,Monsoon
2026-06-28,SITE004,Excavator,4,6,26,Monsoon
2026-06-28,SITE004,Bulldozer,3,6,26,Monsoon
2026-06-28,SITE004,Wheel Loader,5,6,26,Monsoon
2026-06-28,SITE004,Motor Grader,0,6,26,Monsoon
2026-06-28,SITE004,Backhoe Loader,2,6,26,Monsoon
2026-06-28,SITE004,Skid Steer Loader,4,6,26,Monsoon
2026-06-28,SITE004,Road Roller,1,6,26,Monsoon
2026-06-28,SITE004,Dump Truck,2,6,26,Monsoon
2026-06-28,SITE004,Forklift,1,6,26,Monsoon
2026-06-28,SITE005,Excavator,3,6,26,Monsoon
2026-06-28,SITE005,Bulldozer,0,6,26,Monsoon
2026-06-28,SITE005,Wheel Loader,0,6,26,Monsoon
2026-06-28,SITE005,Motor Grader,2,6,26,Monsoon
2026-06-28,SITE005,Backhoe Loader,0,6,26,Monsoon
2026-06-28,SITE005,Skid Steer Loader,2,6,26,Monsoon
2026-06-28,SITE005,Road Roller,1,6,26,Monsoon
2026-06-28,SITE005,Dump Truck,0,6,26,Monsoon
2026-06-28,SITE005,Forklift,6,6,26,Monsoon
2026-06-28,SITE006,Excavator,3,6,26,Monsoon
2026-06-28,SITE006,Bulldozer,2,6,26,Monsoon
2026-06-28,SITE006,Wheel Loader,2,6,26,Monsoon
2026-06-28,SITE006,Motor Grader,1,6,26,Monsoon
2026-06-28,SITE006,Backhoe Loader,2,6,26,Monsoon
2026-06-28,SITE006,Skid Steer Loader,1,6,26,Monsoon
2026-06-28,SITE006,Road Roller,2,6,26,Monsoon
2026-06-28,SITE006,Dump Truck,2,6,26,Monsoon
2026-06-28,SITE006,Forklift,3,6,26,Monsoon
2026-06-28,SITE007,Excavator,1,6,26,Monsoon
2026-06-28,SITE007,Bulldozer,2,6,26,Monsoon
2026-06-28,SITE007,Wheel Loader,1,6,26,Monsoon
2026-06-28,SITE007,Motor Grader,2,6,26,Monsoon
2026-06-28,SITE007,Backhoe Loader,3,6,26,Monsoon
2026-06-28,SITE007,Skid Steer Loader,3,6,26,Monsoon
2026-06-28,SITE007,Road Roller,0,6,26,Monsoon
2026-06-28,SITE007,Dump Truck,5,6,26,Monsoon
2026-06-28,SITE007,Forklift,4,6,26,Monsoon
2026-06-28,SITE008,Excavator,2,6,26,Monsoon
2026-06-28,SITE008,Bulldozer,4,6,26,Monsoon
2026-06-28,SITE008,Wheel Loader,1,6,26,Monsoon
2026-06-28,SITE008,Motor Grader,5,6,26,Monsoon
2026-06-28,SITE008,Backhoe Loader,3,6,26,Monsoon
2026-06-28,SITE008,Skid Steer Loader,1,6,26,Monsoon
2026-06-28,SITE008,Road Roller,1,6,26,Monsoon
2026-06-28,SITE008,Dump Truck,2,6,26,Monsoon
2026-06-28,SITE008,Forklift,4,6,26,Monsoon
2026-06-28,SITE009,Excavator,3,6,26,Monsoon
2026-06-28,SITE009,Bulldozer,1,6,26,Monsoon
2026-06-28,SITE009,Wheel Loader,4,6,26,Monsoon
2026-06-28,SITE009,Motor Grader,1,6,26,Monsoon
2026-06-28,SITE009,Backhoe Loader,2,6,26,Monsoon
2026-06-28,SITE009,Skid Steer Loader,1,6,26,Monsoon
2026-06-28,SITE009,Road Roller,4,6,26,Monsoon
2026-06-28,SITE009,Dump Truck,0,6,26,Monsoon
2026-06-28,SITE009,Forklift,2,6,26,Monsoon
2026-06-28,SITE010,Excavator,1,6,26,Monsoon
2026-06-28,SITE010,Bulldozer,0,6,26,Monsoon
2026-06-28,SITE010,Wheel Loader,2,6,26,Monsoon
2026-06-28,SITE010,Motor Grader,1,6,26,Monsoon
2026-06-28,SITE010,Backhoe Loader,3,6,26,Monsoon
2026-06-28,SITE010,Skid Steer Loader,2,6,26,Monsoon
2026-06-28,SITE010,Road Roller,2,6,26,Monsoon
2026-06-28,SITE010,Dump Truck,2,6,26,Monsoon
2026-06-28,SITE010,Forklift,5,6,26,Monsoon
2026-06-28,SITE011,Excavator,9,6,26,Monsoon
2026-06-28,SITE011,Bulldozer,1,6,26,Monsoon
2026-06-28,SITE011,Wheel Loader,0,6,26,Monsoon
2026-06-28,SITE011,Motor Grader,2,6,26,Monsoon
2026-06-28,SITE011,Backhoe Loader,7,6,26,Monsoon
2026-06-28,SITE011,Skid Steer Loader,1,6,26,Monsoon
2026-06-28,SITE011,Road Roller,1,6,26,Monsoon
2026-06-28,SITE011,Dump Truck,2,6,26,Monsoon
2026-06-28,SITE011,Forklift,1,6,26,Monsoon
2026-06-28,SITE012,Excavator,2,6,26,Monsoon
2026-06-28,SITE012,Bulldozer,1,6,26,Monsoon
2026-06-28,SITE012,Wheel Loader,0,6,26,Monsoon
2026-06-28,SITE012,Motor Grader,2,6,26,Monsoon
2026-06-28,SITE012,Backhoe Loader,6,6,26,Monsoon
2026-06-28,SITE012,Skid Steer Loader,1,6,26,Monsoon
2026-06-28,SITE012,Road Roller,7,6,26,Monsoon
2026-06-28,SITE012,Dump Truck,1,6,26,Monsoon
2026-06-28,SITE012,Forklift,2,6,26,Monsoon
2026-06-28,SITE013,Excavator,4,6,26,Monsoon
2026-06-28,SITE013,Bulldozer,1,6,26,Monsoon
2026-06-28,SITE013,Wheel Loader,3,6,26,Monsoon
2026-06-28,SITE013,Motor Grader,2,6,26,Monsoon
2026-06-28,SITE013,Backhoe Loader,1,6,26,Monsoon
2026-06-28,SITE013,Skid Steer Loader,3,6,26,Monsoon
2026-06-28,SITE013,Road Roller,3,6,26,Monsoon
2026-06-28,SITE013,Dump Truck,2,6,26,Monsoon
2026-06-28,SITE013,Forklift,2,6,26,Monsoon
2026-06-28,SITE014,Excavator,8,6,26,Monsoon
2026-06-28,SITE014,Bulldozer,3,6,26,Monsoon
2026-06-28,SITE014,Wheel Loader,3,6,26,Monsoon
2026-06-28,SITE014,Motor Grader,4,6,26,Monsoon
2026-06-28,SITE014,Backhoe Loader,3,6,26,Monsoon
2026-06-28,SITE014,Skid Steer Loader,2,6,26,Monsoon
2026-06-28,SITE014,Road Roller,2,6,26,Monsoon
2026-06-28,SITE014,Dump Truck,3,6,26,Monsoon
2026-06-28,SITE014,Forklift,2,6,26,Monsoon
2026-06-28,SITE015,Excavator,3,6,26,Monsoon
2026-06-28,SITE015,Bulldozer,2,6,26,Monsoon
2026-06-28,SITE015,Wheel Loader,0,6,26,Monsoon
2026-06-28,SITE015,Motor Grader,1,6,26,Monsoon
2026-06-28,SITE015,Backhoe Loader,1,6,26,Monsoon
2026-06-28,SITE015,Skid Steer Loader,2,6,26,Monsoon
2026-06-28,SITE015,Road Roller,5,6,26,Monsoon
2026-06-28,SITE015,Dump Truck,1,6,26,Monsoon
2026-06-28,SITE015,Forklift,2,6,26,Monsoon
2026-06-28,SITE016,Excavator,5,6,26,Monsoon
2026-06-28,SITE016,Bulldozer,1,6,26,Monsoon
2026-06-28,SITE016,Wheel Loader,1,6,26,Monsoon
2026-06-28,SITE016,Motor Grader,3,6,26,Monsoon
2026-06-28,SITE016,Backhoe Loader,1,6,26,Monsoon
2026-06-28,SITE016,Skid Steer Loader,1,6,26,Monsoon
2026-06-28,SITE016,Road Roller,2,6,26,Monsoon
2026-06-28,SITE016,Dump Truck,0,6,26,Monsoon
2026-06-28,SITE016,Forklift,1,6,26,Monsoon
2026-06-28,SITE017,Excavator,7,6,26,Monsoon
2026-06-28,SITE017,Bulldozer,3,6,26,Monsoon
2026-06-28,SITE017,Wheel Loader,1,6,26,Monsoon
2026-06-28,SITE017,Motor Grader,3,6,26,Monsoon
2026-06-28,SITE017,Backhoe Loader,0,6,26,Monsoon
2026-06-28,SITE017,Skid Steer Loader,3,6,26,Monsoon
2026-06-28,SITE017,Road Roller,3,6,26,Monsoon
2026-06-28,SITE017,Dump Truck,1,6,26,Monsoon
2026-06-28,SITE017,Forklift,1,6,26,Monsoon
2026-06-28,SITE018,Excavator,5,6,26,Monsoon
2026-06-28,SITE018,Bulldozer,4,6,26,Monsoon
2026-06-28,SITE018,Wheel Loader,1,6,26,Monsoon
2026-06-28,SITE018,Motor Grader,3,6,26,Monsoon
2026-06-28,SITE018,Backhoe Loader,1,6,26,Monsoon
2026-06-28,SITE018,Skid Steer Loader,2,6,26,Monsoon
2026-06-28,SITE018,Road Roller,1,6,26,Monsoon
2026-06-28,SITE018,Dump Truck,1,6,26,Monsoon
2026-06-28,SITE018,Forklift,2,6,26,Monsoon
2026-06-28,SITE019,Excavator,4,6,26,Monsoon
2026-06-28,SITE019,Bulldozer,1,6,26,Monsoon
2026-06-28,SITE019,Wheel Loader,4,6,26,Monsoon
2026-06-28,SITE019,Motor Grader,1,6,26,Monsoon
2026-06-28,SITE019,Backhoe Loader,2,6,26,Monsoon
2026-06-28,SITE019,Skid Steer Loader,2,6,26,Monsoon
2026-06-28,SITE019,Road Roller,0,6,26,Monsoon
2026-06-28,SITE019,Dump Truck,2,6,26,Monsoon
2026-06-28,SITE019,Forklift,0,6,26,Monsoon
2026-06-28,SITE020,Excavator,3,6,26,Monsoon
2026-06-28,SITE020,Bulldozer,0,6,26,Monsoon
2026-06-28,SITE020,Wheel Loader,3,6,26,Monsoon
2026-06-28,SITE020,Motor Grader,0,6,26,Monsoon
2026-06-28,SITE020,Backhoe Loader,1,6,26,Monsoon
2026-06-28,SITE020,Skid Steer Loader,2,6,26,Monsoon
2026-06-28,SITE020,Road Roller,0,6,26,Monsoon
2026-06-28,SITE020,Dump Truck,3,6,26,Monsoon
2026-06-28,SITE020,Forklift,1,6,26,Monsoon
2026-06-29,SITE001,Excavator,6,6,27,Monsoon
2026-06-29,SITE001,Bulldozer,4,6,27,Monsoon
2026-06-29,SITE001,Wheel Loader,2,6,27,Monsoon
2026-06-29,SITE001,Motor Grader,3,6,27,Monsoon
2026-06-29,SITE001,Backhoe Loader,1,6,27,Monsoon
2026-06-29,SITE001,Skid Steer Loader,1,6,27,Monsoon
2026-06-29,SITE001,Road Roller,1,6,27,Monsoon
2026-06-29,SITE001,Dump Truck,3,6,27,Monsoon
2026-06-29,SITE001,Forklift,0,6,27,Monsoon
2026-06-29,SITE002,Excavator,3,6,27,Monsoon
2026-06-29,SITE002,Bulldozer,3,6,27,Monsoon
2026-06-29,SITE002,Wheel Loader,5,6,27,Monsoon
2026-06-29,SITE002,Motor Grader,2,6,27,Monsoon
2026-06-29,SITE002,Backhoe Loader,1,6,27,Monsoon
2026-06-29,SITE002,Skid Steer Loader,3,6,27,Monsoon
2026-06-29,SITE002,Road Roller,2,6,27,Monsoon
2026-06-29,SITE002,Dump Truck,2,6,27,Monsoon
2026-06-29,SITE002,Forklift,2,6,27,Monsoon
2026-06-29,SITE003,Excavator,3,6,27,Monsoon
2026-06-29,SITE003,Bulldozer,4,6,27,Monsoon
2026-06-29,SITE003,Wheel Loader,1,6,27,Monsoon
2026-06-29,SITE003,Motor Grader,1,6,27,Monsoon
2026-06-29,SITE003,Backhoe Loader,3,6,27,Monsoon
2026-06-29,SITE003,Skid Steer Loader,0,6,27,Monsoon
2026-06-29,SITE003,Road Roller,3,6,27,Monsoon
2026-06-29,SITE003,Dump Truck,1,6,27,Monsoon
2026-06-29,SITE003,Forklift,0,6,27,Monsoon
2026-06-29,SITE004,Excavator,2,6,27,Monsoon
2026-06-29,SITE004,Bulldozer,0,6,27,Monsoon
2026-06-29,SITE004,Wheel Loader,2,6,27,Monsoon
2026-06-29,SITE004,Motor Grader,2,6,27,Monsoon
2026-06-29,SITE004,Backhoe Loader,1,6,27,Monsoon
2026-06-29,SITE004,Skid Steer Loader,0,6,27,Monsoon
2026-06-29,SITE004,Road Roller,4,6,27,Monsoon
2026-06-29,SITE004,Dump Truck,1,6,27,Monsoon
2026-06-29,SITE004,Forklift,3,6,27,Monsoon
2026-06-29,SITE005,Excavator,1,6,27,Monsoon
2026-06-29,SITE005,Bulldozer,0,6,27,Monsoon
2026-06-29,SITE005,Wheel Loader,0,6,27,Monsoon
2026-06-29,SITE005,Motor Grader,1,6,27,Monsoon
2026-06-29,SITE005,Backhoe Loader,2,6,27,Monsoon
2026-06-29,SITE005,Skid Steer Loader,1,6,27,Monsoon
2026-06-29,SITE005,Road Roller,2,6,27,Monsoon
2026-06-29,SITE005,Dump Truck,2,6,27,Monsoon
2026-06-29,SITE005,Forklift,2,6,27,Monsoon
2026-06-29,SITE006,Excavator,5,6,27,Monsoon
2026-06-29,SITE006,Bulldozer,1,6,27,Monsoon
2026-06-29,SITE006,Wheel Loader,2,6,27,Monsoon
2026-06-29,SITE006,Motor Grader,0,6,27,Monsoon
2026-06-29,SITE006,Backhoe Loader,5,6,27,Monsoon
2026-06-29,SITE006,Skid Steer Loader,3,6,27,Monsoon
2026-06-29,SITE006,Road Roller,6,6,27,Monsoon
2026-06-29,SITE006,Dump Truck,1,6,27,Monsoon
2026-06-29,SITE006,Forklift,1,6,27,Monsoon
2026-06-29,SITE007,Excavator,2,6,27,Monsoon
2026-06-29,SITE007,Bulldozer,4,6,27,Monsoon
2026-06-29,SITE007,Wheel Loader,0,6,27,Monsoon
2026-06-29,SITE007,Motor Grader,2,6,27,Monsoon
2026-06-29,SITE007,Backhoe Loader,4,6,27,Monsoon
2026-06-29,SITE007,Skid Steer Loader,3,6,27,Monsoon
2026-06-29,SITE007,Road Roller,2,6,27,Monsoon
2026-06-29,SITE007,Dump Truck,1,6,27,Monsoon
2026-06-29,SITE007,Forklift,2,6,27,Monsoon
2026-06-29,SITE008,Excavator,4,6,27,Monsoon
2026-06-29,SITE008,Bulldozer,2,6,27,Monsoon
2026-06-29,SITE008,Wheel Loader,2,6,27,Monsoon
2026-06-29,SITE008,Motor Grader,0,6,27,Monsoon
2026-06-29,SITE008,Backhoe Loader,0,6,27,Monsoon
2026-06-29,SITE008,Skid Steer Loader,5,6,27,Monsoon
2026-06-29,SITE008,Road Roller,1,6,27,Monsoon
2026-06-29,SITE008,Dump Truck,7,6,27,Monsoon
2026-06-29,SITE008,Forklift,1,6,27,Monsoon
2026-06-29,SITE009,Excavator,7,6,27,Monsoon
2026-06-29,SITE009,Bulldozer,0,6,27,Monsoon
2026-06-29,SITE009,Wheel Loader,4,6,27,Monsoon
2026-06-29,SITE009,Motor Grader,2,6,27,Monsoon
2026-06-29,SITE009,Backhoe Loader,2,6,27,Monsoon
2026-06-29,SITE009,Skid Steer Loader,1,6,27,Monsoon
2026-06-29,SITE009,Road Roller,0,6,27,Monsoon
2026-06-29,SITE009,Dump Truck,1,6,27,Monsoon
2026-06-29,SITE009,Forklift,3,6,27,Monsoon
2026-06-29,SITE010,Excavator,3,6,27,Monsoon
2026-06-29,SITE010,Bulldozer,3,6,27,Monsoon
2026-06-29,SITE010,Wheel Loader,0,6,27,Monsoon
2026-06-29,SITE010,Motor Grader,0,6,27,Monsoon
2026-06-29,SITE010,Backhoe Loader,3,6,27,Monsoon
2026-06-29,SITE010,Skid Steer Loader,1,6,27,Monsoon
2026-06-29,SITE010,Road Roller,4,6,27,Monsoon
2026-06-29,SITE010,Dump Truck,3,6,27,Monsoon
2026-06-29,SITE010,Forklift,3,6,27,Monsoon
2026-06-29,SITE011,Excavator,1,6,27,Monsoon
2026-06-29,SITE011,Bulldozer,5,6,27,Monsoon
2026-06-29,SITE011,Wheel Loader,1,6,27,Monsoon
2026-06-29,SITE011,Motor Grader,1,6,27,Monsoon
2026-06-29,SITE011,Backhoe Loader,2,6,27,Monsoon
2026-06-29,SITE011,Skid Steer Loader,0,6,27,Monsoon
2026-06-29,SITE011,Road Roller,1,6,27,Monsoon
2026-06-29,SITE011,Dump Truck,1,6,27,Monsoon
2026-06-29,SITE011,Forklift,0,6,27,Monsoon
2026-06-29,SITE012,Excavator,10,6,27,Monsoon
2026-06-29,SITE012,Bulldozer,0,6,27,Monsoon
2026-06-29,SITE012,Wheel Loader,1,6,27,Monsoon
2026-06-29,SITE012,Motor Grader,2,6,27,Monsoon
2026-06-29,SITE012,Backhoe Loader,3,6,27,Monsoon
2026-06-29,SITE012,Skid Steer Loader,3,6,27,Monsoon
2026-06-29,SITE012,Road Roller,4,6,27,Monsoon
2026-06-29,SITE012,Dump Truck,4,6,27,Monsoon
2026-06-29,SITE012,Forklift,2,6,27,Monsoon
2026-06-29,SITE013,Excavator,1,6,27,Monsoon
2026-06-29,SITE013,Bulldozer,5,6,27,Monsoon
2026-06-29,SITE013,Wheel Loader,1,6,27,Monsoon
2026-06-29,SITE013,Motor Grader,6,6,27,Monsoon
2026-06-29,SITE013,Backhoe Loader,3,6,27,Monsoon
2026-06-29,SITE013,Skid Steer Loader,1,6,27,Monsoon
2026-06-29,SITE013,Road Roller,1,6,27,Monsoon
2026-06-29,SITE013,Dump Truck,2,6,27,Monsoon
2026-06-29,SITE013,Forklift,4,6,27,Monsoon
2026-06-29,SITE014,Excavator,2,6,27,Monsoon
2026-06-29,SITE014,Bulldozer,2,6,27,Monsoon
2026-06-29,SITE014,Wheel Loader,2,6,27,Monsoon
2026-06-29,SITE014,Motor Grader,0,6,27,Monsoon
2026-06-29,SITE014,Backhoe Loader,1,6,27,Monsoon
2026-06-29,SITE014,Skid Steer Loader,3,6,27,Monsoon
2026-06-29,SITE014,Road Roller,2,6,27,Monsoon
2026-06-29,SITE014,Dump Truck,0,6,27,Monsoon
2026-06-29,SITE014,Forklift,1,6,27,Monsoon
2026-06-29,SITE015,Excavator,3,6,27,Monsoon
2026-06-29,SITE015,Bulldozer,1,6,27,Monsoon
2026-06-29,SITE015,Wheel Loader,1,6,27,Monsoon
2026-06-29,SITE015,Motor Grader,3,6,27,Monsoon
2026-06-29,SITE015,Backhoe Loader,0,6,27,Monsoon
2026-06-29,SITE015,Skid Steer Loader,3,6,27,Monsoon
2026-06-29,SITE015,Road Roller,3,6,27,Monsoon
2026-06-29,SITE015,Dump Truck,2,6,27,Monsoon
2026-06-29,SITE015,Forklift,1,6,27,Monsoon
2026-06-29,SITE016,Excavator,4,6,27,Monsoon
2026-06-29,SITE016,Bulldozer,1,6,27,Monsoon
2026-06-29,SITE016,Wheel Loader,3,6,27,Monsoon
2026-06-29,SITE016,Motor Grader,1,6,27,Monsoon
2026-06-29,SITE016,Backhoe Loader,3,6,27,Monsoon
2026-06-29,SITE016,Skid Steer Loader,2,6,27,Monsoon
2026-06-29,SITE016,Road Roller,2,6,27,Monsoon
2026-06-29,SITE016,Dump Truck,3,6,27,Monsoon
2026-06-29,SITE016,Forklift,0,6,27,Monsoon
2026-06-29,SITE017,Excavator,5,6,27,Monsoon
2026-06-29,SITE017,Bulldozer,3,6,27,Monsoon
2026-06-29,SITE017,Wheel Loader,4,6,27,Monsoon
2026-06-29,SITE017,Motor Grader,5,6,27,Monsoon
2026-06-29,SITE017,Backhoe Loader,3,6,27,Monsoon
2026-06-29,SITE017,Skid Steer Loader,0,6,27,Monsoon
2026-06-29,SITE017,Road Roller,0,6,27,Monsoon
2026-06-29,SITE017,Dump Truck,1,6,27,Monsoon
2026-06-29,SITE017,Forklift,3,6,27,Monsoon
2026-06-29,SITE018,Excavator,3,6,27,Monsoon
2026-06-29,SITE018,Bulldozer,3,6,27,Monsoon
2026-06-29,SITE018,Wheel Loader,3,6,27,Monsoon
2026-06-29,SITE018,Motor Grader,0,6,27,Monsoon
2026-06-29,SITE018,Backhoe Loader,2,6,27,Monsoon
2026-06-29,SITE018,Skid Steer Loader,2,6,27,Monsoon
2026-06-29,SITE018,Road Roller,3,6,27,Monsoon
2026-06-29,SITE018,Dump Truck,1,6,27,Monsoon
2026-06-29,SITE018,Forklift,1,6,27,Monsoon
2026-06-29,SITE019,Excavator,3,6,27,Monsoon
2026-06-29,SITE019,Bulldozer,4,6,27,Monsoon
2026-06-29,SITE019,Wheel Loader,2,6,27,Monsoon
2026-06-29,SITE019,Motor Grader,2,6,27,Monsoon
2026-06-29,SITE019,Backhoe Loader,4,6,27,Monsoon
2026-06-29,SITE019,Skid Steer Loader,2,6,27,Monsoon
2026-06-29,SITE019,Road Roller,1,6,27,Monsoon
2026-06-29,SITE019,Dump Truck,1,6,27,Monsoon
2026-06-29,SITE019,Forklift,8,6,27,Monsoon
2026-06-29,SITE020,Excavator,4,6,27,Monsoon
2026-06-29,SITE020,Bulldozer,4,6,27,Monsoon
2026-06-29,SITE020,Wheel Loader,4,6,27,Monsoon
2026-06-29,SITE020,Motor Grader,2,6,27,Monsoon
2026-06-29,SITE020,Backhoe Loader,2,6,27,Monsoon
2026-06-29,SITE020,Skid Steer Loader,2,6,27,Monsoon
2026-06-29,SITE020,Road Roller,4,6,27,Monsoon
2026-06-29,SITE020,Dump Truck,2,6,27,Monsoon
2026-06-29,SITE020,Forklift,1,6,27,Monsoon
2026-06-30,SITE001,Excavator,3,6,27,Monsoon
2026-06-30,SITE001,Bulldozer,4,6,27,Monsoon
2026-06-30,SITE001,Wheel Loader,0,6,27,Monsoon
2026-06-30,SITE001,Motor Grader,1,6,27,Monsoon
2026-06-30,SITE001,Backhoe Loader,7,6,27,Monsoon
2026-06-30,SITE001,Skid Steer Loader,1,6,27,Monsoon
2026-06-30,SITE001,Road Roller,3,6,27,Monsoon
2026-06-30,SITE001,Dump Truck,1,6,27,Monsoon
2026-06-30,SITE001,Forklift,3,6,27,Monsoon
2026-06-30,SITE002,Excavator,7,6,27,Monsoon
2026-06-30,SITE002,Bulldozer,1,6,27,Monsoon
2026-06-30,SITE002,Wheel Loader,3,6,27,Monsoon
2026-06-30,SITE002,Motor Grader,3,6,27,Monsoon
2026-06-30,SITE002,Backhoe Loader,3,6,27,Monsoon
2026-06-30,SITE002,Skid Steer Loader,1,6,27,Monsoon
2026-06-30,SITE002,Road Roller,2,6,27,Monsoon
2026-06-30,SITE002,Dump Truck,4,6,27,Monsoon
2026-06-30,SITE002,Forklift,3,6,27,Monsoon
2026-06-30,SITE003,Excavator,9,6,27,Monsoon
2026-06-30,SITE003,Bulldozer,2,6,27,Monsoon
2026-06-30,SITE003,Wheel Loader,1,6,27,Monsoon
2026-06-30,SITE003,Motor Grader,2,6,27,Monsoon
2026-06-30,SITE003,Backhoe Loader,2,6,27,Monsoon
2026-06-30,SITE003,Skid Steer Loader,1,6,27,Monsoon
2026-06-30,SITE003,Road Roller,2,6,27,Monsoon
2026-06-30,SITE003,Dump Truck,9,6,27,Monsoon
2026-06-30,SITE003,Forklift,2,6,27,Monsoon
2026-06-30,SITE004,Excavator,6,6,27,Monsoon
2026-06-30,SITE004,Bulldozer,1,6,27,Monsoon
2026-06-30,SITE004,Wheel Loader,1,6,27,Monsoon
2026-06-30,SITE004,Motor Grader,1,6,27,Monsoon
2026-06-30,SITE004,Backhoe Loader,2,6,27,Monsoon
2026-06-30,SITE004,Skid Steer Loader,2,6,27,Monsoon
2026-06-30,SITE004,Road Roller,1,6,27,Monsoon
2026-06-30,SITE004,Dump Truck,4,6,27,Monsoon
2026-06-30,SITE004,Forklift,0,6,27,Monsoon
2026-06-30,SITE005,Excavator,3,6,27,Monsoon
2026-06-30,SITE005,Bulldozer,4,6,27,Monsoon
2026-06-30,SITE005,Wheel Loader,2,6,27,Monsoon
2026-06-30,SITE005,Motor Grader,1,6,27,Monsoon
2026-06-30,SITE005,Backhoe Loader,1,6,27,Monsoon
2026-06-30,SITE005,Skid Steer Loader,4,6,27,Monsoon
2026-06-30,SITE005,Road Roller,3,6,27,Monsoon
2026-06-30,SITE005,Dump Truck,4,6,27,Monsoon
2026-06-30,SITE005,Forklift,3,6,27,Monsoon
2026-06-30,SITE006,Excavator,2,6,27,Monsoon
2026-06-30,SITE006,Bulldozer,5,6,27,Monsoon
2026-06-30,SITE006,Wheel Loader,1,6,27,Monsoon
2026-06-30,SITE006,Motor Grader,0,6,27,Monsoon
2026-06-30,SITE006,Backhoe Loader,0,6,27,Monsoon
2026-06-30,SITE006,Skid Steer Loader,4,6,27,Monsoon
2026-06-30,SITE006,Road Roller,1,6,27,Monsoon
2026-06-30,SITE006,Dump Truck,1,6,27,Monsoon
2026-06-30,SITE006,Forklift,2,6,27,Monsoon
2026-06-30,SITE007,Excavator,5,6,27,Monsoon
2026-06-30,SITE007,Bulldozer,2,6,27,Monsoon
2026-06-30,SITE007,Wheel Loader,3,6,27,Monsoon
2026-06-30,SITE007,Motor Grader,1,6,27,Monsoon
2026-06-30,SITE007,Backhoe Loader,0,6,27,Monsoon
2026-06-30,SITE007,Skid Steer Loader,1,6,27,Monsoon
2026-06-30,SITE007,Road Roller,2,6,27,Monsoon
2026-06-30,SITE007,Dump Truck,2,6,27,Monsoon
2026-06-30,SITE007,Forklift,2,6,27,Monsoon
2026-06-30,SITE008,Excavator,3,6,27,Monsoon
2026-06-30,SITE008,Bulldozer,4,6,27,Monsoon
2026-06-30,SITE008,Wheel Loader,1,6,27,Monsoon
2026-06-30,SITE008,Motor Grader,2,6,27,Monsoon
2026-06-30,SITE008,Backhoe Loader,1,6,27,Monsoon
2026-06-30,SITE008,Skid Steer Loader,5,6,27,Monsoon
2026-06-30,SITE008,Road Roller,1,6,27,Monsoon
2026-06-30,SITE008,Dump Truck,2,6,27,Monsoon
2026-06-30,SITE008,Forklift,0,6,27,Monsoon
2026-06-30,SITE009,Excavator,3,6,27,Monsoon
2026-06-30,SITE009,Bulldozer,3,6,27,Monsoon
2026-06-30,SITE009,Wheel Loader,3,6,27,Monsoon
2026-06-30,SITE009,Motor Grader,1,6,27,Monsoon
2026-06-30,SITE009,Backhoe Loader,4,6,27,Monsoon
2026-06-30,SITE009,Skid Steer Loader,3,6,27,Monsoon
2026-06-30,SITE009,Road Roller,1,6,27,Monsoon
2026-06-30,SITE009,Dump Truck,1,6,27,Monsoon
2026-06-30,SITE009,Forklift,2,6,27,Monsoon
2026-06-30,SITE010,Excavator,7,6,27,Monsoon
2026-06-30,SITE010,Bulldozer,3,6,27,Monsoon
2026-06-30,SITE010,Wheel Loader,5,6,27,Monsoon
2026-06-30,SITE010,Motor Grader,2,6,27,Monsoon
2026-06-30,SITE010,Backhoe Loader,3,6,27,Monsoon
2026-06-30,SITE010,Skid Steer Loader,1,6,27,Monsoon
2026-06-30,SITE010,Road Roller,1,6,27,Monsoon
2026-06-30,SITE010,Dump Truck,3,6,27,Monsoon
2026-06-30,SITE010,Forklift,2,6,27,Monsoon
2026-06-30,SITE011,Excavator,4,6,27,Monsoon
2026-06-30,SITE011,Bulldozer,3,6,27,Monsoon
2026-06-30,SITE011,Wheel Loader,1,6,27,Monsoon
2026-06-30,SITE011,Motor Grader,0,6,27,Monsoon
2026-06-30,SITE011,Backhoe Loader,1,6,27,Monsoon
2026-06-30,SITE011,Skid Steer Loader,4,6,27,Monsoon
2026-06-30,SITE011,Road Roller,2,6,27,Monsoon
2026-06-30,SITE011,Dump Truck,0,6,27,Monsoon
2026-06-30,SITE011,Forklift,0,6,27,Monsoon
2026-06-30,SITE012,Excavator,4,6,27,Monsoon
2026-06-30,SITE012,Bulldozer,1,6,27,Monsoon
2026-06-30,SITE012,Wheel Loader,1,6,27,Monsoon
2026-06-30,SITE012,Motor Grader,4,6,27,Monsoon
2026-06-30,SITE012,Backhoe Loader,4,6,27,Monsoon
2026-06-30,SITE012,Skid Steer Loader,4,6,27,Monsoon
2026-06-30,SITE012,Road Roller,1,6,27,Monsoon
2026-06-30,SITE012,Dump Truck,2,6,27,Monsoon
2026-06-30,SITE012,Forklift,2,6,27,Monsoon
2026-06-30,SITE013,Excavator,3,6,27,Monsoon
2026-06-30,SITE013,Bulldozer,3,6,27,Monsoon
2026-06-30,SITE013,Wheel Loader,1,6,27,Monsoon
2026-06-30,SITE013,Motor Grader,3,6,27,Monsoon
2026-06-30,SITE013,Backhoe Loader,0,6,27,Monsoon
2026-06-30,SITE013,Skid Steer Loader,1,6,27,Monsoon
2026-06-30,SITE013,Road Roller,2,6,27,Monsoon
2026-06-30,SITE013,Dump Truck,1,6,27,Monsoon
2026-06-30,SITE013,Forklift,3,6,27,Monsoon
2026-06-30,SITE014,Excavator,4,6,27,Monsoon
2026-06-30,SITE014,Bulldozer,2,6,27,Monsoon
2026-06-30,SITE014,Wheel Loader,1,6,27,Monsoon
2026-06-30,SITE014,Motor Grader,0,6,27,Monsoon
2026-06-30,SITE014,Backhoe Loader,0,6,27,Monsoon
2026-06-30,SITE014,Skid Steer Loader,3,6,27,Monsoon
2026-06-30,SITE014,Road Roller,0,6,27,Monsoon
2026-06-30,SITE014,Dump Truck,5,6,27,Monsoon
2026-06-30,SITE014,Forklift,0,6,27,Monsoon
2026-06-30,SITE015,Excavator,2,6,27,Monsoon
2026-06-30,SITE015,Bulldozer,2,6,27,Monsoon
2026-06-30,SITE015,Wheel Loader,4,6,27,Monsoon
2026-06-30,SITE015,Motor Grader,1,6,27,Monsoon
2026-06-30,SITE015,Backhoe Loader,3,6,27,Monsoon
2026-06-30,SITE015,Skid Steer Loader,3,6,27,Monsoon
2026-06-30,SITE015,Road Roller,1,6,27,Monsoon
2026-06-30,SITE015,Dump Truck,0,6,27,Monsoon
2026-06-30,SITE015,Forklift,1,6,27,Monsoon
2026-06-30,SITE016,Excavator,3,6,27,Monsoon
2026-06-30,SITE016,Bulldozer,0,6,27,Monsoon
2026-06-30,SITE016,Wheel Loader,0,6,27,Monsoon
2026-06-30,SITE016,Motor Grader,1,6,27,Monsoon
2026-06-30,SITE016,Backhoe Loader,3,6,27,Monsoon
2026-06-30,SITE016,Skid Steer Loader,2,6,27,Monsoon
2026-06-30,SITE016,Road Roller,1,6,27,Monsoon
2026-06-30,SITE016,Dump Truck,0,6,27,Monsoon
2026-06-30,SITE016,Forklift,0,6,27,Monsoon
2026-06-30,SITE017,Excavator,5,6,27,Monsoon
2026-06-30,SITE017,Bulldozer,1,6,27,Monsoon
2026-06-30,SITE017,Wheel Loader,1,6,27,Monsoon
2026-06-30,SITE017,Motor Grader,0,6,27,Monsoon
2026-06-30,SITE017,Backhoe Loader,2,6,27,Monsoon
2026-06-30,SITE017,Skid Steer Loader,1,6,27,Monsoon
2026-06-30,SITE017,Road Roller,0,6,27,Monsoon
2026-06-30,SITE017,Dump Truck,1,6,27,Monsoon
2026-06-30,SITE017,Forklift,3,6,27,Monsoon
2026-06-30,SITE018,Excavator,5,6,27,Monsoon
2026-06-30,SITE018,Bulldozer,3,6,27,Monsoon
2026-06-30,SITE018,Wheel Loader,1,6,27,Monsoon
2026-06-30,SITE018,Motor Grader,2,6,27,Monsoon
2026-06-30,SITE018,Backhoe Loader,3,6,27,Monsoon
2026-06-30,SITE018,Skid Steer Loader,4,6,27,Monsoon
2026-06-30,SITE018,Road Roller,3,6,27,Monsoon
2026-06-30,SITE018,Dump Truck,2,6,27,Monsoon
2026-06-30,SITE018,Forklift,6,6,27,Monsoon
2026-06-30,SITE019,Excavator,4,6,27,Monsoon
2026-06-30,SITE019,Bulldozer,1,6,27,Monsoon
2026-06-30,SITE019,Wheel Loader,1,6,27,Monsoon
2026-06-30,SITE019,Motor Grader,1,6,27,Monsoon
2026-06-30,SITE019,Backhoe Loader,3,6,27,Monsoon
2026-06-30,SITE019,Skid Steer Loader,1,6,27,Monsoon
2026-06-30,SITE019,Road Roller,2,6,27,Monsoon
2026-06-30,SITE019,Dump Truck,2,6,27,Monsoon
2026-06-30,SITE019,Forklift,2,6,27,Monsoon
2026-06-30,SITE020,Excavator,7,6,27,Monsoon
2026-06-30,SITE020,Bulldozer,0,6,27,Monsoon
2026-06-30,SITE020,Wheel Loader,2,6,27,Monsoon
2026-06-30,SITE020,Motor Grader,2,6,27,Monsoon
2026-06-30,SITE020,Backhoe Loader,1,6,27,Monsoon
2026-06-30,SITE020,Skid Steer Loader,6,6,27,Monsoon
2026-06-30,SITE020,Road Roller,3,6,27,Monsoon
2026-06-30,SITE020,Dump Truck,2,6,27,Monsoon
2026-06-30,SITE020,Forklift,3,6,27,Monsoon
2026-07-01,SITE001,Excavator,4,7,27,Monsoon
2026-07-01,SITE001,Bulldozer,3,7,27,Monsoon
2026-07-01,SITE001,Wheel Loader,3,7,27,Monsoon
2026-07-01,SITE001,Motor Grader,3,7,27,Monsoon
2026-07-01,SITE001,Backhoe Loader,0,7,27,Monsoon
2026-07-01,SITE001,Skid Steer Loader,2,7,27,Monsoon
2026-07-01,SITE001,Road Roller,3,7,27,Monsoon
2026-07-01,SITE001,Dump Truck,1,7,27,Monsoon
2026-07-01,SITE001,Forklift,2,7,27,Monsoon
2026-07-01,SITE002,Excavator,4,7,27,Monsoon
2026-07-01,SITE002,Bulldozer,2,7,27,Monsoon
2026-07-01,SITE002,Wheel Loader,3,7,27,Monsoon
2026-07-01,SITE002,Motor Grader,1,7,27,Monsoon
2026-07-01,SITE002,Backhoe Loader,1,7,27,Monsoon
2026-07-01,SITE002,Skid Steer Loader,0,7,27,Monsoon
2026-07-01,SITE002,Road Roller,2,7,27,Monsoon
2026-07-01,SITE002,Dump Truck,2,7,27,Monsoon
2026-07-01,SITE002,Forklift,0,7,27,Monsoon
2026-07-01,SITE003,Excavator,1,7,27,Monsoon
2026-07-01,SITE003,Bulldozer,3,7,27,Monsoon
2026-07-01,SITE003,Wheel Loader,5,7,27,Monsoon
2026-07-01,SITE003,Motor Grader,2,7,27,Monsoon
2026-07-01,SITE003,Backhoe Loader,4,7,27,Monsoon
2026-07-01,SITE003,Skid Steer Loader,2,7,27,Monsoon
2026-07-01,SITE003,Road Roller,1,7,27,Monsoon
2026-07-01,SITE003,Dump Truck,1,7,27,Monsoon
2026-07-01,SITE003,Forklift,2,7,27,Monsoon
2026-07-01,SITE004,Excavator,2,7,27,Monsoon
2026-07-01,SITE004,Bulldozer,2,7,27,Monsoon
2026-07-01,SITE004,Wheel Loader,4,7,27,Monsoon
2026-07-01,SITE004,Motor Grader,2,7,27,Monsoon
2026-07-01,SITE004,Backhoe Loader,2,7,27,Monsoon
2026-07-01,SITE004,Skid Steer Loader,1,7,27,Monsoon
2026-07-01,SITE004,Road Roller,2,7,27,Monsoon
2026-07-01,SITE004,Dump Truck,0,7,27,Monsoon
2026-07-01,SITE004,Forklift,2,7,27,Monsoon
2026-07-01,SITE005,Excavator,6,7,27,Monsoon
2026-07-01,SITE005,Bulldozer,0,7,27,Monsoon
2026-07-01,SITE005,Wheel Loader,1,7,27,Monsoon
2026-07-01,SITE005,Motor Grader,2,7,27,Monsoon
2026-07-01,SITE005,Backhoe Loader,2,7,27,Monsoon
2026-07-01,SITE005,Skid Steer Loader,1,7,27,Monsoon
2026-07-01,SITE005,Road Roller,6,7,27,Monsoon
2026-07-01,SITE005,Dump Truck,0,7,27,Monsoon
2026-07-01,SITE005,Forklift,1,7,27,Monsoon
2026-07-01,SITE006,Excavator,4,7,27,Monsoon
2026-07-01,SITE006,Bulldozer,2,7,27,Monsoon
2026-07-01,SITE006,Wheel Loader,4,7,27,Monsoon
2026-07-01,SITE006,Motor Grader,1,7,27,Monsoon
2026-07-01,SITE006,Backhoe Loader,2,7,27,Monsoon
2026-07-01,SITE006,Skid Steer Loader,1,7,27,Monsoon
2026-07-01,SITE006,Road Roller,0,7,27,Monsoon
2026-07-01,SITE006,Dump Truck,3,7,27,Monsoon
2026-07-01,SITE006,Forklift,1,7,27,Monsoon
2026-07-01,SITE007,Excavator,3,7,27,Monsoon
2026-07-01,SITE007,Bulldozer,2,7,27,Monsoon
2026-07-01,SITE007,Wheel Loader,3,7,27,Monsoon
2026-07-01,SITE007,Motor Grader,2,7,27,Monsoon
2026-07-01,SITE007,Backhoe Loader,2,7,27,Monsoon
2026-07-01,SITE007,Skid Steer Loader,0,7,27,Monsoon
2026-07-01,SITE007,Road Roller,2,7,27,Monsoon
2026-07-01,SITE007,Dump Truck,4,7,27,Monsoon
2026-07-01,SITE007,Forklift,2,7,27,Monsoon
2026-07-01,SITE008,Excavator,5,7,27,Monsoon
2026-07-01,SITE008,Bulldozer,3,7,27,Monsoon
2026-07-01,SITE008,Wheel Loader,2,7,27,Monsoon
2026-07-01,SITE008,Motor Grader,2,7,27,Monsoon
2026-07-01,SITE008,Backhoe Loader,2,7,27,Monsoon
2026-07-01,SITE008,Skid Steer Loader,3,7,27,Monsoon
2026-07-01,SITE008,Road Roller,2,7,27,Monsoon
2026-07-01,SITE008,Dump Truck,1,7,27,Monsoon
2026-07-01,SITE008,Forklift,1,7,27,Monsoon
2026-07-01,SITE009,Excavator,4,7,27,Monsoon
2026-07-01,SITE009,Bulldozer,2,7,27,Monsoon
2026-07-01,SITE009,Wheel Loader,0,7,27,Monsoon
2026-07-01,SITE009,Motor Grader,2,7,27,Monsoon
2026-07-01,SITE009,Backhoe Loader,3,7,27,Monsoon
2026-07-01,SITE009,Skid Steer Loader,0,7,27,Monsoon
2026-07-01,SITE009,Road Roller,4,7,27,Monsoon
2026-07-01,SITE009,Dump Truck,1,7,27,Monsoon
2026-07-01,SITE009,Forklift,1,7,27,Monsoon
2026-07-01,SITE010,Excavator,4,7,27,Monsoon
2026-07-01,SITE010,Bulldozer,0,7,27,Monsoon
2026-07-01,SITE010,Wheel Loader,0,7,27,Monsoon
2026-07-01,SITE010,Motor Grader,2,7,27,Monsoon
2026-07-01,SITE010,Backhoe Loader,2,7,27,Monsoon
2026-07-01,SITE010,Skid Steer Loader,2,7,27,Monsoon
2026-07-01,SITE010,Road Roller,2,7,27,Monsoon
2026-07-01,SITE010,Dump Truck,2,7,27,Monsoon
2026-07-01,SITE010,Forklift,1,7,27,Monsoon
2026-07-01,SITE011,Excavator,6,7,27,Monsoon
2026-07-01,SITE011,Bulldozer,2,7,27,Monsoon
2026-07-01,SITE011,Wheel Loader,5,7,27,Monsoon
2026-07-01,SITE011,Motor Grader,2,7,27,Monsoon
2026-07-01,SITE011,Backhoe Loader,1,7,27,Monsoon
2026-07-01,SITE011,Skid Steer Loader,4,7,27,Monsoon
2026-07-01,SITE011,Road Roller,4,7,27,Monsoon
2026-07-01,SITE011,Dump Truck,2,7,27,Monsoon
2026-07-01,SITE011,Forklift,1,7,27,Monsoon
2026-07-01,SITE012,Excavator,3,7,27,Monsoon
2026-07-01,SITE012,Bulldozer,3,7,27,Monsoon
2026-07-01,SITE012,Wheel Loader,0,7,27,Monsoon
2026-07-01,SITE012,Motor Grader,3,7,27,Monsoon
2026-07-01,SITE012,Backhoe Loader,1,7,27,Monsoon
2026-07-01,SITE012,Skid Steer Loader,3,7,27,Monsoon
2026-07-01,SITE012,Road Roller,1,7,27,Monsoon
2026-07-01,SITE012,Dump Truck,3,7,27,Monsoon
2026-07-01,SITE012,Forklift,2,7,27,Monsoon
2026-07-01,SITE013,Excavator,5,7,27,Monsoon
2026-07-01,SITE013,Bulldozer,2,7,27,Monsoon
2026-07-01,SITE013,Wheel Loader,0,7,27,Monsoon
2026-07-01,SITE013,Motor Grader,2,7,27,Monsoon
2026-07-01,SITE013,Backhoe Loader,0,7,27,Monsoon
2026-07-01,SITE013,Skid Steer Loader,1,7,27,Monsoon
2026-07-01,SITE013,Road Roller,1,7,27,Monsoon
2026-07-01,SITE013,Dump Truck,0,7,27,Monsoon
2026-07-01,SITE013,Forklift,4,7,27,Monsoon
2026-07-01,SITE014,Excavator,5,7,27,Monsoon
2026-07-01,SITE014,Bulldozer,1,7,27,Monsoon
2026-07-01,SITE014,Wheel Loader,2,7,27,Monsoon
2026-07-01,SITE014,Motor Grader,1,7,27,Monsoon
2026-07-01,SITE014,Backhoe Loader,3,7,27,Monsoon
2026-07-01,SITE014,Skid Steer Loader,3,7,27,Monsoon
2026-07-01,SITE014,Road Roller,3,7,27,Monsoon
2026-07-01,SITE014,Dump Truck,1,7,27,Monsoon
2026-07-01,SITE014,Forklift,4,7,27,Monsoon
2026-07-01,SITE015,Excavator,10,7,27,Monsoon
2026-07-01,SITE015,Bulldozer,1,7,27,Monsoon
2026-07-01,SITE015,Wheel Loader,2,7,27,Monsoon
2026-07-01,SITE015,Motor Grader,2,7,27,Monsoon
2026-07-01,SITE015,Backhoe Loader,3,7,27,Monsoon
2026-07-01,SITE015,Skid Steer Loader,2,7,27,Monsoon
2026-07-01,SITE015,Road Roller,5,7,27,Monsoon
2026-07-01,SITE015,Dump Truck,2,7,27,Monsoon
2026-07-01,SITE015,Forklift,4,7,27,Monsoon
2026-07-01,SITE016,Excavator,0,7,27,Monsoon
2026-07-01,SITE016,Bulldozer,3,7,27,Monsoon
2026-07-01,SITE016,Wheel Loader,1,7,27,Monsoon
2026-07-01,SITE016,Motor Grader,1,7,27,Monsoon
2026-07-01,SITE016,Backhoe Loader,2,7,27,Monsoon
2026-07-01,SITE016,Skid Steer Loader,1,7,27,Monsoon
2026-07-01,SITE016,Road Roller,0,7,27,Monsoon
2026-07-01,SITE016,Dump Truck,1,7,27,Monsoon
2026-07-01,SITE016,Forklift,0,7,27,Monsoon
2026-07-01,SITE017,Excavator,5,7,27,Monsoon
2026-07-01,SITE017,Bulldozer,2,7,27,Monsoon
2026-07-01,SITE017,Wheel Loader,0,7,27,Monsoon
2026-07-01,SITE017,Motor Grader,1,7,27,Monsoon
2026-07-01,SITE017,Backhoe Loader,0,7,27,Monsoon
2026-07-01,SITE017,Skid Steer Loader,1,7,27,Monsoon
2026-07-01,SITE017,Road Roller,1,7,27,Monsoon
2026-07-01,SITE017,Dump Truck,2,7,27,Monsoon
2026-07-01,SITE017,Forklift,3,7,27,Monsoon
2026-07-01,SITE018,Excavator,2,7,27,Monsoon
2026-07-01,SITE018,Bulldozer,3,7,27,Monsoon
2026-07-01,SITE018,Wheel Loader,2,7,27,Monsoon
2026-07-01,SITE018,Motor Grader,0,7,27,Monsoon
2026-07-01,SITE018,Backhoe Loader,2,7,27,Monsoon
2026-07-01,SITE018,Skid Steer Loader,1,7,27,Monsoon
2026-07-01,SITE018,Road Roller,0,7,27,Monsoon
2026-07-01,SITE018,Dump Truck,1,7,27,Monsoon
2026-07-01,SITE018,Forklift,0,7,27,Monsoon
2026-07-01,SITE019,Excavator,4,7,27,Monsoon
2026-07-01,SITE019,Bulldozer,0,7,27,Monsoon
2026-07-01,SITE019,Wheel Loader,3,7,27,Monsoon
2026-07-01,SITE019,Motor Grader,1,7,27,Monsoon
2026-07-01,SITE019,Backhoe Loader,2,7,27,Monsoon
2026-07-01,SITE019,Skid Steer Loader,4,7,27,Monsoon
2026-07-01,SITE019,Road Roller,3,7,27,Monsoon
2026-07-01,SITE019,Dump Truck,1,7,27,Monsoon
2026-07-01,SITE019,Forklift,0,7,27,Monsoon
2026-07-01,SITE020,Excavator,8,7,27,Monsoon
2026-07-01,SITE020,Bulldozer,6,7,27,Monsoon
2026-07-01,SITE020,Wheel Loader,1,7,27,Monsoon
2026-07-01,SITE020,Motor Grader,0,7,27,Monsoon
2026-07-01,SITE020,Backhoe Loader,2,7,27,Monsoon
2026-07-01,SITE020,Skid Steer Loader,2,7,27,Monsoon
2026-07-01,SITE020,Road Roller,3,7,27,Monsoon
2026-07-01,SITE020,Dump Truck,3,7,27,Monsoon
2026-07-01,SITE020,Forklift,4,7,27,Monsoon
2026-07-02,SITE001,Excavator,4,7,27,Monsoon
2026-07-02,SITE001,Bulldozer,1,7,27,Monsoon
2026-07-02,SITE001,Wheel Loader,2,7,27,Monsoon
2026-07-02,SITE001,Motor Grader,2,7,27,Monsoon
2026-07-02,SITE001,Backhoe Loader,3,7,27,Monsoon
2026-07-02,SITE001,Skid Steer Loader,3,7,27,Monsoon
2026-07-02,SITE001,Road Roller,1,7,27,Monsoon
2026-07-02,SITE001,Dump Truck,3,7,27,Monsoon
2026-07-02,SITE001,Forklift,0,7,27,Monsoon
2026-07-02,SITE002,Excavator,3,7,27,Monsoon
2026-07-02,SITE002,Bulldozer,4,7,27,Monsoon
2026-07-02,SITE002,Wheel Loader,2,7,27,Monsoon
2026-07-02,SITE002,Motor Grader,4,7,27,Monsoon
2026-07-02,SITE002,Backhoe Loader,2,7,27,Monsoon
2026-07-02,SITE002,Skid Steer Loader,3,7,27,Monsoon
2026-07-02,SITE002,Road Roller,1,7,27,Monsoon
2026-07-02,SITE002,Dump Truck,1,7,27,Monsoon
2026-07-02,SITE002,Forklift,3,7,27,Monsoon
2026-07-02,SITE003,Excavator,3,7,27,Monsoon
2026-07-02,SITE003,Bulldozer,3,7,27,Monsoon
2026-07-02,SITE003,Wheel Loader,0,7,27,Monsoon
2026-07-02,SITE003,Motor Grader,1,7,27,Monsoon
2026-07-02,SITE003,Backhoe Loader,0,7,27,Monsoon
2026-07-02,SITE003,Skid Steer Loader,4,7,27,Monsoon
2026-07-02,SITE003,Road Roller,0,7,27,Monsoon
2026-07-02,SITE003,Dump Truck,0,7,27,Monsoon
2026-07-02,SITE003,Forklift,2,7,27,Monsoon
2026-07-02,SITE004,Excavator,6,7,27,Monsoon
2026-07-02,SITE004,Bulldozer,2,7,27,Monsoon
2026-07-02,SITE004,Wheel Loader,1,7,27,Monsoon
2026-07-02,SITE004,Motor Grader,4,7,27,Monsoon
2026-07-02,SITE004,Backhoe Loader,3,7,27,Monsoon
2026-07-02,SITE004,Skid Steer Loader,2,7,27,Monsoon
2026-07-02,SITE004,Road Roller,4,7,27,Monsoon
2026-07-02,SITE004,Dump Truck,0,7,27,Monsoon
2026-07-02,SITE004,Forklift,1,7,27,Monsoon
2026-07-02,SITE005,Excavator,4,7,27,Monsoon
2026-07-02,SITE005,Bulldozer,4,7,27,Monsoon
2026-07-02,SITE005,Wheel Loader,1,7,27,Monsoon
2026-07-02,SITE005,Motor Grader,1,7,27,Monsoon
2026-07-02,SITE005,Backhoe Loader,3,7,27,Monsoon
2026-07-02,SITE005,Skid Steer Loader,3,7,27,Monsoon
2026-07-02,SITE005,Road Roller,2,7,27,Monsoon
2026-07-02,SITE005,Dump Truck,1,7,27,Monsoon
2026-07-02,SITE005,Forklift,2,7,27,Monsoon
2026-07-02,SITE006,Excavator,7,7,27,Monsoon
2026-07-02,SITE006,Bulldozer,2,7,27,Monsoon
2026-07-02,SITE006,Wheel Loader,3,7,27,Monsoon
2026-07-02,SITE006,Motor Grader,2,7,27,Monsoon
2026-07-02,SITE006,Backhoe Loader,4,7,27,Monsoon
2026-07-02,SITE006,Skid Steer Loader,7,7,27,Monsoon
2026-07-02,SITE006,Road Roller,2,7,27,Monsoon
2026-07-02,SITE006,Dump Truck,1,7,27,Monsoon
2026-07-02,SITE006,Forklift,2,7,27,Monsoon
2026-07-02,SITE007,Excavator,5,7,27,Monsoon
2026-07-02,SITE007,Bulldozer,2,7,27,Monsoon
2026-07-02,SITE007,Wheel Loader,1,7,27,Monsoon
2026-07-02,SITE007,Motor Grader,2,7,27,Monsoon
2026-07-02,SITE007,Backhoe Loader,4,7,27,Monsoon
2026-07-02,SITE007,Skid Steer Loader,5,7,27,Monsoon
2026-07-02,SITE007,Road Roller,5,7,27,Monsoon
2026-07-02,SITE007,Dump Truck,2,7,27,Monsoon
2026-07-02,SITE007,Forklift,0,7,27,Monsoon
2026-07-02,SITE008,Excavator,4,7,27,Monsoon
2026-07-02,SITE008,Bulldozer,1,7,27,Monsoon
2026-07-02,SITE008,Wheel Loader,5,7,27,Monsoon
2026-07-02,SITE008,Motor Grader,1,7,27,Monsoon
2026-07-02,SITE008,Backhoe Loader,4,7,27,Monsoon
2026-07-02,SITE008,Skid Steer Loader,3,7,27,Monsoon
2026-07-02,SITE008,Road Roller,2,7,27,Monsoon
2026-07-02,SITE008,Dump Truck,4,7,27,Monsoon
2026-07-02,SITE008,Forklift,1,7,27,Monsoon
2026-07-02,SITE009,Excavator,8,7,27,Monsoon
2026-07-02,SITE009,Bulldozer,0,7,27,Monsoon
2026-07-02,SITE009,Wheel Loader,2,7,27,Monsoon
2026-07-02,SITE009,Motor Grader,1,7,27,Monsoon
2026-07-02,SITE009,Backhoe Loader,0,7,27,Monsoon
2026-07-02,SITE009,Skid Steer Loader,3,7,27,Monsoon
2026-07-02,SITE009,Road Roller,2,7,27,Monsoon
2026-07-02,SITE009,Dump Truck,1,7,27,Monsoon
2026-07-02,SITE009,Forklift,1,7,27,Monsoon
2026-07-02,SITE010,Excavator,4,7,27,Monsoon
2026-07-02,SITE010,Bulldozer,2,7,27,Monsoon
2026-07-02,SITE010,Wheel Loader,2,7,27,Monsoon
2026-07-02,SITE010,Motor Grader,1,7,27,Monsoon
2026-07-02,SITE010,Backhoe Loader,1,7,27,Monsoon
2026-07-02,SITE010,Skid Steer Loader,4,7,27,Monsoon
2026-07-02,SITE010,Road Roller,1,7,27,Monsoon
2026-07-02,SITE010,Dump Truck,1,7,27,Monsoon
2026-07-02,SITE010,Forklift,3,7,27,Monsoon
2026-07-02,SITE011,Excavator,7,7,27,Monsoon
2026-07-02,SITE011,Bulldozer,1,7,27,Monsoon
2026-07-02,SITE011,Wheel Loader,2,7,27,Monsoon
2026-07-02,SITE011,Motor Grader,2,7,27,Monsoon
2026-07-02,SITE011,Backhoe Loader,2,7,27,Monsoon
2026-07-02,SITE011,Skid Steer Loader,0,7,27,Monsoon
2026-07-02,SITE011,Road Roller,1,7,27,Monsoon
2026-07-02,SITE011,Dump Truck,2,7,27,Monsoon
2026-07-02,SITE011,Forklift,1,7,27,Monsoon
2026-07-02,SITE012,Excavator,5,7,27,Monsoon
2026-07-02,SITE012,Bulldozer,2,7,27,Monsoon
2026-07-02,SITE012,Wheel Loader,1,7,27,Monsoon
2026-07-02,SITE012,Motor Grader,2,7,27,Monsoon
2026-07-02,SITE012,Backhoe Loader,2,7,27,Monsoon
2026-07-02,SITE012,Skid Steer Loader,1,7,27,Monsoon
2026-07-02,SITE012,Road Roller,1,7,27,Monsoon
2026-07-02,SITE012,Dump Truck,5,7,27,Monsoon
2026-07-02,SITE012,Forklift,1,7,27,Monsoon
2026-07-02,SITE013,Excavator,4,7,27,Monsoon
2026-07-02,SITE013,Bulldozer,0,7,27,Monsoon
2026-07-02,SITE013,Wheel Loader,1,7,27,Monsoon
2026-07-02,SITE013,Motor Grader,1,7,27,Monsoon
2026-07-02,SITE013,Backhoe Loader,2,7,27,Monsoon
2026-07-02,SITE013,Skid Steer Loader,4,7,27,Monsoon
2026-07-02,SITE013,Road Roller,1,7,27,Monsoon
2026-07-02,SITE013,Dump Truck,2,7,27,Monsoon
2026-07-02,SITE013,Forklift,0,7,27,Monsoon
2026-07-02,SITE014,Excavator,3,7,27,Monsoon
2026-07-02,SITE014,Bulldozer,3,7,27,Monsoon
2026-07-02,SITE014,Wheel Loader,1,7,27,Monsoon
2026-07-02,SITE014,Motor Grader,2,7,27,Monsoon
2026-07-02,SITE014,Backhoe Loader,0,7,27,Monsoon
2026-07-02,SITE014,Skid Steer Loader,1,7,27,Monsoon
2026-07-02,SITE014,Road Roller,3,7,27,Monsoon
2026-07-02,SITE014,Dump Truck,2,7,27,Monsoon
2026-07-02,SITE014,Forklift,2,7,27,Monsoon
2026-07-02,SITE015,Excavator,8,7,27,Monsoon
2026-07-02,SITE015,Bulldozer,1,7,27,Monsoon
2026-07-02,SITE015,Wheel Loader,0,7,27,Monsoon
2026-07-02,SITE015,Motor Grader,0,7,27,Monsoon
2026-07-02,SITE015,Backhoe Loader,1,7,27,Monsoon
2026-07-02,SITE015,Skid Steer Loader,4,7,27,Monsoon
2026-07-02,SITE015,Road Roller,3,7,27,Monsoon
2026-07-02,SITE015,Dump Truck,3,7,27,Monsoon
2026-07-02,SITE015,Forklift,2,7,27,Monsoon
2026-07-02,SITE016,Excavator,2,7,27,Monsoon
2026-07-02,SITE016,Bulldozer,0,7,27,Monsoon
2026-07-02,SITE016,Wheel Loader,1,7,27,Monsoon
2026-07-02,SITE016,Motor Grader,1,7,27,Monsoon
2026-07-02,SITE016,Backhoe Loader,3,7,27,Monsoon
2026-07-02,SITE016,Skid Steer Loader,3,7,27,Monsoon
2026-07-02,SITE016,Road Roller,3,7,27,Monsoon
2026-07-02,SITE016,Dump Truck,3,7,27,Monsoon
2026-07-02,SITE016,Forklift,1,7,27,Monsoon
2026-07-02,SITE017,Excavator,4,7,27,Monsoon
2026-07-02,SITE017,Bulldozer,4,7,27,Monsoon
2026-07-02,SITE017,Wheel Loader,2,7,27,Monsoon
2026-07-02,SITE017,Motor Grader,3,7,27,Monsoon
2026-07-02,SITE017,Backhoe Loader,0,7,27,Monsoon
2026-07-02,SITE017,Skid Steer Loader,1,7,27,Monsoon
2026-07-02,SITE017,Road Roller,2,7,27,Monsoon
2026-07-02,SITE017,Dump Truck,2,7,27,Monsoon
2026-07-02,SITE017,Forklift,1,7,27,Monsoon
2026-07-02,SITE018,Excavator,5,7,27,Monsoon
2026-07-02,SITE018,Bulldozer,1,7,27,Monsoon
2026-07-02,SITE018,Wheel Loader,2,7,27,Monsoon
2026-07-02,SITE018,Motor Grader,1,7,27,Monsoon
2026-07-02,SITE018,Backhoe Loader,0,7,27,Monsoon
2026-07-02,SITE018,Skid Steer Loader,3,7,27,Monsoon
2026-07-02,SITE018,Road Roller,0,7,27,Monsoon
2026-07-02,SITE018,Dump Truck,3,7,27,Monsoon
2026-07-02,SITE018,Forklift,1,7,27,Monsoon
2026-07-02,SITE019,Excavator,1,7,27,Monsoon
2026-07-02,SITE019,Bulldozer,2,7,27,Monsoon
2026-07-02,SITE019,Wheel Loader,0,7,27,Monsoon
2026-07-02,SITE019,Motor Grader,3,7,27,Monsoon
2026-07-02,SITE019,Backhoe Loader,2,7,27,Monsoon
2026-07-02,SITE019,Skid Steer Loader,2,7,27,Monsoon
2026-07-02,SITE019,Road Roller,3,7,27,Monsoon
2026-07-02,SITE019,Dump Truck,2,7,27,Monsoon
2026-07-02,SITE019,Forklift,2,7,27,Monsoon
2026-07-02,SITE020,Excavator,1,7,27,Monsoon
2026-07-02,SITE020,Bulldozer,4,7,27,Monsoon
2026-07-02,SITE020,Wheel Loader,2,7,27,Monsoon
2026-07-02,SITE020,Motor Grader,2,7,27,Monsoon
2026-07-02,SITE020,Backhoe Loader,2,7,27,Monsoon
2026-07-02,SITE020,Skid Steer Loader,4,7,27,Monsoon
2026-07-02,SITE020,Road Roller,3,7,27,Monsoon
2026-07-02,SITE020,Dump Truck,2,7,27,Monsoon
2026-07-02,SITE020,Forklift,2,7,27,Monsoon
2026-07-03,SITE001,Excavator,5,7,27,Monsoon
2026-07-03,SITE001,Bulldozer,1,7,27,Monsoon
2026-07-03,SITE001,Wheel Loader,3,7,27,Monsoon
2026-07-03,SITE001,Motor Grader,2,7,27,Monsoon
2026-07-03,SITE001,Backhoe Loader,0,7,27,Monsoon
2026-07-03,SITE001,Skid Steer Loader,3,7,27,Monsoon
2026-07-03,SITE001,Road Roller,4,7,27,Monsoon
2026-07-03,SITE001,Dump Truck,4,7,27,Monsoon
2026-07-03,SITE001,Forklift,1,7,27,Monsoon
2026-07-03,SITE002,Excavator,6,7,27,Monsoon
2026-07-03,SITE002,Bulldozer,2,7,27,Monsoon
2026-07-03,SITE002,Wheel Loader,5,7,27,Monsoon
2026-07-03,SITE002,Motor Grader,1,7,27,Monsoon
2026-07-03,SITE002,Backhoe Loader,1,7,27,Monsoon
2026-07-03,SITE002,Skid Steer Loader,1,7,27,Monsoon
2026-07-03,SITE002,Road Roller,4,7,27,Monsoon
2026-07-03,SITE002,Dump Truck,2,7,27,Monsoon
2026-07-03,SITE002,Forklift,1,7,27,Monsoon
2026-07-03,SITE003,Excavator,5,7,27,Monsoon
2026-07-03,SITE003,Bulldozer,0,7,27,Monsoon
2026-07-03,SITE003,Wheel Loader,2,7,27,Monsoon
2026-07-03,SITE003,Motor Grader,1,7,27,Monsoon
2026-07-03,SITE003,Backhoe Loader,3,7,27,Monsoon
2026-07-03,SITE003,Skid Steer Loader,0,7,27,Monsoon
2026-07-03,SITE003,Road Roller,3,7,27,Monsoon
2026-07-03,SITE003,Dump Truck,1,7,27,Monsoon
2026-07-03,SITE003,Forklift,1,7,27,Monsoon
2026-07-03,SITE004,Excavator,3,7,27,Monsoon
2026-07-03,SITE004,Bulldozer,1,7,27,Monsoon
2026-07-03,SITE004,Wheel Loader,3,7,27,Monsoon
2026-07-03,SITE004,Motor Grader,0,7,27,Monsoon
2026-07-03,SITE004,Backhoe Loader,0,7,27,Monsoon
2026-07-03,SITE004,Skid Steer Loader,1,7,27,Monsoon
2026-07-03,SITE004,Road Roller,0,7,27,Monsoon
2026-07-03,SITE004,Dump Truck,1,7,27,Monsoon
2026-07-03,SITE004,Forklift,2,7,27,Monsoon
2026-07-03,SITE005,Excavator,2,7,27,Monsoon
2026-07-03,SITE005,Bulldozer,1,7,27,Monsoon
2026-07-03,SITE005,Wheel Loader,3,7,27,Monsoon
2026-07-03,SITE005,Motor Grader,2,7,27,Monsoon
2026-07-03,SITE005,Backhoe Loader,4,7,27,Monsoon
2026-07-03,SITE005,Skid Steer Loader,2,7,27,Monsoon
2026-07-03,SITE005,Road Roller,0,7,27,Monsoon
2026-07-03,SITE005,Dump Truck,5,7,27,Monsoon
2026-07-03,SITE005,Forklift,3,7,27,Monsoon
2026-07-03,SITE006,Excavator,4,7,27,Monsoon
2026-07-03,SITE006,Bulldozer,1,7,27,Monsoon
2026-07-03,SITE006,Wheel Loader,2,7,27,Monsoon
2026-07-03,SITE006,Motor Grader,2,7,27,Monsoon
2026-07-03,SITE006,Backhoe Loader,1,7,27,Monsoon
2026-07-03,SITE006,Skid Steer Loader,1,7,27,Monsoon
2026-07-03,SITE006,Road Roller,2,7,27,Monsoon
2026-07-03,SITE006,Dump Truck,1,7,27,Monsoon
2026-07-03,SITE006,Forklift,1,7,27,Monsoon
2026-07-03,SITE007,Excavator,3,7,27,Monsoon
2026-07-03,SITE007,Bulldozer,1,7,27,Monsoon
2026-07-03,SITE007,Wheel Loader,0,7,27,Monsoon
2026-07-03,SITE007,Motor Grader,2,7,27,Monsoon
2026-07-03,SITE007,Backhoe Loader,3,7,27,Monsoon
2026-07-03,SITE007,Skid Steer Loader,4,7,27,Monsoon
2026-07-03,SITE007,Road Roller,1,7,27,Monsoon
2026-07-03,SITE007,Dump Truck,2,7,27,Monsoon
2026-07-03,SITE007,Forklift,0,7,27,Monsoon
2026-07-03,SITE008,Excavator,5,7,27,Monsoon
2026-07-03,SITE008,Bulldozer,0,7,27,Monsoon
2026-07-03,SITE008,Wheel Loader,1,7,27,Monsoon
2026-07-03,SITE008,Motor Grader,3,7,27,Monsoon
2026-07-03,SITE008,Backhoe Loader,0,7,27,Monsoon
2026-07-03,SITE008,Skid Steer Loader,0,7,27,Monsoon
2026-07-03,SITE008,Road Roller,0,7,27,Monsoon
2026-07-03,SITE008,Dump Truck,2,7,27,Monsoon
2026-07-03,SITE008,Forklift,2,7,27,Monsoon
2026-07-03,SITE009,Excavator,5,7,27,Monsoon
2026-07-03,SITE009,Bulldozer,2,7,27,Monsoon
2026-07-03,SITE009,Wheel Loader,1,7,27,Monsoon
2026-07-03,SITE009,Motor Grader,0,7,27,Monsoon
2026-07-03,SITE009,Backhoe Loader,1,7,27,Monsoon
2026-07-03,SITE009,Skid Steer Loader,2,7,27,Monsoon
2026-07-03,SITE009,Road Roller,0,7,27,Monsoon
2026-07-03,SITE009,Dump Truck,2,7,27,Monsoon
2026-07-03,SITE009,Forklift,3,7,27,Monsoon
2026-07-03,SITE010,Excavator,9,7,27,Monsoon
2026-07-03,SITE010,Bulldozer,2,7,27,Monsoon
2026-07-03,SITE010,Wheel Loader,2,7,27,Monsoon
2026-07-03,SITE010,Motor Grader,5,7,27,Monsoon
2026-07-03,SITE010,Backhoe Loader,1,7,27,Monsoon
2026-07-03,SITE010,Skid Steer Loader,2,7,27,Monsoon
2026-07-03,SITE010,Road Roller,1,7,27,Monsoon
2026-07-03,SITE010,Dump Truck,0,7,27,Monsoon
2026-07-03,SITE010,Forklift,1,7,27,Monsoon
2026-07-03,SITE011,Excavator,3,7,27,Monsoon
2026-07-03,SITE011,Bulldozer,0,7,27,Monsoon
2026-07-03,SITE011,Wheel Loader,3,7,27,Monsoon
2026-07-03,SITE011,Motor Grader,1,7,27,Monsoon
2026-07-03,SITE011,Backhoe Loader,0,7,27,Monsoon
2026-07-03,SITE011,Skid Steer Loader,1,7,27,Monsoon
2026-07-03,SITE011,Road Roller,2,7,27,Monsoon
2026-07-03,SITE011,Dump Truck,1,7,27,Monsoon
2026-07-03,SITE011,Forklift,4,7,27,Monsoon
2026-07-03,SITE012,Excavator,3,7,27,Monsoon
2026-07-03,SITE012,Bulldozer,1,7,27,Monsoon
2026-07-03,SITE012,Wheel Loader,4,7,27,Monsoon
2026-07-03,SITE012,Motor Grader,3,7,27,Monsoon
2026-07-03,SITE012,Backhoe Loader,4,7,27,Monsoon
2026-07-03,SITE012,Skid Steer Loader,2,7,27,Monsoon
2026-07-03,SITE012,Road Roller,2,7,27,Monsoon
2026-07-03,SITE012,Dump Truck,2,7,27,Monsoon
2026-07-03,SITE012,Forklift,1,7,27,Monsoon
2026-07-03,SITE013,Excavator,7,7,27,Monsoon
2026-07-03,SITE013,Bulldozer,2,7,27,Monsoon
2026-07-03,SITE013,Wheel Loader,3,7,27,Monsoon
2026-07-03,SITE013,Motor Grader,3,7,27,Monsoon
2026-07-03,SITE013,Backhoe Loader,2,7,27,Monsoon
2026-07-03,SITE013,Skid Steer Loader,1,7,27,Monsoon
2026-07-03,SITE013,Road Roller,0,7,27,Monsoon
2026-07-03,SITE013,Dump Truck,0,7,27,Monsoon
2026-07-03,SITE013,Forklift,1,7,27,Monsoon
2026-07-03,SITE014,Excavator,5,7,27,Monsoon
2026-07-03,SITE014,Bulldozer,0,7,27,Monsoon
2026-07-03,SITE014,Wheel Loader,0,7,27,Monsoon
2026-07-03,SITE014,Motor Grader,2,7,27,Monsoon
2026-07-03,SITE014,Backhoe Loader,2,7,27,Monsoon
2026-07-03,SITE014,Skid Steer Loader,1,7,27,Monsoon
2026-07-03,SITE014,Road Roller,5,7,27,Monsoon
2026-07-03,SITE014,Dump Truck,1,7,27,Monsoon
2026-07-03,SITE014,Forklift,6,7,27,Monsoon
2026-07-03,SITE015,Excavator,4,7,27,Monsoon
2026-07-03,SITE015,Bulldozer,2,7,27,Monsoon
2026-07-03,SITE015,Wheel Loader,2,7,27,Monsoon
2026-07-03,SITE015,Motor Grader,2,7,27,Monsoon
2026-07-03,SITE015,Backhoe Loader,2,7,27,Monsoon
2026-07-03,SITE015,Skid Steer Loader,1,7,27,Monsoon
2026-07-03,SITE015,Road Roller,2,7,27,Monsoon
2026-07-03,SITE015,Dump Truck,1,7,27,Monsoon
2026-07-03,SITE015,Forklift,3,7,27,Monsoon
2026-07-03,SITE016,Excavator,6,7,27,Monsoon
2026-07-03,SITE016,Bulldozer,2,7,27,Monsoon
2026-07-03,SITE016,Wheel Loader,4,7,27,Monsoon
2026-07-03,SITE016,Motor Grader,3,7,27,Monsoon
2026-07-03,SITE016,Backhoe Loader,1,7,27,Monsoon
2026-07-03,SITE016,Skid Steer Loader,0,7,27,Monsoon
2026-07-03,SITE016,Road Roller,1,7,27,Monsoon
2026-07-03,SITE016,Dump Truck,1,7,27,Monsoon
2026-07-03,SITE016,Forklift,4,7,27,Monsoon
2026-07-03,SITE017,Excavator,1,7,27,Monsoon
2026-07-03,SITE017,Bulldozer,5,7,27,Monsoon
2026-07-03,SITE017,Wheel Loader,1,7,27,Monsoon
2026-07-03,SITE017,Motor Grader,0,7,27,Monsoon
2026-07-03,SITE017,Backhoe Loader,1,7,27,Monsoon
2026-07-03,SITE017,Skid Steer Loader,0,7,27,Monsoon
2026-07-03,SITE017,Road Roller,6,7,27,Monsoon
2026-07-03,SITE017,Dump Truck,1,7,27,Monsoon
2026-07-03,SITE017,Forklift,6,7,27,Monsoon
2026-07-03,SITE018,Excavator,1,7,27,Monsoon
2026-07-03,SITE018,Bulldozer,0,7,27,Monsoon
2026-07-03,SITE018,Wheel Loader,2,7,27,Monsoon
2026-07-03,SITE018,Motor Grader,3,7,27,Monsoon
2026-07-03,SITE018,Backhoe Loader,3,7,27,Monsoon
2026-07-03,SITE018,Skid Steer Loader,2,7,27,Monsoon
2026-07-03,SITE018,Road Roller,2,7,27,Monsoon
2026-07-03,SITE018,Dump Truck,0,7,27,Monsoon
2026-07-03,SITE018,Forklift,0,7,27,Monsoon
2026-07-03,SITE019,Excavator,2,7,27,Monsoon
2026-07-03,SITE019,Bulldozer,2,7,27,Monsoon
2026-07-03,SITE019,Wheel Loader,2,7,27,Monsoon
2026-07-03,SITE019,Motor Grader,3,7,27,Monsoon
2026-07-03,SITE019,Backhoe Loader,2,7,27,Monsoon
2026-07-03,SITE019,Skid Steer Loader,0,7,27,Monsoon
2026-07-03,SITE019,Road Roller,3,7,27,Monsoon
2026-07-03,SITE019,Dump Truck,1,7,27,Monsoon
2026-07-03,SITE019,Forklift,2,7,27,Monsoon
2026-07-03,SITE020,Excavator,2,7,27,Monsoon
2026-07-03,SITE020,Bulldozer,0,7,27,Monsoon
2026-07-03,SITE020,Wheel Loader,3,7,27,Monsoon
2026-07-03,SITE020,Motor Grader,2,7,27,Monsoon
2026-07-03,SITE020,Backhoe Loader,5,7,27,Monsoon
2026-07-03,SITE020,Skid Steer Loader,1,7,27,Monsoon
2026-07-03,SITE020,Road Roller,0,7,27,Monsoon
2026-07-03,SITE020,Dump Truck,4,7,27,Monsoon
2026-07-03,SITE020,Forklift,1,7,27,Monsoon
2026-07-04,SITE001,Excavator,8,7,27,Monsoon
2026-07-04,SITE001,Bulldozer,3,7,27,Monsoon
2026-07-04,SITE001,Wheel Loader,2,7,27,Monsoon
2026-07-04,SITE001,Motor Grader,0,7,27,Monsoon
2026-07-04,SITE001,Backhoe Loader,0,7,27,Monsoon
2026-07-04,SITE001,Skid Steer Loader,1,7,27,Monsoon
2026-07-04,SITE001,Road Roller,2,7,27,Monsoon
2026-07-04,SITE001,Dump Truck,4,7,27,Monsoon
2026-07-04,SITE001,Forklift,1,7,27,Monsoon
2026-07-04,SITE002,Excavator,7,7,27,Monsoon
2026-07-04,SITE002,Bulldozer,0,7,27,Monsoon
2026-07-04,SITE002,Wheel Loader,2,7,27,Monsoon
2026-07-04,SITE002,Motor Grader,1,7,27,Monsoon
2026-07-04,SITE002,Backhoe Loader,2,7,27,Monsoon
2026-07-04,SITE002,Skid Steer Loader,1,7,27,Monsoon
2026-07-04,SITE002,Road Roller,1,7,27,Monsoon
2026-07-04,SITE002,Dump Truck,1,7,27,Monsoon
2026-07-04,SITE002,Forklift,0,7,27,Monsoon
2026-07-04,SITE003,Excavator,4,7,27,Monsoon
2026-07-04,SITE003,Bulldozer,0,7,27,Monsoon
2026-07-04,SITE003,Wheel Loader,2,7,27,Monsoon
2026-07-04,SITE003,Motor Grader,4,7,27,Monsoon
2026-07-04,SITE003,Backhoe Loader,4,7,27,Monsoon
2026-07-04,SITE003,Skid Steer Loader,1,7,27,Monsoon
2026-07-04,SITE003,Road Roller,1,7,27,Monsoon
2026-07-04,SITE003,Dump Truck,1,7,27,Monsoon
2026-07-04,SITE003,Forklift,3,7,27,Monsoon
2026-07-04,SITE004,Excavator,7,7,27,Monsoon
2026-07-04,SITE004,Bulldozer,3,7,27,Monsoon
2026-07-04,SITE004,Wheel Loader,4,7,27,Monsoon
2026-07-04,SITE004,Motor Grader,3,7,27,Monsoon
2026-07-04,SITE004,Backhoe Loader,5,7,27,Monsoon
2026-07-04,SITE004,Skid Steer Loader,4,7,27,Monsoon
2026-07-04,SITE004,Road Roller,2,7,27,Monsoon
2026-07-04,SITE004,Dump Truck,2,7,27,Monsoon
2026-07-04,SITE004,Forklift,1,7,27,Monsoon
2026-07-04,SITE005,Excavator,3,7,27,Monsoon
2026-07-04,SITE005,Bulldozer,1,7,27,Monsoon
2026-07-04,SITE005,Wheel Loader,0,7,27,Monsoon
2026-07-04,SITE005,Motor Grader,3,7,27,Monsoon
2026-07-04,SITE005,Backhoe Loader,1,7,27,Monsoon
2026-07-04,SITE005,Skid Steer Loader,4,7,27,Monsoon
2026-07-04,SITE005,Road Roller,6,7,27,Monsoon
2026-07-04,SITE005,Dump Truck,1,7,27,Monsoon
2026-07-04,SITE005,Forklift,1,7,27,Monsoon
2026-07-04,SITE006,Excavator,5,7,27,Monsoon
2026-07-04,SITE006,Bulldozer,2,7,27,Monsoon
2026-07-04,SITE006,Wheel Loader,2,7,27,Monsoon
2026-07-04,SITE006,Motor Grader,2,7,27,Monsoon
2026-07-04,SITE006,Backhoe Loader,3,7,27,Monsoon
2026-07-04,SITE006,Skid Steer Loader,2,7,27,Monsoon
2026-07-04,SITE006,Road Roller,1,7,27,Monsoon
2026-07-04,SITE006,Dump Truck,1,7,27,Monsoon
2026-07-04,SITE006,Forklift,4,7,27,Monsoon
2026-07-04,SITE007,Excavator,6,7,27,Monsoon
2026-07-04,SITE007,Bulldozer,3,7,27,Monsoon
2026-07-04,SITE007,Wheel Loader,0,7,27,Monsoon
2026-07-04,SITE007,Motor Grader,2,7,27,Monsoon
2026-07-04,SITE007,Backhoe Loader,0,7,27,Monsoon
2026-07-04,SITE007,Skid Steer Loader,3,7,27,Monsoon
2026-07-04,SITE007,Road Roller,5,7,27,Monsoon
2026-07-04,SITE007,Dump Truck,5,7,27,Monsoon
2026-07-04,SITE007,Forklift,1,7,27,Monsoon
2026-07-04,SITE008,Excavator,4,7,27,Monsoon
2026-07-04,SITE008,Bulldozer,1,7,27,Monsoon
2026-07-04,SITE008,Wheel Loader,2,7,27,Monsoon
2026-07-04,SITE008,Motor Grader,5,7,27,Monsoon
2026-07-04,SITE008,Backhoe Loader,2,7,27,Monsoon
2026-07-04,SITE008,Skid Steer Loader,1,7,27,Monsoon
2026-07-04,SITE008,Road Roller,0,7,27,Monsoon
2026-07-04,SITE008,Dump Truck,1,7,27,Monsoon
2026-07-04,SITE008,Forklift,3,7,27,Monsoon
2026-07-04,SITE009,Excavator,5,7,27,Monsoon
2026-07-04,SITE009,Bulldozer,2,7,27,Monsoon
2026-07-04,SITE009,Wheel Loader,2,7,27,Monsoon
2026-07-04,SITE009,Motor Grader,2,7,27,Monsoon
2026-07-04,SITE009,Backhoe Loader,1,7,27,Monsoon
2026-07-04,SITE009,Skid Steer Loader,0,7,27,Monsoon
2026-07-04,SITE009,Road Roller,4,7,27,Monsoon
2026-07-04,SITE009,Dump Truck,4,7,27,Monsoon
2026-07-04,SITE009,Forklift,2,7,27,Monsoon
2026-07-04,SITE010,Excavator,4,7,27,Monsoon
2026-07-04,SITE010,Bulldozer,1,7,27,Monsoon
2026-07-04,SITE010,Wheel Loader,2,7,27,Monsoon
2026-07-04,SITE010,Motor Grader,0,7,27,Monsoon
2026-07-04,SITE010,Backhoe Loader,2,7,27,Monsoon
2026-07-04,SITE010,Skid Steer Loader,1,7,27,Monsoon
2026-07-04,SITE010,Road Roller,2,7,27,Monsoon
2026-07-04,SITE010,Dump Truck,3,7,27,Monsoon
2026-07-04,SITE010,Forklift,1,7,27,Monsoon
2026-07-04,SITE011,Excavator,6,7,27,Monsoon
2026-07-04,SITE011,Bulldozer,6,7,27,Monsoon
2026-07-04,SITE011,Wheel Loader,4,7,27,Monsoon
2026-07-04,SITE011,Motor Grader,2,7,27,Monsoon
2026-07-04,SITE011,Backhoe Loader,1,7,27,Monsoon
2026-07-04,SITE011,Skid Steer Loader,2,7,27,Monsoon
2026-07-04,SITE011,Road Roller,7,7,27,Monsoon
2026-07-04,SITE011,Dump Truck,3,7,27,Monsoon
2026-07-04,SITE011,Forklift,4,7,27,Monsoon
2026-07-04,SITE012,Excavator,4,7,27,Monsoon
2026-07-04,SITE012,Bulldozer,2,7,27,Monsoon
2026-07-04,SITE012,Wheel Loader,2,7,27,Monsoon
2026-07-04,SITE012,Motor Grader,3,7,27,Monsoon
2026-07-04,SITE012,Backhoe Loader,2,7,27,Monsoon
2026-07-04,SITE012,Skid Steer Loader,2,7,27,Monsoon
2026-07-04,SITE012,Road Roller,0,7,27,Monsoon
2026-07-04,SITE012,Dump Truck,4,7,27,Monsoon
2026-07-04,SITE012,Forklift,1,7,27,Monsoon
2026-07-04,SITE013,Excavator,4,7,27,Monsoon
2026-07-04,SITE013,Bulldozer,1,7,27,Monsoon
2026-07-04,SITE013,Wheel Loader,2,7,27,Monsoon
2026-07-04,SITE013,Motor Grader,0,7,27,Monsoon
2026-07-04,SITE013,Backhoe Loader,1,7,27,Monsoon
2026-07-04,SITE013,Skid Steer Loader,1,7,27,Monsoon
2026-07-04,SITE013,Road Roller,1,7,27,Monsoon
2026-07-04,SITE013,Dump Truck,2,7,27,Monsoon
2026-07-04,SITE013,Forklift,2,7,27,Monsoon
2026-07-04,SITE014,Excavator,4,7,27,Monsoon
2026-07-04,SITE014,Bulldozer,0,7,27,Monsoon
2026-07-04,SITE014,Wheel Loader,2,7,27,Monsoon
2026-07-04,SITE014,Motor Grader,6,7,27,Monsoon
2026-07-04,SITE014,Backhoe Loader,1,7,27,Monsoon
2026-07-04,SITE014,Skid Steer Loader,0,7,27,Monsoon
2026-07-04,SITE014,Road Roller,2,7,27,Monsoon
2026-07-04,SITE014,Dump Truck,2,7,27,Monsoon
2026-07-04,SITE014,Forklift,8,7,27,Monsoon
2026-07-04,SITE015,Excavator,5,7,27,Monsoon
2026-07-04,SITE015,Bulldozer,3,7,27,Monsoon
2026-07-04,SITE015,Wheel Loader,1,7,27,Monsoon
2026-07-04,SITE015,Motor Grader,4,7,27,Monsoon
2026-07-04,SITE015,Backhoe Loader,2,7,27,Monsoon
2026-07-04,SITE015,Skid Steer Loader,3,7,27,Monsoon
2026-07-04,SITE015,Road Roller,1,7,27,Monsoon
2026-07-04,SITE015,Dump Truck,1,7,27,Monsoon
2026-07-04,SITE015,Forklift,3,7,27,Monsoon
2026-07-04,SITE016,Excavator,5,7,27,Monsoon
2026-07-04,SITE016,Bulldozer,2,7,27,Monsoon
2026-07-04,SITE016,Wheel Loader,3,7,27,Monsoon
2026-07-04,SITE016,Motor Grader,4,7,27,Monsoon
2026-07-04,SITE016,Backhoe Loader,3,7,27,Monsoon
2026-07-04,SITE016,Skid Steer Loader,1,7,27,Monsoon
2026-07-04,SITE016,Road Roller,1,7,27,Monsoon
2026-07-04,SITE016,Dump Truck,3,7,27,Monsoon
2026-07-04,SITE016,Forklift,3,7,27,Monsoon
2026-07-04,SITE017,Excavator,5,7,27,Monsoon
2026-07-04,SITE017,Bulldozer,1,7,27,Monsoon
2026-07-04,SITE017,Wheel Loader,2,7,27,Monsoon
2026-07-04,SITE017,Motor Grader,1,7,27,Monsoon
2026-07-04,SITE017,Backhoe Loader,0,7,27,Monsoon
2026-07-04,SITE017,Skid Steer Loader,3,7,27,Monsoon
2026-07-04,SITE017,Road Roller,2,7,27,Monsoon
2026-07-04,SITE017,Dump Truck,6,7,27,Monsoon
2026-07-04,SITE017,Forklift,0,7,27,Monsoon
2026-07-04,SITE018,Excavator,6,7,27,Monsoon
2026-07-04,SITE018,Bulldozer,0,7,27,Monsoon
2026-07-04,SITE018,Wheel Loader,5,7,27,Monsoon
2026-07-04,SITE018,Motor Grader,2,7,27,Monsoon
2026-07-04,SITE018,Backhoe Loader,1,7,27,Monsoon
2026-07-04,SITE018,Skid Steer Loader,2,7,27,Monsoon
2026-07-04,SITE018,Road Roller,5,7,27,Monsoon
2026-07-04,SITE018,Dump Truck,2,7,27,Monsoon
2026-07-04,SITE018,Forklift,1,7,27,Monsoon
2026-07-04,SITE019,Excavator,8,7,27,Monsoon
2026-07-04,SITE019,Bulldozer,3,7,27,Monsoon
2026-07-04,SITE019,Wheel Loader,1,7,27,Monsoon
2026-07-04,SITE019,Motor Grader,1,7,27,Monsoon
2026-07-04,SITE019,Backhoe Loader,0,7,27,Monsoon
2026-07-04,SITE019,Skid Steer Loader,2,7,27,Monsoon
2026-07-04,SITE019,Road Roller,2,7,27,Monsoon
2026-07-04,SITE019,Dump Truck,2,7,27,Monsoon
2026-07-04,SITE019,Forklift,3,7,27,Monsoon
2026-07-04,SITE020,Excavator,4,7,27,Monsoon
2026-07-04,SITE020,Bulldozer,1,7,27,Monsoon
2026-07-04,SITE020,Wheel Loader,5,7,27,Monsoon
2026-07-04,SITE020,Motor Grader,3,7,27,Monsoon
2026-07-04,SITE020,Backhoe Loader,2,7,27,Monsoon
2026-07-04,SITE020,Skid Steer Loader,2,7,27,Monsoon
2026-07-04,SITE020,Road Roller,1,7,27,Monsoon
2026-07-04,SITE020,Dump Truck,2,7,27,Monsoon
2026-07-04,SITE020,Forklift,1,7,27,Monsoon
2026-07-05,SITE001,Excavator,5,7,27,Monsoon
2026-07-05,SITE001,Bulldozer,2,7,27,Monsoon
2026-07-05,SITE001,Wheel Loader,1,7,27,Monsoon
2026-07-05,SITE001,Motor Grader,1,7,27,Monsoon
2026-07-05,SITE001,Backhoe Loader,3,7,27,Monsoon
2026-07-05,SITE001,Skid Steer Loader,1,7,27,Monsoon
2026-07-05,SITE001,Road Roller,2,7,27,Monsoon
2026-07-05,SITE001,Dump Truck,1,7,27,Monsoon
2026-07-05,SITE001,Forklift,1,7,27,Monsoon
2026-07-05,SITE002,Excavator,8,7,27,Monsoon
2026-07-05,SITE002,Bulldozer,1,7,27,Monsoon
2026-07-05,SITE002,Wheel Loader,1,7,27,Monsoon
2026-07-05,SITE002,Motor Grader,2,7,27,Monsoon
2026-07-05,SITE002,Backhoe Loader,1,7,27,Monsoon
2026-07-05,SITE002,Skid Steer Loader,2,7,27,Monsoon
2026-07-05,SITE002,Road Roller,6,7,27,Monsoon
2026-07-05,SITE002,Dump Truck,1,7,27,Monsoon
2026-07-05,SITE002,Forklift,0,7,27,Monsoon
2026-07-05,SITE003,Excavator,1,7,27,Monsoon
2026-07-05,SITE003,Bulldozer,3,7,27,Monsoon
2026-07-05,SITE003,Wheel Loader,1,7,27,Monsoon
2026-07-05,SITE003,Motor Grader,1,7,27,Monsoon
2026-07-05,SITE003,Backhoe Loader,2,7,27,Monsoon
2026-07-05,SITE003,Skid Steer Loader,1,7,27,Monsoon
2026-07-05,SITE003,Road Roller,2,7,27,Monsoon
2026-07-05,SITE003,Dump Truck,3,7,27,Monsoon
2026-07-05,SITE003,Forklift,3,7,27,Monsoon
2026-07-05,SITE004,Excavator,2,7,27,Monsoon
2026-07-05,SITE004,Bulldozer,3,7,27,Monsoon
2026-07-05,SITE004,Wheel Loader,4,7,27,Monsoon
2026-07-05,SITE004,Motor Grader,3,7,27,Monsoon
2026-07-05,SITE004,Backhoe Loader,0,7,27,Monsoon
2026-07-05,SITE004,Skid Steer Loader,2,7,27,Monsoon
2026-07-05,SITE004,Road Roller,5,7,27,Monsoon
2026-07-05,SITE004,Dump Truck,3,7,27,Monsoon
2026-07-05,SITE004,Forklift,0,7,27,Monsoon
2026-07-05,SITE005,Excavator,1,7,27,Monsoon
2026-07-05,SITE005,Bulldozer,3,7,27,Monsoon
2026-07-05,SITE005,Wheel Loader,1,7,27,Monsoon
2026-07-05,SITE005,Motor Grader,0,7,27,Monsoon
2026-07-05,SITE005,Backhoe Loader,0,7,27,Monsoon
2026-07-05,SITE005,Skid Steer Loader,1,7,27,Monsoon
2026-07-05,SITE005,Road Roller,2,7,27,Monsoon
2026-07-05,SITE005,Dump Truck,0,7,27,Monsoon
2026-07-05,SITE005,Forklift,2,7,27,Monsoon
2026-07-05,SITE006,Excavator,3,7,27,Monsoon
2026-07-05,SITE006,Bulldozer,2,7,27,Monsoon
2026-07-05,SITE006,Wheel Loader,1,7,27,Monsoon
2026-07-05,SITE006,Motor Grader,0,7,27,Monsoon
2026-07-05,SITE006,Backhoe Loader,2,7,27,Monsoon
2026-07-05,SITE006,Skid Steer Loader,2,7,27,Monsoon
2026-07-05,SITE006,Road Roller,0,7,27,Monsoon
2026-07-05,SITE006,Dump Truck,3,7,27,Monsoon
2026-07-05,SITE006,Forklift,2,7,27,Monsoon
2026-07-05,SITE007,Excavator,4,7,27,Monsoon
2026-07-05,SITE007,Bulldozer,3,7,27,Monsoon
2026-07-05,SITE007,Wheel Loader,2,7,27,Monsoon
2026-07-05,SITE007,Motor Grader,5,7,27,Monsoon
2026-07-05,SITE007,Backhoe Loader,1,7,27,Monsoon
2026-07-05,SITE007,Skid Steer Loader,1,7,27,Monsoon
2026-07-05,SITE007,Road Roller,2,7,27,Monsoon
2026-07-05,SITE007,Dump Truck,2,7,27,Monsoon
2026-07-05,SITE007,Forklift,3,7,27,Monsoon
2026-07-05,SITE008,Excavator,1,7,27,Monsoon
2026-07-05,SITE008,Bulldozer,0,7,27,Monsoon
2026-07-05,SITE008,Wheel Loader,2,7,27,Monsoon
2026-07-05,SITE008,Motor Grader,0,7,27,Monsoon
2026-07-05,SITE008,Backhoe Loader,3,7,27,Monsoon
2026-07-05,SITE008,Skid Steer Loader,4,7,27,Monsoon
2026-07-05,SITE008,Road Roller,3,7,27,Monsoon
2026-07-05,SITE008,Dump Truck,4,7,27,Monsoon
2026-07-05,SITE008,Forklift,3,7,27,Monsoon
2026-07-05,SITE009,Excavator,3,7,27,Monsoon
2026-07-05,SITE009,Bulldozer,0,7,27,Monsoon
2026-07-05,SITE009,Wheel Loader,1,7,27,Monsoon
2026-07-05,SITE009,Motor Grader,0,7,27,Monsoon
2026-07-05,SITE009,Backhoe Loader,1,7,27,Monsoon
2026-07-05,SITE009,Skid Steer Loader,1,7,27,Monsoon
2026-07-05,SITE009,Road Roller,0,7,27,Monsoon
2026-07-05,SITE009,Dump Truck,2,7,27,Monsoon
2026-07-05,SITE009,Forklift,4,7,27,Monsoon
2026-07-05,SITE010,Excavator,4,7,27,Monsoon
2026-07-05,SITE010,Bulldozer,2,7,27,Monsoon
2026-07-05,SITE010,Wheel Loader,3,7,27,Monsoon
2026-07-05,SITE010,Motor Grader,0,7,27,Monsoon
2026-07-05,SITE010,Backhoe Loader,3,7,27,Monsoon
2026-07-05,SITE010,Skid Steer Loader,0,7,27,Monsoon
2026-07-05,SITE010,Road Roller,2,7,27,Monsoon
2026-07-05,SITE010,Dump Truck,1,7,27,Monsoon
2026-07-05,SITE010,Forklift,3,7,27,Monsoon
2026-07-05,SITE011,Excavator,4,7,27,Monsoon
2026-07-05,SITE011,Bulldozer,1,7,27,Monsoon
2026-07-05,SITE011,Wheel Loader,3,7,27,Monsoon
2026-07-05,SITE011,Motor Grader,2,7,27,Monsoon
2026-07-05,SITE011,Backhoe Loader,2,7,27,Monsoon
2026-07-05,SITE011,Skid Steer Loader,5,7,27,Monsoon
2026-07-05,SITE011,Road Roller,2,7,27,Monsoon
2026-07-05,SITE011,Dump Truck,2,7,27,Monsoon
2026-07-05,SITE011,Forklift,0,7,27,Monsoon
2026-07-05,SITE012,Excavator,5,7,27,Monsoon
2026-07-05,SITE012,Bulldozer,1,7,27,Monsoon
2026-07-05,SITE012,Wheel Loader,0,7,27,Monsoon
2026-07-05,SITE012,Motor Grader,3,7,27,Monsoon
2026-07-05,SITE012,Backhoe Loader,1,7,27,Monsoon
2026-07-05,SITE012,Skid Steer Loader,0,7,27,Monsoon
2026-07-05,SITE012,Road Roller,2,7,27,Monsoon
2026-07-05,SITE012,Dump Truck,1,7,27,Monsoon
2026-07-05,SITE012,Forklift,3,7,27,Monsoon
2026-07-05,SITE013,Excavator,9,7,27,Monsoon
2026-07-05,SITE013,Bulldozer,2,7,27,Monsoon
2026-07-05,SITE013,Wheel Loader,5,7,27,Monsoon
2026-07-05,SITE013,Motor Grader,1,7,27,Monsoon
2026-07-05,SITE013,Backhoe Loader,0,7,27,Monsoon
2026-07-05,SITE013,Skid Steer Loader,3,7,27,Monsoon
2026-07-05,SITE013,Road Roller,1,7,27,Monsoon
2026-07-05,SITE013,Dump Truck,1,7,27,Monsoon
2026-07-05,SITE013,Forklift,2,7,27,Monsoon
2026-07-05,SITE014,Excavator,5,7,27,Monsoon
2026-07-05,SITE014,Bulldozer,0,7,27,Monsoon
2026-07-05,SITE014,Wheel Loader,3,7,27,Monsoon
2026-07-05,SITE014,Motor Grader,1,7,27,Monsoon
2026-07-05,SITE014,Backhoe Loader,3,7,27,Monsoon
2026-07-05,SITE014,Skid Steer Loader,2,7,27,Monsoon
2026-07-05,SITE014,Road Roller,2,7,27,Monsoon
2026-07-05,SITE014,Dump Truck,2,7,27,Monsoon
2026-07-05,SITE014,Forklift,1,7,27,Monsoon
2026-07-05,SITE015,Excavator,7,7,27,Monsoon
2026-07-05,SITE015,Bulldozer,0,7,27,Monsoon
2026-07-05,SITE015,Wheel Loader,1,7,27,Monsoon
2026-07-05,SITE015,Motor Grader,2,7,27,Monsoon
2026-07-05,SITE015,Backhoe Loader,3,7,27,Monsoon
2026-07-05,SITE015,Skid Steer Loader,4,7,27,Monsoon
2026-07-05,SITE015,Road Roller,2,7,27,Monsoon
2026-07-05,SITE015,Dump Truck,0,7,27,Monsoon
2026-07-05,SITE015,Forklift,1,7,27,Monsoon
2026-07-05,SITE016,Excavator,6,7,27,Monsoon
2026-07-05,SITE016,Bulldozer,1,7,27,Monsoon
2026-07-05,SITE016,Wheel Loader,3,7,27,Monsoon
2026-07-05,SITE016,Motor Grader,1,7,27,Monsoon
2026-07-05,SITE016,Backhoe Loader,3,7,27,Monsoon
2026-07-05,SITE016,Skid Steer Loader,2,7,27,Monsoon
2026-07-05,SITE016,Road Roller,2,7,27,Monsoon
2026-07-05,SITE016,Dump Truck,3,7,27,Monsoon
2026-07-05,SITE016,Forklift,3,7,27,Monsoon
2026-07-05,SITE017,Excavator,8,7,27,Monsoon
2026-07-05,SITE017,Bulldozer,0,7,27,Monsoon
2026-07-05,SITE017,Wheel Loader,3,7,27,Monsoon
2026-07-05,SITE017,Motor Grader,3,7,27,Monsoon
2026-07-05,SITE017,Backhoe Loader,1,7,27,Monsoon
2026-07-05,SITE017,Skid Steer Loader,3,7,27,Monsoon
2026-07-05,SITE017,Road Roller,0,7,27,Monsoon
2026-07-05,SITE017,Dump Truck,3,7,27,Monsoon
2026-07-05,SITE017,Forklift,0,7,27,Monsoon
2026-07-05,SITE018,Excavator,1,7,27,Monsoon
2026-07-05,SITE018,Bulldozer,2,7,27,Monsoon
2026-07-05,SITE018,Wheel Loader,0,7,27,Monsoon
2026-07-05,SITE018,Motor Grader,1,7,27,Monsoon
2026-07-05,SITE018,Backhoe Loader,6,7,27,Monsoon
2026-07-05,SITE018,Skid Steer Loader,3,7,27,Monsoon
2026-07-05,SITE018,Road Roller,5,7,27,Monsoon
2026-07-05,SITE018,Dump Truck,2,7,27,Monsoon
2026-07-05,SITE018,Forklift,3,7,27,Monsoon
2026-07-05,SITE019,Excavator,4,7,27,Monsoon
2026-07-05,SITE019,Bulldozer,1,7,27,Monsoon
2026-07-05,SITE019,Wheel Loader,4,7,27,Monsoon
2026-07-05,SITE019,Motor Grader,0,7,27,Monsoon
2026-07-05,SITE019,Backhoe Loader,1,7,27,Monsoon
2026-07-05,SITE019,Skid Steer Loader,0,7,27,Monsoon
2026-07-05,SITE019,Road Roller,3,7,27,Monsoon
2026-07-05,SITE019,Dump Truck,2,7,27,Monsoon
2026-07-05,SITE019,Forklift,2,7,27,Monsoon
2026-07-05,SITE020,Excavator,7,7,27,Monsoon
2026-07-05,SITE020,Bulldozer,1,7,27,Monsoon
2026-07-05,SITE020,Wheel Loader,3,7,27,Monsoon
2026-07-05,SITE020,Motor Grader,2,7,27,Monsoon
2026-07-05,SITE020,Backhoe Loader,0,7,27,Monsoon
2026-07-05,SITE020,Skid Steer Loader,1,7,27,Monsoon
2026-07-05,SITE020,Road Roller,0,7,27,Monsoon
2026-07-05,SITE020,Dump Truck,0,7,27,Monsoon
2026-07-05,SITE020,Forklift,2,7,27,Monsoon
2026-07-06,SITE001,Excavator,6,7,28,Monsoon
2026-07-06,SITE001,Bulldozer,2,7,28,Monsoon
2026-07-06,SITE001,Wheel Loader,8,7,28,Monsoon
2026-07-06,SITE001,Motor Grader,1,7,28,Monsoon
2026-07-06,SITE001,Backhoe Loader,0,7,28,Monsoon
2026-07-06,SITE001,Skid Steer Loader,2,7,28,Monsoon
2026-07-06,SITE001,Road Roller,3,7,28,Monsoon
2026-07-06,SITE001,Dump Truck,1,7,28,Monsoon
2026-07-06,SITE001,Forklift,0,7,28,Monsoon
2026-07-06,SITE002,Excavator,4,7,28,Monsoon
2026-07-06,SITE002,Bulldozer,2,7,28,Monsoon
2026-07-06,SITE002,Wheel Loader,1,7,28,Monsoon
2026-07-06,SITE002,Motor Grader,1,7,28,Monsoon
2026-07-06,SITE002,Backhoe Loader,2,7,28,Monsoon
2026-07-06,SITE002,Skid Steer Loader,3,7,28,Monsoon
2026-07-06,SITE002,Road Roller,1,7,28,Monsoon
2026-07-06,SITE002,Dump Truck,2,7,28,Monsoon
2026-07-06,SITE002,Forklift,2,7,28,Monsoon
2026-07-06,SITE003,Excavator,6,7,28,Monsoon
2026-07-06,SITE003,Bulldozer,1,7,28,Monsoon
2026-07-06,SITE003,Wheel Loader,2,7,28,Monsoon
2026-07-06,SITE003,Motor Grader,0,7,28,Monsoon
2026-07-06,SITE003,Backhoe Loader,1,7,28,Monsoon
2026-07-06,SITE003,Skid Steer Loader,1,7,28,Monsoon
2026-07-06,SITE003,Road Roller,0,7,28,Monsoon
2026-07-06,SITE003,Dump Truck,4,7,28,Monsoon
2026-07-06,SITE003,Forklift,1,7,28,Monsoon
2026-07-06,SITE004,Excavator,8,7,28,Monsoon
2026-07-06,SITE004,Bulldozer,2,7,28,Monsoon
2026-07-06,SITE004,Wheel Loader,2,7,28,Monsoon
2026-07-06,SITE004,Motor Grader,4,7,28,Monsoon
2026-07-06,SITE004,Backhoe Loader,0,7,28,Monsoon
2026-07-06,SITE004,Skid Steer Loader,0,7,28,Monsoon
2026-07-06,SITE004,Road Roller,4,7,28,Monsoon
2026-07-06,SITE004,Dump Truck,1,7,28,Monsoon
2026-07-06,SITE004,Forklift,4,7,28,Monsoon
2026-07-06,SITE005,Excavator,2,7,28,Monsoon
2026-07-06,SITE005,Bulldozer,2,7,28,Monsoon
2026-07-06,SITE005,Wheel Loader,0,7,28,Monsoon
2026-07-06,SITE005,Motor Grader,2,7,28,Monsoon
2026-07-06,SITE005,Backhoe Loader,2,7,28,Monsoon
2026-07-06,SITE005,Skid Steer Loader,2,7,28,Monsoon
2026-07-06,SITE005,Road Roller,3,7,28,Monsoon
2026-07-06,SITE005,Dump Truck,3,7,28,Monsoon
2026-07-06,SITE005,Forklift,3,7,28,Monsoon
2026-07-06,SITE006,Excavator,7,7,28,Monsoon
2026-07-06,SITE006,Bulldozer,3,7,28,Monsoon
2026-07-06,SITE006,Wheel Loader,2,7,28,Monsoon
2026-07-06,SITE006,Motor Grader,1,7,28,Monsoon
2026-07-06,SITE006,Backhoe Loader,4,7,28,Monsoon
2026-07-06,SITE006,Skid Steer Loader,4,7,28,Monsoon
2026-07-06,SITE006,Road Roller,5,7,28,Monsoon
2026-07-06,SITE006,Dump Truck,3,7,28,Monsoon
2026-07-06,SITE006,Forklift,4,7,28,Monsoon
2026-07-06,SITE007,Excavator,3,7,28,Monsoon
2026-07-06,SITE007,Bulldozer,1,7,28,Monsoon
2026-07-06,SITE007,Wheel Loader,2,7,28,Monsoon
2026-07-06,SITE007,Motor Grader,1,7,28,Monsoon
2026-07-06,SITE007,Backhoe Loader,1,7,28,Monsoon
2026-07-06,SITE007,Skid Steer Loader,2,7,28,Monsoon
2026-07-06,SITE007,Road Roller,2,7,28,Monsoon
2026-07-06,SITE007,Dump Truck,3,7,28,Monsoon
2026-07-06,SITE007,Forklift,2,7,28,Monsoon
2026-07-06,SITE008,Excavator,5,7,28,Monsoon
2026-07-06,SITE008,Bulldozer,1,7,28,Monsoon
2026-07-06,SITE008,Wheel Loader,0,7,28,Monsoon
2026-07-06,SITE008,Motor Grader,2,7,28,Monsoon
2026-07-06,SITE008,Backhoe Loader,5,7,28,Monsoon
2026-07-06,SITE008,Skid Steer Loader,0,7,28,Monsoon
2026-07-06,SITE008,Road Roller,1,7,28,Monsoon
2026-07-06,SITE008,Dump Truck,1,7,28,Monsoon
2026-07-06,SITE008,Forklift,1,7,28,Monsoon
2026-07-06,SITE009,Excavator,6,7,28,Monsoon
2026-07-06,SITE009,Bulldozer,2,7,28,Monsoon
2026-07-06,SITE009,Wheel Loader,0,7,28,Monsoon
2026-07-06,SITE009,Motor Grader,2,7,28,Monsoon
2026-07-06,SITE009,Backhoe Loader,1,7,28,Monsoon
2026-07-06,SITE009,Skid Steer Loader,2,7,28,Monsoon
2026-07-06,SITE009,Road Roller,3,7,28,Monsoon
2026-07-06,SITE009,Dump Truck,2,7,28,Monsoon
2026-07-06,SITE009,Forklift,2,7,28,Monsoon
2026-07-06,SITE010,Excavator,2,7,28,Monsoon
2026-07-06,SITE010,Bulldozer,1,7,28,Monsoon
2026-07-06,SITE010,Wheel Loader,1,7,28,Monsoon
2026-07-06,SITE010,Motor Grader,0,7,28,Monsoon
2026-07-06,SITE010,Backhoe Loader,5,7,28,Monsoon
2026-07-06,SITE010,Skid Steer Loader,3,7,28,Monsoon
2026-07-06,SITE010,Road Roller,3,7,28,Monsoon
2026-07-06,SITE010,Dump Truck,0,7,28,Monsoon
2026-07-06,SITE010,Forklift,1,7,28,Monsoon
2026-07-06,SITE011,Excavator,5,7,28,Monsoon
2026-07-06,SITE011,Bulldozer,3,7,28,Monsoon
2026-07-06,SITE011,Wheel Loader,2,7,28,Monsoon
2026-07-06,SITE011,Motor Grader,2,7,28,Monsoon
2026-07-06,SITE011,Backhoe Loader,2,7,28,Monsoon
2026-07-06,SITE011,Skid Steer Loader,4,7,28,Monsoon
2026-07-06,SITE011,Road Roller,1,7,28,Monsoon
2026-07-06,SITE011,Dump Truck,2,7,28,Monsoon
2026-07-06,SITE011,Forklift,0,7,28,Monsoon
2026-07-06,SITE012,Excavator,7,7,28,Monsoon
2026-07-06,SITE012,Bulldozer,4,7,28,Monsoon
2026-07-06,SITE012,Wheel Loader,3,7,28,Monsoon
2026-07-06,SITE012,Motor Grader,4,7,28,Monsoon
2026-07-06,SITE012,Backhoe Loader,0,7,28,Monsoon
2026-07-06,SITE012,Skid Steer Loader,4,7,28,Monsoon
2026-07-06,SITE012,Road Roller,3,7,28,Monsoon
2026-07-06,SITE012,Dump Truck,1,7,28,Monsoon
2026-07-06,SITE012,Forklift,1,7,28,Monsoon
2026-07-06,SITE013,Excavator,7,7,28,Monsoon
2026-07-06,SITE013,Bulldozer,0,7,28,Monsoon
2026-07-06,SITE013,Wheel Loader,2,7,28,Monsoon
2026-07-06,SITE013,Motor Grader,3,7,28,Monsoon
2026-07-06,SITE013,Backhoe Loader,2,7,28,Monsoon
2026-07-06,SITE013,Skid Steer Loader,3,7,28,Monsoon
2026-07-06,SITE013,Road Roller,2,7,28,Monsoon
2026-07-06,SITE013,Dump Truck,2,7,28,Monsoon
2026-07-06,SITE013,Forklift,3,7,28,Monsoon
2026-07-06,SITE014,Excavator,5,7,28,Monsoon
2026-07-06,SITE014,Bulldozer,0,7,28,Monsoon
2026-07-06,SITE014,Wheel Loader,3,7,28,Monsoon
2026-07-06,SITE014,Motor Grader,0,7,28,Monsoon
2026-07-06,SITE014,Backhoe Loader,3,7,28,Monsoon
2026-07-06,SITE014,Skid Steer Loader,0,7,28,Monsoon
2026-07-06,SITE014,Road Roller,2,7,28,Monsoon
2026-07-06,SITE014,Dump Truck,4,7,28,Monsoon
2026-07-06,SITE014,Forklift,1,7,28,Monsoon
2026-07-06,SITE015,Excavator,4,7,28,Monsoon
2026-07-06,SITE015,Bulldozer,2,7,28,Monsoon
2026-07-06,SITE015,Wheel Loader,3,7,28,Monsoon
2026-07-06,SITE015,Motor Grader,3,7,28,Monsoon
2026-07-06,SITE015,Backhoe Loader,4,7,28,Monsoon
2026-07-06,SITE015,Skid Steer Loader,2,7,28,Monsoon
2026-07-06,SITE015,Road Roller,1,7,28,Monsoon
2026-07-06,SITE015,Dump Truck,6,7,28,Monsoon
2026-07-06,SITE015,Forklift,2,7,28,Monsoon
2026-07-06,SITE016,Excavator,5,7,28,Monsoon
2026-07-06,SITE016,Bulldozer,2,7,28,Monsoon
2026-07-06,SITE016,Wheel Loader,1,7,28,Monsoon
2026-07-06,SITE016,Motor Grader,4,7,28,Monsoon
2026-07-06,SITE016,Backhoe Loader,1,7,28,Monsoon
2026-07-06,SITE016,Skid Steer Loader,4,7,28,Monsoon
2026-07-06,SITE016,Road Roller,7,7,28,Monsoon
2026-07-06,SITE016,Dump Truck,3,7,28,Monsoon
2026-07-06,SITE016,Forklift,3,7,28,Monsoon
2026-07-06,SITE017,Excavator,5,7,28,Monsoon
2026-07-06,SITE017,Bulldozer,4,7,28,Monsoon
2026-07-06,SITE017,Wheel Loader,3,7,28,Monsoon
2026-07-06,SITE017,Motor Grader,1,7,28,Monsoon
2026-07-06,SITE017,Backhoe Loader,2,7,28,Monsoon
2026-07-06,SITE017,Skid Steer Loader,3,7,28,Monsoon
2026-07-06,SITE017,Road Roller,2,7,28,Monsoon
2026-07-06,SITE017,Dump Truck,2,7,28,Monsoon
2026-07-06,SITE017,Forklift,1,7,28,Monsoon
2026-07-06,SITE018,Excavator,2,7,28,Monsoon
2026-07-06,SITE018,Bulldozer,1,7,28,Monsoon
2026-07-06,SITE018,Wheel Loader,1,7,28,Monsoon
2026-07-06,SITE018,Motor Grader,4,7,28,Monsoon
2026-07-06,SITE018,Backhoe Loader,0,7,28,Monsoon
2026-07-06,SITE018,Skid Steer Loader,0,7,28,Monsoon
2026-07-06,SITE018,Road Roller,0,7,28,Monsoon
2026-07-06,SITE018,Dump Truck,0,7,28,Monsoon
2026-07-06,SITE018,Forklift,2,7,28,Monsoon
2026-07-06,SITE019,Excavator,7,7,28,Monsoon
2026-07-06,SITE019,Bulldozer,1,7,28,Monsoon
2026-07-06,SITE019,Wheel Loader,0,7,28,Monsoon
2026-07-06,SITE019,Motor Grader,0,7,28,Monsoon
2026-07-06,SITE019,Backhoe Loader,1,7,28,Monsoon
2026-07-06,SITE019,Skid Steer Loader,0,7,28,Monsoon
2026-07-06,SITE019,Road Roller,1,7,28,Monsoon
2026-07-06,SITE019,Dump Truck,2,7,28,Monsoon
2026-07-06,SITE019,Forklift,0,7,28,Monsoon
2026-07-06,SITE020,Excavator,6,7,28,Monsoon
2026-07-06,SITE020,Bulldozer,1,7,28,Monsoon
2026-07-06,SITE020,Wheel Loader,2,7,28,Monsoon
2026-07-06,SITE020,Motor Grader,4,7,28,Monsoon
2026-07-06,SITE020,Backhoe Loader,5,7,28,Monsoon
2026-07-06,SITE020,Skid Steer Loader,1,7,28,Monsoon
2026-07-06,SITE020,Road Roller,2,7,28,Monsoon
2026-07-06,SITE020,Dump Truck,1,7,28,Monsoon
2026-07-06,SITE020,Forklift,2,7,28,Monsoon
2026-07-07,SITE001,Excavator,3,7,28,Monsoon
2026-07-07,SITE001,Bulldozer,2,7,28,Monsoon
2026-07-07,SITE001,Wheel Loader,2,7,28,Monsoon
2026-07-07,SITE001,Motor Grader,1,7,28,Monsoon
2026-07-07,SITE001,Backhoe Loader,2,7,28,Monsoon
2026-07-07,SITE001,Skid Steer Loader,4,7,28,Monsoon
2026-07-07,SITE001,Road Roller,3,7,28,Monsoon
2026-07-07,SITE001,Dump Truck,0,7,28,Monsoon
2026-07-07,SITE001,Forklift,2,7,28,Monsoon
2026-07-07,SITE002,Excavator,2,7,28,Monsoon
2026-07-07,SITE002,Bulldozer,1,7,28,Monsoon
2026-07-07,SITE002,Wheel Loader,2,7,28,Monsoon
2026-07-07,SITE002,Motor Grader,4,7,28,Monsoon
2026-07-07,SITE002,Backhoe Loader,3,7,28,Monsoon
2026-07-07,SITE002,Skid Steer Loader,3,7,28,Monsoon
2026-07-07,SITE002,Road Roller,1,7,28,Monsoon
2026-07-07,SITE002,Dump Truck,2,7,28,Monsoon
2026-07-07,SITE002,Forklift,3,7,28,Monsoon
2026-07-07,SITE003,Excavator,6,7,28,Monsoon
2026-07-07,SITE003,Bulldozer,1,7,28,Monsoon
2026-07-07,SITE003,Wheel Loader,1,7,28,Monsoon
2026-07-07,SITE003,Motor Grader,2,7,28,Monsoon
2026-07-07,SITE003,Backhoe Loader,2,7,28,Monsoon
2026-07-07,SITE003,Skid Steer Loader,2,7,28,Monsoon
2026-07-07,SITE003,Road Roller,4,7,28,Monsoon
2026-07-07,SITE003,Dump Truck,0,7,28,Monsoon
2026-07-07,SITE003,Forklift,1,7,28,Monsoon
2026-07-07,SITE004,Excavator,0,7,28,Monsoon
2026-07-07,SITE004,Bulldozer,1,7,28,Monsoon
2026-07-07,SITE004,Wheel Loader,4,7,28,Monsoon
2026-07-07,SITE004,Motor Grader,1,7,28,Monsoon
2026-07-07,SITE004,Backhoe Loader,0,7,28,Monsoon
2026-07-07,SITE004,Skid Steer Loader,5,7,28,Monsoon
2026-07-07,SITE004,Road Roller,3,7,28,Monsoon
2026-07-07,SITE004,Dump Truck,2,7,28,Monsoon
2026-07-07,SITE004,Forklift,2,7,28,Monsoon
2026-07-07,SITE005,Excavator,5,7,28,Monsoon
2026-07-07,SITE005,Bulldozer,0,7,28,Monsoon
2026-07-07,SITE005,Wheel Loader,5,7,28,Monsoon
2026-07-07,SITE005,Motor Grader,3,7,28,Monsoon
2026-07-07,SITE005,Backhoe Loader,3,7,28,Monsoon
2026-07-07,SITE005,Skid Steer Loader,2,7,28,Monsoon
2026-07-07,SITE005,Road Roller,3,7,28,Monsoon
2026-07-07,SITE005,Dump Truck,1,7,28,Monsoon
2026-07-07,SITE005,Forklift,1,7,28,Monsoon
2026-07-07,SITE006,Excavator,6,7,28,Monsoon
2026-07-07,SITE006,Bulldozer,1,7,28,Monsoon
2026-07-07,SITE006,Wheel Loader,1,7,28,Monsoon
2026-07-07,SITE006,Motor Grader,1,7,28,Monsoon
2026-07-07,SITE006,Backhoe Loader,2,7,28,Monsoon
2026-07-07,SITE006,Skid Steer Loader,2,7,28,Monsoon
2026-07-07,SITE006,Road Roller,1,7,28,Monsoon
2026-07-07,SITE006,Dump Truck,3,7,28,Monsoon
2026-07-07,SITE006,Forklift,3,7,28,Monsoon
2026-07-07,SITE007,Excavator,5,7,28,Monsoon
2026-07-07,SITE007,Bulldozer,2,7,28,Monsoon
2026-07-07,SITE007,Wheel Loader,2,7,28,Monsoon
2026-07-07,SITE007,Motor Grader,3,7,28,Monsoon
2026-07-07,SITE007,Backhoe Loader,5,7,28,Monsoon
2026-07-07,SITE007,Skid Steer Loader,2,7,28,Monsoon
2026-07-07,SITE007,Road Roller,2,7,28,Monsoon
2026-07-07,SITE007,Dump Truck,1,7,28,Monsoon
2026-07-07,SITE007,Forklift,0,7,28,Monsoon
2026-07-07,SITE008,Excavator,2,7,28,Monsoon
2026-07-07,SITE008,Bulldozer,0,7,28,Monsoon
2026-07-07,SITE008,Wheel Loader,3,7,28,Monsoon
2026-07-07,SITE008,Motor Grader,3,7,28,Monsoon
2026-07-07,SITE008,Backhoe Loader,2,7,28,Monsoon
2026-07-07,SITE008,Skid Steer Loader,0,7,28,Monsoon
2026-07-07,SITE008,Road Roller,3,7,28,Monsoon
2026-07-07,SITE008,Dump Truck,3,7,28,Monsoon
2026-07-07,SITE008,Forklift,3,7,28,Monsoon
2026-07-07,SITE009,Excavator,5,7,28,Monsoon
2026-07-07,SITE009,Bulldozer,2,7,28,Monsoon
2026-07-07,SITE009,Wheel Loader,0,7,28,Monsoon
2026-07-07,SITE009,Motor Grader,2,7,28,Monsoon
2026-07-07,SITE009,Backhoe Loader,0,7,28,Monsoon
2026-07-07,SITE009,Skid Steer Loader,2,7,28,Monsoon
2026-07-07,SITE009,Road Roller,2,7,28,Monsoon
2026-07-07,SITE009,Dump Truck,4,7,28,Monsoon
2026-07-07,SITE009,Forklift,2,7,28,Monsoon
2026-07-07,SITE010,Excavator,2,7,28,Monsoon
2026-07-07,SITE010,Bulldozer,2,7,28,Monsoon
2026-07-07,SITE010,Wheel Loader,0,7,28,Monsoon
2026-07-07,SITE010,Motor Grader,3,7,28,Monsoon
2026-07-07,SITE010,Backhoe Loader,3,7,28,Monsoon
2026-07-07,SITE010,Skid Steer Loader,2,7,28,Monsoon
2026-07-07,SITE010,Road Roller,1,7,28,Monsoon
2026-07-07,SITE010,Dump Truck,4,7,28,Monsoon
2026-07-07,SITE010,Forklift,2,7,28,Monsoon
2026-07-07,SITE011,Excavator,4,7,28,Monsoon
2026-07-07,SITE011,Bulldozer,2,7,28,Monsoon
2026-07-07,SITE011,Wheel Loader,2,7,28,Monsoon
2026-07-07,SITE011,Motor Grader,1,7,28,Monsoon
2026-07-07,SITE011,Backhoe Loader,1,7,28,Monsoon
2026-07-07,SITE011,Skid Steer Loader,3,7,28,Monsoon
2026-07-07,SITE011,Road Roller,0,7,28,Monsoon
2026-07-07,SITE011,Dump Truck,1,7,28,Monsoon
2026-07-07,SITE011,Forklift,1,7,28,Monsoon
2026-07-07,SITE012,Excavator,5,7,28,Monsoon
2026-07-07,SITE012,Bulldozer,2,7,28,Monsoon
2026-07-07,SITE012,Wheel Loader,0,7,28,Monsoon
2026-07-07,SITE012,Motor Grader,3,7,28,Monsoon
2026-07-07,SITE012,Backhoe Loader,2,7,28,Monsoon
2026-07-07,SITE012,Skid Steer Loader,3,7,28,Monsoon
2026-07-07,SITE012,Road Roller,1,7,28,Monsoon
2026-07-07,SITE012,Dump Truck,1,7,28,Monsoon
2026-07-07,SITE012,Forklift,1,7,28,Monsoon
2026-07-07,SITE013,Excavator,7,7,28,Monsoon
2026-07-07,SITE013,Bulldozer,2,7,28,Monsoon
2026-07-07,SITE013,Wheel Loader,0,7,28,Monsoon
2026-07-07,SITE013,Motor Grader,1,7,28,Monsoon
2026-07-07,SITE013,Backhoe Loader,2,7,28,Monsoon
2026-07-07,SITE013,Skid Steer Loader,2,7,28,Monsoon
2026-07-07,SITE013,Road Roller,2,7,28,Monsoon
2026-07-07,SITE013,Dump Truck,0,7,28,Monsoon
2026-07-07,SITE013,Forklift,3,7,28,Monsoon
2026-07-07,SITE014,Excavator,6,7,28,Monsoon
2026-07-07,SITE014,Bulldozer,1,7,28,Monsoon
2026-07-07,SITE014,Wheel Loader,4,7,28,Monsoon
2026-07-07,SITE014,Motor Grader,2,7,28,Monsoon
2026-07-07,SITE014,Backhoe Loader,4,7,28,Monsoon
2026-07-07,SITE014,Skid Steer Loader,1,7,28,Monsoon
2026-07-07,SITE014,Road Roller,2,7,28,Monsoon
2026-07-07,SITE014,Dump Truck,2,7,28,Monsoon
2026-07-07,SITE014,Forklift,0,7,28,Monsoon
2026-07-07,SITE015,Excavator,4,7,28,Monsoon
2026-07-07,SITE015,Bulldozer,5,7,28,Monsoon
2026-07-07,SITE015,Wheel Loader,4,7,28,Monsoon
2026-07-07,SITE015,Motor Grader,4,7,28,Monsoon
2026-07-07,SITE015,Backhoe Loader,2,7,28,Monsoon
2026-07-07,SITE015,Skid Steer Loader,3,7,28,Monsoon
2026-07-07,SITE015,Road Roller,1,7,28,Monsoon
2026-07-07,SITE015,Dump Truck,4,7,28,Monsoon
2026-07-07,SITE015,Forklift,3,7,28,Monsoon
2026-07-07,SITE016,Excavator,4,7,28,Monsoon
2026-07-07,SITE016,Bulldozer,2,7,28,Monsoon
2026-07-07,SITE016,Wheel Loader,4,7,28,Monsoon
2026-07-07,SITE016,Motor Grader,3,7,28,Monsoon
2026-07-07,SITE016,Backhoe Loader,2,7,28,Monsoon
2026-07-07,SITE016,Skid Steer Loader,2,7,28,Monsoon
2026-07-07,SITE016,Road Roller,1,7,28,Monsoon
2026-07-07,SITE016,Dump Truck,5,7,28,Monsoon
2026-07-07,SITE016,Forklift,3,7,28,Monsoon
2026-07-07,SITE017,Excavator,5,7,28,Monsoon
2026-07-07,SITE017,Bulldozer,4,7,28,Monsoon
2026-07-07,SITE017,Wheel Loader,3,7,28,Monsoon
2026-07-07,SITE017,Motor Grader,1,7,28,Monsoon
2026-07-07,SITE017,Backhoe Loader,2,7,28,Monsoon
2026-07-07,SITE017,Skid Steer Loader,3,7,28,Monsoon
2026-07-07,SITE017,Road Roller,1,7,28,Monsoon
2026-07-07,SITE017,Dump Truck,0,7,28,Monsoon
2026-07-07,SITE017,Forklift,0,7,28,Monsoon
2026-07-07,SITE018,Excavator,2,7,28,Monsoon
2026-07-07,SITE018,Bulldozer,2,7,28,Monsoon
2026-07-07,SITE018,Wheel Loader,1,7,28,Monsoon
2026-07-07,SITE018,Motor Grader,1,7,28,Monsoon
2026-07-07,SITE018,Backhoe Loader,0,7,28,Monsoon
2026-07-07,SITE018,Skid Steer Loader,1,7,28,Monsoon
2026-07-07,SITE018,Road Roller,1,7,28,Monsoon
2026-07-07,SITE018,Dump Truck,1,7,28,Monsoon
2026-07-07,SITE018,Forklift,5,7,28,Monsoon
2026-07-07,SITE019,Excavator,5,7,28,Monsoon
2026-07-07,SITE019,Bulldozer,2,7,28,Monsoon
2026-07-07,SITE019,Wheel Loader,3,7,28,Monsoon
2026-07-07,SITE019,Motor Grader,1,7,28,Monsoon
2026-07-07,SITE019,Backhoe Loader,1,7,28,Monsoon
2026-07-07,SITE019,Skid Steer Loader,2,7,28,Monsoon
2026-07-07,SITE019,Road Roller,0,7,28,Monsoon
2026-07-07,SITE019,Dump Truck,5,7,28,Monsoon
2026-07-07,SITE019,Forklift,2,7,28,Monsoon
2026-07-07,SITE020,Excavator,3,7,28,Monsoon
2026-07-07,SITE020,Bulldozer,0,7,28,Monsoon
2026-07-07,SITE020,Wheel Loader,0,7,28,Monsoon
2026-07-07,SITE020,Motor Grader,4,7,28,Monsoon
2026-07-07,SITE020,Backhoe Loader,0,7,28,Monsoon
2026-07-07,SITE020,Skid Steer Loader,2,7,28,Monsoon
2026-07-07,SITE020,Road Roller,4,7,28,Monsoon
2026-07-07,SITE020,Dump Truck,3,7,28,Monsoon
2026-07-07,SITE020,Forklift,2,7,28,Monsoon
2026-07-08,SITE001,Excavator,1,7,28,Monsoon
2026-07-08,SITE001,Bulldozer,3,7,28,Monsoon
2026-07-08,SITE001,Wheel Loader,3,7,28,Monsoon
2026-07-08,SITE001,Motor Grader,0,7,28,Monsoon
2026-07-08,SITE001,Backhoe Loader,0,7,28,Monsoon
2026-07-08,SITE001,Skid Steer Loader,1,7,28,Monsoon
2026-07-08,SITE001,Road Roller,2,7,28,Monsoon
2026-07-08,SITE001,Dump Truck,7,7,28,Monsoon
2026-07-08,SITE001,Forklift,1,7,28,Monsoon
2026-07-08,SITE002,Excavator,3,7,28,Monsoon
2026-07-08,SITE002,Bulldozer,3,7,28,Monsoon
2026-07-08,SITE002,Wheel Loader,2,7,28,Monsoon
2026-07-08,SITE002,Motor Grader,2,7,28,Monsoon
2026-07-08,SITE002,Backhoe Loader,0,7,28,Monsoon
2026-07-08,SITE002,Skid Steer Loader,0,7,28,Monsoon
2026-07-08,SITE002,Road Roller,2,7,28,Monsoon
2026-07-08,SITE002,Dump Truck,2,7,28,Monsoon
2026-07-08,SITE002,Forklift,0,7,28,Monsoon
2026-07-08,SITE003,Excavator,7,7,28,Monsoon
2026-07-08,SITE003,Bulldozer,4,7,28,Monsoon
2026-07-08,SITE003,Wheel Loader,2,7,28,Monsoon
2026-07-08,SITE003,Motor Grader,2,7,28,Monsoon
2026-07-08,SITE003,Backhoe Loader,3,7,28,Monsoon
2026-07-08,SITE003,Skid Steer Loader,4,7,28,Monsoon
2026-07-08,SITE003,Road Roller,1,7,28,Monsoon
2026-07-08,SITE003,Dump Truck,2,7,28,Monsoon
2026-07-08,SITE003,Forklift,1,7,28,Monsoon
2026-07-08,SITE004,Excavator,8,7,28,Monsoon
2026-07-08,SITE004,Bulldozer,7,7,28,Monsoon
2026-07-08,SITE004,Wheel Loader,2,7,28,Monsoon
2026-07-08,SITE004,Motor Grader,2,7,28,Monsoon
2026-07-08,SITE004,Backhoe Loader,5,7,28,Monsoon
2026-07-08,SITE004,Skid Steer Loader,2,7,28,Monsoon
2026-07-08,SITE004,Road Roller,2,7,28,Monsoon
2026-07-08,SITE004,Dump Truck,2,7,28,Monsoon
2026-07-08,SITE004,Forklift,3,7,28,Monsoon
2026-07-08,SITE005,Excavator,3,7,28,Monsoon
2026-07-08,SITE005,Bulldozer,1,7,28,Monsoon
2026-07-08,SITE005,Wheel Loader,2,7,28,Monsoon
2026-07-08,SITE005,Motor Grader,3,7,28,Monsoon
2026-07-08,SITE005,Backhoe Loader,2,7,28,Monsoon
2026-07-08,SITE005,Skid Steer Loader,1,7,28,Monsoon
2026-07-08,SITE005,Road Roller,3,7,28,Monsoon
2026-07-08,SITE005,Dump Truck,4,7,28,Monsoon
2026-07-08,SITE005,Forklift,0,7,28,Monsoon
2026-07-08,SITE006,Excavator,3,7,28,Monsoon
2026-07-08,SITE006,Bulldozer,1,7,28,Monsoon
2026-07-08,SITE006,Wheel Loader,2,7,28,Monsoon
2026-07-08,SITE006,Motor Grader,3,7,28,Monsoon
2026-07-08,SITE006,Backhoe Loader,4,7,28,Monsoon
2026-07-08,SITE006,Skid Steer Loader,1,7,28,Monsoon
2026-07-08,SITE006,Road Roller,1,7,28,Monsoon
2026-07-08,SITE006,Dump Truck,2,7,28,Monsoon
2026-07-08,SITE006,Forklift,1,7,28,Monsoon
2026-07-08,SITE007,Excavator,4,7,28,Monsoon
2026-07-08,SITE007,Bulldozer,1,7,28,Monsoon
2026-07-08,SITE007,Wheel Loader,2,7,28,Monsoon
2026-07-08,SITE007,Motor Grader,3,7,28,Monsoon
2026-07-08,SITE007,Backhoe Loader,1,7,28,Monsoon
2026-07-08,SITE007,Skid Steer Loader,0,7,28,Monsoon
2026-07-08,SITE007,Road Roller,3,7,28,Monsoon
2026-07-08,SITE007,Dump Truck,1,7,28,Monsoon
2026-07-08,SITE007,Forklift,2,7,28,Monsoon
2026-07-08,SITE008,Excavator,4,7,28,Monsoon
2026-07-08,SITE008,Bulldozer,3,7,28,Monsoon
2026-07-08,SITE008,Wheel Loader,2,7,28,Monsoon
2026-07-08,SITE008,Motor Grader,1,7,28,Monsoon
2026-07-08,SITE008,Backhoe Loader,2,7,28,Monsoon
2026-07-08,SITE008,Skid Steer Loader,3,7,28,Monsoon
2026-07-08,SITE008,Road Roller,0,7,28,Monsoon
2026-07-08,SITE008,Dump Truck,5,7,28,Monsoon
2026-07-08,SITE008,Forklift,1,7,28,Monsoon
2026-07-08,SITE009,Excavator,4,7,28,Monsoon
2026-07-08,SITE009,Bulldozer,3,7,28,Monsoon
2026-07-08,SITE009,Wheel Loader,3,7,28,Monsoon
2026-07-08,SITE009,Motor Grader,3,7,28,Monsoon
2026-07-08,SITE009,Backhoe Loader,1,7,28,Monsoon
2026-07-08,SITE009,Skid Steer Loader,3,7,28,Monsoon
2026-07-08,SITE009,Road Roller,0,7,28,Monsoon
2026-07-08,SITE009,Dump Truck,1,7,28,Monsoon
2026-07-08,SITE009,Forklift,2,7,28,Monsoon
2026-07-08,SITE010,Excavator,4,7,28,Monsoon
2026-07-08,SITE010,Bulldozer,1,7,28,Monsoon
2026-07-08,SITE010,Wheel Loader,2,7,28,Monsoon
2026-07-08,SITE010,Motor Grader,1,7,28,Monsoon
2026-07-08,SITE010,Backhoe Loader,2,7,28,Monsoon
2026-07-08,SITE010,Skid Steer Loader,2,7,28,Monsoon
2026-07-08,SITE010,Road Roller,2,7,28,Monsoon
2026-07-08,SITE010,Dump Truck,1,7,28,Monsoon
2026-07-08,SITE010,Forklift,2,7,28,Monsoon
2026-07-08,SITE011,Excavator,0,7,28,Monsoon
2026-07-08,SITE011,Bulldozer,1,7,28,Monsoon
2026-07-08,SITE011,Wheel Loader,1,7,28,Monsoon
2026-07-08,SITE011,Motor Grader,6,7,28,Monsoon
2026-07-08,SITE011,Backhoe Loader,1,7,28,Monsoon
2026-07-08,SITE011,Skid Steer Loader,1,7,28,Monsoon
2026-07-08,SITE011,Road Roller,1,7,28,Monsoon
2026-07-08,SITE011,Dump Truck,7,7,28,Monsoon
2026-07-08,SITE011,Forklift,1,7,28,Monsoon
2026-07-08,SITE012,Excavator,2,7,28,Monsoon
2026-07-08,SITE012,Bulldozer,1,7,28,Monsoon
2026-07-08,SITE012,Wheel Loader,2,7,28,Monsoon
2026-07-08,SITE012,Motor Grader,3,7,28,Monsoon
2026-07-08,SITE012,Backhoe Loader,2,7,28,Monsoon
2026-07-08,SITE012,Skid Steer Loader,2,7,28,Monsoon
2026-07-08,SITE012,Road Roller,2,7,28,Monsoon
2026-07-08,SITE012,Dump Truck,2,7,28,Monsoon
2026-07-08,SITE012,Forklift,0,7,28,Monsoon
2026-07-08,SITE013,Excavator,4,7,28,Monsoon
2026-07-08,SITE013,Bulldozer,3,7,28,Monsoon
2026-07-08,SITE013,Wheel Loader,2,7,28,Monsoon
2026-07-08,SITE013,Motor Grader,3,7,28,Monsoon
2026-07-08,SITE013,Backhoe Loader,2,7,28,Monsoon
2026-07-08,SITE013,Skid Steer Loader,2,7,28,Monsoon
2026-07-08,SITE013,Road Roller,1,7,28,Monsoon
2026-07-08,SITE013,Dump Truck,1,7,28,Monsoon
2026-07-08,SITE013,Forklift,1,7,28,Monsoon
2026-07-08,SITE014,Excavator,3,7,28,Monsoon
2026-07-08,SITE014,Bulldozer,3,7,28,Monsoon
2026-07-08,SITE014,Wheel Loader,1,7,28,Monsoon
2026-07-08,SITE014,Motor Grader,2,7,28,Monsoon
2026-07-08,SITE014,Backhoe Loader,1,7,28,Monsoon
2026-07-08,SITE014,Skid Steer Loader,0,7,28,Monsoon
2026-07-08,SITE014,Road Roller,0,7,28,Monsoon
2026-07-08,SITE014,Dump Truck,1,7,28,Monsoon
2026-07-08,SITE014,Forklift,5,7,28,Monsoon
2026-07-08,SITE015,Excavator,6,7,28,Monsoon
2026-07-08,SITE015,Bulldozer,4,7,28,Monsoon
2026-07-08,SITE015,Wheel Loader,2,7,28,Monsoon
2026-07-08,SITE015,Motor Grader,0,7,28,Monsoon
2026-07-08,SITE015,Backhoe Loader,0,7,28,Monsoon
2026-07-08,SITE015,Skid Steer Loader,0,7,28,Monsoon
2026-07-08,SITE015,Road Roller,4,7,28,Monsoon
2026-07-08,SITE015,Dump Truck,2,7,28,Monsoon
2026-07-08,SITE015,Forklift,1,7,28,Monsoon
2026-07-08,SITE016,Excavator,4,7,28,Monsoon
2026-07-08,SITE016,Bulldozer,2,7,28,Monsoon
2026-07-08,SITE016,Wheel Loader,3,7,28,Monsoon
2026-07-08,SITE016,Motor Grader,0,7,28,Monsoon
2026-07-08,SITE016,Backhoe Loader,5,7,28,Monsoon
2026-07-08,SITE016,Skid Steer Loader,1,7,28,Monsoon
2026-07-08,SITE016,Road Roller,5,7,28,Monsoon
2026-07-08,SITE016,Dump Truck,2,7,28,Monsoon
2026-07-08,SITE016,Forklift,2,7,28,Monsoon
2026-07-08,SITE017,Excavator,3,7,28,Monsoon
2026-07-08,SITE017,Bulldozer,2,7,28,Monsoon
2026-07-08,SITE017,Wheel Loader,2,7,28,Monsoon
2026-07-08,SITE017,Motor Grader,2,7,28,Monsoon
2026-07-08,SITE017,Backhoe Loader,2,7,28,Monsoon
2026-07-08,SITE017,Skid Steer Loader,0,7,28,Monsoon
2026-07-08,SITE017,Road Roller,3,7,28,Monsoon
2026-07-08,SITE017,Dump Truck,1,7,28,Monsoon
2026-07-08,SITE017,Forklift,1,7,28,Monsoon
2026-07-08,SITE018,Excavator,0,7,28,Monsoon
2026-07-08,SITE018,Bulldozer,1,7,28,Monsoon
2026-07-08,SITE018,Wheel Loader,3,7,28,Monsoon
2026-07-08,SITE018,Motor Grader,3,7,28,Monsoon
2026-07-08,SITE018,Backhoe Loader,3,7,28,Monsoon
2026-07-08,SITE018,Skid Steer Loader,2,7,28,Monsoon
2026-07-08,SITE018,Road Roller,0,7,28,Monsoon
2026-07-08,SITE018,Dump Truck,1,7,28,Monsoon
2026-07-08,SITE018,Forklift,1,7,28,Monsoon
2026-07-08,SITE019,Excavator,7,7,28,Monsoon
2026-07-08,SITE019,Bulldozer,2,7,28,Monsoon
2026-07-08,SITE019,Wheel Loader,0,7,28,Monsoon
2026-07-08,SITE019,Motor Grader,1,7,28,Monsoon
2026-07-08,SITE019,Backhoe Loader,3,7,28,Monsoon
2026-07-08,SITE019,Skid Steer Loader,1,7,28,Monsoon
2026-07-08,SITE019,Road Roller,2,7,28,Monsoon
2026-07-08,SITE019,Dump Truck,2,7,28,Monsoon
2026-07-08,SITE019,Forklift,3,7,28,Monsoon
2026-07-08,SITE020,Excavator,6,7,28,Monsoon
2026-07-08,SITE020,Bulldozer,0,7,28,Monsoon
2026-07-08,SITE020,Wheel Loader,3,7,28,Monsoon
2026-07-08,SITE020,Motor Grader,2,7,28,Monsoon
2026-07-08,SITE020,Backhoe Loader,1,7,28,Monsoon
2026-07-08,SITE020,Skid Steer Loader,3,7,28,Monsoon
2026-07-08,SITE020,Road Roller,1,7,28,Monsoon
2026-07-08,SITE020,Dump Truck,2,7,28,Monsoon
2026-07-08,SITE020,Forklift,4,7,28,Monsoon
2026-07-09,SITE001,Excavator,10,7,28,Monsoon
2026-07-09,SITE001,Bulldozer,3,7,28,Monsoon
2026-07-09,SITE001,Wheel Loader,3,7,28,Monsoon
2026-07-09,SITE001,Motor Grader,0,7,28,Monsoon
2026-07-09,SITE001,Backhoe Loader,2,7,28,Monsoon
2026-07-09,SITE001,Skid Steer Loader,1,7,28,Monsoon
2026-07-09,SITE001,Road Roller,1,7,28,Monsoon
2026-07-09,SITE001,Dump Truck,2,7,28,Monsoon
2026-07-09,SITE001,Forklift,4,7,28,Monsoon
2026-07-09,SITE002,Excavator,7,7,28,Monsoon
2026-07-09,SITE002,Bulldozer,0,7,28,Monsoon
2026-07-09,SITE002,Wheel Loader,2,7,28,Monsoon
2026-07-09,SITE002,Motor Grader,3,7,28,Monsoon
2026-07-09,SITE002,Backhoe Loader,2,7,28,Monsoon
2026-07-09,SITE002,Skid Steer Loader,3,7,28,Monsoon
2026-07-09,SITE002,Road Roller,0,7,28,Monsoon
2026-07-09,SITE002,Dump Truck,3,7,28,Monsoon
2026-07-09,SITE002,Forklift,5,7,28,Monsoon
2026-07-09,SITE003,Excavator,3,7,28,Monsoon
2026-07-09,SITE003,Bulldozer,2,7,28,Monsoon
2026-07-09,SITE003,Wheel Loader,1,7,28,Monsoon
2026-07-09,SITE003,Motor Grader,4,7,28,Monsoon
2026-07-09,SITE003,Backhoe Loader,0,7,28,Monsoon
2026-07-09,SITE003,Skid Steer Loader,3,7,28,Monsoon
2026-07-09,SITE003,Road Roller,2,7,28,Monsoon
2026-07-09,SITE003,Dump Truck,3,7,28,Monsoon
2026-07-09,SITE003,Forklift,4,7,28,Monsoon
2026-07-09,SITE004,Excavator,1,7,28,Monsoon
2026-07-09,SITE004,Bulldozer,0,7,28,Monsoon
2026-07-09,SITE004,Wheel Loader,1,7,28,Monsoon
2026-07-09,SITE004,Motor Grader,3,7,28,Monsoon
2026-07-09,SITE004,Backhoe Loader,1,7,28,Monsoon
2026-07-09,SITE004,Skid Steer Loader,1,7,28,Monsoon
2026-07-09,SITE004,Road Roller,1,7,28,Monsoon
2026-07-09,SITE004,Dump Truck,1,7,28,Monsoon
2026-07-09,SITE004,Forklift,3,7,28,Monsoon
2026-07-09,SITE005,Excavator,7,7,28,Monsoon
2026-07-09,SITE005,Bulldozer,2,7,28,Monsoon
2026-07-09,SITE005,Wheel Loader,4,7,28,Monsoon
2026-07-09,SITE005,Motor Grader,0,7,28,Monsoon
2026-07-09,SITE005,Backhoe Loader,1,7,28,Monsoon
2026-07-09,SITE005,Skid Steer Loader,5,7,28,Monsoon
2026-07-09,SITE005,Road Roller,2,7,28,Monsoon
2026-07-09,SITE005,Dump Truck,1,7,28,Monsoon
2026-07-09,SITE005,Forklift,1,7,28,Monsoon
2026-07-09,SITE006,Excavator,4,7,28,Monsoon
2026-07-09,SITE006,Bulldozer,1,7,28,Monsoon
2026-07-09,SITE006,Wheel Loader,1,7,28,Monsoon
2026-07-09,SITE006,Motor Grader,1,7,28,Monsoon
2026-07-09,SITE006,Backhoe Loader,0,7,28,Monsoon
2026-07-09,SITE006,Skid Steer Loader,3,7,28,Monsoon
2026-07-09,SITE006,Road Roller,4,7,28,Monsoon
2026-07-09,SITE006,Dump Truck,0,7,28,Monsoon
2026-07-09,SITE006,Forklift,3,7,28,Monsoon
2026-07-09,SITE007,Excavator,5,7,28,Monsoon
2026-07-09,SITE007,Bulldozer,2,7,28,Monsoon
2026-07-09,SITE007,Wheel Loader,1,7,28,Monsoon
2026-07-09,SITE007,Motor Grader,2,7,28,Monsoon
2026-07-09,SITE007,Backhoe Loader,3,7,28,Monsoon
2026-07-09,SITE007,Skid Steer Loader,0,7,28,Monsoon
2026-07-09,SITE007,Road Roller,3,7,28,Monsoon
2026-07-09,SITE007,Dump Truck,0,7,28,Monsoon
2026-07-09,SITE007,Forklift,1,7,28,Monsoon
2026-07-09,SITE008,Excavator,6,7,28,Monsoon
2026-07-09,SITE008,Bulldozer,0,7,28,Monsoon
2026-07-09,SITE008,Wheel Loader,2,7,28,Monsoon
2026-07-09,SITE008,Motor Grader,3,7,28,Monsoon
2026-07-09,SITE008,Backhoe Loader,4,7,28,Monsoon
2026-07-09,SITE008,Skid Steer Loader,1,7,28,Monsoon
2026-07-09,SITE008,Road Roller,0,7,28,Monsoon
2026-07-09,SITE008,Dump Truck,2,7,28,Monsoon
2026-07-09,SITE008,Forklift,0,7,28,Monsoon
2026-07-09,SITE009,Excavator,5,7,28,Monsoon
2026-07-09,SITE009,Bulldozer,5,7,28,Monsoon
2026-07-09,SITE009,Wheel Loader,2,7,28,Monsoon
2026-07-09,SITE009,Motor Grader,3,7,28,Monsoon
2026-07-09,SITE009,Backhoe Loader,1,7,28,Monsoon
2026-07-09,SITE009,Skid Steer Loader,0,7,28,Monsoon
2026-07-09,SITE009,Road Roller,6,7,28,Monsoon
2026-07-09,SITE009,Dump Truck,1,7,28,Monsoon
2026-07-09,SITE009,Forklift,5,7,28,Monsoon
2026-07-09,SITE010,Excavator,2,7,28,Monsoon
2026-07-09,SITE010,Bulldozer,4,7,28,Monsoon
2026-07-09,SITE010,Wheel Loader,3,7,28,Monsoon
2026-07-09,SITE010,Motor Grader,0,7,28,Monsoon
2026-07-09,SITE010,Backhoe Loader,2,7,28,Monsoon
2026-07-09,SITE010,Skid Steer Loader,6,7,28,Monsoon
2026-07-09,SITE010,Road Roller,1,7,28,Monsoon
2026-07-09,SITE010,Dump Truck,4,7,28,Monsoon
2026-07-09,SITE010,Forklift,2,7,28,Monsoon
2026-07-09,SITE011,Excavator,3,7,28,Monsoon
2026-07-09,SITE011,Bulldozer,2,7,28,Monsoon
2026-07-09,SITE011,Wheel Loader,2,7,28,Monsoon
2026-07-09,SITE011,Motor Grader,4,7,28,Monsoon
2026-07-09,SITE011,Backhoe Loader,2,7,28,Monsoon
2026-07-09,SITE011,Skid Steer Loader,2,7,28,Monsoon
2026-07-09,SITE011,Road Roller,0,7,28,Monsoon
2026-07-09,SITE011,Dump Truck,3,7,28,Monsoon
2026-07-09,SITE011,Forklift,2,7,28,Monsoon
2026-07-09,SITE012,Excavator,5,7,28,Monsoon
2026-07-09,SITE012,Bulldozer,5,7,28,Monsoon
2026-07-09,SITE012,Wheel Loader,4,7,28,Monsoon
2026-07-09,SITE012,Motor Grader,2,7,28,Monsoon
2026-07-09,SITE012,Backhoe Loader,3,7,28,Monsoon
2026-07-09,SITE012,Skid Steer Loader,1,7,28,Monsoon
2026-07-09,SITE012,Road Roller,0,7,28,Monsoon
2026-07-09,SITE012,Dump Truck,0,7,28,Monsoon
2026-07-09,SITE012,Forklift,0,7,28,Monsoon
2026-07-09,SITE013,Excavator,4,7,28,Monsoon
2026-07-09,SITE013,Bulldozer,1,7,28,Monsoon
2026-07-09,SITE013,Wheel Loader,1,7,28,Monsoon
2026-07-09,SITE013,Motor Grader,2,7,28,Monsoon
2026-07-09,SITE013,Backhoe Loader,4,7,28,Monsoon
2026-07-09,SITE013,Skid Steer Loader,2,7,28,Monsoon
2026-07-09,SITE013,Road Roller,4,7,28,Monsoon
2026-07-09,SITE013,Dump Truck,0,7,28,Monsoon
2026-07-09,SITE013,Forklift,3,7,28,Monsoon
2026-07-09,SITE014,Excavator,3,7,28,Monsoon
2026-07-09,SITE014,Bulldozer,4,7,28,Monsoon
2026-07-09,SITE014,Wheel Loader,6,7,28,Monsoon
2026-07-09,SITE014,Motor Grader,6,7,28,Monsoon
2026-07-09,SITE014,Backhoe Loader,5,7,28,Monsoon
2026-07-09,SITE014,Skid Steer Loader,2,7,28,Monsoon
2026-07-09,SITE014,Road Roller,2,7,28,Monsoon
2026-07-09,SITE014,Dump Truck,0,7,28,Monsoon
2026-07-09,SITE014,Forklift,7,7,28,Monsoon
2026-07-09,SITE015,Excavator,6,7,28,Monsoon
2026-07-09,SITE015,Bulldozer,0,7,28,Monsoon
2026-07-09,SITE015,Wheel Loader,2,7,28,Monsoon
2026-07-09,SITE015,Motor Grader,3,7,28,Monsoon
2026-07-09,SITE015,Backhoe Loader,3,7,28,Monsoon
2026-07-09,SITE015,Skid Steer Loader,2,7,28,Monsoon
2026-07-09,SITE015,Road Roller,3,7,28,Monsoon
2026-07-09,SITE015,Dump Truck,1,7,28,Monsoon
2026-07-09,SITE015,Forklift,1,7,28,Monsoon
2026-07-09,SITE016,Excavator,3,7,28,Monsoon
2026-07-09,SITE016,Bulldozer,0,7,28,Monsoon
2026-07-09,SITE016,Wheel Loader,0,7,28,Monsoon
2026-07-09,SITE016,Motor Grader,1,7,28,Monsoon
2026-07-09,SITE016,Backhoe Loader,2,7,28,Monsoon
2026-07-09,SITE016,Skid Steer Loader,2,7,28,Monsoon
2026-07-09,SITE016,Road Roller,3,7,28,Monsoon
2026-07-09,SITE016,Dump Truck,1,7,28,Monsoon
2026-07-09,SITE016,Forklift,2,7,28,Monsoon
2026-07-09,SITE017,Excavator,2,7,28,Monsoon
2026-07-09,SITE017,Bulldozer,1,7,28,Monsoon
2026-07-09,SITE017,Wheel Loader,2,7,28,Monsoon
2026-07-09,SITE017,Motor Grader,3,7,28,Monsoon
2026-07-09,SITE017,Backhoe Loader,0,7,28,Monsoon
2026-07-09,SITE017,Skid Steer Loader,2,7,28,Monsoon
2026-07-09,SITE017,Road Roller,1,7,28,Monsoon
2026-07-09,SITE017,Dump Truck,2,7,28,Monsoon
2026-07-09,SITE017,Forklift,2,7,28,Monsoon
2026-07-09,SITE018,Excavator,5,7,28,Monsoon
2026-07-09,SITE018,Bulldozer,0,7,28,Monsoon
2026-07-09,SITE018,Wheel Loader,3,7,28,Monsoon
2026-07-09,SITE018,Motor Grader,0,7,28,Monsoon
2026-07-09,SITE018,Backhoe Loader,1,7,28,Monsoon
2026-07-09,SITE018,Skid Steer Loader,2,7,28,Monsoon
2026-07-09,SITE018,Road Roller,1,7,28,Monsoon
2026-07-09,SITE018,Dump Truck,1,7,28,Monsoon
2026-07-09,SITE018,Forklift,2,7,28,Monsoon
2026-07-09,SITE019,Excavator,3,7,28,Monsoon
2026-07-09,SITE019,Bulldozer,1,7,28,Monsoon
2026-07-09,SITE019,Wheel Loader,0,7,28,Monsoon
2026-07-09,SITE019,Motor Grader,1,7,28,Monsoon
2026-07-09,SITE019,Backhoe Loader,1,7,28,Monsoon
2026-07-09,SITE019,Skid Steer Loader,2,7,28,Monsoon
2026-07-09,SITE019,Road Roller,2,7,28,Monsoon
2026-07-09,SITE019,Dump Truck,0,7,28,Monsoon
2026-07-09,SITE019,Forklift,1,7,28,Monsoon
2026-07-09,SITE020,Excavator,1,7,28,Monsoon
2026-07-09,SITE020,Bulldozer,1,7,28,Monsoon
2026-07-09,SITE020,Wheel Loader,4,7,28,Monsoon
2026-07-09,SITE020,Motor Grader,1,7,28,Monsoon
2026-07-09,SITE020,Backhoe Loader,0,7,28,Monsoon
2026-07-09,SITE020,Skid Steer Loader,2,7,28,Monsoon
2026-07-09,SITE020,Road Roller,2,7,28,Monsoon
2026-07-09,SITE020,Dump Truck,1,7,28,Monsoon
2026-07-09,SITE020,Forklift,3,7,28,Monsoon
2026-07-10,SITE001,Excavator,6,7,28,Monsoon
2026-07-10,SITE001,Bulldozer,2,7,28,Monsoon
2026-07-10,SITE001,Wheel Loader,4,7,28,Monsoon
2026-07-10,SITE001,Motor Grader,1,7,28,Monsoon
2026-07-10,SITE001,Backhoe Loader,2,7,28,Monsoon
2026-07-10,SITE001,Skid Steer Loader,1,7,28,Monsoon
2026-07-10,SITE001,Road Roller,5,7,28,Monsoon
2026-07-10,SITE001,Dump Truck,4,7,28,Monsoon
2026-07-10,SITE001,Forklift,2,7,28,Monsoon
2026-07-10,SITE002,Excavator,2,7,28,Monsoon
2026-07-10,SITE002,Bulldozer,2,7,28,Monsoon
2026-07-10,SITE002,Wheel Loader,1,7,28,Monsoon
2026-07-10,SITE002,Motor Grader,0,7,28,Monsoon
2026-07-10,SITE002,Backhoe Loader,2,7,28,Monsoon
2026-07-10,SITE002,Skid Steer Loader,1,7,28,Monsoon
2026-07-10,SITE002,Road Roller,2,7,28,Monsoon
2026-07-10,SITE002,Dump Truck,5,7,28,Monsoon
2026-07-10,SITE002,Forklift,2,7,28,Monsoon
2026-07-10,SITE003,Excavator,3,7,28,Monsoon
2026-07-10,SITE003,Bulldozer,2,7,28,Monsoon
2026-07-10,SITE003,Wheel Loader,1,7,28,Monsoon
2026-07-10,SITE003,Motor Grader,2,7,28,Monsoon
2026-07-10,SITE003,Backhoe Loader,4,7,28,Monsoon
2026-07-10,SITE003,Skid Steer Loader,3,7,28,Monsoon
2026-07-10,SITE003,Road Roller,1,7,28,Monsoon
2026-07-10,SITE003,Dump Truck,1,7,28,Monsoon
2026-07-10,SITE003,Forklift,3,7,28,Monsoon
2026-07-10,SITE004,Excavator,1,7,28,Monsoon
2026-07-10,SITE004,Bulldozer,0,7,28,Monsoon
2026-07-10,SITE004,Wheel Loader,1,7,28,Monsoon
2026-07-10,SITE004,Motor Grader,1,7,28,Monsoon
2026-07-10,SITE004,Backhoe Loader,3,7,28,Monsoon
2026-07-10,SITE004,Skid Steer Loader,1,7,28,Monsoon
2026-07-10,SITE004,Road Roller,2,7,28,Monsoon
2026-07-10,SITE004,Dump Truck,4,7,28,Monsoon
2026-07-10,SITE004,Forklift,5,7,28,Monsoon
2026-07-10,SITE005,Excavator,6,7,28,Monsoon
2026-07-10,SITE005,Bulldozer,1,7,28,Monsoon
2026-07-10,SITE005,Wheel Loader,5,7,28,Monsoon
2026-07-10,SITE005,Motor Grader,2,7,28,Monsoon
2026-07-10,SITE005,Backhoe Loader,2,7,28,Monsoon
2026-07-10,SITE005,Skid Steer Loader,1,7,28,Monsoon
2026-07-10,SITE005,Road Roller,1,7,28,Monsoon
2026-07-10,SITE005,Dump Truck,1,7,28,Monsoon
2026-07-10,SITE005,Forklift,3,7,28,Monsoon
2026-07-10,SITE006,Excavator,4,7,28,Monsoon
2026-07-10,SITE006,Bulldozer,1,7,28,Monsoon
2026-07-10,SITE006,Wheel Loader,0,7,28,Monsoon
2026-07-10,SITE006,Motor Grader,3,7,28,Monsoon
2026-07-10,SITE006,Backhoe Loader,2,7,28,Monsoon
2026-07-10,SITE006,Skid Steer Loader,2,7,28,Monsoon
2026-07-10,SITE006,Road Roller,1,7,28,Monsoon
2026-07-10,SITE006,Dump Truck,0,7,28,Monsoon
2026-07-10,SITE006,Forklift,3,7,28,Monsoon
2026-07-10,SITE007,Excavator,4,7,28,Monsoon
2026-07-10,SITE007,Bulldozer,2,7,28,Monsoon
2026-07-10,SITE007,Wheel Loader,1,7,28,Monsoon
2026-07-10,SITE007,Motor Grader,2,7,28,Monsoon
2026-07-10,SITE007,Backhoe Loader,2,7,28,Monsoon
2026-07-10,SITE007,Skid Steer Loader,3,7,28,Monsoon
2026-07-10,SITE007,Road Roller,0,7,28,Monsoon
2026-07-10,SITE007,Dump Truck,2,7,28,Monsoon
2026-07-10,SITE007,Forklift,1,7,28,Monsoon
2026-07-10,SITE008,Excavator,4,7,28,Monsoon
2026-07-10,SITE008,Bulldozer,2,7,28,Monsoon
2026-07-10,SITE008,Wheel Loader,4,7,28,Monsoon
2026-07-10,SITE008,Motor Grader,0,7,28,Monsoon
2026-07-10,SITE008,Backhoe Loader,1,7,28,Monsoon
2026-07-10,SITE008,Skid Steer Loader,1,7,28,Monsoon
2026-07-10,SITE008,Road Roller,3,7,28,Monsoon
2026-07-10,SITE008,Dump Truck,2,7,28,Monsoon
2026-07-10,SITE008,Forklift,1,7,28,Monsoon
2026-07-10,SITE009,Excavator,5,7,28,Monsoon
2026-07-10,SITE009,Bulldozer,3,7,28,Monsoon
2026-07-10,SITE009,Wheel Loader,1,7,28,Monsoon
2026-07-10,SITE009,Motor Grader,3,7,28,Monsoon
2026-07-10,SITE009,Backhoe Loader,0,7,28,Monsoon
2026-07-10,SITE009,Skid Steer Loader,2,7,28,Monsoon
2026-07-10,SITE009,Road Roller,6,7,28,Monsoon
2026-07-10,SITE009,Dump Truck,1,7,28,Monsoon
2026-07-10,SITE009,Forklift,1,7,28,Monsoon
2026-07-10,SITE010,Excavator,3,7,28,Monsoon
2026-07-10,SITE010,Bulldozer,4,7,28,Monsoon
2026-07-10,SITE010,Wheel Loader,0,7,28,Monsoon
2026-07-10,SITE010,Motor Grader,2,7,28,Monsoon
2026-07-10,SITE010,Backhoe Loader,2,7,28,Monsoon
2026-07-10,SITE010,Skid Steer Loader,2,7,28,Monsoon
2026-07-10,SITE010,Road Roller,3,7,28,Monsoon
2026-07-10,SITE010,Dump Truck,2,7,28,Monsoon
2026-07-10,SITE010,Forklift,3,7,28,Monsoon
2026-07-10,SITE011,Excavator,5,7,28,Monsoon
2026-07-10,SITE011,Bulldozer,2,7,28,Monsoon
2026-07-10,SITE011,Wheel Loader,2,7,28,Monsoon
2026-07-10,SITE011,Motor Grader,0,7,28,Monsoon
2026-07-10,SITE011,Backhoe Loader,4,7,28,Monsoon
2026-07-10,SITE011,Skid Steer Loader,2,7,28,Monsoon
2026-07-10,SITE011,Road Roller,0,7,28,Monsoon
2026-07-10,SITE011,Dump Truck,2,7,28,Monsoon
2026-07-10,SITE011,Forklift,3,7,28,Monsoon
2026-07-10,SITE012,Excavator,5,7,28,Monsoon
2026-07-10,SITE012,Bulldozer,1,7,28,Monsoon
2026-07-10,SITE012,Wheel Loader,4,7,28,Monsoon
2026-07-10,SITE012,Motor Grader,1,7,28,Monsoon
2026-07-10,SITE012,Backhoe Loader,1,7,28,Monsoon
2026-07-10,SITE012,Skid Steer Loader,0,7,28,Monsoon
2026-07-10,SITE012,Road Roller,1,7,28,Monsoon
2026-07-10,SITE012,Dump Truck,0,7,28,Monsoon
2026-07-10,SITE012,Forklift,3,7,28,Monsoon
2026-07-10,SITE013,Excavator,7,7,28,Monsoon
2026-07-10,SITE013,Bulldozer,2,7,28,Monsoon
2026-07-10,SITE013,Wheel Loader,2,7,28,Monsoon
2026-07-10,SITE013,Motor Grader,6,7,28,Monsoon
2026-07-10,SITE013,Backhoe Loader,4,7,28,Monsoon
2026-07-10,SITE013,Skid Steer Loader,0,7,28,Monsoon
2026-07-10,SITE013,Road Roller,2,7,28,Monsoon
2026-07-10,SITE013,Dump Truck,0,7,28,Monsoon
2026-07-10,SITE013,Forklift,3,7,28,Monsoon
2026-07-10,SITE014,Excavator,5,7,28,Monsoon
2026-07-10,SITE014,Bulldozer,2,7,28,Monsoon
2026-07-10,SITE014,Wheel Loader,3,7,28,Monsoon
2026-07-10,SITE014,Motor Grader,5,7,28,Monsoon
2026-07-10,SITE014,Backhoe Loader,3,7,28,Monsoon
2026-07-10,SITE014,Skid Steer Loader,4,7,28,Monsoon
2026-07-10,SITE014,Road Roller,2,7,28,Monsoon
2026-07-10,SITE014,Dump Truck,2,7,28,Monsoon
2026-07-10,SITE014,Forklift,2,7,28,Monsoon
2026-07-10,SITE015,Excavator,3,7,28,Monsoon
2026-07-10,SITE015,Bulldozer,1,7,28,Monsoon
2026-07-10,SITE015,Wheel Loader,4,7,28,Monsoon
2026-07-10,SITE015,Motor Grader,3,7,28,Monsoon
2026-07-10,SITE015,Backhoe Loader,1,7,28,Monsoon
2026-07-10,SITE015,Skid Steer Loader,0,7,28,Monsoon
2026-07-10,SITE015,Road Roller,2,7,28,Monsoon
2026-07-10,SITE015,Dump Truck,1,7,28,Monsoon
2026-07-10,SITE015,Forklift,0,7,28,Monsoon
2026-07-10,SITE016,Excavator,2,7,28,Monsoon
2026-07-10,SITE016,Bulldozer,2,7,28,Monsoon
2026-07-10,SITE016,Wheel Loader,2,7,28,Monsoon
2026-07-10,SITE016,Motor Grader,5,7,28,Monsoon
2026-07-10,SITE016,Backhoe Loader,3,7,28,Monsoon
2026-07-10,SITE016,Skid Steer Loader,1,7,28,Monsoon
2026-07-10,SITE016,Road Roller,2,7,28,Monsoon
2026-07-10,SITE016,Dump Truck,1,7,28,Monsoon
2026-07-10,SITE016,Forklift,1,7,28,Monsoon
2026-07-10,SITE017,Excavator,4,7,28,Monsoon
2026-07-10,SITE017,Bulldozer,3,7,28,Monsoon
2026-07-10,SITE017,Wheel Loader,1,7,28,Monsoon
2026-07-10,SITE017,Motor Grader,1,7,28,Monsoon
2026-07-10,SITE017,Backhoe Loader,2,7,28,Monsoon
2026-07-10,SITE017,Skid Steer Loader,4,7,28,Monsoon
2026-07-10,SITE017,Road Roller,1,7,28,Monsoon
2026-07-10,SITE017,Dump Truck,3,7,28,Monsoon
2026-07-10,SITE017,Forklift,2,7,28,Monsoon
2026-07-10,SITE018,Excavator,5,7,28,Monsoon
2026-07-10,SITE018,Bulldozer,4,7,28,Monsoon
2026-07-10,SITE018,Wheel Loader,3,7,28,Monsoon
2026-07-10,SITE018,Motor Grader,1,7,28,Monsoon
2026-07-10,SITE018,Backhoe Loader,2,7,28,Monsoon
2026-07-10,SITE018,Skid Steer Loader,2,7,28,Monsoon
2026-07-10,SITE018,Road Roller,2,7,28,Monsoon
2026-07-10,SITE018,Dump Truck,1,7,28,Monsoon
2026-07-10,SITE018,Forklift,0,7,28,Monsoon
2026-07-10,SITE019,Excavator,2,7,28,Monsoon
2026-07-10,SITE019,Bulldozer,4,7,28,Monsoon
2026-07-10,SITE019,Wheel Loader,1,7,28,Monsoon
2026-07-10,SITE019,Motor Grader,2,7,28,Monsoon
2026-07-10,SITE019,Backhoe Loader,1,7,28,Monsoon
2026-07-10,SITE019,Skid Steer Loader,3,7,28,Monsoon
2026-07-10,SITE019,Road Roller,1,7,28,Monsoon
2026-07-10,SITE019,Dump Truck,3,7,28,Monsoon
2026-07-10,SITE019,Forklift,0,7,28,Monsoon
2026-07-10,SITE020,Excavator,5,7,28,Monsoon
2026-07-10,SITE020,Bulldozer,3,7,28,Monsoon
2026-07-10,SITE020,Wheel Loader,3,7,28,Monsoon
2026-07-10,SITE020,Motor Grader,2,7,28,Monsoon
2026-07-10,SITE020,Backhoe Loader,1,7,28,Monsoon
2026-07-10,SITE020,Skid Steer Loader,1,7,28,Monsoon
2026-07-10,SITE020,Road Roller,2,7,28,Monsoon
2026-07-10,SITE020,Dump Truck,2,7,28,Monsoon
2026-07-10,SITE020,Forklift,4,7,28,Monsoon
2026-07-11,SITE001,Excavator,2,7,28,Monsoon
2026-07-11,SITE001,Bulldozer,3,7,28,Monsoon
2026-07-11,SITE001,Wheel Loader,1,7,28,Monsoon
2026-07-11,SITE001,Motor Grader,6,7,28,Monsoon
2026-07-11,SITE001,Backhoe Loader,1,7,28,Monsoon
2026-07-11,SITE001,Skid Steer Loader,2,7,28,Monsoon
2026-07-11,SITE001,Road Roller,6,7,28,Monsoon
2026-07-11,SITE001,Dump Truck,4,7,28,Monsoon
2026-07-11,SITE001,Forklift,1,7,28,Monsoon
2026-07-11,SITE002,Excavator,3,7,28,Monsoon
2026-07-11,SITE002,Bulldozer,0,7,28,Monsoon
2026-07-11,SITE002,Wheel Loader,1,7,28,Monsoon
2026-07-11,SITE002,Motor Grader,1,7,28,Monsoon
2026-07-11,SITE002,Backhoe Loader,7,7,28,Monsoon
2026-07-11,SITE002,Skid Steer Loader,0,7,28,Monsoon
2026-07-11,SITE002,Road Roller,2,7,28,Monsoon
2026-07-11,SITE002,Dump Truck,4,7,28,Monsoon
2026-07-11,SITE002,Forklift,2,7,28,Monsoon
2026-07-11,SITE003,Excavator,4,7,28,Monsoon
2026-07-11,SITE003,Bulldozer,0,7,28,Monsoon
2026-07-11,SITE003,Wheel Loader,4,7,28,Monsoon
2026-07-11,SITE003,Motor Grader,2,7,28,Monsoon
2026-07-11,SITE003,Backhoe Loader,2,7,28,Monsoon
2026-07-11,SITE003,Skid Steer Loader,0,7,28,Monsoon
2026-07-11,SITE003,Road Roller,2,7,28,Monsoon
2026-07-11,SITE003,Dump Truck,4,7,28,Monsoon
2026-07-11,SITE003,Forklift,1,7,28,Monsoon
2026-07-11,SITE004,Excavator,6,7,28,Monsoon
2026-07-11,SITE004,Bulldozer,2,7,28,Monsoon
2026-07-11,SITE004,Wheel Loader,3,7,28,Monsoon
2026-07-11,SITE004,Motor Grader,1,7,28,Monsoon
2026-07-11,SITE004,Backhoe Loader,4,7,28,Monsoon
2026-07-11,SITE004,Skid Steer Loader,1,7,28,Monsoon
2026-07-11,SITE004,Road Roller,7,7,28,Monsoon
2026-07-11,SITE004,Dump Truck,3,7,28,Monsoon
2026-07-11,SITE004,Forklift,1,7,28,Monsoon
2026-07-11,SITE005,Excavator,4,7,28,Monsoon
2026-07-11,SITE005,Bulldozer,0,7,28,Monsoon
2026-07-11,SITE005,Wheel Loader,1,7,28,Monsoon
2026-07-11,SITE005,Motor Grader,1,7,28,Monsoon
2026-07-11,SITE005,Backhoe Loader,0,7,28,Monsoon
2026-07-11,SITE005,Skid Steer Loader,2,7,28,Monsoon
2026-07-11,SITE005,Road Roller,1,7,28,Monsoon
2026-07-11,SITE005,Dump Truck,2,7,28,Monsoon
2026-07-11,SITE005,Forklift,1,7,28,Monsoon
2026-07-11,SITE006,Excavator,2,7,28,Monsoon
2026-07-11,SITE006,Bulldozer,0,7,28,Monsoon
2026-07-11,SITE006,Wheel Loader,2,7,28,Monsoon
2026-07-11,SITE006,Motor Grader,2,7,28,Monsoon
2026-07-11,SITE006,Backhoe Loader,0,7,28,Monsoon
2026-07-11,SITE006,Skid Steer Loader,1,7,28,Monsoon
2026-07-11,SITE006,Road Roller,1,7,28,Monsoon
2026-07-11,SITE006,Dump Truck,2,7,28,Monsoon
2026-07-11,SITE006,Forklift,0,7,28,Monsoon
2026-07-11,SITE007,Excavator,4,7,28,Monsoon
2026-07-11,SITE007,Bulldozer,4,7,28,Monsoon
2026-07-11,SITE007,Wheel Loader,1,7,28,Monsoon
2026-07-11,SITE007,Motor Grader,2,7,28,Monsoon
2026-07-11,SITE007,Backhoe Loader,2,7,28,Monsoon
2026-07-11,SITE007,Skid Steer Loader,0,7,28,Monsoon
2026-07-11,SITE007,Road Roller,0,7,28,Monsoon
2026-07-11,SITE007,Dump Truck,0,7,28,Monsoon
2026-07-11,SITE007,Forklift,2,7,28,Monsoon
2026-07-11,SITE008,Excavator,4,7,28,Monsoon
2026-07-11,SITE008,Bulldozer,1,7,28,Monsoon
2026-07-11,SITE008,Wheel Loader,4,7,28,Monsoon
2026-07-11,SITE008,Motor Grader,2,7,28,Monsoon
2026-07-11,SITE008,Backhoe Loader,0,7,28,Monsoon
2026-07-11,SITE008,Skid Steer Loader,2,7,28,Monsoon
2026-07-11,SITE008,Road Roller,1,7,28,Monsoon
2026-07-11,SITE008,Dump Truck,0,7,28,Monsoon
2026-07-11,SITE008,Forklift,5,7,28,Monsoon
2026-07-11,SITE009,Excavator,9,7,28,Monsoon
2026-07-11,SITE009,Bulldozer,2,7,28,Monsoon
2026-07-11,SITE009,Wheel Loader,3,7,28,Monsoon
2026-07-11,SITE009,Motor Grader,2,7,28,Monsoon
2026-07-11,SITE009,Backhoe Loader,2,7,28,Monsoon
2026-07-11,SITE009,Skid Steer Loader,3,7,28,Monsoon
2026-07-11,SITE009,Road Roller,1,7,28,Monsoon
2026-07-11,SITE009,Dump Truck,2,7,28,Monsoon
2026-07-11,SITE009,Forklift,3,7,28,Monsoon
2026-07-11,SITE010,Excavator,2,7,28,Monsoon
2026-07-11,SITE010,Bulldozer,1,7,28,Monsoon
2026-07-11,SITE010,Wheel Loader,4,7,28,Monsoon
2026-07-11,SITE010,Motor Grader,2,7,28,Monsoon
2026-07-11,SITE010,Backhoe Loader,1,7,28,Monsoon
2026-07-11,SITE010,Skid Steer Loader,2,7,28,Monsoon
2026-07-11,SITE010,Road Roller,2,7,28,Monsoon
2026-07-11,SITE010,Dump Truck,2,7,28,Monsoon
2026-07-11,SITE010,Forklift,0,7,28,Monsoon
2026-07-11,SITE011,Excavator,4,7,28,Monsoon
2026-07-11,SITE011,Bulldozer,1,7,28,Monsoon
2026-07-11,SITE011,Wheel Loader,3,7,28,Monsoon
2026-07-11,SITE011,Motor Grader,0,7,28,Monsoon
2026-07-11,SITE011,Backhoe Loader,2,7,28,Monsoon
2026-07-11,SITE011,Skid Steer Loader,0,7,28,Monsoon
2026-07-11,SITE011,Road Roller,2,7,28,Monsoon
2026-07-11,SITE011,Dump Truck,2,7,28,Monsoon
2026-07-11,SITE011,Forklift,3,7,28,Monsoon
2026-07-11,SITE012,Excavator,2,7,28,Monsoon
2026-07-11,SITE012,Bulldozer,3,7,28,Monsoon
2026-07-11,SITE012,Wheel Loader,2,7,28,Monsoon
2026-07-11,SITE012,Motor Grader,2,7,28,Monsoon
2026-07-11,SITE012,Backhoe Loader,3,7,28,Monsoon
2026-07-11,SITE012,Skid Steer Loader,4,7,28,Monsoon
2026-07-11,SITE012,Road Roller,0,7,28,Monsoon
2026-07-11,SITE012,Dump Truck,5,7,28,Monsoon
2026-07-11,SITE012,Forklift,5,7,28,Monsoon
2026-07-11,SITE013,Excavator,4,7,28,Monsoon
2026-07-11,SITE013,Bulldozer,0,7,28,Monsoon
2026-07-11,SITE013,Wheel Loader,1,7,28,Monsoon
2026-07-11,SITE013,Motor Grader,3,7,28,Monsoon
2026-07-11,SITE013,Backhoe Loader,1,7,28,Monsoon
2026-07-11,SITE013,Skid Steer Loader,2,7,28,Monsoon
2026-07-11,SITE013,Road Roller,0,7,28,Monsoon
2026-07-11,SITE013,Dump Truck,1,7,28,Monsoon
2026-07-11,SITE013,Forklift,6,7,28,Monsoon
2026-07-11,SITE014,Excavator,2,7,28,Monsoon
2026-07-11,SITE014,Bulldozer,4,7,28,Monsoon
2026-07-11,SITE014,Wheel Loader,2,7,28,Monsoon
2026-07-11,SITE014,Motor Grader,0,7,28,Monsoon
2026-07-11,SITE014,Backhoe Loader,1,7,28,Monsoon
2026-07-11,SITE014,Skid Steer Loader,1,7,28,Monsoon
2026-07-11,SITE014,Road Roller,5,7,28,Monsoon
2026-07-11,SITE014,Dump Truck,1,7,28,Monsoon
2026-07-11,SITE014,Forklift,1,7,28,Monsoon
2026-07-11,SITE015,Excavator,3,7,28,Monsoon
2026-07-11,SITE015,Bulldozer,2,7,28,Monsoon
2026-07-11,SITE015,Wheel Loader,2,7,28,Monsoon
2026-07-11,SITE015,Motor Grader,1,7,28,Monsoon
2026-07-11,SITE015,Backhoe Loader,2,7,28,Monsoon
2026-07-11,SITE015,Skid Steer Loader,4,7,28,Monsoon
2026-07-11,SITE015,Road Roller,0,7,28,Monsoon
2026-07-11,SITE015,Dump Truck,1,7,28,Monsoon
2026-07-11,SITE015,Forklift,1,7,28,Monsoon
2026-07-11,SITE016,Excavator,7,7,28,Monsoon
2026-07-11,SITE016,Bulldozer,4,7,28,Monsoon
2026-07-11,SITE016,Wheel Loader,2,7,28,Monsoon
2026-07-11,SITE016,Motor Grader,3,7,28,Monsoon
2026-07-11,SITE016,Backhoe Loader,3,7,28,Monsoon
2026-07-11,SITE016,Skid Steer Loader,0,7,28,Monsoon
2026-07-11,SITE016,Road Roller,2,7,28,Monsoon
2026-07-11,SITE016,Dump Truck,1,7,28,Monsoon
2026-07-11,SITE016,Forklift,2,7,28,Monsoon
2026-07-11,SITE017,Excavator,4,7,28,Monsoon
2026-07-11,SITE017,Bulldozer,1,7,28,Monsoon
2026-07-11,SITE017,Wheel Loader,0,7,28,Monsoon
2026-07-11,SITE017,Motor Grader,4,7,28,Monsoon
2026-07-11,SITE017,Backhoe Loader,2,7,28,Monsoon
2026-07-11,SITE017,Skid Steer Loader,3,7,28,Monsoon
2026-07-11,SITE017,Road Roller,0,7,28,Monsoon
2026-07-11,SITE017,Dump Truck,3,7,28,Monsoon
2026-07-11,SITE017,Forklift,3,7,28,Monsoon
2026-07-11,SITE018,Excavator,3,7,28,Monsoon
2026-07-11,SITE018,Bulldozer,2,7,28,Monsoon
2026-07-11,SITE018,Wheel Loader,3,7,28,Monsoon
2026-07-11,SITE018,Motor Grader,0,7,28,Monsoon
2026-07-11,SITE018,Backhoe Loader,2,7,28,Monsoon
2026-07-11,SITE018,Skid Steer Loader,1,7,28,Monsoon
2026-07-11,SITE018,Road Roller,1,7,28,Monsoon
2026-07-11,SITE018,Dump Truck,0,7,28,Monsoon
2026-07-11,SITE018,Forklift,2,7,28,Monsoon
2026-07-11,SITE019,Excavator,2,7,28,Monsoon
2026-07-11,SITE019,Bulldozer,4,7,28,Monsoon
2026-07-11,SITE019,Wheel Loader,1,7,28,Monsoon
2026-07-11,SITE019,Motor Grader,2,7,28,Monsoon
2026-07-11,SITE019,Backhoe Loader,1,7,28,Monsoon
2026-07-11,SITE019,Skid Steer Loader,1,7,28,Monsoon
2026-07-11,SITE019,Road Roller,1,7,28,Monsoon
2026-07-11,SITE019,Dump Truck,0,7,28,Monsoon
2026-07-11,SITE019,Forklift,3,7,28,Monsoon
2026-07-11,SITE020,Excavator,2,7,28,Monsoon
2026-07-11,SITE020,Bulldozer,3,7,28,Monsoon
2026-07-11,SITE020,Wheel Loader,0,7,28,Monsoon
2026-07-11,SITE020,Motor Grader,1,7,28,Monsoon
2026-07-11,SITE020,Backhoe Loader,2,7,28,Monsoon
2026-07-11,SITE020,Skid Steer Loader,4,7,28,Monsoon
2026-07-11,SITE020,Road Roller,1,7,28,Monsoon
2026-07-11,SITE020,Dump Truck,0,7,28,Monsoon
2026-07-11,SITE020,Forklift,2,7,28,Monsoon
2026-07-12,SITE001,Excavator,5,7,28,Monsoon
2026-07-12,SITE001,Bulldozer,1,7,28,Monsoon
2026-07-12,SITE001,Wheel Loader,0,7,28,Monsoon
2026-07-12,SITE001,Motor Grader,5,7,28,Monsoon
2026-07-12,SITE001,Backhoe Loader,0,7,28,Monsoon
2026-07-12,SITE001,Skid Steer Loader,2,7,28,Monsoon
2026-07-12,SITE001,Road Roller,1,7,28,Monsoon
2026-07-12,SITE001,Dump Truck,3,7,28,Monsoon
2026-07-12,SITE001,Forklift,2,7,28,Monsoon
2026-07-12,SITE002,Excavator,2,7,28,Monsoon
2026-07-12,SITE002,Bulldozer,3,7,28,Monsoon
2026-07-12,SITE002,Wheel Loader,2,7,28,Monsoon
2026-07-12,SITE002,Motor Grader,0,7,28,Monsoon
2026-07-12,SITE002,Backhoe Loader,5,7,28,Monsoon
2026-07-12,SITE002,Skid Steer Loader,6,7,28,Monsoon
2026-07-12,SITE002,Road Roller,2,7,28,Monsoon
2026-07-12,SITE002,Dump Truck,4,7,28,Monsoon
2026-07-12,SITE002,Forklift,7,7,28,Monsoon
2026-07-12,SITE003,Excavator,4,7,28,Monsoon
2026-07-12,SITE003,Bulldozer,1,7,28,Monsoon
2026-07-12,SITE003,Wheel Loader,1,7,28,Monsoon
2026-07-12,SITE003,Motor Grader,2,7,28,Monsoon
2026-07-12,SITE003,Backhoe Loader,3,7,28,Monsoon
2026-07-12,SITE003,Skid Steer Loader,1,7,28,Monsoon
2026-07-12,SITE003,Road Roller,2,7,28,Monsoon
2026-07-12,SITE003,Dump Truck,1,7,28,Monsoon
2026-07-12,SITE003,Forklift,2,7,28,Monsoon
2026-07-12,SITE004,Excavator,3,7,28,Monsoon
2026-07-12,SITE004,Bulldozer,0,7,28,Monsoon
2026-07-12,SITE004,Wheel Loader,5,7,28,Monsoon
2026-07-12,SITE004,Motor Grader,3,7,28,Monsoon
2026-07-12,SITE004,Backhoe Loader,3,7,28,Monsoon
2026-07-12,SITE004,Skid Steer Loader,1,7,28,Monsoon
2026-07-12,SITE004,Road Roller,2,7,28,Monsoon
2026-07-12,SITE004,Dump Truck,3,7,28,Monsoon
2026-07-12,SITE004,Forklift,1,7,28,Monsoon
2026-07-12,SITE005,Excavator,3,7,28,Monsoon
2026-07-12,SITE005,Bulldozer,0,7,28,Monsoon
2026-07-12,SITE005,Wheel Loader,3,7,28,Monsoon
2026-07-12,SITE005,Motor Grader,1,7,28,Monsoon
2026-07-12,SITE005,Backhoe Loader,1,7,28,Monsoon
2026-07-12,SITE005,Skid Steer Loader,3,7,28,Monsoon
2026-07-12,SITE005,Road Roller,1,7,28,Monsoon
2026-07-12,SITE005,Dump Truck,1,7,28,Monsoon
2026-07-12,SITE005,Forklift,0,7,28,Monsoon
2026-07-12,SITE006,Excavator,4,7,28,Monsoon
2026-07-12,SITE006,Bulldozer,2,7,28,Monsoon
2026-07-12,SITE006,Wheel Loader,2,7,28,Monsoon
2026-07-12,SITE006,Motor Grader,4,7,28,Monsoon
2026-07-12,SITE006,Backhoe Loader,3,7,28,Monsoon
2026-07-12,SITE006,Skid Steer Loader,2,7,28,Monsoon
2026-07-12,SITE006,Road Roller,5,7,28,Monsoon
2026-07-12,SITE006,Dump Truck,1,7,28,Monsoon
2026-07-12,SITE006,Forklift,4,7,28,Monsoon
2026-07-12,SITE007,Excavator,4,7,28,Monsoon
2026-07-12,SITE007,Bulldozer,0,7,28,Monsoon
2026-07-12,SITE007,Wheel Loader,2,7,28,Monsoon
2026-07-12,SITE007,Motor Grader,1,7,28,Monsoon
2026-07-12,SITE007,Backhoe Loader,3,7,28,Monsoon
2026-07-12,SITE007,Skid Steer Loader,3,7,28,Monsoon
2026-07-12,SITE007,Road Roller,1,7,28,Monsoon
2026-07-12,SITE007,Dump Truck,3,7,28,Monsoon
2026-07-12,SITE007,Forklift,3,7,28,Monsoon
2026-07-12,SITE008,Excavator,8,7,28,Monsoon
2026-07-12,SITE008,Bulldozer,4,7,28,Monsoon
2026-07-12,SITE008,Wheel Loader,2,7,28,Monsoon
2026-07-12,SITE008,Motor Grader,1,7,28,Monsoon
2026-07-12,SITE008,Backhoe Loader,1,7,28,Monsoon
2026-07-12,SITE008,Skid Steer Loader,2,7,28,Monsoon
2026-07-12,SITE008,Road Roller,0,7,28,Monsoon
2026-07-12,SITE008,Dump Truck,1,7,28,Monsoon
2026-07-12,SITE008,Forklift,3,7,28,Monsoon
2026-07-12,SITE009,Excavator,2,7,28,Monsoon
2026-07-12,SITE009,Bulldozer,2,7,28,Monsoon
2026-07-12,SITE009,Wheel Loader,4,7,28,Monsoon
2026-07-12,SITE009,Motor Grader,0,7,28,Monsoon
2026-07-12,SITE009,Backhoe Loader,1,7,28,Monsoon
2026-07-12,SITE009,Skid Steer Loader,3,7,28,Monsoon
2026-07-12,SITE009,Road Roller,0,7,28,Monsoon
2026-07-12,SITE009,Dump Truck,6,7,28,Monsoon
2026-07-12,SITE009,Forklift,2,7,28,Monsoon
2026-07-12,SITE010,Excavator,2,7,28,Monsoon
2026-07-12,SITE010,Bulldozer,1,7,28,Monsoon
2026-07-12,SITE010,Wheel Loader,3,7,28,Monsoon
2026-07-12,SITE010,Motor Grader,1,7,28,Monsoon
2026-07-12,SITE010,Backhoe Loader,3,7,28,Monsoon
2026-07-12,SITE010,Skid Steer Loader,0,7,28,Monsoon
2026-07-12,SITE010,Road Roller,3,7,28,Monsoon
2026-07-12,SITE010,Dump Truck,2,7,28,Monsoon
2026-07-12,SITE010,Forklift,1,7,28,Monsoon
2026-07-12,SITE011,Excavator,5,7,28,Monsoon
2026-07-12,SITE011,Bulldozer,9,7,28,Monsoon
2026-07-12,SITE011,Wheel Loader,2,7,28,Monsoon
2026-07-12,SITE011,Motor Grader,4,7,28,Monsoon
2026-07-12,SITE011,Backhoe Loader,0,7,28,Monsoon
2026-07-12,SITE011,Skid Steer Loader,1,7,28,Monsoon
2026-07-12,SITE011,Road Roller,1,7,28,Monsoon
2026-07-12,SITE011,Dump Truck,1,7,28,Monsoon
2026-07-12,SITE011,Forklift,2,7,28,Monsoon
2026-07-12,SITE012,Excavator,3,7,28,Monsoon
2026-07-12,SITE012,Bulldozer,1,7,28,Monsoon
2026-07-12,SITE012,Wheel Loader,2,7,28,Monsoon
2026-07-12,SITE012,Motor Grader,0,7,28,Monsoon
2026-07-12,SITE012,Backhoe Loader,2,7,28,Monsoon
2026-07-12,SITE012,Skid Steer Loader,2,7,28,Monsoon
2026-07-12,SITE012,Road Roller,0,7,28,Monsoon
2026-07-12,SITE012,Dump Truck,2,7,28,Monsoon
2026-07-12,SITE012,Forklift,2,7,28,Monsoon
2026-07-12,SITE013,Excavator,4,7,28,Monsoon
2026-07-12,SITE013,Bulldozer,2,7,28,Monsoon
2026-07-12,SITE013,Wheel Loader,1,7,28,Monsoon
2026-07-12,SITE013,Motor Grader,1,7,28,Monsoon
2026-07-12,SITE013,Backhoe Loader,2,7,28,Monsoon
2026-07-12,SITE013,Skid Steer Loader,0,7,28,Monsoon
2026-07-12,SITE013,Road Roller,4,7,28,Monsoon
2026-07-12,SITE013,Dump Truck,3,7,28,Monsoon
2026-07-12,SITE013,Forklift,1,7,28,Monsoon
2026-07-12,SITE014,Excavator,3,7,28,Monsoon
2026-07-12,SITE014,Bulldozer,2,7,28,Monsoon
2026-07-12,SITE014,Wheel Loader,2,7,28,Monsoon
2026-07-12,SITE014,Motor Grader,1,7,28,Monsoon
2026-07-12,SITE014,Backhoe Loader,0,7,28,Monsoon
2026-07-12,SITE014,Skid Steer Loader,3,7,28,Monsoon
2026-07-12,SITE014,Road Roller,2,7,28,Monsoon
2026-07-12,SITE014,Dump Truck,0,7,28,Monsoon
2026-07-12,SITE014,Forklift,2,7,28,Monsoon
2026-07-12,SITE015,Excavator,7,7,28,Monsoon
2026-07-12,SITE015,Bulldozer,1,7,28,Monsoon
2026-07-12,SITE015,Wheel Loader,5,7,28,Monsoon
2026-07-12,SITE015,Motor Grader,1,7,28,Monsoon
2026-07-12,SITE015,Backhoe Loader,1,7,28,Monsoon
2026-07-12,SITE015,Skid Steer Loader,2,7,28,Monsoon
2026-07-12,SITE015,Road Roller,4,7,28,Monsoon
2026-07-12,SITE015,Dump Truck,4,7,28,Monsoon
2026-07-12,SITE015,Forklift,1,7,28,Monsoon
2026-07-12,SITE016,Excavator,3,7,28,Monsoon
2026-07-12,SITE016,Bulldozer,3,7,28,Monsoon
2026-07-12,SITE016,Wheel Loader,2,7,28,Monsoon
2026-07-12,SITE016,Motor Grader,3,7,28,Monsoon
2026-07-12,SITE016,Backhoe Loader,3,7,28,Monsoon
2026-07-12,SITE016,Skid Steer Loader,2,7,28,Monsoon
2026-07-12,SITE016,Road Roller,2,7,28,Monsoon
2026-07-12,SITE016,Dump Truck,5,7,28,Monsoon
2026-07-12,SITE016,Forklift,3,7,28,Monsoon
2026-07-12,SITE017,Excavator,6,7,28,Monsoon
2026-07-12,SITE017,Bulldozer,1,7,28,Monsoon
2026-07-12,SITE017,Wheel Loader,2,7,28,Monsoon
2026-07-12,SITE017,Motor Grader,5,7,28,Monsoon
2026-07-12,SITE017,Backhoe Loader,3,7,28,Monsoon
2026-07-12,SITE017,Skid Steer Loader,2,7,28,Monsoon
2026-07-12,SITE017,Road Roller,0,7,28,Monsoon
2026-07-12,SITE017,Dump Truck,4,7,28,Monsoon
2026-07-12,SITE017,Forklift,1,7,28,Monsoon
2026-07-12,SITE018,Excavator,4,7,28,Monsoon
2026-07-12,SITE018,Bulldozer,1,7,28,Monsoon
2026-07-12,SITE018,Wheel Loader,3,7,28,Monsoon
2026-07-12,SITE018,Motor Grader,2,7,28,Monsoon
2026-07-12,SITE018,Backhoe Loader,2,7,28,Monsoon
2026-07-12,SITE018,Skid Steer Loader,2,7,28,Monsoon
2026-07-12,SITE018,Road Roller,0,7,28,Monsoon
2026-07-12,SITE018,Dump Truck,4,7,28,Monsoon
2026-07-12,SITE018,Forklift,1,7,28,Monsoon
2026-07-12,SITE019,Excavator,5,7,28,Monsoon
2026-07-12,SITE019,Bulldozer,1,7,28,Monsoon
2026-07-12,SITE019,Wheel Loader,2,7,28,Monsoon
2026-07-12,SITE019,Motor Grader,3,7,28,Monsoon
2026-07-12,SITE019,Backhoe Loader,1,7,28,Monsoon
2026-07-12,SITE019,Skid Steer Loader,1,7,28,Monsoon
2026-07-12,SITE019,Road Roller,5,7,28,Monsoon
2026-07-12,SITE019,Dump Truck,1,7,28,Monsoon
2026-07-12,SITE019,Forklift,3,7,28,Monsoon
2026-07-12,SITE020,Excavator,3,7,28,Monsoon
2026-07-12,SITE020,Bulldozer,1,7,28,Monsoon
2026-07-12,SITE020,Wheel Loader,0,7,28,Monsoon
2026-07-12,SITE020,Motor Grader,4,7,28,Monsoon
2026-07-12,SITE020,Backhoe Loader,2,7,28,Monsoon
2026-07-12,SITE020,Skid Steer Loader,0,7,28,Monsoon
2026-07-12,SITE020,Road Roller,3,7,28,Monsoon
2026-07-12,SITE020,Dump Truck,2,7,28,Monsoon
2026-07-12,SITE020,Forklift,1,7,28,Monsoon
2026-07-13,SITE001,Excavator,0,7,29,Monsoon
2026-07-13,SITE001,Bulldozer,2,7,29,Monsoon
2026-07-13,SITE001,Wheel Loader,0,7,29,Monsoon
2026-07-13,SITE001,Motor Grader,2,7,29,Monsoon
2026-07-13,SITE001,Backhoe Loader,1,7,29,Monsoon
2026-07-13,SITE001,Skid Steer Loader,3,7,29,Monsoon
2026-07-13,SITE001,Road Roller,0,7,29,Monsoon
2026-07-13,SITE001,Dump Truck,5,7,29,Monsoon
2026-07-13,SITE001,Forklift,1,7,29,Monsoon
2026-07-13,SITE002,Excavator,4,7,29,Monsoon
2026-07-13,SITE002,Bulldozer,2,7,29,Monsoon
2026-07-13,SITE002,Wheel Loader,2,7,29,Monsoon
2026-07-13,SITE002,Motor Grader,3,7,29,Monsoon
2026-07-13,SITE002,Backhoe Loader,3,7,29,Monsoon
2026-07-13,SITE002,Skid Steer Loader,2,7,29,Monsoon
2026-07-13,SITE002,Road Roller,2,7,29,Monsoon
2026-07-13,SITE002,Dump Truck,2,7,29,Monsoon
2026-07-13,SITE002,Forklift,5,7,29,Monsoon
2026-07-13,SITE003,Excavator,2,7,29,Monsoon
2026-07-13,SITE003,Bulldozer,1,7,29,Monsoon
2026-07-13,SITE003,Wheel Loader,0,7,29,Monsoon
2026-07-13,SITE003,Motor Grader,0,7,29,Monsoon
2026-07-13,SITE003,Backhoe Loader,0,7,29,Monsoon
2026-07-13,SITE003,Skid Steer Loader,0,7,29,Monsoon
2026-07-13,SITE003,Road Roller,3,7,29,Monsoon
2026-07-13,SITE003,Dump Truck,1,7,29,Monsoon
2026-07-13,SITE003,Forklift,2,7,29,Monsoon
2026-07-13,SITE004,Excavator,2,7,29,Monsoon
2026-07-13,SITE004,Bulldozer,1,7,29,Monsoon
2026-07-13,SITE004,Wheel Loader,5,7,29,Monsoon
2026-07-13,SITE004,Motor Grader,1,7,29,Monsoon
2026-07-13,SITE004,Backhoe Loader,4,7,29,Monsoon
2026-07-13,SITE004,Skid Steer Loader,1,7,29,Monsoon
2026-07-13,SITE004,Road Roller,1,7,29,Monsoon
2026-07-13,SITE004,Dump Truck,2,7,29,Monsoon
2026-07-13,SITE004,Forklift,1,7,29,Monsoon
2026-07-13,SITE005,Excavator,2,7,29,Monsoon
2026-07-13,SITE005,Bulldozer,7,7,29,Monsoon
2026-07-13,SITE005,Wheel Loader,2,7,29,Monsoon
2026-07-13,SITE005,Motor Grader,3,7,29,Monsoon
2026-07-13,SITE005,Backhoe Loader,2,7,29,Monsoon
2026-07-13,SITE005,Skid Steer Loader,2,7,29,Monsoon
2026-07-13,SITE005,Road Roller,2,7,29,Monsoon
2026-07-13,SITE005,Dump Truck,0,7,29,Monsoon
2026-07-13,SITE005,Forklift,2,7,29,Monsoon
2026-07-13,SITE006,Excavator,2,7,29,Monsoon
2026-07-13,SITE006,Bulldozer,0,7,29,Monsoon
2026-07-13,SITE006,Wheel Loader,5,7,29,Monsoon
2026-07-13,SITE006,Motor Grader,4,7,29,Monsoon
2026-07-13,SITE006,Backhoe Loader,1,7,29,Monsoon
2026-07-13,SITE006,Skid Steer Loader,3,7,29,Monsoon
2026-07-13,SITE006,Road Roller,1,7,29,Monsoon
2026-07-13,SITE006,Dump Truck,5,7,29,Monsoon
2026-07-13,SITE006,Forklift,2,7,29,Monsoon
2026-07-13,SITE007,Excavator,7,7,29,Monsoon
2026-07-13,SITE007,Bulldozer,1,7,29,Monsoon
2026-07-13,SITE007,Wheel Loader,3,7,29,Monsoon
2026-07-13,SITE007,Motor Grader,5,7,29,Monsoon
2026-07-13,SITE007,Backhoe Loader,0,7,29,Monsoon
2026-07-13,SITE007,Skid Steer Loader,0,7,29,Monsoon
2026-07-13,SITE007,Road Roller,0,7,29,Monsoon
2026-07-13,SITE007,Dump Truck,1,7,29,Monsoon
2026-07-13,SITE007,Forklift,5,7,29,Monsoon
2026-07-13,SITE008,Excavator,8,7,29,Monsoon
2026-07-13,SITE008,Bulldozer,5,7,29,Monsoon
2026-07-13,SITE008,Wheel Loader,2,7,29,Monsoon
2026-07-13,SITE008,Motor Grader,2,7,29,Monsoon
2026-07-13,SITE008,Backhoe Loader,5,7,29,Monsoon
2026-07-13,SITE008,Skid Steer Loader,3,7,29,Monsoon
2026-07-13,SITE008,Road Roller,2,7,29,Monsoon
2026-07-13,SITE008,Dump Truck,1,7,29,Monsoon
2026-07-13,SITE008,Forklift,2,7,29,Monsoon
2026-07-13,SITE009,Excavator,6,7,29,Monsoon
2026-07-13,SITE009,Bulldozer,1,7,29,Monsoon
2026-07-13,SITE009,Wheel Loader,3,7,29,Monsoon
2026-07-13,SITE009,Motor Grader,3,7,29,Monsoon
2026-07-13,SITE009,Backhoe Loader,4,7,29,Monsoon
2026-07-13,SITE009,Skid Steer Loader,4,7,29,Monsoon
2026-07-13,SITE009,Road Roller,3,7,29,Monsoon
2026-07-13,SITE009,Dump Truck,2,7,29,Monsoon
2026-07-13,SITE009,Forklift,4,7,29,Monsoon
2026-07-13,SITE010,Excavator,5,7,29,Monsoon
2026-07-13,SITE010,Bulldozer,2,7,29,Monsoon
2026-07-13,SITE010,Wheel Loader,0,7,29,Monsoon
2026-07-13,SITE010,Motor Grader,1,7,29,Monsoon
2026-07-13,SITE010,Backhoe Loader,2,7,29,Monsoon
2026-07-13,SITE010,Skid Steer Loader,2,7,29,Monsoon
2026-07-13,SITE010,Road Roller,3,7,29,Monsoon
2026-07-13,SITE010,Dump Truck,1,7,29,Monsoon
2026-07-13,SITE010,Forklift,3,7,29,Monsoon
2026-07-13,SITE011,Excavator,4,7,29,Monsoon
2026-07-13,SITE011,Bulldozer,3,7,29,Monsoon
2026-07-13,SITE011,Wheel Loader,1,7,29,Monsoon
2026-07-13,SITE011,Motor Grader,1,7,29,Monsoon
2026-07-13,SITE011,Backhoe Loader,1,7,29,Monsoon
2026-07-13,SITE011,Skid Steer Loader,1,7,29,Monsoon
2026-07-13,SITE011,Road Roller,0,7,29,Monsoon
2026-07-13,SITE011,Dump Truck,2,7,29,Monsoon
2026-07-13,SITE011,Forklift,1,7,29,Monsoon
2026-07-13,SITE012,Excavator,3,7,29,Monsoon
2026-07-13,SITE012,Bulldozer,4,7,29,Monsoon
2026-07-13,SITE012,Wheel Loader,4,7,29,Monsoon
2026-07-13,SITE012,Motor Grader,2,7,29,Monsoon
2026-07-13,SITE012,Backhoe Loader,2,7,29,Monsoon
2026-07-13,SITE012,Skid Steer Loader,5,7,29,Monsoon
2026-07-13,SITE012,Road Roller,0,7,29,Monsoon
2026-07-13,SITE012,Dump Truck,0,7,29,Monsoon
2026-07-13,SITE012,Forklift,2,7,29,Monsoon
2026-07-13,SITE013,Excavator,2,7,29,Monsoon
2026-07-13,SITE013,Bulldozer,3,7,29,Monsoon
2026-07-13,SITE013,Wheel Loader,3,7,29,Monsoon
2026-07-13,SITE013,Motor Grader,2,7,29,Monsoon
2026-07-13,SITE013,Backhoe Loader,1,7,29,Monsoon
2026-07-13,SITE013,Skid Steer Loader,2,7,29,Monsoon
2026-07-13,SITE013,Road Roller,4,7,29,Monsoon
2026-07-13,SITE013,Dump Truck,3,7,29,Monsoon
2026-07-13,SITE013,Forklift,2,7,29,Monsoon
2026-07-13,SITE014,Excavator,5,7,29,Monsoon
2026-07-13,SITE014,Bulldozer,3,7,29,Monsoon
2026-07-13,SITE014,Wheel Loader,1,7,29,Monsoon
2026-07-13,SITE014,Motor Grader,3,7,29,Monsoon
2026-07-13,SITE014,Backhoe Loader,2,7,29,Monsoon
2026-07-13,SITE014,Skid Steer Loader,0,7,29,Monsoon
2026-07-13,SITE014,Road Roller,2,7,29,Monsoon
2026-07-13,SITE014,Dump Truck,5,7,29,Monsoon
2026-07-13,SITE014,Forklift,2,7,29,Monsoon
2026-07-13,SITE015,Excavator,6,7,29,Monsoon
2026-07-13,SITE015,Bulldozer,2,7,29,Monsoon
2026-07-13,SITE015,Wheel Loader,3,7,29,Monsoon
2026-07-13,SITE015,Motor Grader,2,7,29,Monsoon
2026-07-13,SITE015,Backhoe Loader,1,7,29,Monsoon
2026-07-13,SITE015,Skid Steer Loader,2,7,29,Monsoon
2026-07-13,SITE015,Road Roller,2,7,29,Monsoon
2026-07-13,SITE015,Dump Truck,5,7,29,Monsoon
2026-07-13,SITE015,Forklift,0,7,29,Monsoon
2026-07-13,SITE016,Excavator,5,7,29,Monsoon
2026-07-13,SITE016,Bulldozer,1,7,29,Monsoon
2026-07-13,SITE016,Wheel Loader,3,7,29,Monsoon
2026-07-13,SITE016,Motor Grader,2,7,29,Monsoon
2026-07-13,SITE016,Backhoe Loader,5,7,29,Monsoon
2026-07-13,SITE016,Skid Steer Loader,2,7,29,Monsoon
2026-07-13,SITE016,Road Roller,1,7,29,Monsoon
2026-07-13,SITE016,Dump Truck,2,7,29,Monsoon
2026-07-13,SITE016,Forklift,3,7,29,Monsoon
2026-07-13,SITE017,Excavator,6,7,29,Monsoon
2026-07-13,SITE017,Bulldozer,3,7,29,Monsoon
2026-07-13,SITE017,Wheel Loader,4,7,29,Monsoon
2026-07-13,SITE017,Motor Grader,1,7,29,Monsoon
2026-07-13,SITE017,Backhoe Loader,1,7,29,Monsoon
2026-07-13,SITE017,Skid Steer Loader,0,7,29,Monsoon
2026-07-13,SITE017,Road Roller,3,7,29,Monsoon
2026-07-13,SITE017,Dump Truck,0,7,29,Monsoon
2026-07-13,SITE017,Forklift,3,7,29,Monsoon
2026-07-13,SITE018,Excavator,4,7,29,Monsoon
2026-07-13,SITE018,Bulldozer,2,7,29,Monsoon
2026-07-13,SITE018,Wheel Loader,1,7,29,Monsoon
2026-07-13,SITE018,Motor Grader,2,7,29,Monsoon
2026-07-13,SITE018,Backhoe Loader,2,7,29,Monsoon
2026-07-13,SITE018,Skid Steer Loader,0,7,29,Monsoon
2026-07-13,SITE018,Road Roller,1,7,29,Monsoon
2026-07-13,SITE018,Dump Truck,2,7,29,Monsoon
2026-07-13,SITE018,Forklift,3,7,29,Monsoon
2026-07-13,SITE019,Excavator,3,7,29,Monsoon
2026-07-13,SITE019,Bulldozer,0,7,29,Monsoon
2026-07-13,SITE019,Wheel Loader,1,7,29,Monsoon
2026-07-13,SITE019,Motor Grader,1,7,29,Monsoon
2026-07-13,SITE019,Backhoe Loader,0,7,29,Monsoon
2026-07-13,SITE019,Skid Steer Loader,2,7,29,Monsoon
2026-07-13,SITE019,Road Roller,3,7,29,Monsoon
2026-07-13,SITE019,Dump Truck,0,7,29,Monsoon
2026-07-13,SITE019,Forklift,1,7,29,Monsoon
2026-07-13,SITE020,Excavator,1,7,29,Monsoon
2026-07-13,SITE020,Bulldozer,2,7,29,Monsoon
2026-07-13,SITE020,Wheel Loader,6,7,29,Monsoon
2026-07-13,SITE020,Motor Grader,3,7,29,Monsoon
2026-07-13,SITE020,Backhoe Loader,2,7,29,Monsoon
2026-07-13,SITE020,Skid Steer Loader,3,7,29,Monsoon
2026-07-13,SITE020,Road Roller,1,7,29,Monsoon
2026-07-13,SITE020,Dump Truck,3,7,29,Monsoon
2026-07-13,SITE020,Forklift,1,7,29,Monsoon
2026-07-14,SITE001,Excavator,4,7,29,Monsoon
2026-07-14,SITE001,Bulldozer,0,7,29,Monsoon
2026-07-14,SITE001,Wheel Loader,0,7,29,Monsoon
2026-07-14,SITE001,Motor Grader,2,7,29,Monsoon
2026-07-14,SITE001,Backhoe Loader,1,7,29,Monsoon
2026-07-14,SITE001,Skid Steer Loader,3,7,29,Monsoon
2026-07-14,SITE001,Road Roller,1,7,29,Monsoon
2026-07-14,SITE001,Dump Truck,1,7,29,Monsoon
2026-07-14,SITE001,Forklift,2,7,29,Monsoon
2026-07-14,SITE002,Excavator,5,7,29,Monsoon
2026-07-14,SITE002,Bulldozer,2,7,29,Monsoon
2026-07-14,SITE002,Wheel Loader,1,7,29,Monsoon
2026-07-14,SITE002,Motor Grader,0,7,29,Monsoon
2026-07-14,SITE002,Backhoe Loader,1,7,29,Monsoon
2026-07-14,SITE002,Skid Steer Loader,4,7,29,Monsoon
2026-07-14,SITE002,Road Roller,3,7,29,Monsoon
2026-07-14,SITE002,Dump Truck,5,7,29,Monsoon
2026-07-14,SITE002,Forklift,0,7,29,Monsoon
2026-07-14,SITE003,Excavator,0,7,29,Monsoon
2026-07-14,SITE003,Bulldozer,0,7,29,Monsoon
2026-07-14,SITE003,Wheel Loader,0,7,29,Monsoon
2026-07-14,SITE003,Motor Grader,1,7,29,Monsoon
2026-07-14,SITE003,Backhoe Loader,1,7,29,Monsoon
2026-07-14,SITE003,Skid Steer Loader,1,7,29,Monsoon
2026-07-14,SITE003,Road Roller,4,7,29,Monsoon
2026-07-14,SITE003,Dump Truck,3,7,29,Monsoon
2026-07-14,SITE003,Forklift,2,7,29,Monsoon
2026-07-14,SITE004,Excavator,2,7,29,Monsoon
2026-07-14,SITE004,Bulldozer,0,7,29,Monsoon
2026-07-14,SITE004,Wheel Loader,4,7,29,Monsoon
2026-07-14,SITE004,Motor Grader,1,7,29,Monsoon
2026-07-14,SITE004,Backhoe Loader,2,7,29,Monsoon
2026-07-14,SITE004,Skid Steer Loader,4,7,29,Monsoon
2026-07-14,SITE004,Road Roller,1,7,29,Monsoon
2026-07-14,SITE004,Dump Truck,1,7,29,Monsoon
2026-07-14,SITE004,Forklift,0,7,29,Monsoon
2026-07-14,SITE005,Excavator,2,7,29,Monsoon
2026-07-14,SITE005,Bulldozer,0,7,29,Monsoon
2026-07-14,SITE005,Wheel Loader,2,7,29,Monsoon
2026-07-14,SITE005,Motor Grader,3,7,29,Monsoon
2026-07-14,SITE005,Backhoe Loader,2,7,29,Monsoon
2026-07-14,SITE005,Skid Steer Loader,1,7,29,Monsoon
2026-07-14,SITE005,Road Roller,2,7,29,Monsoon
2026-07-14,SITE005,Dump Truck,4,7,29,Monsoon
2026-07-14,SITE005,Forklift,1,7,29,Monsoon
2026-07-14,SITE006,Excavator,5,7,29,Monsoon
2026-07-14,SITE006,Bulldozer,1,7,29,Monsoon
2026-07-14,SITE006,Wheel Loader,3,7,29,Monsoon
2026-07-14,SITE006,Motor Grader,3,7,29,Monsoon
2026-07-14,SITE006,Backhoe Loader,1,7,29,Monsoon
2026-07-14,SITE006,Skid Steer Loader,6,7,29,Monsoon
2026-07-14,SITE006,Road Roller,0,7,29,Monsoon
2026-07-14,SITE006,Dump Truck,4,7,29,Monsoon
2026-07-14,SITE006,Forklift,1,7,29,Monsoon
2026-07-14,SITE007,Excavator,4,7,29,Monsoon
2026-07-14,SITE007,Bulldozer,3,7,29,Monsoon
2026-07-14,SITE007,Wheel Loader,2,7,29,Monsoon
2026-07-14,SITE007,Motor Grader,3,7,29,Monsoon
2026-07-14,SITE007,Backhoe Loader,2,7,29,Monsoon
2026-07-14,SITE007,Skid Steer Loader,1,7,29,Monsoon
2026-07-14,SITE007,Road Roller,1,7,29,Monsoon
2026-07-14,SITE007,Dump Truck,1,7,29,Monsoon
2026-07-14,SITE007,Forklift,3,7,29,Monsoon
2026-07-14,SITE008,Excavator,9,7,29,Monsoon
2026-07-14,SITE008,Bulldozer,1,7,29,Monsoon
2026-07-14,SITE008,Wheel Loader,3,7,29,Monsoon
2026-07-14,SITE008,Motor Grader,1,7,29,Monsoon
2026-07-14,SITE008,Backhoe Loader,5,7,29,Monsoon
2026-07-14,SITE008,Skid Steer Loader,1,7,29,Monsoon
2026-07-14,SITE008,Road Roller,2,7,29,Monsoon
2026-07-14,SITE008,Dump Truck,3,7,29,Monsoon
2026-07-14,SITE008,Forklift,0,7,29,Monsoon
2026-07-14,SITE009,Excavator,5,7,29,Monsoon
2026-07-14,SITE009,Bulldozer,1,7,29,Monsoon
2026-07-14,SITE009,Wheel Loader,3,7,29,Monsoon
2026-07-14,SITE009,Motor Grader,4,7,29,Monsoon
2026-07-14,SITE009,Backhoe Loader,2,7,29,Monsoon
2026-07-14,SITE009,Skid Steer Loader,1,7,29,Monsoon
2026-07-14,SITE009,Road Roller,3,7,29,Monsoon
2026-07-14,SITE009,Dump Truck,0,7,29,Monsoon
2026-07-14,SITE009,Forklift,3,7,29,Monsoon
2026-07-14,SITE010,Excavator,4,7,29,Monsoon
2026-07-14,SITE010,Bulldozer,1,7,29,Monsoon
2026-07-14,SITE010,Wheel Loader,2,7,29,Monsoon
2026-07-14,SITE010,Motor Grader,2,7,29,Monsoon
2026-07-14,SITE010,Backhoe Loader,2,7,29,Monsoon
2026-07-14,SITE010,Skid Steer Loader,5,7,29,Monsoon
2026-07-14,SITE010,Road Roller,1,7,29,Monsoon
2026-07-14,SITE010,Dump Truck,2,7,29,Monsoon
2026-07-14,SITE010,Forklift,0,7,29,Monsoon
2026-07-14,SITE011,Excavator,3,7,29,Monsoon
2026-07-14,SITE011,Bulldozer,3,7,29,Monsoon
2026-07-14,SITE011,Wheel Loader,3,7,29,Monsoon
2026-07-14,SITE011,Motor Grader,2,7,29,Monsoon
2026-07-14,SITE011,Backhoe Loader,3,7,29,Monsoon
2026-07-14,SITE011,Skid Steer Loader,0,7,29,Monsoon
2026-07-14,SITE011,Road Roller,3,7,29,Monsoon
2026-07-14,SITE011,Dump Truck,2,7,29,Monsoon
2026-07-14,SITE011,Forklift,4,7,29,Monsoon
2026-07-14,SITE012,Excavator,3,7,29,Monsoon
2026-07-14,SITE012,Bulldozer,4,7,29,Monsoon
2026-07-14,SITE012,Wheel Loader,3,7,29,Monsoon
2026-07-14,SITE012,Motor Grader,2,7,29,Monsoon
2026-07-14,SITE012,Backhoe Loader,1,7,29,Monsoon
2026-07-14,SITE012,Skid Steer Loader,2,7,29,Monsoon
2026-07-14,SITE012,Road Roller,0,7,29,Monsoon
2026-07-14,SITE012,Dump Truck,1,7,29,Monsoon
2026-07-14,SITE012,Forklift,4,7,29,Monsoon
2026-07-14,SITE013,Excavator,1,7,29,Monsoon
2026-07-14,SITE013,Bulldozer,2,7,29,Monsoon
2026-07-14,SITE013,Wheel Loader,0,7,29,Monsoon
2026-07-14,SITE013,Motor Grader,0,7,29,Monsoon
2026-07-14,SITE013,Backhoe Loader,3,7,29,Monsoon
2026-07-14,SITE013,Skid Steer Loader,0,7,29,Monsoon
2026-07-14,SITE013,Road Roller,3,7,29,Monsoon
2026-07-14,SITE013,Dump Truck,1,7,29,Monsoon
2026-07-14,SITE013,Forklift,1,7,29,Monsoon
2026-07-14,SITE014,Excavator,8,7,29,Monsoon
2026-07-14,SITE014,Bulldozer,3,7,29,Monsoon
2026-07-14,SITE014,Wheel Loader,1,7,29,Monsoon
2026-07-14,SITE014,Motor Grader,0,7,29,Monsoon
2026-07-14,SITE014,Backhoe Loader,2,7,29,Monsoon
2026-07-14,SITE014,Skid Steer Loader,2,7,29,Monsoon
2026-07-14,SITE014,Road Roller,2,7,29,Monsoon
2026-07-14,SITE014,Dump Truck,2,7,29,Monsoon
2026-07-14,SITE014,Forklift,2,7,29,Monsoon
2026-07-14,SITE015,Excavator,2,7,29,Monsoon
2026-07-14,SITE015,Bulldozer,2,7,29,Monsoon
2026-07-14,SITE015,Wheel Loader,2,7,29,Monsoon
2026-07-14,SITE015,Motor Grader,5,7,29,Monsoon
2026-07-14,SITE015,Backhoe Loader,3,7,29,Monsoon
2026-07-14,SITE015,Skid Steer Loader,1,7,29,Monsoon
2026-07-14,SITE015,Road Roller,1,7,29,Monsoon
2026-07-14,SITE015,Dump Truck,0,7,29,Monsoon
2026-07-14,SITE015,Forklift,2,7,29,Monsoon
2026-07-14,SITE016,Excavator,4,7,29,Monsoon
2026-07-14,SITE016,Bulldozer,2,7,29,Monsoon
2026-07-14,SITE016,Wheel Loader,3,7,29,Monsoon
2026-07-14,SITE016,Motor Grader,3,7,29,Monsoon
2026-07-14,SITE016,Backhoe Loader,1,7,29,Monsoon
2026-07-14,SITE016,Skid Steer Loader,4,7,29,Monsoon
2026-07-14,SITE016,Road Roller,3,7,29,Monsoon
2026-07-14,SITE016,Dump Truck,4,7,29,Monsoon
2026-07-14,SITE016,Forklift,3,7,29,Monsoon
2026-07-14,SITE017,Excavator,4,7,29,Monsoon
2026-07-14,SITE017,Bulldozer,4,7,29,Monsoon
2026-07-14,SITE017,Wheel Loader,5,7,29,Monsoon
2026-07-14,SITE017,Motor Grader,5,7,29,Monsoon
2026-07-14,SITE017,Backhoe Loader,2,7,29,Monsoon
2026-07-14,SITE017,Skid Steer Loader,1,7,29,Monsoon
2026-07-14,SITE017,Road Roller,2,7,29,Monsoon
2026-07-14,SITE017,Dump Truck,2,7,29,Monsoon
2026-07-14,SITE017,Forklift,3,7,29,Monsoon
2026-07-14,SITE018,Excavator,3,7,29,Monsoon
2026-07-14,SITE018,Bulldozer,3,7,29,Monsoon
2026-07-14,SITE018,Wheel Loader,2,7,29,Monsoon
2026-07-14,SITE018,Motor Grader,1,7,29,Monsoon
2026-07-14,SITE018,Backhoe Loader,0,7,29,Monsoon
2026-07-14,SITE018,Skid Steer Loader,1,7,29,Monsoon
2026-07-14,SITE018,Road Roller,2,7,29,Monsoon
2026-07-14,SITE018,Dump Truck,2,7,29,Monsoon
2026-07-14,SITE018,Forklift,2,7,29,Monsoon
2026-07-14,SITE019,Excavator,5,7,29,Monsoon
2026-07-14,SITE019,Bulldozer,3,7,29,Monsoon
2026-07-14,SITE019,Wheel Loader,2,7,29,Monsoon
2026-07-14,SITE019,Motor Grader,0,7,29,Monsoon
2026-07-14,SITE019,Backhoe Loader,0,7,29,Monsoon
2026-07-14,SITE019,Skid Steer Loader,2,7,29,Monsoon
2026-07-14,SITE019,Road Roller,1,7,29,Monsoon
2026-07-14,SITE019,Dump Truck,2,7,29,Monsoon
2026-07-14,SITE019,Forklift,1,7,29,Monsoon
2026-07-14,SITE020,Excavator,4,7,29,Monsoon
2026-07-14,SITE020,Bulldozer,2,7,29,Monsoon
2026-07-14,SITE020,Wheel Loader,3,7,29,Monsoon
2026-07-14,SITE020,Motor Grader,1,7,29,Monsoon
2026-07-14,SITE020,Backhoe Loader,3,7,29,Monsoon
2026-07-14,SITE020,Skid Steer Loader,4,7,29,Monsoon
2026-07-14,SITE020,Road Roller,2,7,29,Monsoon
2026-07-14,SITE020,Dump Truck,0,7,29,Monsoon
2026-07-14,SITE020,Forklift,3,7,29,Monsoon
2026-07-15,SITE001,Excavator,3,7,29,Monsoon
2026-07-15,SITE001,Bulldozer,1,7,29,Monsoon
2026-07-15,SITE001,Wheel Loader,1,7,29,Monsoon
2026-07-15,SITE001,Motor Grader,0,7,29,Monsoon
2026-07-15,SITE001,Backhoe Loader,1,7,29,Monsoon
2026-07-15,SITE001,Skid Steer Loader,1,7,29,Monsoon
2026-07-15,SITE001,Road Roller,1,7,29,Monsoon
2026-07-15,SITE001,Dump Truck,1,7,29,Monsoon
2026-07-15,SITE001,Forklift,4,7,29,Monsoon
2026-07-15,SITE002,Excavator,2,7,29,Monsoon
2026-07-15,SITE002,Bulldozer,2,7,29,Monsoon
2026-07-15,SITE002,Wheel Loader,1,7,29,Monsoon
2026-07-15,SITE002,Motor Grader,4,7,29,Monsoon
2026-07-15,SITE002,Backhoe Loader,2,7,29,Monsoon
2026-07-15,SITE002,Skid Steer Loader,2,7,29,Monsoon
2026-07-15,SITE002,Road Roller,2,7,29,Monsoon
2026-07-15,SITE002,Dump Truck,1,7,29,Monsoon
2026-07-15,SITE002,Forklift,1,7,29,Monsoon
2026-07-15,SITE003,Excavator,1,7,29,Monsoon
2026-07-15,SITE003,Bulldozer,2,7,29,Monsoon
2026-07-15,SITE003,Wheel Loader,2,7,29,Monsoon
2026-07-15,SITE003,Motor Grader,2,7,29,Monsoon
2026-07-15,SITE003,Backhoe Loader,3,7,29,Monsoon
2026-07-15,SITE003,Skid Steer Loader,1,7,29,Monsoon
2026-07-15,SITE003,Road Roller,0,7,29,Monsoon
2026-07-15,SITE003,Dump Truck,0,7,29,Monsoon
2026-07-15,SITE003,Forklift,2,7,29,Monsoon
2026-07-15,SITE004,Excavator,3,7,29,Monsoon
2026-07-15,SITE004,Bulldozer,1,7,29,Monsoon
2026-07-15,SITE004,Wheel Loader,1,7,29,Monsoon
2026-07-15,SITE004,Motor Grader,2,7,29,Monsoon
2026-07-15,SITE004,Backhoe Loader,2,7,29,Monsoon
2026-07-15,SITE004,Skid Steer Loader,3,7,29,Monsoon
2026-07-15,SITE004,Road Roller,2,7,29,Monsoon
2026-07-15,SITE004,Dump Truck,3,7,29,Monsoon
2026-07-15,SITE004,Forklift,4,7,29,Monsoon
2026-07-15,SITE005,Excavator,4,7,29,Monsoon
2026-07-15,SITE005,Bulldozer,1,7,29,Monsoon
2026-07-15,SITE005,Wheel Loader,3,7,29,Monsoon
2026-07-15,SITE005,Motor Grader,1,7,29,Monsoon
2026-07-15,SITE005,Backhoe Loader,1,7,29,Monsoon
2026-07-15,SITE005,Skid Steer Loader,2,7,29,Monsoon
2026-07-15,SITE005,Road Roller,1,7,29,Monsoon
2026-07-15,SITE005,Dump Truck,1,7,29,Monsoon
2026-07-15,SITE005,Forklift,1,7,29,Monsoon
2026-07-15,SITE006,Excavator,4,7,29,Monsoon
2026-07-15,SITE006,Bulldozer,0,7,29,Monsoon
2026-07-15,SITE006,Wheel Loader,3,7,29,Monsoon
2026-07-15,SITE006,Motor Grader,2,7,29,Monsoon
2026-07-15,SITE006,Backhoe Loader,4,7,29,Monsoon
2026-07-15,SITE006,Skid Steer Loader,2,7,29,Monsoon
2026-07-15,SITE006,Road Roller,4,7,29,Monsoon
2026-07-15,SITE006,Dump Truck,1,7,29,Monsoon
2026-07-15,SITE006,Forklift,3,7,29,Monsoon
2026-07-15,SITE007,Excavator,3,7,29,Monsoon
2026-07-15,SITE007,Bulldozer,4,7,29,Monsoon
2026-07-15,SITE007,Wheel Loader,1,7,29,Monsoon
2026-07-15,SITE007,Motor Grader,1,7,29,Monsoon
2026-07-15,SITE007,Backhoe Loader,5,7,29,Monsoon
2026-07-15,SITE007,Skid Steer Loader,3,7,29,Monsoon
2026-07-15,SITE007,Road Roller,2,7,29,Monsoon
2026-07-15,SITE007,Dump Truck,1,7,29,Monsoon
2026-07-15,SITE007,Forklift,2,7,29,Monsoon
2026-07-15,SITE008,Excavator,5,7,29,Monsoon
2026-07-15,SITE008,Bulldozer,1,7,29,Monsoon
2026-07-15,SITE008,Wheel Loader,3,7,29,Monsoon
2026-07-15,SITE008,Motor Grader,0,7,29,Monsoon
2026-07-15,SITE008,Backhoe Loader,0,7,29,Monsoon
2026-07-15,SITE008,Skid Steer Loader,0,7,29,Monsoon
2026-07-15,SITE008,Road Roller,1,7,29,Monsoon
2026-07-15,SITE008,Dump Truck,0,7,29,Monsoon
2026-07-15,SITE008,Forklift,4,7,29,Monsoon
2026-07-15,SITE009,Excavator,5,7,29,Monsoon
2026-07-15,SITE009,Bulldozer,1,7,29,Monsoon
2026-07-15,SITE009,Wheel Loader,4,7,29,Monsoon
2026-07-15,SITE009,Motor Grader,0,7,29,Monsoon
2026-07-15,SITE009,Backhoe Loader,2,7,29,Monsoon
2026-07-15,SITE009,Skid Steer Loader,1,7,29,Monsoon
2026-07-15,SITE009,Road Roller,1,7,29,Monsoon
2026-07-15,SITE009,Dump Truck,2,7,29,Monsoon
2026-07-15,SITE009,Forklift,2,7,29,Monsoon
2026-07-15,SITE010,Excavator,5,7,29,Monsoon
2026-07-15,SITE010,Bulldozer,5,7,29,Monsoon
2026-07-15,SITE010,Wheel Loader,3,7,29,Monsoon
2026-07-15,SITE010,Motor Grader,3,7,29,Monsoon
2026-07-15,SITE010,Backhoe Loader,1,7,29,Monsoon
2026-07-15,SITE010,Skid Steer Loader,0,7,29,Monsoon
2026-07-15,SITE010,Road Roller,2,7,29,Monsoon
2026-07-15,SITE010,Dump Truck,0,7,29,Monsoon
2026-07-15,SITE010,Forklift,1,7,29,Monsoon
2026-07-15,SITE011,Excavator,2,7,29,Monsoon
2026-07-15,SITE011,Bulldozer,0,7,29,Monsoon
2026-07-15,SITE011,Wheel Loader,1,7,29,Monsoon
2026-07-15,SITE011,Motor Grader,1,7,29,Monsoon
2026-07-15,SITE011,Backhoe Loader,4,7,29,Monsoon
2026-07-15,SITE011,Skid Steer Loader,3,7,29,Monsoon
2026-07-15,SITE011,Road Roller,2,7,29,Monsoon
2026-07-15,SITE011,Dump Truck,2,7,29,Monsoon
2026-07-15,SITE011,Forklift,2,7,29,Monsoon
2026-07-15,SITE012,Excavator,2,7,29,Monsoon
2026-07-15,SITE012,Bulldozer,0,7,29,Monsoon
2026-07-15,SITE012,Wheel Loader,4,7,29,Monsoon
2026-07-15,SITE012,Motor Grader,4,7,29,Monsoon
2026-07-15,SITE012,Backhoe Loader,3,7,29,Monsoon
2026-07-15,SITE012,Skid Steer Loader,2,7,29,Monsoon
2026-07-15,SITE012,Road Roller,0,7,29,Monsoon
2026-07-15,SITE012,Dump Truck,2,7,29,Monsoon
2026-07-15,SITE012,Forklift,3,7,29,Monsoon
2026-07-15,SITE013,Excavator,2,7,29,Monsoon
2026-07-15,SITE013,Bulldozer,2,7,29,Monsoon
2026-07-15,SITE013,Wheel Loader,1,7,29,Monsoon
2026-07-15,SITE013,Motor Grader,2,7,29,Monsoon
2026-07-15,SITE013,Backhoe Loader,3,7,29,Monsoon
2026-07-15,SITE013,Skid Steer Loader,1,7,29,Monsoon
2026-07-15,SITE013,Road Roller,0,7,29,Monsoon
2026-07-15,SITE013,Dump Truck,0,7,29,Monsoon
2026-07-15,SITE013,Forklift,2,7,29,Monsoon
2026-07-15,SITE014,Excavator,3,7,29,Monsoon
2026-07-15,SITE014,Bulldozer,4,7,29,Monsoon
2026-07-15,SITE014,Wheel Loader,2,7,29,Monsoon
2026-07-15,SITE014,Motor Grader,2,7,29,Monsoon
2026-07-15,SITE014,Backhoe Loader,3,7,29,Monsoon
2026-07-15,SITE014,Skid Steer Loader,1,7,29,Monsoon
2026-07-15,SITE014,Road Roller,1,7,29,Monsoon
2026-07-15,SITE014,Dump Truck,1,7,29,Monsoon
2026-07-15,SITE014,Forklift,3,7,29,Monsoon
2026-07-15,SITE015,Excavator,4,7,29,Monsoon
2026-07-15,SITE015,Bulldozer,3,7,29,Monsoon
2026-07-15,SITE015,Wheel Loader,1,7,29,Monsoon
2026-07-15,SITE015,Motor Grader,1,7,29,Monsoon
2026-07-15,SITE015,Backhoe Loader,5,7,29,Monsoon
2026-07-15,SITE015,Skid Steer Loader,3,7,29,Monsoon
2026-07-15,SITE015,Road Roller,1,7,29,Monsoon
2026-07-15,SITE015,Dump Truck,1,7,29,Monsoon
2026-07-15,SITE015,Forklift,2,7,29,Monsoon
2026-07-15,SITE016,Excavator,4,7,29,Monsoon
2026-07-15,SITE016,Bulldozer,6,7,29,Monsoon
2026-07-15,SITE016,Wheel Loader,2,7,29,Monsoon
2026-07-15,SITE016,Motor Grader,5,7,29,Monsoon
2026-07-15,SITE016,Backhoe Loader,5,7,29,Monsoon
2026-07-15,SITE016,Skid Steer Loader,3,7,29,Monsoon
2026-07-15,SITE016,Road Roller,1,7,29,Monsoon
2026-07-15,SITE016,Dump Truck,2,7,29,Monsoon
2026-07-15,SITE016,Forklift,1,7,29,Monsoon
2026-07-15,SITE017,Excavator,5,7,29,Monsoon
2026-07-15,SITE017,Bulldozer,2,7,29,Monsoon
2026-07-15,SITE017,Wheel Loader,1,7,29,Monsoon
2026-07-15,SITE017,Motor Grader,1,7,29,Monsoon
2026-07-15,SITE017,Backhoe Loader,2,7,29,Monsoon
2026-07-15,SITE017,Skid Steer Loader,3,7,29,Monsoon
2026-07-15,SITE017,Road Roller,5,7,29,Monsoon
2026-07-15,SITE017,Dump Truck,0,7,29,Monsoon
2026-07-15,SITE017,Forklift,1,7,29,Monsoon
2026-07-15,SITE018,Excavator,5,7,29,Monsoon
2026-07-15,SITE018,Bulldozer,1,7,29,Monsoon
2026-07-15,SITE018,Wheel Loader,1,7,29,Monsoon
2026-07-15,SITE018,Motor Grader,2,7,29,Monsoon
2026-07-15,SITE018,Backhoe Loader,4,7,29,Monsoon
2026-07-15,SITE018,Skid Steer Loader,2,7,29,Monsoon
2026-07-15,SITE018,Road Roller,4,7,29,Monsoon
2026-07-15,SITE018,Dump Truck,1,7,29,Monsoon
2026-07-15,SITE018,Forklift,1,7,29,Monsoon
2026-07-15,SITE019,Excavator,3,7,29,Monsoon
2026-07-15,SITE019,Bulldozer,1,7,29,Monsoon
2026-07-15,SITE019,Wheel Loader,1,7,29,Monsoon
2026-07-15,SITE019,Motor Grader,2,7,29,Monsoon
2026-07-15,SITE019,Backhoe Loader,1,7,29,Monsoon
2026-07-15,SITE019,Skid Steer Loader,1,7,29,Monsoon
2026-07-15,SITE019,Road Roller,0,7,29,Monsoon
2026-07-15,SITE019,Dump Truck,4,7,29,Monsoon
2026-07-15,SITE019,Forklift,1,7,29,Monsoon
2026-07-15,SITE020,Excavator,2,7,29,Monsoon
2026-07-15,SITE020,Bulldozer,2,7,29,Monsoon
2026-07-15,SITE020,Wheel Loader,0,7,29,Monsoon
2026-07-15,SITE020,Motor Grader,0,7,29,Monsoon
2026-07-15,SITE020,Backhoe Loader,5,7,29,Monsoon
2026-07-15,SITE020,Skid Steer Loader,3,7,29,Monsoon
2026-07-15,SITE020,Road Roller,1,7,29,Monsoon
2026-07-15,SITE020,Dump Truck,3,7,29,Monsoon
2026-07-15,SITE020,Forklift,4,7,29,Monsoon
2026-07-16,SITE001,Excavator,5,7,29,Monsoon
2026-07-16,SITE001,Bulldozer,3,7,29,Monsoon
2026-07-16,SITE001,Wheel Loader,4,7,29,Monsoon
2026-07-16,SITE001,Motor Grader,3,7,29,Monsoon
2026-07-16,SITE001,Backhoe Loader,3,7,29,Monsoon
2026-07-16,SITE001,Skid Steer Loader,2,7,29,Monsoon
2026-07-16,SITE001,Road Roller,2,7,29,Monsoon
2026-07-16,SITE001,Dump Truck,2,7,29,Monsoon
2026-07-16,SITE001,Forklift,2,7,29,Monsoon
2026-07-16,SITE002,Excavator,8,7,29,Monsoon
2026-07-16,SITE002,Bulldozer,1,7,29,Monsoon
2026-07-16,SITE002,Wheel Loader,2,7,29,Monsoon
2026-07-16,SITE002,Motor Grader,3,7,29,Monsoon
2026-07-16,SITE002,Backhoe Loader,0,7,29,Monsoon
2026-07-16,SITE002,Skid Steer Loader,0,7,29,Monsoon
2026-07-16,SITE002,Road Roller,1,7,29,Monsoon
2026-07-16,SITE002,Dump Truck,5,7,29,Monsoon
2026-07-16,SITE002,Forklift,3,7,29,Monsoon
2026-07-16,SITE003,Excavator,5,7,29,Monsoon
2026-07-16,SITE003,Bulldozer,2,7,29,Monsoon
2026-07-16,SITE003,Wheel Loader,1,7,29,Monsoon
2026-07-16,SITE003,Motor Grader,0,7,29,Monsoon
2026-07-16,SITE003,Backhoe Loader,3,7,29,Monsoon
2026-07-16,SITE003,Skid Steer Loader,1,7,29,Monsoon
2026-07-16,SITE003,Road Roller,3,7,29,Monsoon
2026-07-16,SITE003,Dump Truck,1,7,29,Monsoon
2026-07-16,SITE003,Forklift,1,7,29,Monsoon
2026-07-16,SITE004,Excavator,2,7,29,Monsoon
2026-07-16,SITE004,Bulldozer,0,7,29,Monsoon
2026-07-16,SITE004,Wheel Loader,2,7,29,Monsoon
2026-07-16,SITE004,Motor Grader,2,7,29,Monsoon
2026-07-16,SITE004,Backhoe Loader,2,7,29,Monsoon
2026-07-16,SITE004,Skid Steer Loader,1,7,29,Monsoon
2026-07-16,SITE004,Road Roller,2,7,29,Monsoon
2026-07-16,SITE004,Dump Truck,2,7,29,Monsoon
2026-07-16,SITE004,Forklift,3,7,29,Monsoon
2026-07-16,SITE005,Excavator,5,7,29,Monsoon
2026-07-16,SITE005,Bulldozer,3,7,29,Monsoon
2026-07-16,SITE005,Wheel Loader,2,7,29,Monsoon
2026-07-16,SITE005,Motor Grader,3,7,29,Monsoon
2026-07-16,SITE005,Backhoe Loader,4,7,29,Monsoon
2026-07-16,SITE005,Skid Steer Loader,2,7,29,Monsoon
2026-07-16,SITE005,Road Roller,5,7,29,Monsoon
2026-07-16,SITE005,Dump Truck,1,7,29,Monsoon
2026-07-16,SITE005,Forklift,1,7,29,Monsoon
2026-07-16,SITE006,Excavator,4,7,29,Monsoon
2026-07-16,SITE006,Bulldozer,1,7,29,Monsoon
2026-07-16,SITE006,Wheel Loader,1,7,29,Monsoon
2026-07-16,SITE006,Motor Grader,1,7,29,Monsoon
2026-07-16,SITE006,Backhoe Loader,5,7,29,Monsoon
2026-07-16,SITE006,Skid Steer Loader,2,7,29,Monsoon
2026-07-16,SITE006,Road Roller,2,7,29,Monsoon
2026-07-16,SITE006,Dump Truck,3,7,29,Monsoon
2026-07-16,SITE006,Forklift,4,7,29,Monsoon
2026-07-16,SITE007,Excavator,3,7,29,Monsoon
2026-07-16,SITE007,Bulldozer,0,7,29,Monsoon
2026-07-16,SITE007,Wheel Loader,2,7,29,Monsoon
2026-07-16,SITE007,Motor Grader,0,7,29,Monsoon
2026-07-16,SITE007,Backhoe Loader,2,7,29,Monsoon
2026-07-16,SITE007,Skid Steer Loader,3,7,29,Monsoon
2026-07-16,SITE007,Road Roller,2,7,29,Monsoon
2026-07-16,SITE007,Dump Truck,2,7,29,Monsoon
2026-07-16,SITE007,Forklift,3,7,29,Monsoon
2026-07-16,SITE008,Excavator,2,7,29,Monsoon
2026-07-16,SITE008,Bulldozer,2,7,29,Monsoon
2026-07-16,SITE008,Wheel Loader,1,7,29,Monsoon
2026-07-16,SITE008,Motor Grader,3,7,29,Monsoon
2026-07-16,SITE008,Backhoe Loader,2,7,29,Monsoon
2026-07-16,SITE008,Skid Steer Loader,0,7,29,Monsoon
2026-07-16,SITE008,Road Roller,2,7,29,Monsoon
2026-07-16,SITE008,Dump Truck,4,7,29,Monsoon
2026-07-16,SITE008,Forklift,2,7,29,Monsoon
2026-07-16,SITE009,Excavator,1,7,29,Monsoon
2026-07-16,SITE009,Bulldozer,1,7,29,Monsoon
2026-07-16,SITE009,Wheel Loader,2,7,29,Monsoon
2026-07-16,SITE009,Motor Grader,1,7,29,Monsoon
2026-07-16,SITE009,Backhoe Loader,1,7,29,Monsoon
2026-07-16,SITE009,Skid Steer Loader,3,7,29,Monsoon
2026-07-16,SITE009,Road Roller,2,7,29,Monsoon
2026-07-16,SITE009,Dump Truck,2,7,29,Monsoon
2026-07-16,SITE009,Forklift,0,7,29,Monsoon
2026-07-16,SITE010,Excavator,5,7,29,Monsoon
2026-07-16,SITE010,Bulldozer,0,7,29,Monsoon
2026-07-16,SITE010,Wheel Loader,5,7,29,Monsoon
2026-07-16,SITE010,Motor Grader,1,7,29,Monsoon
2026-07-16,SITE010,Backhoe Loader,5,7,29,Monsoon
2026-07-16,SITE010,Skid Steer Loader,2,7,29,Monsoon
2026-07-16,SITE010,Road Roller,1,7,29,Monsoon
2026-07-16,SITE010,Dump Truck,1,7,29,Monsoon
2026-07-16,SITE010,Forklift,0,7,29,Monsoon
2026-07-16,SITE011,Excavator,5,7,29,Monsoon
2026-07-16,SITE011,Bulldozer,1,7,29,Monsoon
2026-07-16,SITE011,Wheel Loader,3,7,29,Monsoon
2026-07-16,SITE011,Motor Grader,1,7,29,Monsoon
2026-07-16,SITE011,Backhoe Loader,1,7,29,Monsoon
2026-07-16,SITE011,Skid Steer Loader,3,7,29,Monsoon
2026-07-16,SITE011,Road Roller,2,7,29,Monsoon
2026-07-16,SITE011,Dump Truck,1,7,29,Monsoon
2026-07-16,SITE011,Forklift,4,7,29,Monsoon
2026-07-16,SITE012,Excavator,2,7,29,Monsoon
2026-07-16,SITE012,Bulldozer,0,7,29,Monsoon
2026-07-16,SITE012,Wheel Loader,3,7,29,Monsoon
2026-07-16,SITE012,Motor Grader,4,7,29,Monsoon
2026-07-16,SITE012,Backhoe Loader,3,7,29,Monsoon
2026-07-16,SITE012,Skid Steer Loader,0,7,29,Monsoon
2026-07-16,SITE012,Road Roller,2,7,29,Monsoon
2026-07-16,SITE012,Dump Truck,1,7,29,Monsoon
2026-07-16,SITE012,Forklift,0,7,29,Monsoon
2026-07-16,SITE013,Excavator,2,7,29,Monsoon
2026-07-16,SITE013,Bulldozer,3,7,29,Monsoon
2026-07-16,SITE013,Wheel Loader,2,7,29,Monsoon
2026-07-16,SITE013,Motor Grader,1,7,29,Monsoon
2026-07-16,SITE013,Backhoe Loader,2,7,29,Monsoon
2026-07-16,SITE013,Skid Steer Loader,3,7,29,Monsoon
2026-07-16,SITE013,Road Roller,4,7,29,Monsoon
2026-07-16,SITE013,Dump Truck,1,7,29,Monsoon
2026-07-16,SITE013,Forklift,2,7,29,Monsoon
2026-07-16,SITE014,Excavator,3,7,29,Monsoon
2026-07-16,SITE014,Bulldozer,4,7,29,Monsoon
2026-07-16,SITE014,Wheel Loader,3,7,29,Monsoon
2026-07-16,SITE014,Motor Grader,2,7,29,Monsoon
2026-07-16,SITE014,Backhoe Loader,2,7,29,Monsoon
2026-07-16,SITE014,Skid Steer Loader,0,7,29,Monsoon
2026-07-16,SITE014,Road Roller,1,7,29,Monsoon
2026-07-16,SITE014,Dump Truck,1,7,29,Monsoon
2026-07-16,SITE014,Forklift,1,7,29,Monsoon
2026-07-16,SITE015,Excavator,4,7,29,Monsoon
2026-07-16,SITE015,Bulldozer,1,7,29,Monsoon
2026-07-16,SITE015,Wheel Loader,0,7,29,Monsoon
2026-07-16,SITE015,Motor Grader,1,7,29,Monsoon
2026-07-16,SITE015,Backhoe Loader,2,7,29,Monsoon
2026-07-16,SITE015,Skid Steer Loader,6,7,29,Monsoon
2026-07-16,SITE015,Road Roller,0,7,29,Monsoon
2026-07-16,SITE015,Dump Truck,3,7,29,Monsoon
2026-07-16,SITE015,Forklift,1,7,29,Monsoon
2026-07-16,SITE016,Excavator,2,7,29,Monsoon
2026-07-16,SITE016,Bulldozer,2,7,29,Monsoon
2026-07-16,SITE016,Wheel Loader,4,7,29,Monsoon
2026-07-16,SITE016,Motor Grader,3,7,29,Monsoon
2026-07-16,SITE016,Backhoe Loader,2,7,29,Monsoon
2026-07-16,SITE016,Skid Steer Loader,2,7,29,Monsoon
2026-07-16,SITE016,Road Roller,3,7,29,Monsoon
2026-07-16,SITE016,Dump Truck,1,7,29,Monsoon
2026-07-16,SITE016,Forklift,2,7,29,Monsoon
2026-07-16,SITE017,Excavator,3,7,29,Monsoon
2026-07-16,SITE017,Bulldozer,1,7,29,Monsoon
2026-07-16,SITE017,Wheel Loader,3,7,29,Monsoon
2026-07-16,SITE017,Motor Grader,0,7,29,Monsoon
2026-07-16,SITE017,Backhoe Loader,3,7,29,Monsoon
2026-07-16,SITE017,Skid Steer Loader,4,7,29,Monsoon
2026-07-16,SITE017,Road Roller,0,7,29,Monsoon
2026-07-16,SITE017,Dump Truck,1,7,29,Monsoon
2026-07-16,SITE017,Forklift,4,7,29,Monsoon
2026-07-16,SITE018,Excavator,3,7,29,Monsoon
2026-07-16,SITE018,Bulldozer,3,7,29,Monsoon
2026-07-16,SITE018,Wheel Loader,2,7,29,Monsoon
2026-07-16,SITE018,Motor Grader,2,7,29,Monsoon
2026-07-16,SITE018,Backhoe Loader,2,7,29,Monsoon
2026-07-16,SITE018,Skid Steer Loader,1,7,29,Monsoon
2026-07-16,SITE018,Road Roller,2,7,29,Monsoon
2026-07-16,SITE018,Dump Truck,2,7,29,Monsoon
2026-07-16,SITE018,Forklift,1,7,29,Monsoon
2026-07-16,SITE019,Excavator,4,7,29,Monsoon
2026-07-16,SITE019,Bulldozer,2,7,29,Monsoon
2026-07-16,SITE019,Wheel Loader,5,7,29,Monsoon
2026-07-16,SITE019,Motor Grader,1,7,29,Monsoon
2026-07-16,SITE019,Backhoe Loader,1,7,29,Monsoon
2026-07-16,SITE019,Skid Steer Loader,2,7,29,Monsoon
2026-07-16,SITE019,Road Roller,3,7,29,Monsoon
2026-07-16,SITE019,Dump Truck,1,7,29,Monsoon
2026-07-16,SITE019,Forklift,0,7,29,Monsoon
2026-07-16,SITE020,Excavator,6,7,29,Monsoon
2026-07-16,SITE020,Bulldozer,3,7,29,Monsoon
2026-07-16,SITE020,Wheel Loader,3,7,29,Monsoon
2026-07-16,SITE020,Motor Grader,3,7,29,Monsoon
2026-07-16,SITE020,Backhoe Loader,2,7,29,Monsoon
2026-07-16,SITE020,Skid Steer Loader,4,7,29,Monsoon
2026-07-16,SITE020,Road Roller,0,7,29,Monsoon
2026-07-16,SITE020,Dump Truck,2,7,29,Monsoon
2026-07-16,SITE020,Forklift,0,7,29,Monsoon
2026-07-17,SITE001,Excavator,4,7,29,Monsoon
2026-07-17,SITE001,Bulldozer,2,7,29,Monsoon
2026-07-17,SITE001,Wheel Loader,2,7,29,Monsoon
2026-07-17,SITE001,Motor Grader,1,7,29,Monsoon
2026-07-17,SITE001,Backhoe Loader,4,7,29,Monsoon
2026-07-17,SITE001,Skid Steer Loader,3,7,29,Monsoon
2026-07-17,SITE001,Road Roller,2,7,29,Monsoon
2026-07-17,SITE001,Dump Truck,2,7,29,Monsoon
2026-07-17,SITE001,Forklift,2,7,29,Monsoon
2026-07-17,SITE002,Excavator,14,7,29,Monsoon
2026-07-17,SITE002,Bulldozer,2,7,29,Monsoon
2026-07-17,SITE002,Wheel Loader,2,7,29,Monsoon
2026-07-17,SITE002,Motor Grader,1,7,29,Monsoon
2026-07-17,SITE002,Backhoe Loader,0,7,29,Monsoon
2026-07-17,SITE002,Skid Steer Loader,4,7,29,Monsoon
2026-07-17,SITE002,Road Roller,2,7,29,Monsoon
2026-07-17,SITE002,Dump Truck,3,7,29,Monsoon
2026-07-17,SITE002,Forklift,2,7,29,Monsoon
2026-07-17,SITE003,Excavator,3,7,29,Monsoon
2026-07-17,SITE003,Bulldozer,2,7,29,Monsoon
2026-07-17,SITE003,Wheel Loader,1,7,29,Monsoon
2026-07-17,SITE003,Motor Grader,2,7,29,Monsoon
2026-07-17,SITE003,Backhoe Loader,1,7,29,Monsoon
2026-07-17,SITE003,Skid Steer Loader,3,7,29,Monsoon
2026-07-17,SITE003,Road Roller,0,7,29,Monsoon
2026-07-17,SITE003,Dump Truck,3,7,29,Monsoon
2026-07-17,SITE003,Forklift,2,7,29,Monsoon
2026-07-17,SITE004,Excavator,3,7,29,Monsoon
2026-07-17,SITE004,Bulldozer,4,7,29,Monsoon
2026-07-17,SITE004,Wheel Loader,1,7,29,Monsoon
2026-07-17,SITE004,Motor Grader,0,7,29,Monsoon
2026-07-17,SITE004,Backhoe Loader,2,7,29,Monsoon
2026-07-17,SITE004,Skid Steer Loader,0,7,29,Monsoon
2026-07-17,SITE004,Road Roller,2,7,29,Monsoon
2026-07-17,SITE004,Dump Truck,2,7,29,Monsoon
2026-07-17,SITE004,Forklift,2,7,29,Monsoon
2026-07-17,SITE005,Excavator,2,7,29,Monsoon
2026-07-17,SITE005,Bulldozer,5,7,29,Monsoon
2026-07-17,SITE005,Wheel Loader,0,7,29,Monsoon
2026-07-17,SITE005,Motor Grader,4,7,29,Monsoon
2026-07-17,SITE005,Backhoe Loader,1,7,29,Monsoon
2026-07-17,SITE005,Skid Steer Loader,3,7,29,Monsoon
2026-07-17,SITE005,Road Roller,5,7,29,Monsoon
2026-07-17,SITE005,Dump Truck,3,7,29,Monsoon
2026-07-17,SITE005,Forklift,1,7,29,Monsoon
2026-07-17,SITE006,Excavator,4,7,29,Monsoon
2026-07-17,SITE006,Bulldozer,1,7,29,Monsoon
2026-07-17,SITE006,Wheel Loader,3,7,29,Monsoon
2026-07-17,SITE006,Motor Grader,3,7,29,Monsoon
2026-07-17,SITE006,Backhoe Loader,2,7,29,Monsoon
2026-07-17,SITE006,Skid Steer Loader,0,7,29,Monsoon
2026-07-17,SITE006,Road Roller,3,7,29,Monsoon
2026-07-17,SITE006,Dump Truck,0,7,29,Monsoon
2026-07-17,SITE006,Forklift,1,7,29,Monsoon
2026-07-17,SITE007,Excavator,3,7,29,Monsoon
2026-07-17,SITE007,Bulldozer,1,7,29,Monsoon
2026-07-17,SITE007,Wheel Loader,4,7,29,Monsoon
2026-07-17,SITE007,Motor Grader,4,7,29,Monsoon
2026-07-17,SITE007,Backhoe Loader,3,7,29,Monsoon
2026-07-17,SITE007,Skid Steer Loader,3,7,29,Monsoon
2026-07-17,SITE007,Road Roller,3,7,29,Monsoon
2026-07-17,SITE007,Dump Truck,2,7,29,Monsoon
2026-07-17,SITE007,Forklift,1,7,29,Monsoon
2026-07-17,SITE008,Excavator,5,7,29,Monsoon
2026-07-17,SITE008,Bulldozer,0,7,29,Monsoon
2026-07-17,SITE008,Wheel Loader,0,7,29,Monsoon
2026-07-17,SITE008,Motor Grader,4,7,29,Monsoon
2026-07-17,SITE008,Backhoe Loader,3,7,29,Monsoon
2026-07-17,SITE008,Skid Steer Loader,0,7,29,Monsoon
2026-07-17,SITE008,Road Roller,4,7,29,Monsoon
2026-07-17,SITE008,Dump Truck,5,7,29,Monsoon
2026-07-17,SITE008,Forklift,1,7,29,Monsoon
2026-07-17,SITE009,Excavator,1,7,29,Monsoon
2026-07-17,SITE009,Bulldozer,1,7,29,Monsoon
2026-07-17,SITE009,Wheel Loader,1,7,29,Monsoon
2026-07-17,SITE009,Motor Grader,2,7,29,Monsoon
2026-07-17,SITE009,Backhoe Loader,3,7,29,Monsoon
2026-07-17,SITE009,Skid Steer Loader,1,7,29,Monsoon
2026-07-17,SITE009,Road Roller,1,7,29,Monsoon
2026-07-17,SITE009,Dump Truck,0,7,29,Monsoon
2026-07-17,SITE009,Forklift,1,7,29,Monsoon
2026-07-17,SITE010,Excavator,6,7,29,Monsoon
2026-07-17,SITE010,Bulldozer,4,7,29,Monsoon
2026-07-17,SITE010,Wheel Loader,2,7,29,Monsoon
2026-07-17,SITE010,Motor Grader,5,7,29,Monsoon
2026-07-17,SITE010,Backhoe Loader,2,7,29,Monsoon
2026-07-17,SITE010,Skid Steer Loader,4,7,29,Monsoon
2026-07-17,SITE010,Road Roller,3,7,29,Monsoon
2026-07-17,SITE010,Dump Truck,1,7,29,Monsoon
2026-07-17,SITE010,Forklift,3,7,29,Monsoon
2026-07-17,SITE011,Excavator,2,7,29,Monsoon
2026-07-17,SITE011,Bulldozer,1,7,29,Monsoon
2026-07-17,SITE011,Wheel Loader,2,7,29,Monsoon
2026-07-17,SITE011,Motor Grader,3,7,29,Monsoon
2026-07-17,SITE011,Backhoe Loader,1,7,29,Monsoon
2026-07-17,SITE011,Skid Steer Loader,2,7,29,Monsoon
2026-07-17,SITE011,Road Roller,2,7,29,Monsoon
2026-07-17,SITE011,Dump Truck,2,7,29,Monsoon
2026-07-17,SITE011,Forklift,3,7,29,Monsoon
2026-07-17,SITE012,Excavator,6,7,29,Monsoon
2026-07-17,SITE012,Bulldozer,1,7,29,Monsoon
2026-07-17,SITE012,Wheel Loader,2,7,29,Monsoon
2026-07-17,SITE012,Motor Grader,5,7,29,Monsoon
2026-07-17,SITE012,Backhoe Loader,1,7,29,Monsoon
2026-07-17,SITE012,Skid Steer Loader,4,7,29,Monsoon
2026-07-17,SITE012,Road Roller,2,7,29,Monsoon
2026-07-17,SITE012,Dump Truck,1,7,29,Monsoon
2026-07-17,SITE012,Forklift,2,7,29,Monsoon
2026-07-17,SITE013,Excavator,2,7,29,Monsoon
2026-07-17,SITE013,Bulldozer,1,7,29,Monsoon
2026-07-17,SITE013,Wheel Loader,1,7,29,Monsoon
2026-07-17,SITE013,Motor Grader,3,7,29,Monsoon
2026-07-17,SITE013,Backhoe Loader,1,7,29,Monsoon
2026-07-17,SITE013,Skid Steer Loader,2,7,29,Monsoon
2026-07-17,SITE013,Road Roller,4,7,29,Monsoon
2026-07-17,SITE013,Dump Truck,5,7,29,Monsoon
2026-07-17,SITE013,Forklift,2,7,29,Monsoon
2026-07-17,SITE014,Excavator,2,7,29,Monsoon
2026-07-17,SITE014,Bulldozer,1,7,29,Monsoon
2026-07-17,SITE014,Wheel Loader,1,7,29,Monsoon
2026-07-17,SITE014,Motor Grader,2,7,29,Monsoon
2026-07-17,SITE014,Backhoe Loader,0,7,29,Monsoon
2026-07-17,SITE014,Skid Steer Loader,0,7,29,Monsoon
2026-07-17,SITE014,Road Roller,4,7,29,Monsoon
2026-07-17,SITE014,Dump Truck,0,7,29,Monsoon
2026-07-17,SITE014,Forklift,3,7,29,Monsoon
2026-07-17,SITE015,Excavator,3,7,29,Monsoon
2026-07-17,SITE015,Bulldozer,3,7,29,Monsoon
2026-07-17,SITE015,Wheel Loader,0,7,29,Monsoon
2026-07-17,SITE015,Motor Grader,3,7,29,Monsoon
2026-07-17,SITE015,Backhoe Loader,4,7,29,Monsoon
2026-07-17,SITE015,Skid Steer Loader,2,7,29,Monsoon
2026-07-17,SITE015,Road Roller,0,7,29,Monsoon
2026-07-17,SITE015,Dump Truck,2,7,29,Monsoon
2026-07-17,SITE015,Forklift,3,7,29,Monsoon
2026-07-17,SITE016,Excavator,4,7,29,Monsoon
2026-07-17,SITE016,Bulldozer,1,7,29,Monsoon
2026-07-17,SITE016,Wheel Loader,1,7,29,Monsoon
2026-07-17,SITE016,Motor Grader,1,7,29,Monsoon
2026-07-17,SITE016,Backhoe Loader,6,7,29,Monsoon
2026-07-17,SITE016,Skid Steer Loader,1,7,29,Monsoon
2026-07-17,SITE016,Road Roller,3,7,29,Monsoon
2026-07-17,SITE016,Dump Truck,2,7,29,Monsoon
2026-07-17,SITE016,Forklift,2,7,29,Monsoon
2026-07-17,SITE017,Excavator,3,7,29,Monsoon
2026-07-17,SITE017,Bulldozer,2,7,29,Monsoon
2026-07-17,SITE017,Wheel Loader,2,7,29,Monsoon
2026-07-17,SITE017,Motor Grader,1,7,29,Monsoon
2026-07-17,SITE017,Backhoe Loader,1,7,29,Monsoon
2026-07-17,SITE017,Skid Steer Loader,4,7,29,Monsoon
2026-07-17,SITE017,Road Roller,3,7,29,Monsoon
2026-07-17,SITE017,Dump Truck,2,7,29,Monsoon
2026-07-17,SITE017,Forklift,1,7,29,Monsoon
2026-07-17,SITE018,Excavator,4,7,29,Monsoon
2026-07-17,SITE018,Bulldozer,3,7,29,Monsoon
2026-07-17,SITE018,Wheel Loader,2,7,29,Monsoon
2026-07-17,SITE018,Motor Grader,3,7,29,Monsoon
2026-07-17,SITE018,Backhoe Loader,5,7,29,Monsoon
2026-07-17,SITE018,Skid Steer Loader,2,7,29,Monsoon
2026-07-17,SITE018,Road Roller,2,7,29,Monsoon
2026-07-17,SITE018,Dump Truck,3,7,29,Monsoon
2026-07-17,SITE018,Forklift,3,7,29,Monsoon
2026-07-17,SITE019,Excavator,5,7,29,Monsoon
2026-07-17,SITE019,Bulldozer,0,7,29,Monsoon
2026-07-17,SITE019,Wheel Loader,4,7,29,Monsoon
2026-07-17,SITE019,Motor Grader,1,7,29,Monsoon
2026-07-17,SITE019,Backhoe Loader,3,7,29,Monsoon
2026-07-17,SITE019,Skid Steer Loader,3,7,29,Monsoon
2026-07-17,SITE019,Road Roller,1,7,29,Monsoon
2026-07-17,SITE019,Dump Truck,4,7,29,Monsoon
2026-07-17,SITE019,Forklift,1,7,29,Monsoon
2026-07-17,SITE020,Excavator,5,7,29,Monsoon
2026-07-17,SITE020,Bulldozer,1,7,29,Monsoon
2026-07-17,SITE020,Wheel Loader,0,7,29,Monsoon
2026-07-17,SITE020,Motor Grader,1,7,29,Monsoon
2026-07-17,SITE020,Backhoe Loader,2,7,29,Monsoon
2026-07-17,SITE020,Skid Steer Loader,4,7,29,Monsoon
2026-07-17,SITE020,Road Roller,0,7,29,Monsoon
2026-07-17,SITE020,Dump Truck,1,7,29,Monsoon
2026-07-17,SITE020,Forklift,3,7,29,Monsoon
2026-07-18,SITE001,Excavator,4,7,29,Monsoon
2026-07-18,SITE001,Bulldozer,0,7,29,Monsoon
2026-07-18,SITE001,Wheel Loader,1,7,29,Monsoon
2026-07-18,SITE001,Motor Grader,7,7,29,Monsoon
2026-07-18,SITE001,Backhoe Loader,3,7,29,Monsoon
2026-07-18,SITE001,Skid Steer Loader,3,7,29,Monsoon
2026-07-18,SITE001,Road Roller,4,7,29,Monsoon
2026-07-18,SITE001,Dump Truck,4,7,29,Monsoon
2026-07-18,SITE001,Forklift,3,7,29,Monsoon
2026-07-18,SITE002,Excavator,0,7,29,Monsoon
2026-07-18,SITE002,Bulldozer,3,7,29,Monsoon
2026-07-18,SITE002,Wheel Loader,1,7,29,Monsoon
2026-07-18,SITE002,Motor Grader,3,7,29,Monsoon
2026-07-18,SITE002,Backhoe Loader,1,7,29,Monsoon
2026-07-18,SITE002,Skid Steer Loader,3,7,29,Monsoon
2026-07-18,SITE002,Road Roller,0,7,29,Monsoon
2026-07-18,SITE002,Dump Truck,1,7,29,Monsoon
2026-07-18,SITE002,Forklift,0,7,29,Monsoon
2026-07-18,SITE003,Excavator,9,7,29,Monsoon
2026-07-18,SITE003,Bulldozer,3,7,29,Monsoon
2026-07-18,SITE003,Wheel Loader,3,7,29,Monsoon
2026-07-18,SITE003,Motor Grader,5,7,29,Monsoon
2026-07-18,SITE003,Backhoe Loader,0,7,29,Monsoon
2026-07-18,SITE003,Skid Steer Loader,2,7,29,Monsoon
2026-07-18,SITE003,Road Roller,1,7,29,Monsoon
2026-07-18,SITE003,Dump Truck,2,7,29,Monsoon
2026-07-18,SITE003,Forklift,3,7,29,Monsoon
2026-07-18,SITE004,Excavator,5,7,29,Monsoon
2026-07-18,SITE004,Bulldozer,0,7,29,Monsoon
2026-07-18,SITE004,Wheel Loader,1,7,29,Monsoon
2026-07-18,SITE004,Motor Grader,2,7,29,Monsoon
2026-07-18,SITE004,Backhoe Loader,3,7,29,Monsoon
2026-07-18,SITE004,Skid Steer Loader,3,7,29,Monsoon
2026-07-18,SITE004,Road Roller,0,7,29,Monsoon
2026-07-18,SITE004,Dump Truck,2,7,29,Monsoon
2026-07-18,SITE004,Forklift,1,7,29,Monsoon
2026-07-18,SITE005,Excavator,4,7,29,Monsoon
2026-07-18,SITE005,Bulldozer,2,7,29,Monsoon
2026-07-18,SITE005,Wheel Loader,2,7,29,Monsoon
2026-07-18,SITE005,Motor Grader,1,7,29,Monsoon
2026-07-18,SITE005,Backhoe Loader,2,7,29,Monsoon
2026-07-18,SITE005,Skid Steer Loader,2,7,29,Monsoon
2026-07-18,SITE005,Road Roller,2,7,29,Monsoon
2026-07-18,SITE005,Dump Truck,2,7,29,Monsoon
2026-07-18,SITE005,Forklift,2,7,29,Monsoon
2026-07-18,SITE006,Excavator,3,7,29,Monsoon
2026-07-18,SITE006,Bulldozer,0,7,29,Monsoon
2026-07-18,SITE006,Wheel Loader,1,7,29,Monsoon
2026-07-18,SITE006,Motor Grader,4,7,29,Monsoon
2026-07-18,SITE006,Backhoe Loader,2,7,29,Monsoon
2026-07-18,SITE006,Skid Steer Loader,1,7,29,Monsoon
2026-07-18,SITE006,Road Roller,1,7,29,Monsoon
2026-07-18,SITE006,Dump Truck,1,7,29,Monsoon
2026-07-18,SITE006,Forklift,1,7,29,Monsoon
2026-07-18,SITE007,Excavator,1,7,29,Monsoon
2026-07-18,SITE007,Bulldozer,1,7,29,Monsoon
2026-07-18,SITE007,Wheel Loader,2,7,29,Monsoon
2026-07-18,SITE007,Motor Grader,2,7,29,Monsoon
2026-07-18,SITE007,Backhoe Loader,2,7,29,Monsoon
2026-07-18,SITE007,Skid Steer Loader,2,7,29,Monsoon
2026-07-18,SITE007,Road Roller,3,7,29,Monsoon
2026-07-18,SITE007,Dump Truck,1,7,29,Monsoon
2026-07-18,SITE007,Forklift,0,7,29,Monsoon
2026-07-18,SITE008,Excavator,1,7,29,Monsoon
2026-07-18,SITE008,Bulldozer,2,7,29,Monsoon
2026-07-18,SITE008,Wheel Loader,3,7,29,Monsoon
2026-07-18,SITE008,Motor Grader,2,7,29,Monsoon
2026-07-18,SITE008,Backhoe Loader,0,7,29,Monsoon
2026-07-18,SITE008,Skid Steer Loader,0,7,29,Monsoon
2026-07-18,SITE008,Road Roller,2,7,29,Monsoon
2026-07-18,SITE008,Dump Truck,5,7,29,Monsoon
2026-07-18,SITE008,Forklift,1,7,29,Monsoon
2026-07-18,SITE009,Excavator,7,7,29,Monsoon
2026-07-18,SITE009,Bulldozer,1,7,29,Monsoon
2026-07-18,SITE009,Wheel Loader,3,7,29,Monsoon
2026-07-18,SITE009,Motor Grader,6,7,29,Monsoon
2026-07-18,SITE009,Backhoe Loader,1,7,29,Monsoon
2026-07-18,SITE009,Skid Steer Loader,5,7,29,Monsoon
2026-07-18,SITE009,Road Roller,1,7,29,Monsoon
2026-07-18,SITE009,Dump Truck,2,7,29,Monsoon
2026-07-18,SITE009,Forklift,4,7,29,Monsoon
2026-07-18,SITE010,Excavator,4,7,29,Monsoon
2026-07-18,SITE010,Bulldozer,3,7,29,Monsoon
2026-07-18,SITE010,Wheel Loader,1,7,29,Monsoon
2026-07-18,SITE010,Motor Grader,1,7,29,Monsoon
2026-07-18,SITE010,Backhoe Loader,1,7,29,Monsoon
2026-07-18,SITE010,Skid Steer Loader,0,7,29,Monsoon
2026-07-18,SITE010,Road Roller,0,7,29,Monsoon
2026-07-18,SITE010,Dump Truck,1,7,29,Monsoon
2026-07-18,SITE010,Forklift,2,7,29,Monsoon
2026-07-18,SITE011,Excavator,4,7,29,Monsoon
2026-07-18,SITE011,Bulldozer,1,7,29,Monsoon
2026-07-18,SITE011,Wheel Loader,1,7,29,Monsoon
2026-07-18,SITE011,Motor Grader,0,7,29,Monsoon
2026-07-18,SITE011,Backhoe Loader,2,7,29,Monsoon
2026-07-18,SITE011,Skid Steer Loader,1,7,29,Monsoon
2026-07-18,SITE011,Road Roller,1,7,29,Monsoon
2026-07-18,SITE011,Dump Truck,5,7,29,Monsoon
2026-07-18,SITE011,Forklift,0,7,29,Monsoon
2026-07-18,SITE012,Excavator,3,7,29,Monsoon
2026-07-18,SITE012,Bulldozer,1,7,29,Monsoon
2026-07-18,SITE012,Wheel Loader,1,7,29,Monsoon
2026-07-18,SITE012,Motor Grader,1,7,29,Monsoon
2026-07-18,SITE012,Backhoe Loader,4,7,29,Monsoon
2026-07-18,SITE012,Skid Steer Loader,2,7,29,Monsoon
2026-07-18,SITE012,Road Roller,2,7,29,Monsoon
2026-07-18,SITE012,Dump Truck,2,7,29,Monsoon
2026-07-18,SITE012,Forklift,4,7,29,Monsoon
2026-07-18,SITE013,Excavator,5,7,29,Monsoon
2026-07-18,SITE013,Bulldozer,5,7,29,Monsoon
2026-07-18,SITE013,Wheel Loader,0,7,29,Monsoon
2026-07-18,SITE013,Motor Grader,1,7,29,Monsoon
2026-07-18,SITE013,Backhoe Loader,1,7,29,Monsoon
2026-07-18,SITE013,Skid Steer Loader,1,7,29,Monsoon
2026-07-18,SITE013,Road Roller,2,7,29,Monsoon
2026-07-18,SITE013,Dump Truck,5,7,29,Monsoon
2026-07-18,SITE013,Forklift,2,7,29,Monsoon
2026-07-18,SITE014,Excavator,5,7,29,Monsoon
2026-07-18,SITE014,Bulldozer,3,7,29,Monsoon
2026-07-18,SITE014,Wheel Loader,3,7,29,Monsoon
2026-07-18,SITE014,Motor Grader,0,7,29,Monsoon
2026-07-18,SITE014,Backhoe Loader,2,7,29,Monsoon
2026-07-18,SITE014,Skid Steer Loader,0,7,29,Monsoon
2026-07-18,SITE014,Road Roller,5,7,29,Monsoon
2026-07-18,SITE014,Dump Truck,2,7,29,Monsoon
2026-07-18,SITE014,Forklift,3,7,29,Monsoon
2026-07-18,SITE015,Excavator,8,7,29,Monsoon
2026-07-18,SITE015,Bulldozer,3,7,29,Monsoon
2026-07-18,SITE015,Wheel Loader,5,7,29,Monsoon
2026-07-18,SITE015,Motor Grader,1,7,29,Monsoon
2026-07-18,SITE015,Backhoe Loader,3,7,29,Monsoon
2026-07-18,SITE015,Skid Steer Loader,2,7,29,Monsoon
2026-07-18,SITE015,Road Roller,2,7,29,Monsoon
2026-07-18,SITE015,Dump Truck,3,7,29,Monsoon
2026-07-18,SITE015,Forklift,1,7,29,Monsoon
2026-07-18,SITE016,Excavator,6,7,29,Monsoon
2026-07-18,SITE016,Bulldozer,1,7,29,Monsoon
2026-07-18,SITE016,Wheel Loader,0,7,29,Monsoon
2026-07-18,SITE016,Motor Grader,2,7,29,Monsoon
2026-07-18,SITE016,Backhoe Loader,1,7,29,Monsoon
2026-07-18,SITE016,Skid Steer Loader,3,7,29,Monsoon
2026-07-18,SITE016,Road Roller,4,7,29,Monsoon
2026-07-18,SITE016,Dump Truck,1,7,29,Monsoon
2026-07-18,SITE016,Forklift,5,7,29,Monsoon
2026-07-18,SITE017,Excavator,4,7,29,Monsoon
2026-07-18,SITE017,Bulldozer,2,7,29,Monsoon
2026-07-18,SITE017,Wheel Loader,0,7,29,Monsoon
2026-07-18,SITE017,Motor Grader,2,7,29,Monsoon
2026-07-18,SITE017,Backhoe Loader,0,7,29,Monsoon
2026-07-18,SITE017,Skid Steer Loader,1,7,29,Monsoon
2026-07-18,SITE017,Road Roller,0,7,29,Monsoon
2026-07-18,SITE017,Dump Truck,1,7,29,Monsoon
2026-07-18,SITE017,Forklift,5,7,29,Monsoon
2026-07-18,SITE018,Excavator,6,7,29,Monsoon
2026-07-18,SITE018,Bulldozer,0,7,29,Monsoon
2026-07-18,SITE018,Wheel Loader,1,7,29,Monsoon
2026-07-18,SITE018,Motor Grader,3,7,29,Monsoon
2026-07-18,SITE018,Backhoe Loader,4,7,29,Monsoon
2026-07-18,SITE018,Skid Steer Loader,3,7,29,Monsoon
2026-07-18,SITE018,Road Roller,4,7,29,Monsoon
2026-07-18,SITE018,Dump Truck,0,7,29,Monsoon
2026-07-18,SITE018,Forklift,4,7,29,Monsoon
2026-07-18,SITE019,Excavator,5,7,29,Monsoon
2026-07-18,SITE019,Bulldozer,1,7,29,Monsoon
2026-07-18,SITE019,Wheel Loader,2,7,29,Monsoon
2026-07-18,SITE019,Motor Grader,2,7,29,Monsoon
2026-07-18,SITE019,Backhoe Loader,3,7,29,Monsoon
2026-07-18,SITE019,Skid Steer Loader,4,7,29,Monsoon
2026-07-18,SITE019,Road Roller,0,7,29,Monsoon
2026-07-18,SITE019,Dump Truck,4,7,29,Monsoon
2026-07-18,SITE019,Forklift,3,7,29,Monsoon
2026-07-18,SITE020,Excavator,11,7,29,Monsoon
2026-07-18,SITE020,Bulldozer,2,7,29,Monsoon
2026-07-18,SITE020,Wheel Loader,1,7,29,Monsoon
2026-07-18,SITE020,Motor Grader,0,7,29,Monsoon
2026-07-18,SITE020,Backhoe Loader,1,7,29,Monsoon
2026-07-18,SITE020,Skid Steer Loader,4,7,29,Monsoon
2026-07-18,SITE020,Road Roller,3,7,29,Monsoon
2026-07-18,SITE020,Dump Truck,3,7,29,Monsoon
2026-07-18,SITE020,Forklift,1,7,29,Monsoon
2026-07-19,SITE001,Excavator,9,7,29,Monsoon
2026-07-19,SITE001,Bulldozer,3,7,29,Monsoon
2026-07-19,SITE001,Wheel Loader,2,7,29,Monsoon
2026-07-19,SITE001,Motor Grader,2,7,29,Monsoon
2026-07-19,SITE001,Backhoe Loader,0,7,29,Monsoon
2026-07-19,SITE001,Skid Steer Loader,1,7,29,Monsoon
2026-07-19,SITE001,Road Roller,3,7,29,Monsoon
2026-07-19,SITE001,Dump Truck,0,7,29,Monsoon
2026-07-19,SITE001,Forklift,2,7,29,Monsoon
2026-07-19,SITE002,Excavator,1,7,29,Monsoon
2026-07-19,SITE002,Bulldozer,0,7,29,Monsoon
2026-07-19,SITE002,Wheel Loader,0,7,29,Monsoon
2026-07-19,SITE002,Motor Grader,2,7,29,Monsoon
2026-07-19,SITE002,Backhoe Loader,2,7,29,Monsoon
2026-07-19,SITE002,Skid Steer Loader,0,7,29,Monsoon
2026-07-19,SITE002,Road Roller,3,7,29,Monsoon
2026-07-19,SITE002,Dump Truck,1,7,29,Monsoon
2026-07-19,SITE002,Forklift,1,7,29,Monsoon
2026-07-19,SITE003,Excavator,5,7,29,Monsoon
2026-07-19,SITE003,Bulldozer,4,7,29,Monsoon
2026-07-19,SITE003,Wheel Loader,3,7,29,Monsoon
2026-07-19,SITE003,Motor Grader,2,7,29,Monsoon
2026-07-19,SITE003,Backhoe Loader,1,7,29,Monsoon
2026-07-19,SITE003,Skid Steer Loader,2,7,29,Monsoon
2026-07-19,SITE003,Road Roller,4,7,29,Monsoon
2026-07-19,SITE003,Dump Truck,1,7,29,Monsoon
2026-07-19,SITE003,Forklift,0,7,29,Monsoon
2026-07-19,SITE004,Excavator,5,7,29,Monsoon
2026-07-19,SITE004,Bulldozer,1,7,29,Monsoon
2026-07-19,SITE004,Wheel Loader,3,7,29,Monsoon
2026-07-19,SITE004,Motor Grader,0,7,29,Monsoon
2026-07-19,SITE004,Backhoe Loader,2,7,29,Monsoon
2026-07-19,SITE004,Skid Steer Loader,2,7,29,Monsoon
2026-07-19,SITE004,Road Roller,0,7,29,Monsoon
2026-07-19,SITE004,Dump Truck,3,7,29,Monsoon
2026-07-19,SITE004,Forklift,1,7,29,Monsoon
2026-07-19,SITE005,Excavator,1,7,29,Monsoon
2026-07-19,SITE005,Bulldozer,2,7,29,Monsoon
2026-07-19,SITE005,Wheel Loader,2,7,29,Monsoon
2026-07-19,SITE005,Motor Grader,5,7,29,Monsoon
2026-07-19,SITE005,Backhoe Loader,1,7,29,Monsoon
2026-07-19,SITE005,Skid Steer Loader,2,7,29,Monsoon
2026-07-19,SITE005,Road Roller,3,7,29,Monsoon
2026-07-19,SITE005,Dump Truck,1,7,29,Monsoon
2026-07-19,SITE005,Forklift,2,7,29,Monsoon
2026-07-19,SITE006,Excavator,10,7,29,Monsoon
2026-07-19,SITE006,Bulldozer,1,7,29,Monsoon
2026-07-19,SITE006,Wheel Loader,2,7,29,Monsoon
2026-07-19,SITE006,Motor Grader,3,7,29,Monsoon
2026-07-19,SITE006,Backhoe Loader,1,7,29,Monsoon
2026-07-19,SITE006,Skid Steer Loader,1,7,29,Monsoon
2026-07-19,SITE006,Road Roller,2,7,29,Monsoon
2026-07-19,SITE006,Dump Truck,0,7,29,Monsoon
2026-07-19,SITE006,Forklift,2,7,29,Monsoon
2026-07-19,SITE007,Excavator,3,7,29,Monsoon
2026-07-19,SITE007,Bulldozer,3,7,29,Monsoon
2026-07-19,SITE007,Wheel Loader,2,7,29,Monsoon
2026-07-19,SITE007,Motor Grader,0,7,29,Monsoon
2026-07-19,SITE007,Backhoe Loader,0,7,29,Monsoon
2026-07-19,SITE007,Skid Steer Loader,2,7,29,Monsoon
2026-07-19,SITE007,Road Roller,6,7,29,Monsoon
2026-07-19,SITE007,Dump Truck,2,7,29,Monsoon
2026-07-19,SITE007,Forklift,1,7,29,Monsoon
2026-07-19,SITE008,Excavator,1,7,29,Monsoon
2026-07-19,SITE008,Bulldozer,2,7,29,Monsoon
2026-07-19,SITE008,Wheel Loader,1,7,29,Monsoon
2026-07-19,SITE008,Motor Grader,2,7,29,Monsoon
2026-07-19,SITE008,Backhoe Loader,2,7,29,Monsoon
2026-07-19,SITE008,Skid Steer Loader,5,7,29,Monsoon
2026-07-19,SITE008,Road Roller,2,7,29,Monsoon
2026-07-19,SITE008,Dump Truck,2,7,29,Monsoon
2026-07-19,SITE008,Forklift,1,7,29,Monsoon
2026-07-19,SITE009,Excavator,2,7,29,Monsoon
2026-07-19,SITE009,Bulldozer,0,7,29,Monsoon
2026-07-19,SITE009,Wheel Loader,1,7,29,Monsoon
2026-07-19,SITE009,Motor Grader,3,7,29,Monsoon
2026-07-19,SITE009,Backhoe Loader,1,7,29,Monsoon
2026-07-19,SITE009,Skid Steer Loader,2,7,29,Monsoon
2026-07-19,SITE009,Road Roller,1,7,29,Monsoon
2026-07-19,SITE009,Dump Truck,0,7,29,Monsoon
2026-07-19,SITE009,Forklift,3,7,29,Monsoon
2026-07-19,SITE010,Excavator,5,7,29,Monsoon
2026-07-19,SITE010,Bulldozer,3,7,29,Monsoon
2026-07-19,SITE010,Wheel Loader,1,7,29,Monsoon
2026-07-19,SITE010,Motor Grader,2,7,29,Monsoon
2026-07-19,SITE010,Backhoe Loader,1,7,29,Monsoon
2026-07-19,SITE010,Skid Steer Loader,2,7,29,Monsoon
2026-07-19,SITE010,Road Roller,0,7,29,Monsoon
2026-07-19,SITE010,Dump Truck,1,7,29,Monsoon
2026-07-19,SITE010,Forklift,2,7,29,Monsoon
2026-07-19,SITE011,Excavator,5,7,29,Monsoon
2026-07-19,SITE011,Bulldozer,3,7,29,Monsoon
2026-07-19,SITE011,Wheel Loader,0,7,29,Monsoon
2026-07-19,SITE011,Motor Grader,3,7,29,Monsoon
2026-07-19,SITE011,Backhoe Loader,3,7,29,Monsoon
2026-07-19,SITE011,Skid Steer Loader,1,7,29,Monsoon
2026-07-19,SITE011,Road Roller,3,7,29,Monsoon
2026-07-19,SITE011,Dump Truck,0,7,29,Monsoon
2026-07-19,SITE011,Forklift,2,7,29,Monsoon
2026-07-19,SITE012,Excavator,4,7,29,Monsoon
2026-07-19,SITE012,Bulldozer,5,7,29,Monsoon
2026-07-19,SITE012,Wheel Loader,2,7,29,Monsoon
2026-07-19,SITE012,Motor Grader,2,7,29,Monsoon
2026-07-19,SITE012,Backhoe Loader,1,7,29,Monsoon
2026-07-19,SITE012,Skid Steer Loader,2,7,29,Monsoon
2026-07-19,SITE012,Road Roller,1,7,29,Monsoon
2026-07-19,SITE012,Dump Truck,2,7,29,Monsoon
2026-07-19,SITE012,Forklift,4,7,29,Monsoon
2026-07-19,SITE013,Excavator,6,7,29,Monsoon
2026-07-19,SITE013,Bulldozer,5,7,29,Monsoon
2026-07-19,SITE013,Wheel Loader,3,7,29,Monsoon
2026-07-19,SITE013,Motor Grader,0,7,29,Monsoon
2026-07-19,SITE013,Backhoe Loader,5,7,29,Monsoon
2026-07-19,SITE013,Skid Steer Loader,0,7,29,Monsoon
2026-07-19,SITE013,Road Roller,3,7,29,Monsoon
2026-07-19,SITE013,Dump Truck,2,7,29,Monsoon
2026-07-19,SITE013,Forklift,0,7,29,Monsoon
2026-07-19,SITE014,Excavator,2,7,29,Monsoon
2026-07-19,SITE014,Bulldozer,1,7,29,Monsoon
2026-07-19,SITE014,Wheel Loader,1,7,29,Monsoon
2026-07-19,SITE014,Motor Grader,2,7,29,Monsoon
2026-07-19,SITE014,Backhoe Loader,1,7,29,Monsoon
2026-07-19,SITE014,Skid Steer Loader,0,7,29,Monsoon
2026-07-19,SITE014,Road Roller,0,7,29,Monsoon
2026-07-19,SITE014,Dump Truck,1,7,29,Monsoon
2026-07-19,SITE014,Forklift,3,7,29,Monsoon
2026-07-19,SITE015,Excavator,8,7,29,Monsoon
2026-07-19,SITE015,Bulldozer,2,7,29,Monsoon
2026-07-19,SITE015,Wheel Loader,0,7,29,Monsoon
2026-07-19,SITE015,Motor Grader,2,7,29,Monsoon
2026-07-19,SITE015,Backhoe Loader,2,7,29,Monsoon
2026-07-19,SITE015,Skid Steer Loader,3,7,29,Monsoon
2026-07-19,SITE015,Road Roller,2,7,29,Monsoon
2026-07-19,SITE015,Dump Truck,0,7,29,Monsoon
2026-07-19,SITE015,Forklift,1,7,29,Monsoon
2026-07-19,SITE016,Excavator,4,7,29,Monsoon
2026-07-19,SITE016,Bulldozer,2,7,29,Monsoon
2026-07-19,SITE016,Wheel Loader,1,7,29,Monsoon
2026-07-19,SITE016,Motor Grader,3,7,29,Monsoon
2026-07-19,SITE016,Backhoe Loader,2,7,29,Monsoon
2026-07-19,SITE016,Skid Steer Loader,4,7,29,Monsoon
2026-07-19,SITE016,Road Roller,0,7,29,Monsoon
2026-07-19,SITE016,Dump Truck,3,7,29,Monsoon
2026-07-19,SITE016,Forklift,2,7,29,Monsoon
2026-07-19,SITE017,Excavator,1,7,29,Monsoon
2026-07-19,SITE017,Bulldozer,1,7,29,Monsoon
2026-07-19,SITE017,Wheel Loader,3,7,29,Monsoon
2026-07-19,SITE017,Motor Grader,3,7,29,Monsoon
2026-07-19,SITE017,Backhoe Loader,1,7,29,Monsoon
2026-07-19,SITE017,Skid Steer Loader,2,7,29,Monsoon
2026-07-19,SITE017,Road Roller,0,7,29,Monsoon
2026-07-19,SITE017,Dump Truck,1,7,29,Monsoon
2026-07-19,SITE017,Forklift,3,7,29,Monsoon
2026-07-19,SITE018,Excavator,4,7,29,Monsoon
2026-07-19,SITE018,Bulldozer,0,7,29,Monsoon
2026-07-19,SITE018,Wheel Loader,1,7,29,Monsoon
2026-07-19,SITE018,Motor Grader,1,7,29,Monsoon
2026-07-19,SITE018,Backhoe Loader,3,7,29,Monsoon
2026-07-19,SITE018,Skid Steer Loader,1,7,29,Monsoon
2026-07-19,SITE018,Road Roller,1,7,29,Monsoon
2026-07-19,SITE018,Dump Truck,1,7,29,Monsoon
2026-07-19,SITE018,Forklift,5,7,29,Monsoon
2026-07-19,SITE019,Excavator,3,7,29,Monsoon
2026-07-19,SITE019,Bulldozer,1,7,29,Monsoon
2026-07-19,SITE019,Wheel Loader,1,7,29,Monsoon
2026-07-19,SITE019,Motor Grader,3,7,29,Monsoon
2026-07-19,SITE019,Backhoe Loader,0,7,29,Monsoon
2026-07-19,SITE019,Skid Steer Loader,4,7,29,Monsoon
2026-07-19,SITE019,Road Roller,5,7,29,Monsoon
2026-07-19,SITE019,Dump Truck,3,7,29,Monsoon
2026-07-19,SITE019,Forklift,4,7,29,Monsoon
2026-07-19,SITE020,Excavator,2,7,29,Monsoon
2026-07-19,SITE020,Bulldozer,4,7,29,Monsoon
2026-07-19,SITE020,Wheel Loader,1,7,29,Monsoon
2026-07-19,SITE020,Motor Grader,1,7,29,Monsoon
2026-07-19,SITE020,Backhoe Loader,3,7,29,Monsoon
2026-07-19,SITE020,Skid Steer Loader,2,7,29,Monsoon
2026-07-19,SITE020,Road Roller,2,7,29,Monsoon
2026-07-19,SITE020,Dump Truck,2,7,29,Monsoon
2026-07-19,SITE020,Forklift,2,7,29,Monsoon
2026-07-20,SITE001,Excavator,4,7,30,Monsoon
2026-07-20,SITE001,Bulldozer,1,7,30,Monsoon
2026-07-20,SITE001,Wheel Loader,1,7,30,Monsoon
2026-07-20,SITE001,Motor Grader,1,7,30,Monsoon
2026-07-20,SITE001,Backhoe Loader,2,7,30,Monsoon
2026-07-20,SITE001,Skid Steer Loader,4,7,30,Monsoon
2026-07-20,SITE001,Road Roller,1,7,30,Monsoon
2026-07-20,SITE001,Dump Truck,3,7,30,Monsoon
2026-07-20,SITE001,Forklift,2,7,30,Monsoon
2026-07-20,SITE002,Excavator,1,7,30,Monsoon
2026-07-20,SITE002,Bulldozer,1,7,30,Monsoon
2026-07-20,SITE002,Wheel Loader,4,7,30,Monsoon
2026-07-20,SITE002,Motor Grader,3,7,30,Monsoon
2026-07-20,SITE002,Backhoe Loader,2,7,30,Monsoon
2026-07-20,SITE002,Skid Steer Loader,2,7,30,Monsoon
2026-07-20,SITE002,Road Roller,3,7,30,Monsoon
2026-07-20,SITE002,Dump Truck,0,7,30,Monsoon
2026-07-20,SITE002,Forklift,2,7,30,Monsoon
2026-07-20,SITE003,Excavator,2,7,30,Monsoon
2026-07-20,SITE003,Bulldozer,1,7,30,Monsoon
2026-07-20,SITE003,Wheel Loader,2,7,30,Monsoon
2026-07-20,SITE003,Motor Grader,4,7,30,Monsoon
2026-07-20,SITE003,Backhoe Loader,2,7,30,Monsoon
2026-07-20,SITE003,Skid Steer Loader,2,7,30,Monsoon
2026-07-20,SITE003,Road Roller,2,7,30,Monsoon
2026-07-20,SITE003,Dump Truck,4,7,30,Monsoon
2026-07-20,SITE003,Forklift,2,7,30,Monsoon
2026-07-20,SITE004,Excavator,4,7,30,Monsoon
2026-07-20,SITE004,Bulldozer,3,7,30,Monsoon
2026-07-20,SITE004,Wheel Loader,4,7,30,Monsoon
2026-07-20,SITE004,Motor Grader,2,7,30,Monsoon
2026-07-20,SITE004,Backhoe Loader,1,7,30,Monsoon
2026-07-20,SITE004,Skid Steer Loader,1,7,30,Monsoon
2026-07-20,SITE004,Road Roller,3,7,30,Monsoon
2026-07-20,SITE004,Dump Truck,2,7,30,Monsoon
2026-07-20,SITE004,Forklift,0,7,30,Monsoon
2026-07-20,SITE005,Excavator,7,7,30,Monsoon
2026-07-20,SITE005,Bulldozer,4,7,30,Monsoon
2026-07-20,SITE005,Wheel Loader,3,7,30,Monsoon
2026-07-20,SITE005,Motor Grader,0,7,30,Monsoon
2026-07-20,SITE005,Backhoe Loader,0,7,30,Monsoon
2026-07-20,SITE005,Skid Steer Loader,1,7,30,Monsoon
2026-07-20,SITE005,Road Roller,3,7,30,Monsoon
2026-07-20,SITE005,Dump Truck,1,7,30,Monsoon
2026-07-20,SITE005,Forklift,0,7,30,Monsoon
2026-07-20,SITE006,Excavator,7,7,30,Monsoon
2026-07-20,SITE006,Bulldozer,2,7,30,Monsoon
2026-07-20,SITE006,Wheel Loader,1,7,30,Monsoon
2026-07-20,SITE006,Motor Grader,0,7,30,Monsoon
2026-07-20,SITE006,Backhoe Loader,1,7,30,Monsoon
2026-07-20,SITE006,Skid Steer Loader,3,7,30,Monsoon
2026-07-20,SITE006,Road Roller,0,7,30,Monsoon
2026-07-20,SITE006,Dump Truck,0,7,30,Monsoon
2026-07-20,SITE006,Forklift,2,7,30,Monsoon
2026-07-20,SITE007,Excavator,1,7,30,Monsoon
2026-07-20,SITE007,Bulldozer,0,7,30,Monsoon
2026-07-20,SITE007,Wheel Loader,1,7,30,Monsoon
2026-07-20,SITE007,Motor Grader,1,7,30,Monsoon
2026-07-20,SITE007,Backhoe Loader,3,7,30,Monsoon
2026-07-20,SITE007,Skid Steer Loader,1,7,30,Monsoon
2026-07-20,SITE007,Road Roller,4,7,30,Monsoon
2026-07-20,SITE007,Dump Truck,2,7,30,Monsoon
2026-07-20,SITE007,Forklift,5,7,30,Monsoon
2026-07-20,SITE008,Excavator,3,7,30,Monsoon
2026-07-20,SITE008,Bulldozer,3,7,30,Monsoon
2026-07-20,SITE008,Wheel Loader,4,7,30,Monsoon
2026-07-20,SITE008,Motor Grader,4,7,30,Monsoon
2026-07-20,SITE008,Backhoe Loader,2,7,30,Monsoon
2026-07-20,SITE008,Skid Steer Loader,2,7,30,Monsoon
2026-07-20,SITE008,Road Roller,0,7,30,Monsoon
2026-07-20,SITE008,Dump Truck,1,7,30,Monsoon
2026-07-20,SITE008,Forklift,4,7,30,Monsoon
2026-07-20,SITE009,Excavator,3,7,30,Monsoon
2026-07-20,SITE009,Bulldozer,1,7,30,Monsoon
2026-07-20,SITE009,Wheel Loader,1,7,30,Monsoon
2026-07-20,SITE009,Motor Grader,3,7,30,Monsoon
2026-07-20,SITE009,Backhoe Loader,3,7,30,Monsoon
2026-07-20,SITE009,Skid Steer Loader,1,7,30,Monsoon
2026-07-20,SITE009,Road Roller,1,7,30,Monsoon
2026-07-20,SITE009,Dump Truck,1,7,30,Monsoon
2026-07-20,SITE009,Forklift,2,7,30,Monsoon
2026-07-20,SITE010,Excavator,4,7,30,Monsoon
2026-07-20,SITE010,Bulldozer,3,7,30,Monsoon
2026-07-20,SITE010,Wheel Loader,1,7,30,Monsoon
2026-07-20,SITE010,Motor Grader,3,7,30,Monsoon
2026-07-20,SITE010,Backhoe Loader,0,7,30,Monsoon
2026-07-20,SITE010,Skid Steer Loader,0,7,30,Monsoon
2026-07-20,SITE010,Road Roller,3,7,30,Monsoon
2026-07-20,SITE010,Dump Truck,0,7,30,Monsoon
2026-07-20,SITE010,Forklift,1,7,30,Monsoon
2026-07-20,SITE011,Excavator,3,7,30,Monsoon
2026-07-20,SITE011,Bulldozer,2,7,30,Monsoon
2026-07-20,SITE011,Wheel Loader,1,7,30,Monsoon
2026-07-20,SITE011,Motor Grader,1,7,30,Monsoon
2026-07-20,SITE011,Backhoe Loader,4,7,30,Monsoon
2026-07-20,SITE011,Skid Steer Loader,7,7,30,Monsoon
2026-07-20,SITE011,Road Roller,1,7,30,Monsoon
2026-07-20,SITE011,Dump Truck,1,7,30,Monsoon
2026-07-20,SITE011,Forklift,0,7,30,Monsoon
2026-07-20,SITE012,Excavator,3,7,30,Monsoon
2026-07-20,SITE012,Bulldozer,0,7,30,Monsoon
2026-07-20,SITE012,Wheel Loader,1,7,30,Monsoon
2026-07-20,SITE012,Motor Grader,4,7,30,Monsoon
2026-07-20,SITE012,Backhoe Loader,2,7,30,Monsoon
2026-07-20,SITE012,Skid Steer Loader,2,7,30,Monsoon
2026-07-20,SITE012,Road Roller,5,7,30,Monsoon
2026-07-20,SITE012,Dump Truck,4,7,30,Monsoon
2026-07-20,SITE012,Forklift,0,7,30,Monsoon
2026-07-20,SITE013,Excavator,2,7,30,Monsoon
2026-07-20,SITE013,Bulldozer,1,7,30,Monsoon
2026-07-20,SITE013,Wheel Loader,1,7,30,Monsoon
2026-07-20,SITE013,Motor Grader,4,7,30,Monsoon
2026-07-20,SITE013,Backhoe Loader,2,7,30,Monsoon
2026-07-20,SITE013,Skid Steer Loader,3,7,30,Monsoon
2026-07-20,SITE013,Road Roller,5,7,30,Monsoon
2026-07-20,SITE013,Dump Truck,2,7,30,Monsoon
2026-07-20,SITE013,Forklift,1,7,30,Monsoon
2026-07-20,SITE014,Excavator,2,7,30,Monsoon
2026-07-20,SITE014,Bulldozer,1,7,30,Monsoon
2026-07-20,SITE014,Wheel Loader,2,7,30,Monsoon
2026-07-20,SITE014,Motor Grader,1,7,30,Monsoon
2026-07-20,SITE014,Backhoe Loader,2,7,30,Monsoon
2026-07-20,SITE014,Skid Steer Loader,0,7,30,Monsoon
2026-07-20,SITE014,Road Roller,4,7,30,Monsoon
2026-07-20,SITE014,Dump Truck,2,7,30,Monsoon
2026-07-20,SITE014,Forklift,3,7,30,Monsoon
2026-07-20,SITE015,Excavator,4,7,30,Monsoon
2026-07-20,SITE015,Bulldozer,2,7,30,Monsoon
2026-07-20,SITE015,Wheel Loader,3,7,30,Monsoon
2026-07-20,SITE015,Motor Grader,1,7,30,Monsoon
2026-07-20,SITE015,Backhoe Loader,2,7,30,Monsoon
2026-07-20,SITE015,Skid Steer Loader,2,7,30,Monsoon
2026-07-20,SITE015,Road Roller,1,7,30,Monsoon
2026-07-20,SITE015,Dump Truck,0,7,30,Monsoon
2026-07-20,SITE015,Forklift,2,7,30,Monsoon
2026-07-20,SITE016,Excavator,7,7,30,Monsoon
2026-07-20,SITE016,Bulldozer,4,7,30,Monsoon
2026-07-20,SITE016,Wheel Loader,1,7,30,Monsoon
2026-07-20,SITE016,Motor Grader,3,7,30,Monsoon
2026-07-20,SITE016,Backhoe Loader,1,7,30,Monsoon
2026-07-20,SITE016,Skid Steer Loader,1,7,30,Monsoon
2026-07-20,SITE016,Road Roller,2,7,30,Monsoon
2026-07-20,SITE016,Dump Truck,2,7,30,Monsoon
2026-07-20,SITE016,Forklift,5,7,30,Monsoon
2026-07-20,SITE017,Excavator,4,7,30,Monsoon
2026-07-20,SITE017,Bulldozer,1,7,30,Monsoon
2026-07-20,SITE017,Wheel Loader,3,7,30,Monsoon
2026-07-20,SITE017,Motor Grader,3,7,30,Monsoon
2026-07-20,SITE017,Backhoe Loader,2,7,30,Monsoon
2026-07-20,SITE017,Skid Steer Loader,1,7,30,Monsoon
2026-07-20,SITE017,Road Roller,2,7,30,Monsoon
2026-07-20,SITE017,Dump Truck,4,7,30,Monsoon
2026-07-20,SITE017,Forklift,2,7,30,Monsoon
2026-07-20,SITE018,Excavator,5,7,30,Monsoon
2026-07-20,SITE018,Bulldozer,2,7,30,Monsoon
2026-07-20,SITE018,Wheel Loader,2,7,30,Monsoon
2026-07-20,SITE018,Motor Grader,4,7,30,Monsoon
2026-07-20,SITE018,Backhoe Loader,0,7,30,Monsoon
2026-07-20,SITE018,Skid Steer Loader,3,7,30,Monsoon
2026-07-20,SITE018,Road Roller,2,7,30,Monsoon
2026-07-20,SITE018,Dump Truck,3,7,30,Monsoon
2026-07-20,SITE018,Forklift,2,7,30,Monsoon
2026-07-20,SITE019,Excavator,5,7,30,Monsoon
2026-07-20,SITE019,Bulldozer,3,7,30,Monsoon
2026-07-20,SITE019,Wheel Loader,3,7,30,Monsoon
2026-07-20,SITE019,Motor Grader,0,7,30,Monsoon
2026-07-20,SITE019,Backhoe Loader,2,7,30,Monsoon
2026-07-20,SITE019,Skid Steer Loader,1,7,30,Monsoon
2026-07-20,SITE019,Road Roller,3,7,30,Monsoon
2026-07-20,SITE019,Dump Truck,1,7,30,Monsoon
2026-07-20,SITE019,Forklift,3,7,30,Monsoon
2026-07-20,SITE020,Excavator,3,7,30,Monsoon
2026-07-20,SITE020,Bulldozer,1,7,30,Monsoon
2026-07-20,SITE020,Wheel Loader,1,7,30,Monsoon
2026-07-20,SITE020,Motor Grader,3,7,30,Monsoon
2026-07-20,SITE020,Backhoe Loader,2,7,30,Monsoon
2026-07-20,SITE020,Skid Steer Loader,1,7,30,Monsoon
2026-07-20,SITE020,Road Roller,3,7,30,Monsoon
2026-07-20,SITE020,Dump Truck,1,7,30,Monsoon
2026-07-20,SITE020,Forklift,2,7,30,Monsoon
2026-07-21,SITE001,Excavator,3,7,30,Monsoon
2026-07-21,SITE001,Bulldozer,0,7,30,Monsoon
2026-07-21,SITE001,Wheel Loader,2,7,30,Monsoon
2026-07-21,SITE001,Motor Grader,1,7,30,Monsoon
2026-07-21,SITE001,Backhoe Loader,5,7,30,Monsoon
2026-07-21,SITE001,Skid Steer Loader,2,7,30,Monsoon
2026-07-21,SITE001,Road Roller,1,7,30,Monsoon
2026-07-21,SITE001,Dump Truck,2,7,30,Monsoon
2026-07-21,SITE001,Forklift,4,7,30,Monsoon
2026-07-21,SITE002,Excavator,4,7,30,Monsoon
2026-07-21,SITE002,Bulldozer,3,7,30,Monsoon
2026-07-21,SITE002,Wheel Loader,2,7,30,Monsoon
2026-07-21,SITE002,Motor Grader,0,7,30,Monsoon
2026-07-21,SITE002,Backhoe Loader,0,7,30,Monsoon
2026-07-21,SITE002,Skid Steer Loader,1,7,30,Monsoon
2026-07-21,SITE002,Road Roller,3,7,30,Monsoon
2026-07-21,SITE002,Dump Truck,1,7,30,Monsoon
2026-07-21,SITE002,Forklift,0,7,30,Monsoon
2026-07-21,SITE003,Excavator,1,7,30,Monsoon
2026-07-21,SITE003,Bulldozer,2,7,30,Monsoon
2026-07-21,SITE003,Wheel Loader,3,7,30,Monsoon
2026-07-21,SITE003,Motor Grader,1,7,30,Monsoon
2026-07-21,SITE003,Backhoe Loader,2,7,30,Monsoon
2026-07-21,SITE003,Skid Steer Loader,2,7,30,Monsoon
2026-07-21,SITE003,Road Roller,1,7,30,Monsoon
2026-07-21,SITE003,Dump Truck,5,7,30,Monsoon
2026-07-21,SITE003,Forklift,3,7,30,Monsoon
2026-07-21,SITE004,Excavator,4,7,30,Monsoon
2026-07-21,SITE004,Bulldozer,2,7,30,Monsoon
2026-07-21,SITE004,Wheel Loader,2,7,30,Monsoon
2026-07-21,SITE004,Motor Grader,2,7,30,Monsoon
2026-07-21,SITE004,Backhoe Loader,3,7,30,Monsoon
2026-07-21,SITE004,Skid Steer Loader,1,7,30,Monsoon
2026-07-21,SITE004,Road Roller,2,7,30,Monsoon
2026-07-21,SITE004,Dump Truck,5,7,30,Monsoon
2026-07-21,SITE004,Forklift,2,7,30,Monsoon
2026-07-21,SITE005,Excavator,3,7,30,Monsoon
2026-07-21,SITE005,Bulldozer,2,7,30,Monsoon
2026-07-21,SITE005,Wheel Loader,3,7,30,Monsoon
2026-07-21,SITE005,Motor Grader,1,7,30,Monsoon
2026-07-21,SITE005,Backhoe Loader,3,7,30,Monsoon
2026-07-21,SITE005,Skid Steer Loader,1,7,30,Monsoon
2026-07-21,SITE005,Road Roller,0,7,30,Monsoon
2026-07-21,SITE005,Dump Truck,3,7,30,Monsoon
2026-07-21,SITE005,Forklift,0,7,30,Monsoon
2026-07-21,SITE006,Excavator,2,7,30,Monsoon
2026-07-21,SITE006,Bulldozer,2,7,30,Monsoon
2026-07-21,SITE006,Wheel Loader,3,7,30,Monsoon
2026-07-21,SITE006,Motor Grader,1,7,30,Monsoon
2026-07-21,SITE006,Backhoe Loader,2,7,30,Monsoon
2026-07-21,SITE006,Skid Steer Loader,1,7,30,Monsoon
2026-07-21,SITE006,Road Roller,1,7,30,Monsoon
2026-07-21,SITE006,Dump Truck,1,7,30,Monsoon
2026-07-21,SITE006,Forklift,4,7,30,Monsoon
2026-07-21,SITE007,Excavator,4,7,30,Monsoon
2026-07-21,SITE007,Bulldozer,1,7,30,Monsoon
2026-07-21,SITE007,Wheel Loader,2,7,30,Monsoon
2026-07-21,SITE007,Motor Grader,1,7,30,Monsoon
2026-07-21,SITE007,Backhoe Loader,1,7,30,Monsoon
2026-07-21,SITE007,Skid Steer Loader,1,7,30,Monsoon
2026-07-21,SITE007,Road Roller,3,7,30,Monsoon
2026-07-21,SITE007,Dump Truck,1,7,30,Monsoon
2026-07-21,SITE007,Forklift,2,7,30,Monsoon
2026-07-21,SITE008,Excavator,5,7,30,Monsoon
2026-07-21,SITE008,Bulldozer,4,7,30,Monsoon
2026-07-21,SITE008,Wheel Loader,2,7,30,Monsoon
2026-07-21,SITE008,Motor Grader,3,7,30,Monsoon
2026-07-21,SITE008,Backhoe Loader,4,7,30,Monsoon
2026-07-21,SITE008,Skid Steer Loader,2,7,30,Monsoon
2026-07-21,SITE008,Road Roller,1,7,30,Monsoon
2026-07-21,SITE008,Dump Truck,4,7,30,Monsoon
2026-07-21,SITE008,Forklift,2,7,30,Monsoon
2026-07-21,SITE009,Excavator,3,7,30,Monsoon
2026-07-21,SITE009,Bulldozer,1,7,30,Monsoon
2026-07-21,SITE009,Wheel Loader,1,7,30,Monsoon
2026-07-21,SITE009,Motor Grader,1,7,30,Monsoon
2026-07-21,SITE009,Backhoe Loader,1,7,30,Monsoon
2026-07-21,SITE009,Skid Steer Loader,5,7,30,Monsoon
2026-07-21,SITE009,Road Roller,1,7,30,Monsoon
2026-07-21,SITE009,Dump Truck,1,7,30,Monsoon
2026-07-21,SITE009,Forklift,3,7,30,Monsoon
2026-07-21,SITE010,Excavator,4,7,30,Monsoon
2026-07-21,SITE010,Bulldozer,1,7,30,Monsoon
2026-07-21,SITE010,Wheel Loader,3,7,30,Monsoon
2026-07-21,SITE010,Motor Grader,3,7,30,Monsoon
2026-07-21,SITE010,Backhoe Loader,1,7,30,Monsoon
2026-07-21,SITE010,Skid Steer Loader,2,7,30,Monsoon
2026-07-21,SITE010,Road Roller,1,7,30,Monsoon
2026-07-21,SITE010,Dump Truck,2,7,30,Monsoon
2026-07-21,SITE010,Forklift,5,7,30,Monsoon
2026-07-21,SITE011,Excavator,3,7,30,Monsoon
2026-07-21,SITE011,Bulldozer,3,7,30,Monsoon
2026-07-21,SITE011,Wheel Loader,1,7,30,Monsoon
2026-07-21,SITE011,Motor Grader,3,7,30,Monsoon
2026-07-21,SITE011,Backhoe Loader,0,7,30,Monsoon
2026-07-21,SITE011,Skid Steer Loader,2,7,30,Monsoon
2026-07-21,SITE011,Road Roller,6,7,30,Monsoon
2026-07-21,SITE011,Dump Truck,4,7,30,Monsoon
2026-07-21,SITE011,Forklift,1,7,30,Monsoon
2026-07-21,SITE012,Excavator,3,7,30,Monsoon
2026-07-21,SITE012,Bulldozer,2,7,30,Monsoon
2026-07-21,SITE012,Wheel Loader,2,7,30,Monsoon
2026-07-21,SITE012,Motor Grader,0,7,30,Monsoon
2026-07-21,SITE012,Backhoe Loader,3,7,30,Monsoon
2026-07-21,SITE012,Skid Steer Loader,5,7,30,Monsoon
2026-07-21,SITE012,Road Roller,0,7,30,Monsoon
2026-07-21,SITE012,Dump Truck,4,7,30,Monsoon
2026-07-21,SITE012,Forklift,2,7,30,Monsoon
2026-07-21,SITE013,Excavator,5,7,30,Monsoon
2026-07-21,SITE013,Bulldozer,2,7,30,Monsoon
2026-07-21,SITE013,Wheel Loader,5,7,30,Monsoon
2026-07-21,SITE013,Motor Grader,4,7,30,Monsoon
2026-07-21,SITE013,Backhoe Loader,1,7,30,Monsoon
2026-07-21,SITE013,Skid Steer Loader,3,7,30,Monsoon
2026-07-21,SITE013,Road Roller,2,7,30,Monsoon
2026-07-21,SITE013,Dump Truck,1,7,30,Monsoon
2026-07-21,SITE013,Forklift,2,7,30,Monsoon
2026-07-21,SITE014,Excavator,4,7,30,Monsoon
2026-07-21,SITE014,Bulldozer,1,7,30,Monsoon
2026-07-21,SITE014,Wheel Loader,5,7,30,Monsoon
2026-07-21,SITE014,Motor Grader,3,7,30,Monsoon
2026-07-21,SITE014,Backhoe Loader,0,7,30,Monsoon
2026-07-21,SITE014,Skid Steer Loader,2,7,30,Monsoon
2026-07-21,SITE014,Road Roller,1,7,30,Monsoon
2026-07-21,SITE014,Dump Truck,1,7,30,Monsoon
2026-07-21,SITE014,Forklift,1,7,30,Monsoon
2026-07-21,SITE015,Excavator,2,7,30,Monsoon
2026-07-21,SITE015,Bulldozer,0,7,30,Monsoon
2026-07-21,SITE015,Wheel Loader,3,7,30,Monsoon
2026-07-21,SITE015,Motor Grader,2,7,30,Monsoon
2026-07-21,SITE015,Backhoe Loader,4,7,30,Monsoon
2026-07-21,SITE015,Skid Steer Loader,3,7,30,Monsoon
2026-07-21,SITE015,Road Roller,1,7,30,Monsoon
2026-07-21,SITE015,Dump Truck,1,7,30,Monsoon
2026-07-21,SITE015,Forklift,4,7,30,Monsoon
2026-07-21,SITE016,Excavator,3,7,30,Monsoon
2026-07-21,SITE016,Bulldozer,2,7,30,Monsoon
2026-07-21,SITE016,Wheel Loader,2,7,30,Monsoon
2026-07-21,SITE016,Motor Grader,1,7,30,Monsoon
2026-07-21,SITE016,Backhoe Loader,4,7,30,Monsoon
2026-07-21,SITE016,Skid Steer Loader,5,7,30,Monsoon
2026-07-21,SITE016,Road Roller,1,7,30,Monsoon
2026-07-21,SITE016,Dump Truck,3,7,30,Monsoon
2026-07-21,SITE016,Forklift,2,7,30,Monsoon
2026-07-21,SITE017,Excavator,3,7,30,Monsoon
2026-07-21,SITE017,Bulldozer,2,7,30,Monsoon
2026-07-21,SITE017,Wheel Loader,2,7,30,Monsoon
2026-07-21,SITE017,Motor Grader,3,7,30,Monsoon
2026-07-21,SITE017,Backhoe Loader,1,7,30,Monsoon
2026-07-21,SITE017,Skid Steer Loader,1,7,30,Monsoon
2026-07-21,SITE017,Road Roller,0,7,30,Monsoon
2026-07-21,SITE017,Dump Truck,2,7,30,Monsoon
2026-07-21,SITE017,Forklift,1,7,30,Monsoon
2026-07-21,SITE018,Excavator,4,7,30,Monsoon
2026-07-21,SITE018,Bulldozer,2,7,30,Monsoon
2026-07-21,SITE018,Wheel Loader,1,7,30,Monsoon
2026-07-21,SITE018,Motor Grader,2,7,30,Monsoon
2026-07-21,SITE018,Backhoe Loader,0,7,30,Monsoon
2026-07-21,SITE018,Skid Steer Loader,2,7,30,Monsoon
2026-07-21,SITE018,Road Roller,0,7,30,Monsoon
2026-07-21,SITE018,Dump Truck,1,7,30,Monsoon
2026-07-21,SITE018,Forklift,2,7,30,Monsoon
2026-07-21,SITE019,Excavator,2,7,30,Monsoon
2026-07-21,SITE019,Bulldozer,1,7,30,Monsoon
2026-07-21,SITE019,Wheel Loader,0,7,30,Monsoon
2026-07-21,SITE019,Motor Grader,1,7,30,Monsoon
2026-07-21,SITE019,Backhoe Loader,0,7,30,Monsoon
2026-07-21,SITE019,Skid Steer Loader,1,7,30,Monsoon
2026-07-21,SITE019,Road Roller,1,7,30,Monsoon
2026-07-21,SITE019,Dump Truck,2,7,30,Monsoon
2026-07-21,SITE019,Forklift,0,7,30,Monsoon
2026-07-21,SITE020,Excavator,3,7,30,Monsoon
2026-07-21,SITE020,Bulldozer,1,7,30,Monsoon
2026-07-21,SITE020,Wheel Loader,3,7,30,Monsoon
2026-07-21,SITE020,Motor Grader,2,7,30,Monsoon
2026-07-21,SITE020,Backhoe Loader,4,7,30,Monsoon
2026-07-21,SITE020,Skid Steer Loader,3,7,30,Monsoon
2026-07-21,SITE020,Road Roller,3,7,30,Monsoon
2026-07-21,SITE020,Dump Truck,2,7,30,Monsoon
2026-07-21,SITE020,Forklift,4,7,30,Monsoon
2026-07-22,SITE001,Excavator,3,7,30,Monsoon
2026-07-22,SITE001,Bulldozer,3,7,30,Monsoon
2026-07-22,SITE001,Wheel Loader,1,7,30,Monsoon
2026-07-22,SITE001,Motor Grader,2,7,30,Monsoon
2026-07-22,SITE001,Backhoe Loader,1,7,30,Monsoon
2026-07-22,SITE001,Skid Steer Loader,4,7,30,Monsoon
2026-07-22,SITE001,Road Roller,3,7,30,Monsoon
2026-07-22,SITE001,Dump Truck,1,7,30,Monsoon
2026-07-22,SITE001,Forklift,2,7,30,Monsoon
2026-07-22,SITE002,Excavator,6,7,30,Monsoon
2026-07-22,SITE002,Bulldozer,2,7,30,Monsoon
2026-07-22,SITE002,Wheel Loader,2,7,30,Monsoon
2026-07-22,SITE002,Motor Grader,1,7,30,Monsoon
2026-07-22,SITE002,Backhoe Loader,2,7,30,Monsoon
2026-07-22,SITE002,Skid Steer Loader,1,7,30,Monsoon
2026-07-22,SITE002,Road Roller,2,7,30,Monsoon
2026-07-22,SITE002,Dump Truck,0,7,30,Monsoon
2026-07-22,SITE002,Forklift,1,7,30,Monsoon
2026-07-22,SITE003,Excavator,8,7,30,Monsoon
2026-07-22,SITE003,Bulldozer,2,7,30,Monsoon
2026-07-22,SITE003,Wheel Loader,2,7,30,Monsoon
2026-07-22,SITE003,Motor Grader,2,7,30,Monsoon
2026-07-22,SITE003,Backhoe Loader,3,7,30,Monsoon
2026-07-22,SITE003,Skid Steer Loader,2,7,30,Monsoon
2026-07-22,SITE003,Road Roller,1,7,30,Monsoon
2026-07-22,SITE003,Dump Truck,5,7,30,Monsoon
2026-07-22,SITE003,Forklift,1,7,30,Monsoon
2026-07-22,SITE004,Excavator,3,7,30,Monsoon
2026-07-22,SITE004,Bulldozer,0,7,30,Monsoon
2026-07-22,SITE004,Wheel Loader,5,7,30,Monsoon
2026-07-22,SITE004,Motor Grader,1,7,30,Monsoon
2026-07-22,SITE004,Backhoe Loader,0,7,30,Monsoon
2026-07-22,SITE004,Skid Steer Loader,1,7,30,Monsoon
2026-07-22,SITE004,Road Roller,2,7,30,Monsoon
2026-07-22,SITE004,Dump Truck,1,7,30,Monsoon
2026-07-22,SITE004,Forklift,1,7,30,Monsoon
2026-07-22,SITE005,Excavator,3,7,30,Monsoon
2026-07-22,SITE005,Bulldozer,3,7,30,Monsoon
2026-07-22,SITE005,Wheel Loader,2,7,30,Monsoon
2026-07-22,SITE005,Motor Grader,1,7,30,Monsoon
2026-07-22,SITE005,Backhoe Loader,1,7,30,Monsoon
2026-07-22,SITE005,Skid Steer Loader,4,7,30,Monsoon
2026-07-22,SITE005,Road Roller,0,7,30,Monsoon
2026-07-22,SITE005,Dump Truck,2,7,30,Monsoon
2026-07-22,SITE005,Forklift,0,7,30,Monsoon
2026-07-22,SITE006,Excavator,5,7,30,Monsoon
2026-07-22,SITE006,Bulldozer,2,7,30,Monsoon
2026-07-22,SITE006,Wheel Loader,1,7,30,Monsoon
2026-07-22,SITE006,Motor Grader,1,7,30,Monsoon
2026-07-22,SITE006,Backhoe Loader,3,7,30,Monsoon
2026-07-22,SITE006,Skid Steer Loader,3,7,30,Monsoon
2026-07-22,SITE006,Road Roller,2,7,30,Monsoon
2026-07-22,SITE006,Dump Truck,3,7,30,Monsoon
2026-07-22,SITE006,Forklift,3,7,30,Monsoon
2026-07-22,SITE007,Excavator,7,7,30,Monsoon
2026-07-22,SITE007,Bulldozer,1,7,30,Monsoon
2026-07-22,SITE007,Wheel Loader,1,7,30,Monsoon
2026-07-22,SITE007,Motor Grader,5,7,30,Monsoon
2026-07-22,SITE007,Backhoe Loader,4,7,30,Monsoon
2026-07-22,SITE007,Skid Steer Loader,2,7,30,Monsoon
2026-07-22,SITE007,Road Roller,2,7,30,Monsoon
2026-07-22,SITE007,Dump Truck,0,7,30,Monsoon
2026-07-22,SITE007,Forklift,1,7,30,Monsoon
2026-07-22,SITE008,Excavator,6,7,30,Monsoon
2026-07-22,SITE008,Bulldozer,2,7,30,Monsoon
2026-07-22,SITE008,Wheel Loader,3,7,30,Monsoon
2026-07-22,SITE008,Motor Grader,4,7,30,Monsoon
2026-07-22,SITE008,Backhoe Loader,3,7,30,Monsoon
2026-07-22,SITE008,Skid Steer Loader,0,7,30,Monsoon
2026-07-22,SITE008,Road Roller,3,7,30,Monsoon
2026-07-22,SITE008,Dump Truck,3,7,30,Monsoon
2026-07-22,SITE008,Forklift,3,7,30,Monsoon
2026-07-22,SITE009,Excavator,11,7,30,Monsoon
2026-07-22,SITE009,Bulldozer,1,7,30,Monsoon
2026-07-22,SITE009,Wheel Loader,3,7,30,Monsoon
2026-07-22,SITE009,Motor Grader,2,7,30,Monsoon
2026-07-22,SITE009,Backhoe Loader,3,7,30,Monsoon
2026-07-22,SITE009,Skid Steer Loader,4,7,30,Monsoon
2026-07-22,SITE009,Road Roller,3,7,30,Monsoon
2026-07-22,SITE009,Dump Truck,0,7,30,Monsoon
2026-07-22,SITE009,Forklift,1,7,30,Monsoon
2026-07-22,SITE010,Excavator,3,7,30,Monsoon
2026-07-22,SITE010,Bulldozer,2,7,30,Monsoon
2026-07-22,SITE010,Wheel Loader,1,7,30,Monsoon
2026-07-22,SITE010,Motor Grader,5,7,30,Monsoon
2026-07-22,SITE010,Backhoe Loader,3,7,30,Monsoon
2026-07-22,SITE010,Skid Steer Loader,4,7,30,Monsoon
2026-07-22,SITE010,Road Roller,4,7,30,Monsoon
2026-07-22,SITE010,Dump Truck,0,7,30,Monsoon
2026-07-22,SITE010,Forklift,6,7,30,Monsoon
2026-07-22,SITE011,Excavator,2,7,30,Monsoon
2026-07-22,SITE011,Bulldozer,2,7,30,Monsoon
2026-07-22,SITE011,Wheel Loader,1,7,30,Monsoon
2026-07-22,SITE011,Motor Grader,1,7,30,Monsoon
2026-07-22,SITE011,Backhoe Loader,2,7,30,Monsoon
2026-07-22,SITE011,Skid Steer Loader,0,7,30,Monsoon
2026-07-22,SITE011,Road Roller,1,7,30,Monsoon
2026-07-22,SITE011,Dump Truck,2,7,30,Monsoon
2026-07-22,SITE011,Forklift,4,7,30,Monsoon
2026-07-22,SITE012,Excavator,1,7,30,Monsoon
2026-07-22,SITE012,Bulldozer,2,7,30,Monsoon
2026-07-22,SITE012,Wheel Loader,1,7,30,Monsoon
2026-07-22,SITE012,Motor Grader,4,7,30,Monsoon
2026-07-22,SITE012,Backhoe Loader,4,7,30,Monsoon
2026-07-22,SITE012,Skid Steer Loader,4,7,30,Monsoon
2026-07-22,SITE012,Road Roller,3,7,30,Monsoon
2026-07-22,SITE012,Dump Truck,3,7,30,Monsoon
2026-07-22,SITE012,Forklift,3,7,30,Monsoon
2026-07-22,SITE013,Excavator,2,7,30,Monsoon
2026-07-22,SITE013,Bulldozer,2,7,30,Monsoon
2026-07-22,SITE013,Wheel Loader,2,7,30,Monsoon
2026-07-22,SITE013,Motor Grader,0,7,30,Monsoon
2026-07-22,SITE013,Backhoe Loader,1,7,30,Monsoon
2026-07-22,SITE013,Skid Steer Loader,3,7,30,Monsoon
2026-07-22,SITE013,Road Roller,1,7,30,Monsoon
2026-07-22,SITE013,Dump Truck,1,7,30,Monsoon
2026-07-22,SITE013,Forklift,0,7,30,Monsoon
2026-07-22,SITE014,Excavator,5,7,30,Monsoon
2026-07-22,SITE014,Bulldozer,0,7,30,Monsoon
2026-07-22,SITE014,Wheel Loader,2,7,30,Monsoon
2026-07-22,SITE014,Motor Grader,1,7,30,Monsoon
2026-07-22,SITE014,Backhoe Loader,2,7,30,Monsoon
2026-07-22,SITE014,Skid Steer Loader,1,7,30,Monsoon
2026-07-22,SITE014,Road Roller,2,7,30,Monsoon
2026-07-22,SITE014,Dump Truck,2,7,30,Monsoon
2026-07-22,SITE014,Forklift,6,7,30,Monsoon
2026-07-22,SITE015,Excavator,7,7,30,Monsoon
2026-07-22,SITE015,Bulldozer,3,7,30,Monsoon
2026-07-22,SITE015,Wheel Loader,0,7,30,Monsoon
2026-07-22,SITE015,Motor Grader,0,7,30,Monsoon
2026-07-22,SITE015,Backhoe Loader,0,7,30,Monsoon
2026-07-22,SITE015,Skid Steer Loader,1,7,30,Monsoon
2026-07-22,SITE015,Road Roller,3,7,30,Monsoon
2026-07-22,SITE015,Dump Truck,4,7,30,Monsoon
2026-07-22,SITE015,Forklift,1,7,30,Monsoon
2026-07-22,SITE016,Excavator,5,7,30,Monsoon
2026-07-22,SITE016,Bulldozer,3,7,30,Monsoon
2026-07-22,SITE016,Wheel Loader,1,7,30,Monsoon
2026-07-22,SITE016,Motor Grader,1,7,30,Monsoon
2026-07-22,SITE016,Backhoe Loader,1,7,30,Monsoon
2026-07-22,SITE016,Skid Steer Loader,2,7,30,Monsoon
2026-07-22,SITE016,Road Roller,2,7,30,Monsoon
2026-07-22,SITE016,Dump Truck,1,7,30,Monsoon
2026-07-22,SITE016,Forklift,2,7,30,Monsoon
2026-07-22,SITE017,Excavator,5,7,30,Monsoon
2026-07-22,SITE017,Bulldozer,1,7,30,Monsoon
2026-07-22,SITE017,Wheel Loader,1,7,30,Monsoon
2026-07-22,SITE017,Motor Grader,3,7,30,Monsoon
2026-07-22,SITE017,Backhoe Loader,5,7,30,Monsoon
2026-07-22,SITE017,Skid Steer Loader,1,7,30,Monsoon
2026-07-22,SITE017,Road Roller,4,7,30,Monsoon
2026-07-22,SITE017,Dump Truck,3,7,30,Monsoon
2026-07-22,SITE017,Forklift,1,7,30,Monsoon
2026-07-22,SITE018,Excavator,7,7,30,Monsoon
2026-07-22,SITE018,Bulldozer,1,7,30,Monsoon
2026-07-22,SITE018,Wheel Loader,2,7,30,Monsoon
2026-07-22,SITE018,Motor Grader,2,7,30,Monsoon
2026-07-22,SITE018,Backhoe Loader,2,7,30,Monsoon
2026-07-22,SITE018,Skid Steer Loader,2,7,30,Monsoon
2026-07-22,SITE018,Road Roller,3,7,30,Monsoon
2026-07-22,SITE018,Dump Truck,2,7,30,Monsoon
2026-07-22,SITE018,Forklift,3,7,30,Monsoon
2026-07-22,SITE019,Excavator,3,7,30,Monsoon
2026-07-22,SITE019,Bulldozer,2,7,30,Monsoon
2026-07-22,SITE019,Wheel Loader,2,7,30,Monsoon
2026-07-22,SITE019,Motor Grader,1,7,30,Monsoon
2026-07-22,SITE019,Backhoe Loader,4,7,30,Monsoon
2026-07-22,SITE019,Skid Steer Loader,1,7,30,Monsoon
2026-07-22,SITE019,Road Roller,3,7,30,Monsoon
2026-07-22,SITE019,Dump Truck,4,7,30,Monsoon
2026-07-22,SITE019,Forklift,4,7,30,Monsoon
2026-07-22,SITE020,Excavator,2,7,30,Monsoon
2026-07-22,SITE020,Bulldozer,3,7,30,Monsoon
2026-07-22,SITE020,Wheel Loader,1,7,30,Monsoon
2026-07-22,SITE020,Motor Grader,1,7,30,Monsoon
2026-07-22,SITE020,Backhoe Loader,3,7,30,Monsoon
2026-07-22,SITE020,Skid Steer Loader,2,7,30,Monsoon
2026-07-22,SITE020,Road Roller,2,7,30,Monsoon
2026-07-22,SITE020,Dump Truck,3,7,30,Monsoon
2026-07-22,SITE020,Forklift,0,7,30,Monsoon
2026-07-23,SITE001,Excavator,0,7,30,Monsoon
2026-07-23,SITE001,Bulldozer,1,7,30,Monsoon
2026-07-23,SITE001,Wheel Loader,2,7,30,Monsoon
2026-07-23,SITE001,Motor Grader,1,7,30,Monsoon
2026-07-23,SITE001,Backhoe Loader,0,7,30,Monsoon
2026-07-23,SITE001,Skid Steer Loader,1,7,30,Monsoon
2026-07-23,SITE001,Road Roller,0,7,30,Monsoon
2026-07-23,SITE001,Dump Truck,2,7,30,Monsoon
2026-07-23,SITE001,Forklift,3,7,30,Monsoon
2026-07-23,SITE002,Excavator,2,7,30,Monsoon
2026-07-23,SITE002,Bulldozer,2,7,30,Monsoon
2026-07-23,SITE002,Wheel Loader,2,7,30,Monsoon
2026-07-23,SITE002,Motor Grader,1,7,30,Monsoon
2026-07-23,SITE002,Backhoe Loader,1,7,30,Monsoon
2026-07-23,SITE002,Skid Steer Loader,0,7,30,Monsoon
2026-07-23,SITE002,Road Roller,1,7,30,Monsoon
2026-07-23,SITE002,Dump Truck,1,7,30,Monsoon
2026-07-23,SITE002,Forklift,0,7,30,Monsoon
2026-07-23,SITE003,Excavator,1,7,30,Monsoon
2026-07-23,SITE003,Bulldozer,3,7,30,Monsoon
2026-07-23,SITE003,Wheel Loader,0,7,30,Monsoon
2026-07-23,SITE003,Motor Grader,4,7,30,Monsoon
2026-07-23,SITE003,Backhoe Loader,0,7,30,Monsoon
2026-07-23,SITE003,Skid Steer Loader,3,7,30,Monsoon
2026-07-23,SITE003,Road Roller,3,7,30,Monsoon
2026-07-23,SITE003,Dump Truck,1,7,30,Monsoon
2026-07-23,SITE003,Forklift,4,7,30,Monsoon
2026-07-23,SITE004,Excavator,2,7,30,Monsoon
2026-07-23,SITE004,Bulldozer,4,7,30,Monsoon
2026-07-23,SITE004,Wheel Loader,2,7,30,Monsoon
2026-07-23,SITE004,Motor Grader,2,7,30,Monsoon
2026-07-23,SITE004,Backhoe Loader,1,7,30,Monsoon
2026-07-23,SITE004,Skid Steer Loader,4,7,30,Monsoon
2026-07-23,SITE004,Road Roller,1,7,30,Monsoon
2026-07-23,SITE004,Dump Truck,1,7,30,Monsoon
2026-07-23,SITE004,Forklift,2,7,30,Monsoon
2026-07-23,SITE005,Excavator,3,7,30,Monsoon
2026-07-23,SITE005,Bulldozer,4,7,30,Monsoon
2026-07-23,SITE005,Wheel Loader,1,7,30,Monsoon
2026-07-23,SITE005,Motor Grader,2,7,30,Monsoon
2026-07-23,SITE005,Backhoe Loader,2,7,30,Monsoon
2026-07-23,SITE005,Skid Steer Loader,1,7,30,Monsoon
2026-07-23,SITE005,Road Roller,4,7,30,Monsoon
2026-07-23,SITE005,Dump Truck,0,7,30,Monsoon
2026-07-23,SITE005,Forklift,0,7,30,Monsoon
2026-07-23,SITE006,Excavator,5,7,30,Monsoon
2026-07-23,SITE006,Bulldozer,2,7,30,Monsoon
2026-07-23,SITE006,Wheel Loader,2,7,30,Monsoon
2026-07-23,SITE006,Motor Grader,1,7,30,Monsoon
2026-07-23,SITE006,Backhoe Loader,4,7,30,Monsoon
2026-07-23,SITE006,Skid Steer Loader,2,7,30,Monsoon
2026-07-23,SITE006,Road Roller,3,7,30,Monsoon
2026-07-23,SITE006,Dump Truck,3,7,30,Monsoon
2026-07-23,SITE006,Forklift,1,7,30,Monsoon
2026-07-23,SITE007,Excavator,4,7,30,Monsoon
2026-07-23,SITE007,Bulldozer,2,7,30,Monsoon
2026-07-23,SITE007,Wheel Loader,2,7,30,Monsoon
2026-07-23,SITE007,Motor Grader,2,7,30,Monsoon
2026-07-23,SITE007,Backhoe Loader,1,7,30,Monsoon
2026-07-23,SITE007,Skid Steer Loader,2,7,30,Monsoon
2026-07-23,SITE007,Road Roller,2,7,30,Monsoon
2026-07-23,SITE007,Dump Truck,2,7,30,Monsoon
2026-07-23,SITE007,Forklift,0,7,30,Monsoon
2026-07-23,SITE008,Excavator,4,7,30,Monsoon
2026-07-23,SITE008,Bulldozer,2,7,30,Monsoon
2026-07-23,SITE008,Wheel Loader,0,7,30,Monsoon
2026-07-23,SITE008,Motor Grader,1,7,30,Monsoon
2026-07-23,SITE008,Backhoe Loader,3,7,30,Monsoon
2026-07-23,SITE008,Skid Steer Loader,1,7,30,Monsoon
2026-07-23,SITE008,Road Roller,2,7,30,Monsoon
2026-07-23,SITE008,Dump Truck,2,7,30,Monsoon
2026-07-23,SITE008,Forklift,1,7,30,Monsoon
2026-07-23,SITE009,Excavator,5,7,30,Monsoon
2026-07-23,SITE009,Bulldozer,3,7,30,Monsoon
2026-07-23,SITE009,Wheel Loader,2,7,30,Monsoon
2026-07-23,SITE009,Motor Grader,1,7,30,Monsoon
2026-07-23,SITE009,Backhoe Loader,2,7,30,Monsoon
2026-07-23,SITE009,Skid Steer Loader,1,7,30,Monsoon
2026-07-23,SITE009,Road Roller,1,7,30,Monsoon
2026-07-23,SITE009,Dump Truck,0,7,30,Monsoon
2026-07-23,SITE009,Forklift,2,7,30,Monsoon
2026-07-23,SITE010,Excavator,4,7,30,Monsoon
2026-07-23,SITE010,Bulldozer,1,7,30,Monsoon
2026-07-23,SITE010,Wheel Loader,0,7,30,Monsoon
2026-07-23,SITE010,Motor Grader,1,7,30,Monsoon
2026-07-23,SITE010,Backhoe Loader,2,7,30,Monsoon
2026-07-23,SITE010,Skid Steer Loader,2,7,30,Monsoon
2026-07-23,SITE010,Road Roller,3,7,30,Monsoon
2026-07-23,SITE010,Dump Truck,2,7,30,Monsoon
2026-07-23,SITE010,Forklift,1,7,30,Monsoon
2026-07-23,SITE011,Excavator,3,7,30,Monsoon
2026-07-23,SITE011,Bulldozer,4,7,30,Monsoon
2026-07-23,SITE011,Wheel Loader,1,7,30,Monsoon
2026-07-23,SITE011,Motor Grader,1,7,30,Monsoon
2026-07-23,SITE011,Backhoe Loader,2,7,30,Monsoon
2026-07-23,SITE011,Skid Steer Loader,2,7,30,Monsoon
2026-07-23,SITE011,Road Roller,5,7,30,Monsoon
2026-07-23,SITE011,Dump Truck,2,7,30,Monsoon
2026-07-23,SITE011,Forklift,2,7,30,Monsoon
2026-07-23,SITE012,Excavator,2,7,30,Monsoon
2026-07-23,SITE012,Bulldozer,1,7,30,Monsoon
2026-07-23,SITE012,Wheel Loader,1,7,30,Monsoon
2026-07-23,SITE012,Motor Grader,3,7,30,Monsoon
2026-07-23,SITE012,Backhoe Loader,0,7,30,Monsoon
2026-07-23,SITE012,Skid Steer Loader,8,7,30,Monsoon
2026-07-23,SITE012,Road Roller,3,7,30,Monsoon
2026-07-23,SITE012,Dump Truck,2,7,30,Monsoon
2026-07-23,SITE012,Forklift,1,7,30,Monsoon
2026-07-23,SITE013,Excavator,4,7,30,Monsoon
2026-07-23,SITE013,Bulldozer,3,7,30,Monsoon
2026-07-23,SITE013,Wheel Loader,0,7,30,Monsoon
2026-07-23,SITE013,Motor Grader,3,7,30,Monsoon
2026-07-23,SITE013,Backhoe Loader,0,7,30,Monsoon
2026-07-23,SITE013,Skid Steer Loader,1,7,30,Monsoon
2026-07-23,SITE013,Road Roller,1,7,30,Monsoon
2026-07-23,SITE013,Dump Truck,2,7,30,Monsoon
2026-07-23,SITE013,Forklift,2,7,30,Monsoon
2026-07-23,SITE014,Excavator,8,7,30,Monsoon
2026-07-23,SITE014,Bulldozer,2,7,30,Monsoon
2026-07-23,SITE014,Wheel Loader,2,7,30,Monsoon
2026-07-23,SITE014,Motor Grader,1,7,30,Monsoon
2026-07-23,SITE014,Backhoe Loader,0,7,30,Monsoon
2026-07-23,SITE014,Skid Steer Loader,3,7,30,Monsoon
2026-07-23,SITE014,Road Roller,2,7,30,Monsoon
2026-07-23,SITE014,Dump Truck,0,7,30,Monsoon
2026-07-23,SITE014,Forklift,2,7,30,Monsoon
2026-07-23,SITE015,Excavator,6,7,30,Monsoon
2026-07-23,SITE015,Bulldozer,1,7,30,Monsoon
2026-07-23,SITE015,Wheel Loader,2,7,30,Monsoon
2026-07-23,SITE015,Motor Grader,5,7,30,Monsoon
2026-07-23,SITE015,Backhoe Loader,2,7,30,Monsoon
2026-07-23,SITE015,Skid Steer Loader,2,7,30,Monsoon
2026-07-23,SITE015,Road Roller,1,7,30,Monsoon
2026-07-23,SITE015,Dump Truck,1,7,30,Monsoon
2026-07-23,SITE015,Forklift,1,7,30,Monsoon
2026-07-23,SITE016,Excavator,4,7,30,Monsoon
2026-07-23,SITE016,Bulldozer,0,7,30,Monsoon
2026-07-23,SITE016,Wheel Loader,1,7,30,Monsoon
2026-07-23,SITE016,Motor Grader,5,7,30,Monsoon
2026-07-23,SITE016,Backhoe Loader,2,7,30,Monsoon
2026-07-23,SITE016,Skid Steer Loader,1,7,30,Monsoon
2026-07-23,SITE016,Road Roller,2,7,30,Monsoon
2026-07-23,SITE016,Dump Truck,1,7,30,Monsoon
2026-07-23,SITE016,Forklift,3,7,30,Monsoon
2026-07-23,SITE017,Excavator,1,7,30,Monsoon
2026-07-23,SITE017,Bulldozer,1,7,30,Monsoon
2026-07-23,SITE017,Wheel Loader,3,7,30,Monsoon
2026-07-23,SITE017,Motor Grader,2,7,30,Monsoon
2026-07-23,SITE017,Backhoe Loader,2,7,30,Monsoon
2026-07-23,SITE017,Skid Steer Loader,2,7,30,Monsoon
2026-07-23,SITE017,Road Roller,0,7,30,Monsoon
2026-07-23,SITE017,Dump Truck,0,7,30,Monsoon
2026-07-23,SITE017,Forklift,1,7,30,Monsoon
2026-07-23,SITE018,Excavator,7,7,30,Monsoon
2026-07-23,SITE018,Bulldozer,1,7,30,Monsoon
2026-07-23,SITE018,Wheel Loader,1,7,30,Monsoon
2026-07-23,SITE018,Motor Grader,1,7,30,Monsoon
2026-07-23,SITE018,Backhoe Loader,0,7,30,Monsoon
2026-07-23,SITE018,Skid Steer Loader,3,7,30,Monsoon
2026-07-23,SITE018,Road Roller,1,7,30,Monsoon
2026-07-23,SITE018,Dump Truck,4,7,30,Monsoon
2026-07-23,SITE018,Forklift,5,7,30,Monsoon
2026-07-23,SITE019,Excavator,6,7,30,Monsoon
2026-07-23,SITE019,Bulldozer,3,7,30,Monsoon
2026-07-23,SITE019,Wheel Loader,3,7,30,Monsoon
2026-07-23,SITE019,Motor Grader,0,7,30,Monsoon
2026-07-23,SITE019,Backhoe Loader,4,7,30,Monsoon
2026-07-23,SITE019,Skid Steer Loader,6,7,30,Monsoon
2026-07-23,SITE019,Road Roller,1,7,30,Monsoon
2026-07-23,SITE019,Dump Truck,3,7,30,Monsoon
2026-07-23,SITE019,Forklift,0,7,30,Monsoon
2026-07-23,SITE020,Excavator,5,7,30,Monsoon
2026-07-23,SITE020,Bulldozer,2,7,30,Monsoon
2026-07-23,SITE020,Wheel Loader,4,7,30,Monsoon
2026-07-23,SITE020,Motor Grader,1,7,30,Monsoon
2026-07-23,SITE020,Backhoe Loader,1,7,30,Monsoon
2026-07-23,SITE020,Skid Steer Loader,5,7,30,Monsoon
2026-07-23,SITE020,Road Roller,1,7,30,Monsoon
2026-07-23,SITE020,Dump Truck,0,7,30,Monsoon
2026-07-23,SITE020,Forklift,2,7,30,Monsoon
2026-07-24,SITE001,Excavator,2,7,30,Monsoon
2026-07-24,SITE001,Bulldozer,4,7,30,Monsoon
2026-07-24,SITE001,Wheel Loader,2,7,30,Monsoon
2026-07-24,SITE001,Motor Grader,5,7,30,Monsoon
2026-07-24,SITE001,Backhoe Loader,4,7,30,Monsoon
2026-07-24,SITE001,Skid Steer Loader,2,7,30,Monsoon
2026-07-24,SITE001,Road Roller,1,7,30,Monsoon
2026-07-24,SITE001,Dump Truck,2,7,30,Monsoon
2026-07-24,SITE001,Forklift,2,7,30,Monsoon
2026-07-24,SITE002,Excavator,4,7,30,Monsoon
2026-07-24,SITE002,Bulldozer,1,7,30,Monsoon
2026-07-24,SITE002,Wheel Loader,0,7,30,Monsoon
2026-07-24,SITE002,Motor Grader,4,7,30,Monsoon
2026-07-24,SITE002,Backhoe Loader,1,7,30,Monsoon
2026-07-24,SITE002,Skid Steer Loader,4,7,30,Monsoon
2026-07-24,SITE002,Road Roller,1,7,30,Monsoon
2026-07-24,SITE002,Dump Truck,5,7,30,Monsoon
2026-07-24,SITE002,Forklift,1,7,30,Monsoon
2026-07-24,SITE003,Excavator,1,7,30,Monsoon
2026-07-24,SITE003,Bulldozer,0,7,30,Monsoon
2026-07-24,SITE003,Wheel Loader,1,7,30,Monsoon
2026-07-24,SITE003,Motor Grader,4,7,30,Monsoon
2026-07-24,SITE003,Backhoe Loader,3,7,30,Monsoon
2026-07-24,SITE003,Skid Steer Loader,3,7,30,Monsoon
2026-07-24,SITE003,Road Roller,2,7,30,Monsoon
2026-07-24,SITE003,Dump Truck,3,7,30,Monsoon
2026-07-24,SITE003,Forklift,2,7,30,Monsoon
2026-07-24,SITE004,Excavator,6,7,30,Monsoon
2026-07-24,SITE004,Bulldozer,0,7,30,Monsoon
2026-07-24,SITE004,Wheel Loader,1,7,30,Monsoon
2026-07-24,SITE004,Motor Grader,1,7,30,Monsoon
2026-07-24,SITE004,Backhoe Loader,1,7,30,Monsoon
2026-07-24,SITE004,Skid Steer Loader,0,7,30,Monsoon
2026-07-24,SITE004,Road Roller,2,7,30,Monsoon
2026-07-24,SITE004,Dump Truck,6,7,30,Monsoon
2026-07-24,SITE004,Forklift,2,7,30,Monsoon
2026-07-24,SITE005,Excavator,5,7,30,Monsoon
2026-07-24,SITE005,Bulldozer,2,7,30,Monsoon
2026-07-24,SITE005,Wheel Loader,5,7,30,Monsoon
2026-07-24,SITE005,Motor Grader,0,7,30,Monsoon
2026-07-24,SITE005,Backhoe Loader,1,7,30,Monsoon
2026-07-24,SITE005,Skid Steer Loader,2,7,30,Monsoon
2026-07-24,SITE005,Road Roller,3,7,30,Monsoon
2026-07-24,SITE005,Dump Truck,1,7,30,Monsoon
2026-07-24,SITE005,Forklift,1,7,30,Monsoon
2026-07-24,SITE006,Excavator,7,7,30,Monsoon
2026-07-24,SITE006,Bulldozer,2,7,30,Monsoon
2026-07-24,SITE006,Wheel Loader,3,7,30,Monsoon
2026-07-24,SITE006,Motor Grader,2,7,30,Monsoon
2026-07-24,SITE006,Backhoe Loader,0,7,30,Monsoon
2026-07-24,SITE006,Skid Steer Loader,2,7,30,Monsoon
2026-07-24,SITE006,Road Roller,2,7,30,Monsoon
2026-07-24,SITE006,Dump Truck,1,7,30,Monsoon
2026-07-24,SITE006,Forklift,1,7,30,Monsoon
2026-07-24,SITE007,Excavator,4,7,30,Monsoon
2026-07-24,SITE007,Bulldozer,0,7,30,Monsoon
2026-07-24,SITE007,Wheel Loader,2,7,30,Monsoon
2026-07-24,SITE007,Motor Grader,3,7,30,Monsoon
2026-07-24,SITE007,Backhoe Loader,2,7,30,Monsoon
2026-07-24,SITE007,Skid Steer Loader,0,7,30,Monsoon
2026-07-24,SITE007,Road Roller,3,7,30,Monsoon
2026-07-24,SITE007,Dump Truck,1,7,30,Monsoon
2026-07-24,SITE007,Forklift,1,7,30,Monsoon
2026-07-24,SITE008,Excavator,2,7,30,Monsoon
2026-07-24,SITE008,Bulldozer,1,7,30,Monsoon
2026-07-24,SITE008,Wheel Loader,1,7,30,Monsoon
2026-07-24,SITE008,Motor Grader,0,7,30,Monsoon
2026-07-24,SITE008,Backhoe Loader,3,7,30,Monsoon
2026-07-24,SITE008,Skid Steer Loader,0,7,30,Monsoon
2026-07-24,SITE008,Road Roller,3,7,30,Monsoon
2026-07-24,SITE008,Dump Truck,1,7,30,Monsoon
2026-07-24,SITE008,Forklift,2,7,30,Monsoon
2026-07-24,SITE009,Excavator,1,7,30,Monsoon
2026-07-24,SITE009,Bulldozer,2,7,30,Monsoon
2026-07-24,SITE009,Wheel Loader,2,7,30,Monsoon
2026-07-24,SITE009,Motor Grader,4,7,30,Monsoon
2026-07-24,SITE009,Backhoe Loader,2,7,30,Monsoon
2026-07-24,SITE009,Skid Steer Loader,4,7,30,Monsoon
2026-07-24,SITE009,Road Roller,0,7,30,Monsoon
2026-07-24,SITE009,Dump Truck,1,7,30,Monsoon
2026-07-24,SITE009,Forklift,2,7,30,Monsoon
2026-07-24,SITE010,Excavator,1,7,30,Monsoon
2026-07-24,SITE010,Bulldozer,3,7,30,Monsoon
2026-07-24,SITE010,Wheel Loader,2,7,30,Monsoon
2026-07-24,SITE010,Motor Grader,2,7,30,Monsoon
2026-07-24,SITE010,Backhoe Loader,5,7,30,Monsoon
2026-07-24,SITE010,Skid Steer Loader,1,7,30,Monsoon
2026-07-24,SITE010,Road Roller,2,7,30,Monsoon
2026-07-24,SITE010,Dump Truck,2,7,30,Monsoon
2026-07-24,SITE010,Forklift,1,7,30,Monsoon
2026-07-24,SITE011,Excavator,5,7,30,Monsoon
2026-07-24,SITE011,Bulldozer,0,7,30,Monsoon
2026-07-24,SITE011,Wheel Loader,2,7,30,Monsoon
2026-07-24,SITE011,Motor Grader,2,7,30,Monsoon
2026-07-24,SITE011,Backhoe Loader,2,7,30,Monsoon
2026-07-24,SITE011,Skid Steer Loader,2,7,30,Monsoon
2026-07-24,SITE011,Road Roller,1,7,30,Monsoon
2026-07-24,SITE011,Dump Truck,2,7,30,Monsoon
2026-07-24,SITE011,Forklift,4,7,30,Monsoon
2026-07-24,SITE012,Excavator,2,7,30,Monsoon
2026-07-24,SITE012,Bulldozer,0,7,30,Monsoon
2026-07-24,SITE012,Wheel Loader,2,7,30,Monsoon
2026-07-24,SITE012,Motor Grader,3,7,30,Monsoon
2026-07-24,SITE012,Backhoe Loader,6,7,30,Monsoon
2026-07-24,SITE012,Skid Steer Loader,1,7,30,Monsoon
2026-07-24,SITE012,Road Roller,5,7,30,Monsoon
2026-07-24,SITE012,Dump Truck,1,7,30,Monsoon
2026-07-24,SITE012,Forklift,6,7,30,Monsoon
2026-07-24,SITE013,Excavator,2,7,30,Monsoon
2026-07-24,SITE013,Bulldozer,3,7,30,Monsoon
2026-07-24,SITE013,Wheel Loader,4,7,30,Monsoon
2026-07-24,SITE013,Motor Grader,1,7,30,Monsoon
2026-07-24,SITE013,Backhoe Loader,0,7,30,Monsoon
2026-07-24,SITE013,Skid Steer Loader,1,7,30,Monsoon
2026-07-24,SITE013,Road Roller,5,7,30,Monsoon
2026-07-24,SITE013,Dump Truck,2,7,30,Monsoon
2026-07-24,SITE013,Forklift,1,7,30,Monsoon
2026-07-24,SITE014,Excavator,3,7,30,Monsoon
2026-07-24,SITE014,Bulldozer,3,7,30,Monsoon
2026-07-24,SITE014,Wheel Loader,4,7,30,Monsoon
2026-07-24,SITE014,Motor Grader,1,7,30,Monsoon
2026-07-24,SITE014,Backhoe Loader,3,7,30,Monsoon
2026-07-24,SITE014,Skid Steer Loader,0,7,30,Monsoon
2026-07-24,SITE014,Road Roller,1,7,30,Monsoon
2026-07-24,SITE014,Dump Truck,1,7,30,Monsoon
2026-07-24,SITE014,Forklift,1,7,30,Monsoon
2026-07-24,SITE015,Excavator,5,7,30,Monsoon
2026-07-24,SITE015,Bulldozer,1,7,30,Monsoon
2026-07-24,SITE015,Wheel Loader,4,7,30,Monsoon
2026-07-24,SITE015,Motor Grader,0,7,30,Monsoon
2026-07-24,SITE015,Backhoe Loader,2,7,30,Monsoon
2026-07-24,SITE015,Skid Steer Loader,3,7,30,Monsoon
2026-07-24,SITE015,Road Roller,0,7,30,Monsoon
2026-07-24,SITE015,Dump Truck,0,7,30,Monsoon
2026-07-24,SITE015,Forklift,4,7,30,Monsoon
2026-07-24,SITE016,Excavator,6,7,30,Monsoon
2026-07-24,SITE016,Bulldozer,5,7,30,Monsoon
2026-07-24,SITE016,Wheel Loader,1,7,30,Monsoon
2026-07-24,SITE016,Motor Grader,2,7,30,Monsoon
2026-07-24,SITE016,Backhoe Loader,1,7,30,Monsoon
2026-07-24,SITE016,Skid Steer Loader,1,7,30,Monsoon
2026-07-24,SITE016,Road Roller,1,7,30,Monsoon
2026-07-24,SITE016,Dump Truck,0,7,30,Monsoon
2026-07-24,SITE016,Forklift,1,7,30,Monsoon
2026-07-24,SITE017,Excavator,4,7,30,Monsoon
2026-07-24,SITE017,Bulldozer,2,7,30,Monsoon
2026-07-24,SITE017,Wheel Loader,1,7,30,Monsoon
2026-07-24,SITE017,Motor Grader,6,7,30,Monsoon
2026-07-24,SITE017,Backhoe Loader,2,7,30,Monsoon
2026-07-24,SITE017,Skid Steer Loader,4,7,30,Monsoon
2026-07-24,SITE017,Road Roller,2,7,30,Monsoon
2026-07-24,SITE017,Dump Truck,0,7,30,Monsoon
2026-07-24,SITE017,Forklift,2,7,30,Monsoon
2026-07-24,SITE018,Excavator,4,7,30,Monsoon
2026-07-24,SITE018,Bulldozer,1,7,30,Monsoon
2026-07-24,SITE018,Wheel Loader,2,7,30,Monsoon
2026-07-24,SITE018,Motor Grader,3,7,30,Monsoon
2026-07-24,SITE018,Backhoe Loader,1,7,30,Monsoon
2026-07-24,SITE018,Skid Steer Loader,1,7,30,Monsoon
2026-07-24,SITE018,Road Roller,1,7,30,Monsoon
2026-07-24,SITE018,Dump Truck,2,7,30,Monsoon
2026-07-24,SITE018,Forklift,1,7,30,Monsoon
2026-07-24,SITE019,Excavator,4,7,30,Monsoon
2026-07-24,SITE019,Bulldozer,3,7,30,Monsoon
2026-07-24,SITE019,Wheel Loader,3,7,30,Monsoon
2026-07-24,SITE019,Motor Grader,3,7,30,Monsoon
2026-07-24,SITE019,Backhoe Loader,1,7,30,Monsoon
2026-07-24,SITE019,Skid Steer Loader,0,7,30,Monsoon
2026-07-24,SITE019,Road Roller,0,7,30,Monsoon
2026-07-24,SITE019,Dump Truck,2,7,30,Monsoon
2026-07-24,SITE019,Forklift,5,7,30,Monsoon
2026-07-24,SITE020,Excavator,4,7,30,Monsoon
2026-07-24,SITE020,Bulldozer,5,7,30,Monsoon
2026-07-24,SITE020,Wheel Loader,4,7,30,Monsoon
2026-07-24,SITE020,Motor Grader,0,7,30,Monsoon
2026-07-24,SITE020,Backhoe Loader,2,7,30,Monsoon
2026-07-24,SITE020,Skid Steer Loader,2,7,30,Monsoon
2026-07-24,SITE020,Road Roller,3,7,30,Monsoon
2026-07-24,SITE020,Dump Truck,2,7,30,Monsoon
2026-07-24,SITE020,Forklift,1,7,30,Monsoon
2026-07-25,SITE001,Excavator,3,7,30,Monsoon
2026-07-25,SITE001,Bulldozer,4,7,30,Monsoon
2026-07-25,SITE001,Wheel Loader,2,7,30,Monsoon
2026-07-25,SITE001,Motor Grader,0,7,30,Monsoon
2026-07-25,SITE001,Backhoe Loader,3,7,30,Monsoon
2026-07-25,SITE001,Skid Steer Loader,3,7,30,Monsoon
2026-07-25,SITE001,Road Roller,1,7,30,Monsoon
2026-07-25,SITE001,Dump Truck,3,7,30,Monsoon
2026-07-25,SITE001,Forklift,2,7,30,Monsoon
2026-07-25,SITE002,Excavator,1,7,30,Monsoon
2026-07-25,SITE002,Bulldozer,2,7,30,Monsoon
2026-07-25,SITE002,Wheel Loader,2,7,30,Monsoon
2026-07-25,SITE002,Motor Grader,2,7,30,Monsoon
2026-07-25,SITE002,Backhoe Loader,1,7,30,Monsoon
2026-07-25,SITE002,Skid Steer Loader,3,7,30,Monsoon
2026-07-25,SITE002,Road Roller,1,7,30,Monsoon
2026-07-25,SITE002,Dump Truck,2,7,30,Monsoon
2026-07-25,SITE002,Forklift,2,7,30,Monsoon
2026-07-25,SITE003,Excavator,3,7,30,Monsoon
2026-07-25,SITE003,Bulldozer,3,7,30,Monsoon
2026-07-25,SITE003,Wheel Loader,4,7,30,Monsoon
2026-07-25,SITE003,Motor Grader,1,7,30,Monsoon
2026-07-25,SITE003,Backhoe Loader,4,7,30,Monsoon
2026-07-25,SITE003,Skid Steer Loader,2,7,30,Monsoon
2026-07-25,SITE003,Road Roller,1,7,30,Monsoon
2026-07-25,SITE003,Dump Truck,2,7,30,Monsoon
2026-07-25,SITE003,Forklift,1,7,30,Monsoon
2026-07-25,SITE004,Excavator,5,7,30,Monsoon
2026-07-25,SITE004,Bulldozer,3,7,30,Monsoon
2026-07-25,SITE004,Wheel Loader,4,7,30,Monsoon
2026-07-25,SITE004,Motor Grader,1,7,30,Monsoon
2026-07-25,SITE004,Backhoe Loader,1,7,30,Monsoon
2026-07-25,SITE004,Skid Steer Loader,0,7,30,Monsoon
2026-07-25,SITE004,Road Roller,0,7,30,Monsoon
2026-07-25,SITE004,Dump Truck,2,7,30,Monsoon
2026-07-25,SITE004,Forklift,2,7,30,Monsoon
2026-07-25,SITE005,Excavator,3,7,30,Monsoon
2026-07-25,SITE005,Bulldozer,2,7,30,Monsoon
2026-07-25,SITE005,Wheel Loader,1,7,30,Monsoon
2026-07-25,SITE005,Motor Grader,0,7,30,Monsoon
2026-07-25,SITE005,Backhoe Loader,5,7,30,Monsoon
2026-07-25,SITE005,Skid Steer Loader,2,7,30,Monsoon
2026-07-25,SITE005,Road Roller,1,7,30,Monsoon
2026-07-25,SITE005,Dump Truck,3,7,30,Monsoon
2026-07-25,SITE005,Forklift,5,7,30,Monsoon
2026-07-25,SITE006,Excavator,4,7,30,Monsoon
2026-07-25,SITE006,Bulldozer,2,7,30,Monsoon
2026-07-25,SITE006,Wheel Loader,3,7,30,Monsoon
2026-07-25,SITE006,Motor Grader,1,7,30,Monsoon
2026-07-25,SITE006,Backhoe Loader,1,7,30,Monsoon
2026-07-25,SITE006,Skid Steer Loader,0,7,30,Monsoon
2026-07-25,SITE006,Road Roller,3,7,30,Monsoon
2026-07-25,SITE006,Dump Truck,1,7,30,Monsoon
2026-07-25,SITE006,Forklift,2,7,30,Monsoon
2026-07-25,SITE007,Excavator,3,7,30,Monsoon
2026-07-25,SITE007,Bulldozer,3,7,30,Monsoon
2026-07-25,SITE007,Wheel Loader,2,7,30,Monsoon
2026-07-25,SITE007,Motor Grader,3,7,30,Monsoon
2026-07-25,SITE007,Backhoe Loader,1,7,30,Monsoon
2026-07-25,SITE007,Skid Steer Loader,4,7,30,Monsoon
2026-07-25,SITE007,Road Roller,2,7,30,Monsoon
2026-07-25,SITE007,Dump Truck,1,7,30,Monsoon
2026-07-25,SITE007,Forklift,2,7,30,Monsoon
2026-07-25,SITE008,Excavator,4,7,30,Monsoon
2026-07-25,SITE008,Bulldozer,4,7,30,Monsoon
2026-07-25,SITE008,Wheel Loader,1,7,30,Monsoon
2026-07-25,SITE008,Motor Grader,1,7,30,Monsoon
2026-07-25,SITE008,Backhoe Loader,1,7,30,Monsoon
2026-07-25,SITE008,Skid Steer Loader,4,7,30,Monsoon
2026-07-25,SITE008,Road Roller,3,7,30,Monsoon
2026-07-25,SITE008,Dump Truck,2,7,30,Monsoon
2026-07-25,SITE008,Forklift,3,7,30,Monsoon
2026-07-25,SITE009,Excavator,6,7,30,Monsoon
2026-07-25,SITE009,Bulldozer,5,7,30,Monsoon
2026-07-25,SITE009,Wheel Loader,3,7,30,Monsoon
2026-07-25,SITE009,Motor Grader,3,7,30,Monsoon
2026-07-25,SITE009,Backhoe Loader,3,7,30,Monsoon
2026-07-25,SITE009,Skid Steer Loader,3,7,30,Monsoon
2026-07-25,SITE009,Road Roller,0,7,30,Monsoon
2026-07-25,SITE009,Dump Truck,3,7,30,Monsoon
2026-07-25,SITE009,Forklift,4,7,30,Monsoon
2026-07-25,SITE010,Excavator,2,7,30,Monsoon
2026-07-25,SITE010,Bulldozer,3,7,30,Monsoon
2026-07-25,SITE010,Wheel Loader,4,7,30,Monsoon
2026-07-25,SITE010,Motor Grader,1,7,30,Monsoon
2026-07-25,SITE010,Backhoe Loader,1,7,30,Monsoon
2026-07-25,SITE010,Skid Steer Loader,2,7,30,Monsoon
2026-07-25,SITE010,Road Roller,2,7,30,Monsoon
2026-07-25,SITE010,Dump Truck,1,7,30,Monsoon
2026-07-25,SITE010,Forklift,0,7,30,Monsoon
2026-07-25,SITE011,Excavator,0,7,30,Monsoon
2026-07-25,SITE011,Bulldozer,1,7,30,Monsoon
2026-07-25,SITE011,Wheel Loader,2,7,30,Monsoon
2026-07-25,SITE011,Motor Grader,2,7,30,Monsoon
2026-07-25,SITE011,Backhoe Loader,1,7,30,Monsoon
2026-07-25,SITE011,Skid Steer Loader,1,7,30,Monsoon
2026-07-25,SITE011,Road Roller,4,7,30,Monsoon
2026-07-25,SITE011,Dump Truck,1,7,30,Monsoon
2026-07-25,SITE011,Forklift,3,7,30,Monsoon
2026-07-25,SITE012,Excavator,6,7,30,Monsoon
2026-07-25,SITE012,Bulldozer,0,7,30,Monsoon
2026-07-25,SITE012,Wheel Loader,2,7,30,Monsoon
2026-07-25,SITE012,Motor Grader,0,7,30,Monsoon
2026-07-25,SITE012,Backhoe Loader,0,7,30,Monsoon
2026-07-25,SITE012,Skid Steer Loader,3,7,30,Monsoon
2026-07-25,SITE012,Road Roller,3,7,30,Monsoon
2026-07-25,SITE012,Dump Truck,0,7,30,Monsoon
2026-07-25,SITE012,Forklift,4,7,30,Monsoon
2026-07-25,SITE013,Excavator,4,7,30,Monsoon
2026-07-25,SITE013,Bulldozer,1,7,30,Monsoon
2026-07-25,SITE013,Wheel Loader,0,7,30,Monsoon
2026-07-25,SITE013,Motor Grader,2,7,30,Monsoon
2026-07-25,SITE013,Backhoe Loader,2,7,30,Monsoon
2026-07-25,SITE013,Skid Steer Loader,2,7,30,Monsoon
2026-07-25,SITE013,Road Roller,4,7,30,Monsoon
2026-07-25,SITE013,Dump Truck,0,7,30,Monsoon
2026-07-25,SITE013,Forklift,3,7,30,Monsoon
2026-07-25,SITE014,Excavator,3,7,30,Monsoon
2026-07-25,SITE014,Bulldozer,2,7,30,Monsoon
2026-07-25,SITE014,Wheel Loader,1,7,30,Monsoon
2026-07-25,SITE014,Motor Grader,4,7,30,Monsoon
2026-07-25,SITE014,Backhoe Loader,0,7,30,Monsoon
2026-07-25,SITE014,Skid Steer Loader,2,7,30,Monsoon
2026-07-25,SITE014,Road Roller,0,7,30,Monsoon
2026-07-25,SITE014,Dump Truck,2,7,30,Monsoon
2026-07-25,SITE014,Forklift,2,7,30,Monsoon
2026-07-25,SITE015,Excavator,6,7,30,Monsoon
2026-07-25,SITE015,Bulldozer,2,7,30,Monsoon
2026-07-25,SITE015,Wheel Loader,2,7,30,Monsoon
2026-07-25,SITE015,Motor Grader,2,7,30,Monsoon
2026-07-25,SITE015,Backhoe Loader,0,7,30,Monsoon
2026-07-25,SITE015,Skid Steer Loader,0,7,30,Monsoon
2026-07-25,SITE015,Road Roller,1,7,30,Monsoon
2026-07-25,SITE015,Dump Truck,4,7,30,Monsoon
2026-07-25,SITE015,Forklift,1,7,30,Monsoon
2026-07-25,SITE016,Excavator,3,7,30,Monsoon
2026-07-25,SITE016,Bulldozer,1,7,30,Monsoon
2026-07-25,SITE016,Wheel Loader,2,7,30,Monsoon
2026-07-25,SITE016,Motor Grader,3,7,30,Monsoon
2026-07-25,SITE016,Backhoe Loader,2,7,30,Monsoon
2026-07-25,SITE016,Skid Steer Loader,0,7,30,Monsoon
2026-07-25,SITE016,Road Roller,1,7,30,Monsoon
2026-07-25,SITE016,Dump Truck,4,7,30,Monsoon
2026-07-25,SITE016,Forklift,2,7,30,Monsoon
2026-07-25,SITE017,Excavator,4,7,30,Monsoon
2026-07-25,SITE017,Bulldozer,0,7,30,Monsoon
2026-07-25,SITE017,Wheel Loader,1,7,30,Monsoon
2026-07-25,SITE017,Motor Grader,1,7,30,Monsoon
2026-07-25,SITE017,Backhoe Loader,3,7,30,Monsoon
2026-07-25,SITE017,Skid Steer Loader,0,7,30,Monsoon
2026-07-25,SITE017,Road Roller,3,7,30,Monsoon
2026-07-25,SITE017,Dump Truck,4,7,30,Monsoon
2026-07-25,SITE017,Forklift,3,7,30,Monsoon
2026-07-25,SITE018,Excavator,4,7,30,Monsoon
2026-07-25,SITE018,Bulldozer,0,7,30,Monsoon
2026-07-25,SITE018,Wheel Loader,2,7,30,Monsoon
2026-07-25,SITE018,Motor Grader,1,7,30,Monsoon
2026-07-25,SITE018,Backhoe Loader,1,7,30,Monsoon
2026-07-25,SITE018,Skid Steer Loader,1,7,30,Monsoon
2026-07-25,SITE018,Road Roller,2,7,30,Monsoon
2026-07-25,SITE018,Dump Truck,1,7,30,Monsoon
2026-07-25,SITE018,Forklift,3,7,30,Monsoon
2026-07-25,SITE019,Excavator,10,7,30,Monsoon
2026-07-25,SITE019,Bulldozer,2,7,30,Monsoon
2026-07-25,SITE019,Wheel Loader,2,7,30,Monsoon
2026-07-25,SITE019,Motor Grader,3,7,30,Monsoon
2026-07-25,SITE019,Backhoe Loader,4,7,30,Monsoon
2026-07-25,SITE019,Skid Steer Loader,2,7,30,Monsoon
2026-07-25,SITE019,Road Roller,4,7,30,Monsoon
2026-07-25,SITE019,Dump Truck,4,7,30,Monsoon
2026-07-25,SITE019,Forklift,2,7,30,Monsoon
2026-07-25,SITE020,Excavator,4,7,30,Monsoon
2026-07-25,SITE020,Bulldozer,0,7,30,Monsoon
2026-07-25,SITE020,Wheel Loader,4,7,30,Monsoon
2026-07-25,SITE020,Motor Grader,0,7,30,Monsoon
2026-07-25,SITE020,Backhoe Loader,3,7,30,Monsoon
2026-07-25,SITE020,Skid Steer Loader,1,7,30,Monsoon
2026-07-25,SITE020,Road Roller,1,7,30,Monsoon
2026-07-25,SITE020,Dump Truck,1,7,30,Monsoon
2026-07-25,SITE020,Forklift,1,7,30,Monsoon
2026-07-26,SITE001,Excavator,2,7,30,Monsoon
2026-07-26,SITE001,Bulldozer,2,7,30,Monsoon
2026-07-26,SITE001,Wheel Loader,3,7,30,Monsoon
2026-07-26,SITE001,Motor Grader,5,7,30,Monsoon
2026-07-26,SITE001,Backhoe Loader,1,7,30,Monsoon
2026-07-26,SITE001,Skid Steer Loader,3,7,30,Monsoon
2026-07-26,SITE001,Road Roller,2,7,30,Monsoon
2026-07-26,SITE001,Dump Truck,0,7,30,Monsoon
2026-07-26,SITE001,Forklift,4,7,30,Monsoon
2026-07-26,SITE002,Excavator,2,7,30,Monsoon
2026-07-26,SITE002,Bulldozer,2,7,30,Monsoon
2026-07-26,SITE002,Wheel Loader,2,7,30,Monsoon
2026-07-26,SITE002,Motor Grader,1,7,30,Monsoon
2026-07-26,SITE002,Backhoe Loader,3,7,30,Monsoon
2026-07-26,SITE002,Skid Steer Loader,3,7,30,Monsoon
2026-07-26,SITE002,Road Roller,2,7,30,Monsoon
2026-07-26,SITE002,Dump Truck,1,7,30,Monsoon
2026-07-26,SITE002,Forklift,3,7,30,Monsoon
2026-07-26,SITE003,Excavator,2,7,30,Monsoon
2026-07-26,SITE003,Bulldozer,0,7,30,Monsoon
2026-07-26,SITE003,Wheel Loader,0,7,30,Monsoon
2026-07-26,SITE003,Motor Grader,0,7,30,Monsoon
2026-07-26,SITE003,Backhoe Loader,1,7,30,Monsoon
2026-07-26,SITE003,Skid Steer Loader,0,7,30,Monsoon
2026-07-26,SITE003,Road Roller,2,7,30,Monsoon
2026-07-26,SITE003,Dump Truck,2,7,30,Monsoon
2026-07-26,SITE003,Forklift,1,7,30,Monsoon
2026-07-26,SITE004,Excavator,7,7,30,Monsoon
2026-07-26,SITE004,Bulldozer,1,7,30,Monsoon
2026-07-26,SITE004,Wheel Loader,1,7,30,Monsoon
2026-07-26,SITE004,Motor Grader,2,7,30,Monsoon
2026-07-26,SITE004,Backhoe Loader,3,7,30,Monsoon
2026-07-26,SITE004,Skid Steer Loader,3,7,30,Monsoon
2026-07-26,SITE004,Road Roller,1,7,30,Monsoon
2026-07-26,SITE004,Dump Truck,0,7,30,Monsoon
2026-07-26,SITE004,Forklift,2,7,30,Monsoon
2026-07-26,SITE005,Excavator,3,7,30,Monsoon
2026-07-26,SITE005,Bulldozer,0,7,30,Monsoon
2026-07-26,SITE005,Wheel Loader,3,7,30,Monsoon
2026-07-26,SITE005,Motor Grader,2,7,30,Monsoon
2026-07-26,SITE005,Backhoe Loader,4,7,30,Monsoon
2026-07-26,SITE005,Skid Steer Loader,2,7,30,Monsoon
2026-07-26,SITE005,Road Roller,1,7,30,Monsoon
2026-07-26,SITE005,Dump Truck,3,7,30,Monsoon
2026-07-26,SITE005,Forklift,1,7,30,Monsoon
2026-07-26,SITE006,Excavator,4,7,30,Monsoon
2026-07-26,SITE006,Bulldozer,1,7,30,Monsoon
2026-07-26,SITE006,Wheel Loader,0,7,30,Monsoon
2026-07-26,SITE006,Motor Grader,3,7,30,Monsoon
2026-07-26,SITE006,Backhoe Loader,2,7,30,Monsoon
2026-07-26,SITE006,Skid Steer Loader,3,7,30,Monsoon
2026-07-26,SITE006,Road Roller,0,7,30,Monsoon
2026-07-26,SITE006,Dump Truck,1,7,30,Monsoon
2026-07-26,SITE006,Forklift,4,7,30,Monsoon
2026-07-26,SITE007,Excavator,4,7,30,Monsoon
2026-07-26,SITE007,Bulldozer,2,7,30,Monsoon
2026-07-26,SITE007,Wheel Loader,3,7,30,Monsoon
2026-07-26,SITE007,Motor Grader,1,7,30,Monsoon
2026-07-26,SITE007,Backhoe Loader,2,7,30,Monsoon
2026-07-26,SITE007,Skid Steer Loader,4,7,30,Monsoon
2026-07-26,SITE007,Road Roller,3,7,30,Monsoon
2026-07-26,SITE007,Dump Truck,2,7,30,Monsoon
2026-07-26,SITE007,Forklift,4,7,30,Monsoon
2026-07-26,SITE008,Excavator,5,7,30,Monsoon
2026-07-26,SITE008,Bulldozer,3,7,30,Monsoon
2026-07-26,SITE008,Wheel Loader,3,7,30,Monsoon
2026-07-26,SITE008,Motor Grader,2,7,30,Monsoon
2026-07-26,SITE008,Backhoe Loader,4,7,30,Monsoon
2026-07-26,SITE008,Skid Steer Loader,2,7,30,Monsoon
2026-07-26,SITE008,Road Roller,2,7,30,Monsoon
2026-07-26,SITE008,Dump Truck,3,7,30,Monsoon
2026-07-26,SITE008,Forklift,3,7,30,Monsoon
2026-07-26,SITE009,Excavator,6,7,30,Monsoon
2026-07-26,SITE009,Bulldozer,2,7,30,Monsoon
2026-07-26,SITE009,Wheel Loader,2,7,30,Monsoon
2026-07-26,SITE009,Motor Grader,4,7,30,Monsoon
2026-07-26,SITE009,Backhoe Loader,2,7,30,Monsoon
2026-07-26,SITE009,Skid Steer Loader,1,7,30,Monsoon
2026-07-26,SITE009,Road Roller,1,7,30,Monsoon
2026-07-26,SITE009,Dump Truck,0,7,30,Monsoon
2026-07-26,SITE009,Forklift,3,7,30,Monsoon
2026-07-26,SITE010,Excavator,4,7,30,Monsoon
2026-07-26,SITE010,Bulldozer,8,7,30,Monsoon
2026-07-26,SITE010,Wheel Loader,1,7,30,Monsoon
2026-07-26,SITE010,Motor Grader,1,7,30,Monsoon
2026-07-26,SITE010,Backhoe Loader,2,7,30,Monsoon
2026-07-26,SITE010,Skid Steer Loader,1,7,30,Monsoon
2026-07-26,SITE010,Road Roller,2,7,30,Monsoon
2026-07-26,SITE010,Dump Truck,3,7,30,Monsoon
2026-07-26,SITE010,Forklift,1,7,30,Monsoon
2026-07-26,SITE011,Excavator,5,7,30,Monsoon
2026-07-26,SITE011,Bulldozer,2,7,30,Monsoon
2026-07-26,SITE011,Wheel Loader,2,7,30,Monsoon
2026-07-26,SITE011,Motor Grader,2,7,30,Monsoon
2026-07-26,SITE011,Backhoe Loader,3,7,30,Monsoon
2026-07-26,SITE011,Skid Steer Loader,2,7,30,Monsoon
2026-07-26,SITE011,Road Roller,1,7,30,Monsoon
2026-07-26,SITE011,Dump Truck,1,7,30,Monsoon
2026-07-26,SITE011,Forklift,4,7,30,Monsoon
2026-07-26,SITE012,Excavator,4,7,30,Monsoon
2026-07-26,SITE012,Bulldozer,0,7,30,Monsoon
2026-07-26,SITE012,Wheel Loader,0,7,30,Monsoon
2026-07-26,SITE012,Motor Grader,2,7,30,Monsoon
2026-07-26,SITE012,Backhoe Loader,0,7,30,Monsoon
2026-07-26,SITE012,Skid Steer Loader,1,7,30,Monsoon
2026-07-26,SITE012,Road Roller,2,7,30,Monsoon
2026-07-26,SITE012,Dump Truck,2,7,30,Monsoon
2026-07-26,SITE012,Forklift,3,7,30,Monsoon
2026-07-26,SITE013,Excavator,5,7,30,Monsoon
2026-07-26,SITE013,Bulldozer,1,7,30,Monsoon
2026-07-26,SITE013,Wheel Loader,2,7,30,Monsoon
2026-07-26,SITE013,Motor Grader,5,7,30,Monsoon
2026-07-26,SITE013,Backhoe Loader,0,7,30,Monsoon
2026-07-26,SITE013,Skid Steer Loader,3,7,30,Monsoon
2026-07-26,SITE013,Road Roller,1,7,30,Monsoon
2026-07-26,SITE013,Dump Truck,4,7,30,Monsoon
2026-07-26,SITE013,Forklift,0,7,30,Monsoon
2026-07-26,SITE014,Excavator,3,7,30,Monsoon
2026-07-26,SITE014,Bulldozer,1,7,30,Monsoon
2026-07-26,SITE014,Wheel Loader,1,7,30,Monsoon
2026-07-26,SITE014,Motor Grader,0,7,30,Monsoon
2026-07-26,SITE014,Backhoe Loader,2,7,30,Monsoon
2026-07-26,SITE014,Skid Steer Loader,2,7,30,Monsoon
2026-07-26,SITE014,Road Roller,3,7,30,Monsoon
2026-07-26,SITE014,Dump Truck,0,7,30,Monsoon
2026-07-26,SITE014,Forklift,2,7,30,Monsoon
2026-07-26,SITE015,Excavator,6,7,30,Monsoon
2026-07-26,SITE015,Bulldozer,1,7,30,Monsoon
2026-07-26,SITE015,Wheel Loader,2,7,30,Monsoon
2026-07-26,SITE015,Motor Grader,2,7,30,Monsoon
2026-07-26,SITE015,Backhoe Loader,2,7,30,Monsoon
2026-07-26,SITE015,Skid Steer Loader,1,7,30,Monsoon
2026-07-26,SITE015,Road Roller,3,7,30,Monsoon
2026-07-26,SITE015,Dump Truck,5,7,30,Monsoon
2026-07-26,SITE015,Forklift,3,7,30,Monsoon
2026-07-26,SITE016,Excavator,3,7,30,Monsoon
2026-07-26,SITE016,Bulldozer,1,7,30,Monsoon
2026-07-26,SITE016,Wheel Loader,2,7,30,Monsoon
2026-07-26,SITE016,Motor Grader,3,7,30,Monsoon
2026-07-26,SITE016,Backhoe Loader,3,7,30,Monsoon
2026-07-26,SITE016,Skid Steer Loader,2,7,30,Monsoon
2026-07-26,SITE016,Road Roller,3,7,30,Monsoon
2026-07-26,SITE016,Dump Truck,3,7,30,Monsoon
2026-07-26,SITE016,Forklift,5,7,30,Monsoon
2026-07-26,SITE017,Excavator,8,7,30,Monsoon
2026-07-26,SITE017,Bulldozer,3,7,30,Monsoon
2026-07-26,SITE017,Wheel Loader,2,7,30,Monsoon
2026-07-26,SITE017,Motor Grader,0,7,30,Monsoon
2026-07-26,SITE017,Backhoe Loader,1,7,30,Monsoon
2026-07-26,SITE017,Skid Steer Loader,3,7,30,Monsoon
2026-07-26,SITE017,Road Roller,2,7,30,Monsoon
2026-07-26,SITE017,Dump Truck,0,7,30,Monsoon
2026-07-26,SITE017,Forklift,2,7,30,Monsoon
2026-07-26,SITE018,Excavator,2,7,30,Monsoon
2026-07-26,SITE018,Bulldozer,2,7,30,Monsoon
2026-07-26,SITE018,Wheel Loader,2,7,30,Monsoon
2026-07-26,SITE018,Motor Grader,1,7,30,Monsoon
2026-07-26,SITE018,Backhoe Loader,3,7,30,Monsoon
2026-07-26,SITE018,Skid Steer Loader,1,7,30,Monsoon
2026-07-26,SITE018,Road Roller,1,7,30,Monsoon
2026-07-26,SITE018,Dump Truck,4,7,30,Monsoon
2026-07-26,SITE018,Forklift,1,7,30,Monsoon
2026-07-26,SITE019,Excavator,2,7,30,Monsoon
2026-07-26,SITE019,Bulldozer,0,7,30,Monsoon
2026-07-26,SITE019,Wheel Loader,1,7,30,Monsoon
2026-07-26,SITE019,Motor Grader,2,7,30,Monsoon
2026-07-26,SITE019,Backhoe Loader,3,7,30,Monsoon
2026-07-26,SITE019,Skid Steer Loader,1,7,30,Monsoon
2026-07-26,SITE019,Road Roller,2,7,30,Monsoon
2026-07-26,SITE019,Dump Truck,3,7,30,Monsoon
2026-07-26,SITE019,Forklift,2,7,30,Monsoon
2026-07-26,SITE020,Excavator,6,7,30,Monsoon
2026-07-26,SITE020,Bulldozer,0,7,30,Monsoon
2026-07-26,SITE020,Wheel Loader,1,7,30,Monsoon
2026-07-26,SITE020,Motor Grader,1,7,30,Monsoon
2026-07-26,SITE020,Backhoe Loader,2,7,30,Monsoon
2026-07-26,SITE020,Skid Steer Loader,0,7,30,Monsoon
2026-07-26,SITE020,Road Roller,0,7,30,Monsoon
2026-07-26,SITE020,Dump Truck,0,7,30,Monsoon
2026-07-26,SITE020,Forklift,1,7,30,Monsoon
2026-07-27,SITE001,Excavator,3,7,31,Monsoon
2026-07-27,SITE001,Bulldozer,3,7,31,Monsoon
2026-07-27,SITE001,Wheel Loader,1,7,31,Monsoon
2026-07-27,SITE001,Motor Grader,2,7,31,Monsoon
2026-07-27,SITE001,Backhoe Loader,2,7,31,Monsoon
2026-07-27,SITE001,Skid Steer Loader,3,7,31,Monsoon
2026-07-27,SITE001,Road Roller,3,7,31,Monsoon
2026-07-27,SITE001,Dump Truck,0,7,31,Monsoon
2026-07-27,SITE001,Forklift,2,7,31,Monsoon
2026-07-27,SITE002,Excavator,4,7,31,Monsoon
2026-07-27,SITE002,Bulldozer,3,7,31,Monsoon
2026-07-27,SITE002,Wheel Loader,2,7,31,Monsoon
2026-07-27,SITE002,Motor Grader,4,7,31,Monsoon
2026-07-27,SITE002,Backhoe Loader,0,7,31,Monsoon
2026-07-27,SITE002,Skid Steer Loader,1,7,31,Monsoon
2026-07-27,SITE002,Road Roller,0,7,31,Monsoon
2026-07-27,SITE002,Dump Truck,4,7,31,Monsoon
2026-07-27,SITE002,Forklift,1,7,31,Monsoon
2026-07-27,SITE003,Excavator,3,7,31,Monsoon
2026-07-27,SITE003,Bulldozer,0,7,31,Monsoon
2026-07-27,SITE003,Wheel Loader,2,7,31,Monsoon
2026-07-27,SITE003,Motor Grader,1,7,31,Monsoon
2026-07-27,SITE003,Backhoe Loader,0,7,31,Monsoon
2026-07-27,SITE003,Skid Steer Loader,1,7,31,Monsoon
2026-07-27,SITE003,Road Roller,3,7,31,Monsoon
2026-07-27,SITE003,Dump Truck,0,7,31,Monsoon
2026-07-27,SITE003,Forklift,4,7,31,Monsoon
2026-07-27,SITE004,Excavator,8,7,31,Monsoon
2026-07-27,SITE004,Bulldozer,1,7,31,Monsoon
2026-07-27,SITE004,Wheel Loader,0,7,31,Monsoon
2026-07-27,SITE004,Motor Grader,0,7,31,Monsoon
2026-07-27,SITE004,Backhoe Loader,4,7,31,Monsoon
2026-07-27,SITE004,Skid Steer Loader,2,7,31,Monsoon
2026-07-27,SITE004,Road Roller,1,7,31,Monsoon
2026-07-27,SITE004,Dump Truck,1,7,31,Monsoon
2026-07-27,SITE004,Forklift,2,7,31,Monsoon
2026-07-27,SITE005,Excavator,2,7,31,Monsoon
2026-07-27,SITE005,Bulldozer,9,7,31,Monsoon
2026-07-27,SITE005,Wheel Loader,4,7,31,Monsoon
2026-07-27,SITE005,Motor Grader,0,7,31,Monsoon
2026-07-27,SITE005,Backhoe Loader,3,7,31,Monsoon
2026-07-27,SITE005,Skid Steer Loader,2,7,31,Monsoon
2026-07-27,SITE005,Road Roller,3,7,31,Monsoon
2026-07-27,SITE005,Dump Truck,6,7,31,Monsoon
2026-07-27,SITE005,Forklift,1,7,31,Monsoon
2026-07-27,SITE006,Excavator,3,7,31,Monsoon
2026-07-27,SITE006,Bulldozer,2,7,31,Monsoon
2026-07-27,SITE006,Wheel Loader,5,7,31,Monsoon
2026-07-27,SITE006,Motor Grader,2,7,31,Monsoon
2026-07-27,SITE006,Backhoe Loader,3,7,31,Monsoon
2026-07-27,SITE006,Skid Steer Loader,2,7,31,Monsoon
2026-07-27,SITE006,Road Roller,4,7,31,Monsoon
2026-07-27,SITE006,Dump Truck,6,7,31,Monsoon
2026-07-27,SITE006,Forklift,0,7,31,Monsoon
2026-07-27,SITE007,Excavator,4,7,31,Monsoon
2026-07-27,SITE007,Bulldozer,2,7,31,Monsoon
2026-07-27,SITE007,Wheel Loader,0,7,31,Monsoon
2026-07-27,SITE007,Motor Grader,1,7,31,Monsoon
2026-07-27,SITE007,Backhoe Loader,1,7,31,Monsoon
2026-07-27,SITE007,Skid Steer Loader,1,7,31,Monsoon
2026-07-27,SITE007,Road Roller,4,7,31,Monsoon
2026-07-27,SITE007,Dump Truck,2,7,31,Monsoon
2026-07-27,SITE007,Forklift,2,7,31,Monsoon
2026-07-27,SITE008,Excavator,6,7,31,Monsoon
2026-07-27,SITE008,Bulldozer,1,7,31,Monsoon
2026-07-27,SITE008,Wheel Loader,1,7,31,Monsoon
2026-07-27,SITE008,Motor Grader,3,7,31,Monsoon
2026-07-27,SITE008,Backhoe Loader,4,7,31,Monsoon
2026-07-27,SITE008,Skid Steer Loader,1,7,31,Monsoon
2026-07-27,SITE008,Road Roller,4,7,31,Monsoon
2026-07-27,SITE008,Dump Truck,1,7,31,Monsoon
2026-07-27,SITE008,Forklift,1,7,31,Monsoon
2026-07-27,SITE009,Excavator,5,7,31,Monsoon
2026-07-27,SITE009,Bulldozer,2,7,31,Monsoon
2026-07-27,SITE009,Wheel Loader,3,7,31,Monsoon
2026-07-27,SITE009,Motor Grader,5,7,31,Monsoon
2026-07-27,SITE009,Backhoe Loader,3,7,31,Monsoon
2026-07-27,SITE009,Skid Steer Loader,1,7,31,Monsoon
2026-07-27,SITE009,Road Roller,2,7,31,Monsoon
2026-07-27,SITE009,Dump Truck,3,7,31,Monsoon
2026-07-27,SITE009,Forklift,2,7,31,Monsoon
2026-07-27,SITE010,Excavator,4,7,31,Monsoon
2026-07-27,SITE010,Bulldozer,3,7,31,Monsoon
2026-07-27,SITE010,Wheel Loader,2,7,31,Monsoon
2026-07-27,SITE010,Motor Grader,2,7,31,Monsoon
2026-07-27,SITE010,Backhoe Loader,3,7,31,Monsoon
2026-07-27,SITE010,Skid Steer Loader,1,7,31,Monsoon
2026-07-27,SITE010,Road Roller,6,7,31,Monsoon
2026-07-27,SITE010,Dump Truck,0,7,31,Monsoon
2026-07-27,SITE010,Forklift,3,7,31,Monsoon
2026-07-27,SITE011,Excavator,3,7,31,Monsoon
2026-07-27,SITE011,Bulldozer,5,7,31,Monsoon
2026-07-27,SITE011,Wheel Loader,4,7,31,Monsoon
2026-07-27,SITE011,Motor Grader,1,7,31,Monsoon
2026-07-27,SITE011,Backhoe Loader,3,7,31,Monsoon
2026-07-27,SITE011,Skid Steer Loader,0,7,31,Monsoon
2026-07-27,SITE011,Road Roller,2,7,31,Monsoon
2026-07-27,SITE011,Dump Truck,5,7,31,Monsoon
2026-07-27,SITE011,Forklift,0,7,31,Monsoon
2026-07-27,SITE012,Excavator,1,7,31,Monsoon
2026-07-27,SITE012,Bulldozer,0,7,31,Monsoon
2026-07-27,SITE012,Wheel Loader,7,7,31,Monsoon
2026-07-27,SITE012,Motor Grader,8,7,31,Monsoon
2026-07-27,SITE012,Backhoe Loader,4,7,31,Monsoon
2026-07-27,SITE012,Skid Steer Loader,3,7,31,Monsoon
2026-07-27,SITE012,Road Roller,0,7,31,Monsoon
2026-07-27,SITE012,Dump Truck,2,7,31,Monsoon
2026-07-27,SITE012,Forklift,3,7,31,Monsoon
2026-07-27,SITE013,Excavator,8,7,31,Monsoon
2026-07-27,SITE013,Bulldozer,2,7,31,Monsoon
2026-07-27,SITE013,Wheel Loader,2,7,31,Monsoon
2026-07-27,SITE013,Motor Grader,1,7,31,Monsoon
2026-07-27,SITE013,Backhoe Loader,3,7,31,Monsoon
2026-07-27,SITE013,Skid Steer Loader,1,7,31,Monsoon
2026-07-27,SITE013,Road Roller,0,7,31,Monsoon
2026-07-27,SITE013,Dump Truck,0,7,31,Monsoon
2026-07-27,SITE013,Forklift,1,7,31,Monsoon
2026-07-27,SITE014,Excavator,1,7,31,Monsoon
2026-07-27,SITE014,Bulldozer,1,7,31,Monsoon
2026-07-27,SITE014,Wheel Loader,1,7,31,Monsoon
2026-07-27,SITE014,Motor Grader,2,7,31,Monsoon
2026-07-27,SITE014,Backhoe Loader,5,7,31,Monsoon
2026-07-27,SITE014,Skid Steer Loader,2,7,31,Monsoon
2026-07-27,SITE014,Road Roller,0,7,31,Monsoon
2026-07-27,SITE014,Dump Truck,4,7,31,Monsoon
2026-07-27,SITE014,Forklift,3,7,31,Monsoon
2026-07-27,SITE015,Excavator,6,7,31,Monsoon
2026-07-27,SITE015,Bulldozer,0,7,31,Monsoon
2026-07-27,SITE015,Wheel Loader,1,7,31,Monsoon
2026-07-27,SITE015,Motor Grader,1,7,31,Monsoon
2026-07-27,SITE015,Backhoe Loader,2,7,31,Monsoon
2026-07-27,SITE015,Skid Steer Loader,4,7,31,Monsoon
2026-07-27,SITE015,Road Roller,3,7,31,Monsoon
2026-07-27,SITE015,Dump Truck,5,7,31,Monsoon
2026-07-27,SITE015,Forklift,0,7,31,Monsoon
2026-07-27,SITE016,Excavator,3,7,31,Monsoon
2026-07-27,SITE016,Bulldozer,4,7,31,Monsoon
2026-07-27,SITE016,Wheel Loader,2,7,31,Monsoon
2026-07-27,SITE016,Motor Grader,1,7,31,Monsoon
2026-07-27,SITE016,Backhoe Loader,2,7,31,Monsoon
2026-07-27,SITE016,Skid Steer Loader,1,7,31,Monsoon
2026-07-27,SITE016,Road Roller,1,7,31,Monsoon
2026-07-27,SITE016,Dump Truck,0,7,31,Monsoon
2026-07-27,SITE016,Forklift,1,7,31,Monsoon
2026-07-27,SITE017,Excavator,2,7,31,Monsoon
2026-07-27,SITE017,Bulldozer,0,7,31,Monsoon
2026-07-27,SITE017,Wheel Loader,2,7,31,Monsoon
2026-07-27,SITE017,Motor Grader,5,7,31,Monsoon
2026-07-27,SITE017,Backhoe Loader,2,7,31,Monsoon
2026-07-27,SITE017,Skid Steer Loader,3,7,31,Monsoon
2026-07-27,SITE017,Road Roller,1,7,31,Monsoon
2026-07-27,SITE017,Dump Truck,4,7,31,Monsoon
2026-07-27,SITE017,Forklift,1,7,31,Monsoon
2026-07-27,SITE018,Excavator,3,7,31,Monsoon
2026-07-27,SITE018,Bulldozer,2,7,31,Monsoon
2026-07-27,SITE018,Wheel Loader,3,7,31,Monsoon
2026-07-27,SITE018,Motor Grader,3,7,31,Monsoon
2026-07-27,SITE018,Backhoe Loader,2,7,31,Monsoon
2026-07-27,SITE018,Skid Steer Loader,3,7,31,Monsoon
2026-07-27,SITE018,Road Roller,4,7,31,Monsoon
2026-07-27,SITE018,Dump Truck,2,7,31,Monsoon
2026-07-27,SITE018,Forklift,3,7,31,Monsoon
2026-07-27,SITE019,Excavator,4,7,31,Monsoon
2026-07-27,SITE019,Bulldozer,1,7,31,Monsoon
2026-07-27,SITE019,Wheel Loader,0,7,31,Monsoon
2026-07-27,SITE019,Motor Grader,1,7,31,Monsoon
2026-07-27,SITE019,Backhoe Loader,0,7,31,Monsoon
2026-07-27,SITE019,Skid Steer Loader,0,7,31,Monsoon
2026-07-27,SITE019,Road Roller,3,7,31,Monsoon
2026-07-27,SITE019,Dump Truck,2,7,31,Monsoon
2026-07-27,SITE019,Forklift,4,7,31,Monsoon
2026-07-27,SITE020,Excavator,1,7,31,Monsoon
2026-07-27,SITE020,Bulldozer,3,7,31,Monsoon
2026-07-27,SITE020,Wheel Loader,2,7,31,Monsoon
2026-07-27,SITE020,Motor Grader,2,7,31,Monsoon
2026-07-27,SITE020,Backhoe Loader,2,7,31,Monsoon
2026-07-27,SITE020,Skid Steer Loader,4,7,31,Monsoon
2026-07-27,SITE020,Road Roller,2,7,31,Monsoon
2026-07-27,SITE020,Dump Truck,4,7,31,Monsoon
2026-07-27,SITE020,Forklift,2,7,31,Monsoon
2026-07-28,SITE001,Excavator,6,7,31,Monsoon
2026-07-28,SITE001,Bulldozer,0,7,31,Monsoon
2026-07-28,SITE001,Wheel Loader,3,7,31,Monsoon
2026-07-28,SITE001,Motor Grader,3,7,31,Monsoon
2026-07-28,SITE001,Backhoe Loader,3,7,31,Monsoon
2026-07-28,SITE001,Skid Steer Loader,5,7,31,Monsoon
2026-07-28,SITE001,Road Roller,1,7,31,Monsoon
2026-07-28,SITE001,Dump Truck,4,7,31,Monsoon
2026-07-28,SITE001,Forklift,2,7,31,Monsoon
2026-07-28,SITE002,Excavator,6,7,31,Monsoon
2026-07-28,SITE002,Bulldozer,0,7,31,Monsoon
2026-07-28,SITE002,Wheel Loader,0,7,31,Monsoon
2026-07-28,SITE002,Motor Grader,1,7,31,Monsoon
2026-07-28,SITE002,Backhoe Loader,2,7,31,Monsoon
2026-07-28,SITE002,Skid Steer Loader,1,7,31,Monsoon
2026-07-28,SITE002,Road Roller,2,7,31,Monsoon
2026-07-28,SITE002,Dump Truck,4,7,31,Monsoon
2026-07-28,SITE002,Forklift,4,7,31,Monsoon
2026-07-28,SITE003,Excavator,3,7,31,Monsoon
2026-07-28,SITE003,Bulldozer,2,7,31,Monsoon
2026-07-28,SITE003,Wheel Loader,2,7,31,Monsoon
2026-07-28,SITE003,Motor Grader,0,7,31,Monsoon
2026-07-28,SITE003,Backhoe Loader,2,7,31,Monsoon
2026-07-28,SITE003,Skid Steer Loader,1,7,31,Monsoon
2026-07-28,SITE003,Road Roller,3,7,31,Monsoon
2026-07-28,SITE003,Dump Truck,0,7,31,Monsoon
2026-07-28,SITE003,Forklift,5,7,31,Monsoon
2026-07-28,SITE004,Excavator,5,7,31,Monsoon
2026-07-28,SITE004,Bulldozer,1,7,31,Monsoon
2026-07-28,SITE004,Wheel Loader,4,7,31,Monsoon
2026-07-28,SITE004,Motor Grader,3,7,31,Monsoon
2026-07-28,SITE004,Backhoe Loader,2,7,31,Monsoon
2026-07-28,SITE004,Skid Steer Loader,1,7,31,Monsoon
2026-07-28,SITE004,Road Roller,1,7,31,Monsoon
2026-07-28,SITE004,Dump Truck,2,7,31,Monsoon
2026-07-28,SITE004,Forklift,1,7,31,Monsoon
2026-07-28,SITE005,Excavator,3,7,31,Monsoon
2026-07-28,SITE005,Bulldozer,3,7,31,Monsoon
2026-07-28,SITE005,Wheel Loader,4,7,31,Monsoon
2026-07-28,SITE005,Motor Grader,1,7,31,Monsoon
2026-07-28,SITE005,Backhoe Loader,3,7,31,Monsoon
2026-07-28,SITE005,Skid Steer Loader,1,7,31,Monsoon
2026-07-28,SITE005,Road Roller,3,7,31,Monsoon
2026-07-28,SITE005,Dump Truck,0,7,31,Monsoon
2026-07-28,SITE005,Forklift,5,7,31,Monsoon
2026-07-28,SITE006,Excavator,0,7,31,Monsoon
2026-07-28,SITE006,Bulldozer,4,7,31,Monsoon
2026-07-28,SITE006,Wheel Loader,1,7,31,Monsoon
2026-07-28,SITE006,Motor Grader,4,7,31,Monsoon
2026-07-28,SITE006,Backhoe Loader,5,7,31,Monsoon
2026-07-28,SITE006,Skid Steer Loader,2,7,31,Monsoon
2026-07-28,SITE006,Road Roller,2,7,31,Monsoon
2026-07-28,SITE006,Dump Truck,1,7,31,Monsoon
2026-07-28,SITE006,Forklift,1,7,31,Monsoon
2026-07-28,SITE007,Excavator,8,7,31,Monsoon
2026-07-28,SITE007,Bulldozer,1,7,31,Monsoon
2026-07-28,SITE007,Wheel Loader,3,7,31,Monsoon
2026-07-28,SITE007,Motor Grader,4,7,31,Monsoon
2026-07-28,SITE007,Backhoe Loader,1,7,31,Monsoon
2026-07-28,SITE007,Skid Steer Loader,1,7,31,Monsoon
2026-07-28,SITE007,Road Roller,2,7,31,Monsoon
2026-07-28,SITE007,Dump Truck,2,7,31,Monsoon
2026-07-28,SITE007,Forklift,1,7,31,Monsoon
2026-07-28,SITE008,Excavator,3,7,31,Monsoon
2026-07-28,SITE008,Bulldozer,4,7,31,Monsoon
2026-07-28,SITE008,Wheel Loader,2,7,31,Monsoon
2026-07-28,SITE008,Motor Grader,1,7,31,Monsoon
2026-07-28,SITE008,Backhoe Loader,3,7,31,Monsoon
2026-07-28,SITE008,Skid Steer Loader,0,7,31,Monsoon
2026-07-28,SITE008,Road Roller,1,7,31,Monsoon
2026-07-28,SITE008,Dump Truck,1,7,31,Monsoon
2026-07-28,SITE008,Forklift,4,7,31,Monsoon
2026-07-28,SITE009,Excavator,3,7,31,Monsoon
2026-07-28,SITE009,Bulldozer,0,7,31,Monsoon
2026-07-28,SITE009,Wheel Loader,1,7,31,Monsoon
2026-07-28,SITE009,Motor Grader,1,7,31,Monsoon
2026-07-28,SITE009,Backhoe Loader,2,7,31,Monsoon
2026-07-28,SITE009,Skid Steer Loader,2,7,31,Monsoon
2026-07-28,SITE009,Road Roller,4,7,31,Monsoon
2026-07-28,SITE009,Dump Truck,0,7,31,Monsoon
2026-07-28,SITE009,Forklift,0,7,31,Monsoon
2026-07-28,SITE010,Excavator,3,7,31,Monsoon
2026-07-28,SITE010,Bulldozer,2,7,31,Monsoon
2026-07-28,SITE010,Wheel Loader,0,7,31,Monsoon
2026-07-28,SITE010,Motor Grader,1,7,31,Monsoon
2026-07-28,SITE010,Backhoe Loader,1,7,31,Monsoon
2026-07-28,SITE010,Skid Steer Loader,5,7,31,Monsoon
2026-07-28,SITE010,Road Roller,7,7,31,Monsoon
2026-07-28,SITE010,Dump Truck,3,7,31,Monsoon
2026-07-28,SITE010,Forklift,2,7,31,Monsoon
2026-07-28,SITE011,Excavator,3,7,31,Monsoon
2026-07-28,SITE011,Bulldozer,2,7,31,Monsoon
2026-07-28,SITE011,Wheel Loader,0,7,31,Monsoon
2026-07-28,SITE011,Motor Grader,2,7,31,Monsoon
2026-07-28,SITE011,Backhoe Loader,4,7,31,Monsoon
2026-07-28,SITE011,Skid Steer Loader,2,7,31,Monsoon
2026-07-28,SITE011,Road Roller,1,7,31,Monsoon
2026-07-28,SITE011,Dump Truck,1,7,31,Monsoon
2026-07-28,SITE011,Forklift,2,7,31,Monsoon
2026-07-28,SITE012,Excavator,3,7,31,Monsoon
2026-07-28,SITE012,Bulldozer,0,7,31,Monsoon
2026-07-28,SITE012,Wheel Loader,3,7,31,Monsoon
2026-07-28,SITE012,Motor Grader,1,7,31,Monsoon
2026-07-28,SITE012,Backhoe Loader,0,7,31,Monsoon
2026-07-28,SITE012,Skid Steer Loader,2,7,31,Monsoon
2026-07-28,SITE012,Road Roller,2,7,31,Monsoon
2026-07-28,SITE012,Dump Truck,0,7,31,Monsoon
2026-07-28,SITE012,Forklift,3,7,31,Monsoon
2026-07-28,SITE013,Excavator,2,7,31,Monsoon
2026-07-28,SITE013,Bulldozer,2,7,31,Monsoon
2026-07-28,SITE013,Wheel Loader,2,7,31,Monsoon
2026-07-28,SITE013,Motor Grader,2,7,31,Monsoon
2026-07-28,SITE013,Backhoe Loader,2,7,31,Monsoon
2026-07-28,SITE013,Skid Steer Loader,4,7,31,Monsoon
2026-07-28,SITE013,Road Roller,3,7,31,Monsoon
2026-07-28,SITE013,Dump Truck,1,7,31,Monsoon
2026-07-28,SITE013,Forklift,1,7,31,Monsoon
2026-07-28,SITE014,Excavator,5,7,31,Monsoon
2026-07-28,SITE014,Bulldozer,1,7,31,Monsoon
2026-07-28,SITE014,Wheel Loader,2,7,31,Monsoon
2026-07-28,SITE014,Motor Grader,0,7,31,Monsoon
2026-07-28,SITE014,Backhoe Loader,3,7,31,Monsoon
2026-07-28,SITE014,Skid Steer Loader,2,7,31,Monsoon
2026-07-28,SITE014,Road Roller,5,7,31,Monsoon
2026-07-28,SITE014,Dump Truck,1,7,31,Monsoon
2026-07-28,SITE014,Forklift,2,7,31,Monsoon
2026-07-28,SITE015,Excavator,7,7,31,Monsoon
2026-07-28,SITE015,Bulldozer,7,7,31,Monsoon
2026-07-28,SITE015,Wheel Loader,0,7,31,Monsoon
2026-07-28,SITE015,Motor Grader,4,7,31,Monsoon
2026-07-28,SITE015,Backhoe Loader,3,7,31,Monsoon
2026-07-28,SITE015,Skid Steer Loader,4,7,31,Monsoon
2026-07-28,SITE015,Road Roller,2,7,31,Monsoon
2026-07-28,SITE015,Dump Truck,1,7,31,Monsoon
2026-07-28,SITE015,Forklift,2,7,31,Monsoon
2026-07-28,SITE016,Excavator,2,7,31,Monsoon
2026-07-28,SITE016,Bulldozer,2,7,31,Monsoon
2026-07-28,SITE016,Wheel Loader,2,7,31,Monsoon
2026-07-28,SITE016,Motor Grader,2,7,31,Monsoon
2026-07-28,SITE016,Backhoe Loader,5,7,31,Monsoon
2026-07-28,SITE016,Skid Steer Loader,4,7,31,Monsoon
2026-07-28,SITE016,Road Roller,2,7,31,Monsoon
2026-07-28,SITE016,Dump Truck,0,7,31,Monsoon
2026-07-28,SITE016,Forklift,4,7,31,Monsoon
2026-07-28,SITE017,Excavator,2,7,31,Monsoon
2026-07-28,SITE017,Bulldozer,3,7,31,Monsoon
2026-07-28,SITE017,Wheel Loader,1,7,31,Monsoon
2026-07-28,SITE017,Motor Grader,4,7,31,Monsoon
2026-07-28,SITE017,Backhoe Loader,4,7,31,Monsoon
2026-07-28,SITE017,Skid Steer Loader,3,7,31,Monsoon
2026-07-28,SITE017,Road Roller,2,7,31,Monsoon
2026-07-28,SITE017,Dump Truck,0,7,31,Monsoon
2026-07-28,SITE017,Forklift,4,7,31,Monsoon
2026-07-28,SITE018,Excavator,5,7,31,Monsoon
2026-07-28,SITE018,Bulldozer,2,7,31,Monsoon
2026-07-28,SITE018,Wheel Loader,4,7,31,Monsoon
2026-07-28,SITE018,Motor Grader,2,7,31,Monsoon
2026-07-28,SITE018,Backhoe Loader,3,7,31,Monsoon
2026-07-28,SITE018,Skid Steer Loader,2,7,31,Monsoon
2026-07-28,SITE018,Road Roller,2,7,31,Monsoon
2026-07-28,SITE018,Dump Truck,5,7,31,Monsoon
2026-07-28,SITE018,Forklift,1,7,31,Monsoon
2026-07-28,SITE019,Excavator,3,7,31,Monsoon
2026-07-28,SITE019,Bulldozer,1,7,31,Monsoon
2026-07-28,SITE019,Wheel Loader,2,7,31,Monsoon
2026-07-28,SITE019,Motor Grader,1,7,31,Monsoon
2026-07-28,SITE019,Backhoe Loader,2,7,31,Monsoon
2026-07-28,SITE019,Skid Steer Loader,3,7,31,Monsoon
2026-07-28,SITE019,Road Roller,6,7,31,Monsoon
2026-07-28,SITE019,Dump Truck,0,7,31,Monsoon
2026-07-28,SITE019,Forklift,2,7,31,Monsoon
2026-07-28,SITE020,Excavator,6,7,31,Monsoon
2026-07-28,SITE020,Bulldozer,3,7,31,Monsoon
2026-07-28,SITE020,Wheel Loader,0,7,31,Monsoon
2026-07-28,SITE020,Motor Grader,2,7,31,Monsoon
2026-07-28,SITE020,Backhoe Loader,1,7,31,Monsoon
2026-07-28,SITE020,Skid Steer Loader,4,7,31,Monsoon
2026-07-28,SITE020,Road Roller,0,7,31,Monsoon
2026-07-28,SITE020,Dump Truck,3,7,31,Monsoon
2026-07-28,SITE020,Forklift,2,7,31,Monsoon
2026-07-29,SITE001,Excavator,4,7,31,Monsoon
2026-07-29,SITE001,Bulldozer,1,7,31,Monsoon
2026-07-29,SITE001,Wheel Loader,4,7,31,Monsoon
2026-07-29,SITE001,Motor Grader,1,7,31,Monsoon
2026-07-29,SITE001,Backhoe Loader,0,7,31,Monsoon
2026-07-29,SITE001,Skid Steer Loader,3,7,31,Monsoon
2026-07-29,SITE001,Road Roller,2,7,31,Monsoon
2026-07-29,SITE001,Dump Truck,0,7,31,Monsoon
2026-07-29,SITE001,Forklift,1,7,31,Monsoon
2026-07-29,SITE002,Excavator,4,7,31,Monsoon
2026-07-29,SITE002,Bulldozer,3,7,31,Monsoon
2026-07-29,SITE002,Wheel Loader,2,7,31,Monsoon
2026-07-29,SITE002,Motor Grader,1,7,31,Monsoon
2026-07-29,SITE002,Backhoe Loader,1,7,31,Monsoon
2026-07-29,SITE002,Skid Steer Loader,2,7,31,Monsoon
2026-07-29,SITE002,Road Roller,1,7,31,Monsoon
2026-07-29,SITE002,Dump Truck,0,7,31,Monsoon
2026-07-29,SITE002,Forklift,4,7,31,Monsoon
2026-07-29,SITE003,Excavator,9,7,31,Monsoon
2026-07-29,SITE003,Bulldozer,2,7,31,Monsoon
2026-07-29,SITE003,Wheel Loader,2,7,31,Monsoon
2026-07-29,SITE003,Motor Grader,1,7,31,Monsoon
2026-07-29,SITE003,Backhoe Loader,4,7,31,Monsoon
2026-07-29,SITE003,Skid Steer Loader,2,7,31,Monsoon
2026-07-29,SITE003,Road Roller,4,7,31,Monsoon
2026-07-29,SITE003,Dump Truck,2,7,31,Monsoon
2026-07-29,SITE003,Forklift,1,7,31,Monsoon
2026-07-29,SITE004,Excavator,10,7,31,Monsoon
2026-07-29,SITE004,Bulldozer,4,7,31,Monsoon
2026-07-29,SITE004,Wheel Loader,0,7,31,Monsoon
2026-07-29,SITE004,Motor Grader,5,7,31,Monsoon
2026-07-29,SITE004,Backhoe Loader,2,7,31,Monsoon
2026-07-29,SITE004,Skid Steer Loader,1,7,31,Monsoon
2026-07-29,SITE004,Road Roller,5,7,31,Monsoon
2026-07-29,SITE004,Dump Truck,2,7,31,Monsoon
2026-07-29,SITE004,Forklift,0,7,31,Monsoon
2026-07-29,SITE005,Excavator,3,7,31,Monsoon
2026-07-29,SITE005,Bulldozer,3,7,31,Monsoon
2026-07-29,SITE005,Wheel Loader,1,7,31,Monsoon
2026-07-29,SITE005,Motor Grader,0,7,31,Monsoon
2026-07-29,SITE005,Backhoe Loader,2,7,31,Monsoon
2026-07-29,SITE005,Skid Steer Loader,0,7,31,Monsoon
2026-07-29,SITE005,Road Roller,0,7,31,Monsoon
2026-07-29,SITE005,Dump Truck,2,7,31,Monsoon
2026-07-29,SITE005,Forklift,0,7,31,Monsoon
2026-07-29,SITE006,Excavator,6,7,31,Monsoon
2026-07-29,SITE006,Bulldozer,3,7,31,Monsoon
2026-07-29,SITE006,Wheel Loader,4,7,31,Monsoon
2026-07-29,SITE006,Motor Grader,5,7,31,Monsoon
2026-07-29,SITE006,Backhoe Loader,4,7,31,Monsoon
2026-07-29,SITE006,Skid Steer Loader,1,7,31,Monsoon
2026-07-29,SITE006,Road Roller,2,7,31,Monsoon
2026-07-29,SITE006,Dump Truck,0,7,31,Monsoon
2026-07-29,SITE006,Forklift,1,7,31,Monsoon
2026-07-29,SITE007,Excavator,3,7,31,Monsoon
2026-07-29,SITE007,Bulldozer,0,7,31,Monsoon
2026-07-29,SITE007,Wheel Loader,1,7,31,Monsoon
2026-07-29,SITE007,Motor Grader,3,7,31,Monsoon
2026-07-29,SITE007,Backhoe Loader,2,7,31,Monsoon
2026-07-29,SITE007,Skid Steer Loader,1,7,31,Monsoon
2026-07-29,SITE007,Road Roller,1,7,31,Monsoon
2026-07-29,SITE007,Dump Truck,1,7,31,Monsoon
2026-07-29,SITE007,Forklift,0,7,31,Monsoon
2026-07-29,SITE008,Excavator,2,7,31,Monsoon
2026-07-29,SITE008,Bulldozer,1,7,31,Monsoon
2026-07-29,SITE008,Wheel Loader,0,7,31,Monsoon
2026-07-29,SITE008,Motor Grader,2,7,31,Monsoon
2026-07-29,SITE008,Backhoe Loader,2,7,31,Monsoon
2026-07-29,SITE008,Skid Steer Loader,1,7,31,Monsoon
2026-07-29,SITE008,Road Roller,2,7,31,Monsoon
2026-07-29,SITE008,Dump Truck,4,7,31,Monsoon
2026-07-29,SITE008,Forklift,0,7,31,Monsoon
2026-07-29,SITE009,Excavator,6,7,31,Monsoon
2026-07-29,SITE009,Bulldozer,2,7,31,Monsoon
2026-07-29,SITE009,Wheel Loader,4,7,31,Monsoon
2026-07-29,SITE009,Motor Grader,3,7,31,Monsoon
2026-07-29,SITE009,Backhoe Loader,2,7,31,Monsoon
2026-07-29,SITE009,Skid Steer Loader,5,7,31,Monsoon
2026-07-29,SITE009,Road Roller,1,7,31,Monsoon
2026-07-29,SITE009,Dump Truck,0,7,31,Monsoon
2026-07-29,SITE009,Forklift,1,7,31,Monsoon
2026-07-29,SITE010,Excavator,4,7,31,Monsoon
2026-07-29,SITE010,Bulldozer,0,7,31,Monsoon
2026-07-29,SITE010,Wheel Loader,1,7,31,Monsoon
2026-07-29,SITE010,Motor Grader,1,7,31,Monsoon
2026-07-29,SITE010,Backhoe Loader,1,7,31,Monsoon
2026-07-29,SITE010,Skid Steer Loader,0,7,31,Monsoon
2026-07-29,SITE010,Road Roller,1,7,31,Monsoon
2026-07-29,SITE010,Dump Truck,1,7,31,Monsoon
2026-07-29,SITE010,Forklift,3,7,31,Monsoon
2026-07-29,SITE011,Excavator,2,7,31,Monsoon
2026-07-29,SITE011,Bulldozer,3,7,31,Monsoon
2026-07-29,SITE011,Wheel Loader,1,7,31,Monsoon
2026-07-29,SITE011,Motor Grader,0,7,31,Monsoon
2026-07-29,SITE011,Backhoe Loader,3,7,31,Monsoon
2026-07-29,SITE011,Skid Steer Loader,1,7,31,Monsoon
2026-07-29,SITE011,Road Roller,3,7,31,Monsoon
2026-07-29,SITE011,Dump Truck,2,7,31,Monsoon
2026-07-29,SITE011,Forklift,3,7,31,Monsoon
2026-07-29,SITE012,Excavator,3,7,31,Monsoon
2026-07-29,SITE012,Bulldozer,1,7,31,Monsoon
2026-07-29,SITE012,Wheel Loader,2,7,31,Monsoon
2026-07-29,SITE012,Motor Grader,2,7,31,Monsoon
2026-07-29,SITE012,Backhoe Loader,2,7,31,Monsoon
2026-07-29,SITE012,Skid Steer Loader,6,7,31,Monsoon
2026-07-29,SITE012,Road Roller,3,7,31,Monsoon
2026-07-29,SITE012,Dump Truck,4,7,31,Monsoon
2026-07-29,SITE012,Forklift,2,7,31,Monsoon
2026-07-29,SITE013,Excavator,7,7,31,Monsoon
2026-07-29,SITE013,Bulldozer,0,7,31,Monsoon
2026-07-29,SITE013,Wheel Loader,3,7,31,Monsoon
2026-07-29,SITE013,Motor Grader,4,7,31,Monsoon
2026-07-29,SITE013,Backhoe Loader,2,7,31,Monsoon
2026-07-29,SITE013,Skid Steer Loader,0,7,31,Monsoon
2026-07-29,SITE013,Road Roller,0,7,31,Monsoon
2026-07-29,SITE013,Dump Truck,2,7,31,Monsoon
2026-07-29,SITE013,Forklift,2,7,31,Monsoon
2026-07-29,SITE014,Excavator,1,7,31,Monsoon
2026-07-29,SITE014,Bulldozer,3,7,31,Monsoon
2026-07-29,SITE014,Wheel Loader,2,7,31,Monsoon
2026-07-29,SITE014,Motor Grader,1,7,31,Monsoon
2026-07-29,SITE014,Backhoe Loader,4,7,31,Monsoon
2026-07-29,SITE014,Skid Steer Loader,0,7,31,Monsoon
2026-07-29,SITE014,Road Roller,0,7,31,Monsoon
2026-07-29,SITE014,Dump Truck,1,7,31,Monsoon
2026-07-29,SITE014,Forklift,4,7,31,Monsoon
2026-07-29,SITE015,Excavator,4,7,31,Monsoon
2026-07-29,SITE015,Bulldozer,1,7,31,Monsoon
2026-07-29,SITE015,Wheel Loader,4,7,31,Monsoon
2026-07-29,SITE015,Motor Grader,0,7,31,Monsoon
2026-07-29,SITE015,Backhoe Loader,3,7,31,Monsoon
2026-07-29,SITE015,Skid Steer Loader,2,7,31,Monsoon
2026-07-29,SITE015,Road Roller,1,7,31,Monsoon
2026-07-29,SITE015,Dump Truck,0,7,31,Monsoon
2026-07-29,SITE015,Forklift,1,7,31,Monsoon
2026-07-29,SITE016,Excavator,5,7,31,Monsoon
2026-07-29,SITE016,Bulldozer,5,7,31,Monsoon
2026-07-29,SITE016,Wheel Loader,3,7,31,Monsoon
2026-07-29,SITE016,Motor Grader,3,7,31,Monsoon
2026-07-29,SITE016,Backhoe Loader,1,7,31,Monsoon
2026-07-29,SITE016,Skid Steer Loader,1,7,31,Monsoon
2026-07-29,SITE016,Road Roller,0,7,31,Monsoon
2026-07-29,SITE016,Dump Truck,5,7,31,Monsoon
2026-07-29,SITE016,Forklift,2,7,31,Monsoon
2026-07-29,SITE017,Excavator,3,7,31,Monsoon
2026-07-29,SITE017,Bulldozer,5,7,31,Monsoon
2026-07-29,SITE017,Wheel Loader,2,7,31,Monsoon
2026-07-29,SITE017,Motor Grader,3,7,31,Monsoon
2026-07-29,SITE017,Backhoe Loader,1,7,31,Monsoon
2026-07-29,SITE017,Skid Steer Loader,3,7,31,Monsoon
2026-07-29,SITE017,Road Roller,6,7,31,Monsoon
2026-07-29,SITE017,Dump Truck,5,7,31,Monsoon
2026-07-29,SITE017,Forklift,2,7,31,Monsoon
2026-07-29,SITE018,Excavator,5,7,31,Monsoon
2026-07-29,SITE018,Bulldozer,3,7,31,Monsoon
2026-07-29,SITE018,Wheel Loader,4,7,31,Monsoon
2026-07-29,SITE018,Motor Grader,2,7,31,Monsoon
2026-07-29,SITE018,Backhoe Loader,0,7,31,Monsoon
2026-07-29,SITE018,Skid Steer Loader,2,7,31,Monsoon
2026-07-29,SITE018,Road Roller,0,7,31,Monsoon
2026-07-29,SITE018,Dump Truck,2,7,31,Monsoon
2026-07-29,SITE018,Forklift,1,7,31,Monsoon
2026-07-29,SITE019,Excavator,4,7,31,Monsoon
2026-07-29,SITE019,Bulldozer,0,7,31,Monsoon
2026-07-29,SITE019,Wheel Loader,6,7,31,Monsoon
2026-07-29,SITE019,Motor Grader,1,7,31,Monsoon
2026-07-29,SITE019,Backhoe Loader,3,7,31,Monsoon
2026-07-29,SITE019,Skid Steer Loader,5,7,31,Monsoon
2026-07-29,SITE019,Road Roller,1,7,31,Monsoon
2026-07-29,SITE019,Dump Truck,0,7,31,Monsoon
2026-07-29,SITE019,Forklift,1,7,31,Monsoon
2026-07-29,SITE020,Excavator,1,7,31,Monsoon
2026-07-29,SITE020,Bulldozer,2,7,31,Monsoon
2026-07-29,SITE020,Wheel Loader,0,7,31,Monsoon
2026-07-29,SITE020,Motor Grader,2,7,31,Monsoon
2026-07-29,SITE020,Backhoe Loader,1,7,31,Monsoon
2026-07-29,SITE020,Skid Steer Loader,1,7,31,Monsoon
2026-07-29,SITE020,Road Roller,3,7,31,Monsoon
2026-07-29,SITE020,Dump Truck,1,7,31,Monsoon
2026-07-29,SITE020,Forklift,1,7,31,Monsoon
2026-07-30,SITE001,Excavator,3,7,31,Monsoon
2026-07-30,SITE001,Bulldozer,2,7,31,Monsoon
2026-07-30,SITE001,Wheel Loader,3,7,31,Monsoon
2026-07-30,SITE001,Motor Grader,3,7,31,Monsoon
2026-07-30,SITE001,Backhoe Loader,2,7,31,Monsoon
2026-07-30,SITE001,Skid Steer Loader,1,7,31,Monsoon
2026-07-30,SITE001,Road Roller,0,7,31,Monsoon
2026-07-30,SITE001,Dump Truck,2,7,31,Monsoon
2026-07-30,SITE001,Forklift,1,7,31,Monsoon
2026-07-30,SITE002,Excavator,5,7,31,Monsoon
2026-07-30,SITE002,Bulldozer,4,7,31,Monsoon
2026-07-30,SITE002,Wheel Loader,3,7,31,Monsoon
2026-07-30,SITE002,Motor Grader,1,7,31,Monsoon
2026-07-30,SITE002,Backhoe Loader,2,7,31,Monsoon
2026-07-30,SITE002,Skid Steer Loader,1,7,31,Monsoon
2026-07-30,SITE002,Road Roller,1,7,31,Monsoon
2026-07-30,SITE002,Dump Truck,5,7,31,Monsoon
2026-07-30,SITE002,Forklift,1,7,31,Monsoon
2026-07-30,SITE003,Excavator,6,7,31,Monsoon
2026-07-30,SITE003,Bulldozer,2,7,31,Monsoon
2026-07-30,SITE003,Wheel Loader,1,7,31,Monsoon
2026-07-30,SITE003,Motor Grader,2,7,31,Monsoon
2026-07-30,SITE003,Backhoe Loader,0,7,31,Monsoon
2026-07-30,SITE003,Skid Steer Loader,0,7,31,Monsoon
2026-07-30,SITE003,Road Roller,2,7,31,Monsoon
2026-07-30,SITE003,Dump Truck,2,7,31,Monsoon
2026-07-30,SITE003,Forklift,2,7,31,Monsoon
2026-07-30,SITE004,Excavator,3,7,31,Monsoon
2026-07-30,SITE004,Bulldozer,2,7,31,Monsoon
2026-07-30,SITE004,Wheel Loader,2,7,31,Monsoon
2026-07-30,SITE004,Motor Grader,1,7,31,Monsoon
2026-07-30,SITE004,Backhoe Loader,2,7,31,Monsoon
2026-07-30,SITE004,Skid Steer Loader,3,7,31,Monsoon
2026-07-30,SITE004,Road Roller,5,7,31,Monsoon
2026-07-30,SITE004,Dump Truck,5,7,31,Monsoon
2026-07-30,SITE004,Forklift,3,7,31,Monsoon
2026-07-30,SITE005,Excavator,4,7,31,Monsoon
2026-07-30,SITE005,Bulldozer,1,7,31,Monsoon
2026-07-30,SITE005,Wheel Loader,3,7,31,Monsoon
2026-07-30,SITE005,Motor Grader,1,7,31,Monsoon
2026-07-30,SITE005,Backhoe Loader,2,7,31,Monsoon
2026-07-30,SITE005,Skid Steer Loader,0,7,31,Monsoon
2026-07-30,SITE005,Road Roller,3,7,31,Monsoon
2026-07-30,SITE005,Dump Truck,1,7,31,Monsoon
2026-07-30,SITE005,Forklift,1,7,31,Monsoon
2026-07-30,SITE006,Excavator,3,7,31,Monsoon
2026-07-30,SITE006,Bulldozer,1,7,31,Monsoon
2026-07-30,SITE006,Wheel Loader,3,7,31,Monsoon
2026-07-30,SITE006,Motor Grader,3,7,31,Monsoon
2026-07-30,SITE006,Backhoe Loader,3,7,31,Monsoon
2026-07-30,SITE006,Skid Steer Loader,1,7,31,Monsoon
2026-07-30,SITE006,Road Roller,0,7,31,Monsoon
2026-07-30,SITE006,Dump Truck,4,7,31,Monsoon
2026-07-30,SITE006,Forklift,1,7,31,Monsoon
2026-07-30,SITE007,Excavator,7,7,31,Monsoon
2026-07-30,SITE007,Bulldozer,1,7,31,Monsoon
2026-07-30,SITE007,Wheel Loader,4,7,31,Monsoon
2026-07-30,SITE007,Motor Grader,4,7,31,Monsoon
2026-07-30,SITE007,Backhoe Loader,4,7,31,Monsoon
2026-07-30,SITE007,Skid Steer Loader,4,7,31,Monsoon
2026-07-30,SITE007,Road Roller,1,7,31,Monsoon
2026-07-30,SITE007,Dump Truck,1,7,31,Monsoon
2026-07-30,SITE007,Forklift,4,7,31,Monsoon
2026-07-30,SITE008,Excavator,3,7,31,Monsoon
2026-07-30,SITE008,Bulldozer,1,7,31,Monsoon
2026-07-30,SITE008,Wheel Loader,1,7,31,Monsoon
2026-07-30,SITE008,Motor Grader,4,7,31,Monsoon
2026-07-30,SITE008,Backhoe Loader,2,7,31,Monsoon
2026-07-30,SITE008,Skid Steer Loader,2,7,31,Monsoon
2026-07-30,SITE008,Road Roller,0,7,31,Monsoon
2026-07-30,SITE008,Dump Truck,6,7,31,Monsoon
2026-07-30,SITE008,Forklift,2,7,31,Monsoon
2026-07-30,SITE009,Excavator,6,7,31,Monsoon
2026-07-30,SITE009,Bulldozer,2,7,31,Monsoon
2026-07-30,SITE009,Wheel Loader,3,7,31,Monsoon
2026-07-30,SITE009,Motor Grader,4,7,31,Monsoon
2026-07-30,SITE009,Backhoe Loader,1,7,31,Monsoon
2026-07-30,SITE009,Skid Steer Loader,2,7,31,Monsoon
2026-07-30,SITE009,Road Roller,1,7,31,Monsoon
2026-07-30,SITE009,Dump Truck,2,7,31,Monsoon
2026-07-30,SITE009,Forklift,1,7,31,Monsoon
2026-07-30,SITE010,Excavator,5,7,31,Monsoon
2026-07-30,SITE010,Bulldozer,4,7,31,Monsoon
2026-07-30,SITE010,Wheel Loader,3,7,31,Monsoon
2026-07-30,SITE010,Motor Grader,2,7,31,Monsoon
2026-07-30,SITE010,Backhoe Loader,2,7,31,Monsoon
2026-07-30,SITE010,Skid Steer Loader,1,7,31,Monsoon
2026-07-30,SITE010,Road Roller,3,7,31,Monsoon
2026-07-30,SITE010,Dump Truck,1,7,31,Monsoon
2026-07-30,SITE010,Forklift,3,7,31,Monsoon
2026-07-30,SITE011,Excavator,3,7,31,Monsoon
2026-07-30,SITE011,Bulldozer,0,7,31,Monsoon
2026-07-30,SITE011,Wheel Loader,4,7,31,Monsoon
2026-07-30,SITE011,Motor Grader,1,7,31,Monsoon
2026-07-30,SITE011,Backhoe Loader,0,7,31,Monsoon
2026-07-30,SITE011,Skid Steer Loader,1,7,31,Monsoon
2026-07-30,SITE011,Road Roller,3,7,31,Monsoon
2026-07-30,SITE011,Dump Truck,4,7,31,Monsoon
2026-07-30,SITE011,Forklift,2,7,31,Monsoon
2026-07-30,SITE012,Excavator,3,7,31,Monsoon
2026-07-30,SITE012,Bulldozer,2,7,31,Monsoon
2026-07-30,SITE012,Wheel Loader,2,7,31,Monsoon
2026-07-30,SITE012,Motor Grader,2,7,31,Monsoon
2026-07-30,SITE012,Backhoe Loader,3,7,31,Monsoon
2026-07-30,SITE012,Skid Steer Loader,1,7,31,Monsoon
2026-07-30,SITE012,Road Roller,1,7,31,Monsoon
2026-07-30,SITE012,Dump Truck,1,7,31,Monsoon
2026-07-30,SITE012,Forklift,2,7,31,Monsoon
2026-07-30,SITE013,Excavator,6,7,31,Monsoon
2026-07-30,SITE013,Bulldozer,2,7,31,Monsoon
2026-07-30,SITE013,Wheel Loader,3,7,31,Monsoon
2026-07-30,SITE013,Motor Grader,3,7,31,Monsoon
2026-07-30,SITE013,Backhoe Loader,3,7,31,Monsoon
2026-07-30,SITE013,Skid Steer Loader,4,7,31,Monsoon
2026-07-30,SITE013,Road Roller,1,7,31,Monsoon
2026-07-30,SITE013,Dump Truck,1,7,31,Monsoon
2026-07-30,SITE013,Forklift,2,7,31,Monsoon
2026-07-30,SITE014,Excavator,2,7,31,Monsoon
2026-07-30,SITE014,Bulldozer,0,7,31,Monsoon
2026-07-30,SITE014,Wheel Loader,3,7,31,Monsoon
2026-07-30,SITE014,Motor Grader,0,7,31,Monsoon
2026-07-30,SITE014,Backhoe Loader,1,7,31,Monsoon
2026-07-30,SITE014,Skid Steer Loader,2,7,31,Monsoon
2026-07-30,SITE014,Road Roller,2,7,31,Monsoon
2026-07-30,SITE014,Dump Truck,2,7,31,Monsoon
2026-07-30,SITE014,Forklift,2,7,31,Monsoon
2026-07-30,SITE015,Excavator,3,7,31,Monsoon
2026-07-30,SITE015,Bulldozer,5,7,31,Monsoon
2026-07-30,SITE015,Wheel Loader,2,7,31,Monsoon
2026-07-30,SITE015,Motor Grader,2,7,31,Monsoon
2026-07-30,SITE015,Backhoe Loader,4,7,31,Monsoon
2026-07-30,SITE015,Skid Steer Loader,2,7,31,Monsoon
2026-07-30,SITE015,Road Roller,0,7,31,Monsoon
2026-07-30,SITE015,Dump Truck,1,7,31,Monsoon
2026-07-30,SITE015,Forklift,1,7,31,Monsoon
2026-07-30,SITE016,Excavator,2,7,31,Monsoon
2026-07-30,SITE016,Bulldozer,3,7,31,Monsoon
2026-07-30,SITE016,Wheel Loader,2,7,31,Monsoon
2026-07-30,SITE016,Motor Grader,2,7,31,Monsoon
2026-07-30,SITE016,Backhoe Loader,2,7,31,Monsoon
2026-07-30,SITE016,Skid Steer Loader,3,7,31,Monsoon
2026-07-30,SITE016,Road Roller,1,7,31,Monsoon
2026-07-30,SITE016,Dump Truck,6,7,31,Monsoon
2026-07-30,SITE016,Forklift,2,7,31,Monsoon
2026-07-30,SITE017,Excavator,2,7,31,Monsoon
2026-07-30,SITE017,Bulldozer,0,7,31,Monsoon
2026-07-30,SITE017,Wheel Loader,3,7,31,Monsoon
2026-07-30,SITE017,Motor Grader,1,7,31,Monsoon
2026-07-30,SITE017,Backhoe Loader,2,7,31,Monsoon
2026-07-30,SITE017,Skid Steer Loader,2,7,31,Monsoon
2026-07-30,SITE017,Road Roller,1,7,31,Monsoon
2026-07-30,SITE017,Dump Truck,1,7,31,Monsoon
2026-07-30,SITE017,Forklift,4,7,31,Monsoon
2026-07-30,SITE018,Excavator,4,7,31,Monsoon
2026-07-30,SITE018,Bulldozer,5,7,31,Monsoon
2026-07-30,SITE018,Wheel Loader,5,7,31,Monsoon
2026-07-30,SITE018,Motor Grader,0,7,31,Monsoon
2026-07-30,SITE018,Backhoe Loader,2,7,31,Monsoon
2026-07-30,SITE018,Skid Steer Loader,1,7,31,Monsoon
2026-07-30,SITE018,Road Roller,2,7,31,Monsoon
2026-07-30,SITE018,Dump Truck,3,7,31,Monsoon
2026-07-30,SITE018,Forklift,2,7,31,Monsoon
2026-07-30,SITE019,Excavator,6,7,31,Monsoon
2026-07-30,SITE019,Bulldozer,1,7,31,Monsoon
2026-07-30,SITE019,Wheel Loader,1,7,31,Monsoon
2026-07-30,SITE019,Motor Grader,4,7,31,Monsoon
2026-07-30,SITE019,Backhoe Loader,2,7,31,Monsoon
2026-07-30,SITE019,Skid Steer Loader,2,7,31,Monsoon
2026-07-30,SITE019,Road Roller,4,7,31,Monsoon
2026-07-30,SITE019,Dump Truck,3,7,31,Monsoon
2026-07-30,SITE019,Forklift,1,7,31,Monsoon
2026-07-30,SITE020,Excavator,3,7,31,Monsoon
2026-07-30,SITE020,Bulldozer,2,7,31,Monsoon
2026-07-30,SITE020,Wheel Loader,4,7,31,Monsoon
2026-07-30,SITE020,Motor Grader,0,7,31,Monsoon
2026-07-30,SITE020,Backhoe Loader,3,7,31,Monsoon
2026-07-30,SITE020,Skid Steer Loader,2,7,31,Monsoon
2026-07-30,SITE020,Road Roller,3,7,31,Monsoon
2026-07-30,SITE020,Dump Truck,1,7,31,Monsoon
2026-07-30,SITE020,Forklift,3,7,31,Monsoon
2026-07-31,SITE001,Excavator,5,7,31,Monsoon
2026-07-31,SITE001,Bulldozer,1,7,31,Monsoon
2026-07-31,SITE001,Wheel Loader,1,7,31,Monsoon
2026-07-31,SITE001,Motor Grader,2,7,31,Monsoon
2026-07-31,SITE001,Backhoe Loader,0,7,31,Monsoon
2026-07-31,SITE001,Skid Steer Loader,1,7,31,Monsoon
2026-07-31,SITE001,Road Roller,1,7,31,Monsoon
2026-07-31,SITE001,Dump Truck,2,7,31,Monsoon
2026-07-31,SITE001,Forklift,3,7,31,Monsoon
2026-07-31,SITE002,Excavator,1,7,31,Monsoon
2026-07-31,SITE002,Bulldozer,1,7,31,Monsoon
2026-07-31,SITE002,Wheel Loader,1,7,31,Monsoon
2026-07-31,SITE002,Motor Grader,2,7,31,Monsoon
2026-07-31,SITE002,Backhoe Loader,2,7,31,Monsoon
2026-07-31,SITE002,Skid Steer Loader,1,7,31,Monsoon
2026-07-31,SITE002,Road Roller,5,7,31,Monsoon
2026-07-31,SITE002,Dump Truck,2,7,31,Monsoon
2026-07-31,SITE002,Forklift,2,7,31,Monsoon
2026-07-31,SITE003,Excavator,5,7,31,Monsoon
2026-07-31,SITE003,Bulldozer,1,7,31,Monsoon
2026-07-31,SITE003,Wheel Loader,3,7,31,Monsoon
2026-07-31,SITE003,Motor Grader,0,7,31,Monsoon
2026-07-31,SITE003,Backhoe Loader,4,7,31,Monsoon
2026-07-31,SITE003,Skid Steer Loader,2,7,31,Monsoon
2026-07-31,SITE003,Road Roller,1,7,31,Monsoon
2026-07-31,SITE003,Dump Truck,3,7,31,Monsoon
2026-07-31,SITE003,Forklift,1,7,31,Monsoon
2026-07-31,SITE004,Excavator,3,7,31,Monsoon
2026-07-31,SITE004,Bulldozer,0,7,31,Monsoon
2026-07-31,SITE004,Wheel Loader,2,7,31,Monsoon
2026-07-31,SITE004,Motor Grader,2,7,31,Monsoon
2026-07-31,SITE004,Backhoe Loader,0,7,31,Monsoon
2026-07-31,SITE004,Skid Steer Loader,2,7,31,Monsoon
2026-07-31,SITE004,Road Roller,0,7,31,Monsoon
2026-07-31,SITE004,Dump Truck,4,7,31,Monsoon
2026-07-31,SITE004,Forklift,3,7,31,Monsoon
2026-07-31,SITE005,Excavator,5,7,31,Monsoon
2026-07-31,SITE005,Bulldozer,1,7,31,Monsoon
2026-07-31,SITE005,Wheel Loader,2,7,31,Monsoon
2026-07-31,SITE005,Motor Grader,0,7,31,Monsoon
2026-07-31,SITE005,Backhoe Loader,1,7,31,Monsoon
2026-07-31,SITE005,Skid Steer Loader,1,7,31,Monsoon
2026-07-31,SITE005,Road Roller,2,7,31,Monsoon
2026-07-31,SITE005,Dump Truck,2,7,31,Monsoon
2026-07-31,SITE005,Forklift,2,7,31,Monsoon
2026-07-31,SITE006,Excavator,6,7,31,Monsoon
2026-07-31,SITE006,Bulldozer,3,7,31,Monsoon
2026-07-31,SITE006,Wheel Loader,1,7,31,Monsoon
2026-07-31,SITE006,Motor Grader,1,7,31,Monsoon
2026-07-31,SITE006,Backhoe Loader,0,7,31,Monsoon
2026-07-31,SITE006,Skid Steer Loader,2,7,31,Monsoon
2026-07-31,SITE006,Road Roller,0,7,31,Monsoon
2026-07-31,SITE006,Dump Truck,4,7,31,Monsoon
2026-07-31,SITE006,Forklift,1,7,31,Monsoon
2026-07-31,SITE007,Excavator,5,7,31,Monsoon
2026-07-31,SITE007,Bulldozer,4,7,31,Monsoon
2026-07-31,SITE007,Wheel Loader,1,7,31,Monsoon
2026-07-31,SITE007,Motor Grader,2,7,31,Monsoon
2026-07-31,SITE007,Backhoe Loader,0,7,31,Monsoon
2026-07-31,SITE007,Skid Steer Loader,0,7,31,Monsoon
2026-07-31,SITE007,Road Roller,3,7,31,Monsoon
2026-07-31,SITE007,Dump Truck,1,7,31,Monsoon
2026-07-31,SITE007,Forklift,1,7,31,Monsoon
2026-07-31,SITE008,Excavator,4,7,31,Monsoon
2026-07-31,SITE008,Bulldozer,2,7,31,Monsoon
2026-07-31,SITE008,Wheel Loader,1,7,31,Monsoon
2026-07-31,SITE008,Motor Grader,2,7,31,Monsoon
2026-07-31,SITE008,Backhoe Loader,3,7,31,Monsoon
2026-07-31,SITE008,Skid Steer Loader,2,7,31,Monsoon
2026-07-31,SITE008,Road Roller,1,7,31,Monsoon
2026-07-31,SITE008,Dump Truck,4,7,31,Monsoon
2026-07-31,SITE008,Forklift,1,7,31,Monsoon
2026-07-31,SITE009,Excavator,5,7,31,Monsoon
2026-07-31,SITE009,Bulldozer,1,7,31,Monsoon
2026-07-31,SITE009,Wheel Loader,0,7,31,Monsoon
2026-07-31,SITE009,Motor Grader,1,7,31,Monsoon
2026-07-31,SITE009,Backhoe Loader,1,7,31,Monsoon
2026-07-31,SITE009,Skid Steer Loader,0,7,31,Monsoon
2026-07-31,SITE009,Road Roller,3,7,31,Monsoon
2026-07-31,SITE009,Dump Truck,0,7,31,Monsoon
2026-07-31,SITE009,Forklift,3,7,31,Monsoon
2026-07-31,SITE010,Excavator,4,7,31,Monsoon
2026-07-31,SITE010,Bulldozer,3,7,31,Monsoon
2026-07-31,SITE010,Wheel Loader,0,7,31,Monsoon
2026-07-31,SITE010,Motor Grader,0,7,31,Monsoon
2026-07-31,SITE010,Backhoe Loader,0,7,31,Monsoon
2026-07-31,SITE010,Skid Steer Loader,0,7,31,Monsoon
2026-07-31,SITE010,Road Roller,2,7,31,Monsoon
2026-07-31,SITE010,Dump Truck,2,7,31,Monsoon
2026-07-31,SITE010,Forklift,0,7,31,Monsoon
2026-07-31,SITE011,Excavator,4,7,31,Monsoon
2026-07-31,SITE011,Bulldozer,3,7,31,Monsoon
2026-07-31,SITE011,Wheel Loader,2,7,31,Monsoon
2026-07-31,SITE011,Motor Grader,3,7,31,Monsoon
2026-07-31,SITE011,Backhoe Loader,1,7,31,Monsoon
2026-07-31,SITE011,Skid Steer Loader,3,7,31,Monsoon
2026-07-31,SITE011,Road Roller,3,7,31,Monsoon
2026-07-31,SITE011,Dump Truck,1,7,31,Monsoon
2026-07-31,SITE011,Forklift,4,7,31,Monsoon
2026-07-31,SITE012,Excavator,2,7,31,Monsoon
2026-07-31,SITE012,Bulldozer,1,7,31,Monsoon
2026-07-31,SITE012,Wheel Loader,1,7,31,Monsoon
2026-07-31,SITE012,Motor Grader,2,7,31,Monsoon
2026-07-31,SITE012,Backhoe Loader,2,7,31,Monsoon
2026-07-31,SITE012,Skid Steer Loader,3,7,31,Monsoon
2026-07-31,SITE012,Road Roller,2,7,31,Monsoon
2026-07-31,SITE012,Dump Truck,2,7,31,Monsoon
2026-07-31,SITE012,Forklift,3,7,31,Monsoon
2026-07-31,SITE013,Excavator,4,7,31,Monsoon
2026-07-31,SITE013,Bulldozer,2,7,31,Monsoon
2026-07-31,SITE013,Wheel Loader,0,7,31,Monsoon
2026-07-31,SITE013,Motor Grader,3,7,31,Monsoon
2026-07-31,SITE013,Backhoe Loader,1,7,31,Monsoon
2026-07-31,SITE013,Skid Steer Loader,1,7,31,Monsoon
2026-07-31,SITE013,Road Roller,1,7,31,Monsoon
2026-07-31,SITE013,Dump Truck,2,7,31,Monsoon
2026-07-31,SITE013,Forklift,4,7,31,Monsoon
2026-07-31,SITE014,Excavator,7,7,31,Monsoon
2026-07-31,SITE014,Bulldozer,1,7,31,Monsoon
2026-07-31,SITE014,Wheel Loader,1,7,31,Monsoon
2026-07-31,SITE014,Motor Grader,3,7,31,Monsoon
2026-07-31,SITE014,Backhoe Loader,4,7,31,Monsoon
2026-07-31,SITE014,Skid Steer Loader,2,7,31,Monsoon
2026-07-31,SITE014,Road Roller,1,7,31,Monsoon
2026-07-31,SITE014,Dump Truck,3,7,31,Monsoon
2026-07-31,SITE014,Forklift,1,7,31,Monsoon
2026-07-31,SITE015,Excavator,5,7,31,Monsoon
2026-07-31,SITE015,Bulldozer,1,7,31,Monsoon
2026-07-31,SITE015,Wheel Loader,4,7,31,Monsoon
2026-07-31,SITE015,Motor Grader,0,7,31,Monsoon
2026-07-31,SITE015,Backhoe Loader,3,7,31,Monsoon
2026-07-31,SITE015,Skid Steer Loader,3,7,31,Monsoon
2026-07-31,SITE015,Road Roller,0,7,31,Monsoon
2026-07-31,SITE015,Dump Truck,4,7,31,Monsoon
2026-07-31,SITE015,Forklift,2,7,31,Monsoon
2026-07-31,SITE016,Excavator,9,7,31,Monsoon
2026-07-31,SITE016,Bulldozer,0,7,31,Monsoon
2026-07-31,SITE016,Wheel Loader,3,7,31,Monsoon
2026-07-31,SITE016,Motor Grader,1,7,31,Monsoon
2026-07-31,SITE016,Backhoe Loader,3,7,31,Monsoon
2026-07-31,SITE016,Skid Steer Loader,4,7,31,Monsoon
2026-07-31,SITE016,Road Roller,0,7,31,Monsoon
2026-07-31,SITE016,Dump Truck,2,7,31,Monsoon
2026-07-31,SITE016,Forklift,3,7,31,Monsoon
2026-07-31,SITE017,Excavator,2,7,31,Monsoon
2026-07-31,SITE017,Bulldozer,3,7,31,Monsoon
2026-07-31,SITE017,Wheel Loader,1,7,31,Monsoon
2026-07-31,SITE017,Motor Grader,3,7,31,Monsoon
2026-07-31,SITE017,Backhoe Loader,3,7,31,Monsoon
2026-07-31,SITE017,Skid Steer Loader,1,7,31,Monsoon
2026-07-31,SITE017,Road Roller,0,7,31,Monsoon
2026-07-31,SITE017,Dump Truck,2,7,31,Monsoon
2026-07-31,SITE017,Forklift,4,7,31,Monsoon
2026-07-31,SITE018,Excavator,3,7,31,Monsoon
2026-07-31,SITE018,Bulldozer,3,7,31,Monsoon
2026-07-31,SITE018,Wheel Loader,0,7,31,Monsoon
2026-07-31,SITE018,Motor Grader,1,7,31,Monsoon
2026-07-31,SITE018,Backhoe Loader,1,7,31,Monsoon
2026-07-31,SITE018,Skid Steer Loader,1,7,31,Monsoon
2026-07-31,SITE018,Road Roller,1,7,31,Monsoon
2026-07-31,SITE018,Dump Truck,2,7,31,Monsoon
2026-07-31,SITE018,Forklift,3,7,31,Monsoon
2026-07-31,SITE019,Excavator,5,7,31,Monsoon
2026-07-31,SITE019,Bulldozer,2,7,31,Monsoon
2026-07-31,SITE019,Wheel Loader,2,7,31,Monsoon
2026-07-31,SITE019,Motor Grader,4,7,31,Monsoon
2026-07-31,SITE019,Backhoe Loader,0,7,31,Monsoon
2026-07-31,SITE019,Skid Steer Loader,1,7,31,Monsoon
2026-07-31,SITE019,Road Roller,2,7,31,Monsoon
2026-07-31,SITE019,Dump Truck,3,7,31,Monsoon
2026-07-31,SITE019,Forklift,3,7,31,Monsoon
2026-07-31,SITE020,Excavator,4,7,31,Monsoon
2026-07-31,SITE020,Bulldozer,2,7,31,Monsoon
2026-07-31,SITE020,Wheel Loader,3,7,31,Monsoon
2026-07-31,SITE020,Motor Grader,0,7,31,Monsoon
2026-07-31,SITE020,Backhoe Loader,0,7,31,Monsoon
2026-07-31,SITE020,Skid Steer Loader,3,7,31,Monsoon
2026-07-31,SITE020,Road Roller,3,7,31,Monsoon
2026-07-31,SITE020,Dump Truck,3,7,31,Monsoon
2026-07-31,SITE020,Forklift,2,7,31,Monsoon
2026-08-01,SITE001,Excavator,3,8,31,Monsoon
2026-08-01,SITE001,Bulldozer,2,8,31,Monsoon
2026-08-01,SITE001,Wheel Loader,1,8,31,Monsoon
2026-08-01,SITE001,Motor Grader,2,8,31,Monsoon
2026-08-01,SITE001,Backhoe Loader,1,8,31,Monsoon
2026-08-01,SITE001,Skid Steer Loader,1,8,31,Monsoon
2026-08-01,SITE001,Road Roller,5,8,31,Monsoon
2026-08-01,SITE001,Dump Truck,0,8,31,Monsoon
2026-08-01,SITE001,Forklift,2,8,31,Monsoon
2026-08-01,SITE002,Excavator,3,8,31,Monsoon
2026-08-01,SITE002,Bulldozer,1,8,31,Monsoon
2026-08-01,SITE002,Wheel Loader,3,8,31,Monsoon
2026-08-01,SITE002,Motor Grader,2,8,31,Monsoon
2026-08-01,SITE002,Backhoe Loader,2,8,31,Monsoon
2026-08-01,SITE002,Skid Steer Loader,0,8,31,Monsoon
2026-08-01,SITE002,Road Roller,2,8,31,Monsoon
2026-08-01,SITE002,Dump Truck,2,8,31,Monsoon
2026-08-01,SITE002,Forklift,0,8,31,Monsoon
2026-08-01,SITE003,Excavator,4,8,31,Monsoon
2026-08-01,SITE003,Bulldozer,3,8,31,Monsoon
2026-08-01,SITE003,Wheel Loader,2,8,31,Monsoon
2026-08-01,SITE003,Motor Grader,0,8,31,Monsoon
2026-08-01,SITE003,Backhoe Loader,2,8,31,Monsoon
2026-08-01,SITE003,Skid Steer Loader,1,8,31,Monsoon
2026-08-01,SITE003,Road Roller,4,8,31,Monsoon
2026-08-01,SITE003,Dump Truck,2,8,31,Monsoon
2026-08-01,SITE003,Forklift,2,8,31,Monsoon
2026-08-01,SITE004,Excavator,9,8,31,Monsoon
2026-08-01,SITE004,Bulldozer,0,8,31,Monsoon
2026-08-01,SITE004,Wheel Loader,2,8,31,Monsoon
2026-08-01,SITE004,Motor Grader,2,8,31,Monsoon
2026-08-01,SITE004,Backhoe Loader,1,8,31,Monsoon
2026-08-01,SITE004,Skid Steer Loader,0,8,31,Monsoon
2026-08-01,SITE004,Road Roller,4,8,31,Monsoon
2026-08-01,SITE004,Dump Truck,1,8,31,Monsoon
2026-08-01,SITE004,Forklift,2,8,31,Monsoon
2026-08-01,SITE005,Excavator,7,8,31,Monsoon
2026-08-01,SITE005,Bulldozer,0,8,31,Monsoon
2026-08-01,SITE005,Wheel Loader,0,8,31,Monsoon
2026-08-01,SITE005,Motor Grader,3,8,31,Monsoon
2026-08-01,SITE005,Backhoe Loader,2,8,31,Monsoon
2026-08-01,SITE005,Skid Steer Loader,4,8,31,Monsoon
2026-08-01,SITE005,Road Roller,0,8,31,Monsoon
2026-08-01,SITE005,Dump Truck,3,8,31,Monsoon
2026-08-01,SITE005,Forklift,0,8,31,Monsoon
2026-08-01,SITE006,Excavator,5,8,31,Monsoon
2026-08-01,SITE006,Bulldozer,0,8,31,Monsoon
2026-08-01,SITE006,Wheel Loader,1,8,31,Monsoon
2026-08-01,SITE006,Motor Grader,2,8,31,Monsoon
2026-08-01,SITE006,Backhoe Loader,4,8,31,Monsoon
2026-08-01,SITE006,Skid Steer Loader,2,8,31,Monsoon
2026-08-01,SITE006,Road Roller,2,8,31,Monsoon
2026-08-01,SITE006,Dump Truck,5,8,31,Monsoon
2026-08-01,SITE006,Forklift,3,8,31,Monsoon
2026-08-01,SITE007,Excavator,3,8,31,Monsoon
2026-08-01,SITE007,Bulldozer,6,8,31,Monsoon
2026-08-01,SITE007,Wheel Loader,3,8,31,Monsoon
2026-08-01,SITE007,Motor Grader,0,8,31,Monsoon
2026-08-01,SITE007,Backhoe Loader,1,8,31,Monsoon
2026-08-01,SITE007,Skid Steer Loader,3,8,31,Monsoon
2026-08-01,SITE007,Road Roller,5,8,31,Monsoon
2026-08-01,SITE007,Dump Truck,5,8,31,Monsoon
2026-08-01,SITE007,Forklift,0,8,31,Monsoon
2026-08-01,SITE008,Excavator,2,8,31,Monsoon
2026-08-01,SITE008,Bulldozer,4,8,31,Monsoon
2026-08-01,SITE008,Wheel Loader,2,8,31,Monsoon
2026-08-01,SITE008,Motor Grader,2,8,31,Monsoon
2026-08-01,SITE008,Backhoe Loader,1,8,31,Monsoon
2026-08-01,SITE008,Skid Steer Loader,2,8,31,Monsoon
2026-08-01,SITE008,Road Roller,1,8,31,Monsoon
2026-08-01,SITE008,Dump Truck,1,8,31,Monsoon
2026-08-01,SITE008,Forklift,5,8,31,Monsoon
2026-08-01,SITE009,Excavator,1,8,31,Monsoon
2026-08-01,SITE009,Bulldozer,1,8,31,Monsoon
2026-08-01,SITE009,Wheel Loader,0,8,31,Monsoon
2026-08-01,SITE009,Motor Grader,0,8,31,Monsoon
2026-08-01,SITE009,Backhoe Loader,3,8,31,Monsoon
2026-08-01,SITE009,Skid Steer Loader,0,8,31,Monsoon
2026-08-01,SITE009,Road Roller,3,8,31,Monsoon
2026-08-01,SITE009,Dump Truck,2,8,31,Monsoon
2026-08-01,SITE009,Forklift,1,8,31,Monsoon
2026-08-01,SITE010,Excavator,4,8,31,Monsoon
2026-08-01,SITE010,Bulldozer,1,8,31,Monsoon
2026-08-01,SITE010,Wheel Loader,1,8,31,Monsoon
2026-08-01,SITE010,Motor Grader,3,8,31,Monsoon
2026-08-01,SITE010,Backhoe Loader,2,8,31,Monsoon
2026-08-01,SITE010,Skid Steer Loader,1,8,31,Monsoon
2026-08-01,SITE010,Road Roller,1,8,31,Monsoon
2026-08-01,SITE010,Dump Truck,1,8,31,Monsoon
2026-08-01,SITE010,Forklift,1,8,31,Monsoon
2026-08-01,SITE011,Excavator,1,8,31,Monsoon
2026-08-01,SITE011,Bulldozer,1,8,31,Monsoon
2026-08-01,SITE011,Wheel Loader,2,8,31,Monsoon
2026-08-01,SITE011,Motor Grader,4,8,31,Monsoon
2026-08-01,SITE011,Backhoe Loader,2,8,31,Monsoon
2026-08-01,SITE011,Skid Steer Loader,3,8,31,Monsoon
2026-08-01,SITE011,Road Roller,1,8,31,Monsoon
2026-08-01,SITE011,Dump Truck,1,8,31,Monsoon
2026-08-01,SITE011,Forklift,2,8,31,Monsoon
2026-08-01,SITE012,Excavator,1,8,31,Monsoon
2026-08-01,SITE012,Bulldozer,0,8,31,Monsoon
2026-08-01,SITE012,Wheel Loader,2,8,31,Monsoon
2026-08-01,SITE012,Motor Grader,2,8,31,Monsoon
2026-08-01,SITE012,Backhoe Loader,1,8,31,Monsoon
2026-08-01,SITE012,Skid Steer Loader,2,8,31,Monsoon
2026-08-01,SITE012,Road Roller,3,8,31,Monsoon
2026-08-01,SITE012,Dump Truck,5,8,31,Monsoon
2026-08-01,SITE012,Forklift,1,8,31,Monsoon
2026-08-01,SITE013,Excavator,6,8,31,Monsoon
2026-08-01,SITE013,Bulldozer,0,8,31,Monsoon
2026-08-01,SITE013,Wheel Loader,0,8,31,Monsoon
2026-08-01,SITE013,Motor Grader,1,8,31,Monsoon
2026-08-01,SITE013,Backhoe Loader,1,8,31,Monsoon
2026-08-01,SITE013,Skid Steer Loader,4,8,31,Monsoon
2026-08-01,SITE013,Road Roller,2,8,31,Monsoon
2026-08-01,SITE013,Dump Truck,1,8,31,Monsoon
2026-08-01,SITE013,Forklift,1,8,31,Monsoon
2026-08-01,SITE014,Excavator,5,8,31,Monsoon
2026-08-01,SITE014,Bulldozer,1,8,31,Monsoon
2026-08-01,SITE014,Wheel Loader,2,8,31,Monsoon
2026-08-01,SITE014,Motor Grader,5,8,31,Monsoon
2026-08-01,SITE014,Backhoe Loader,1,8,31,Monsoon
2026-08-01,SITE014,Skid Steer Loader,3,8,31,Monsoon
2026-08-01,SITE014,Road Roller,1,8,31,Monsoon
2026-08-01,SITE014,Dump Truck,1,8,31,Monsoon
2026-08-01,SITE014,Forklift,3,8,31,Monsoon
2026-08-01,SITE015,Excavator,3,8,31,Monsoon
2026-08-01,SITE015,Bulldozer,1,8,31,Monsoon
2026-08-01,SITE015,Wheel Loader,2,8,31,Monsoon
2026-08-01,SITE015,Motor Grader,1,8,31,Monsoon
2026-08-01,SITE015,Backhoe Loader,2,8,31,Monsoon
2026-08-01,SITE015,Skid Steer Loader,3,8,31,Monsoon
2026-08-01,SITE015,Road Roller,1,8,31,Monsoon
2026-08-01,SITE015,Dump Truck,1,8,31,Monsoon
2026-08-01,SITE015,Forklift,3,8,31,Monsoon
2026-08-01,SITE016,Excavator,3,8,31,Monsoon
2026-08-01,SITE016,Bulldozer,3,8,31,Monsoon
2026-08-01,SITE016,Wheel Loader,2,8,31,Monsoon
2026-08-01,SITE016,Motor Grader,3,8,31,Monsoon
2026-08-01,SITE016,Backhoe Loader,4,8,31,Monsoon
2026-08-01,SITE016,Skid Steer Loader,0,8,31,Monsoon
2026-08-01,SITE016,Road Roller,2,8,31,Monsoon
2026-08-01,SITE016,Dump Truck,1,8,31,Monsoon
2026-08-01,SITE016,Forklift,2,8,31,Monsoon
2026-08-01,SITE017,Excavator,5,8,31,Monsoon
2026-08-01,SITE017,Bulldozer,4,8,31,Monsoon
2026-08-01,SITE017,Wheel Loader,0,8,31,Monsoon
2026-08-01,SITE017,Motor Grader,4,8,31,Monsoon
2026-08-01,SITE017,Backhoe Loader,3,8,31,Monsoon
2026-08-01,SITE017,Skid Steer Loader,3,8,31,Monsoon
2026-08-01,SITE017,Road Roller,4,8,31,Monsoon
2026-08-01,SITE017,Dump Truck,1,8,31,Monsoon
2026-08-01,SITE017,Forklift,3,8,31,Monsoon
2026-08-01,SITE018,Excavator,4,8,31,Monsoon
2026-08-01,SITE018,Bulldozer,2,8,31,Monsoon
2026-08-01,SITE018,Wheel Loader,3,8,31,Monsoon
2026-08-01,SITE018,Motor Grader,1,8,31,Monsoon
2026-08-01,SITE018,Backhoe Loader,3,8,31,Monsoon
2026-08-01,SITE018,Skid Steer Loader,4,8,31,Monsoon
2026-08-01,SITE018,Road Roller,0,8,31,Monsoon
2026-08-01,SITE018,Dump Truck,2,8,31,Monsoon
2026-08-01,SITE018,Forklift,2,8,31,Monsoon
2026-08-01,SITE019,Excavator,4,8,31,Monsoon
2026-08-01,SITE019,Bulldozer,2,8,31,Monsoon
2026-08-01,SITE019,Wheel Loader,1,8,31,Monsoon
2026-08-01,SITE019,Motor Grader,0,8,31,Monsoon
2026-08-01,SITE019,Backhoe Loader,1,8,31,Monsoon
2026-08-01,SITE019,Skid Steer Loader,1,8,31,Monsoon
2026-08-01,SITE019,Road Roller,2,8,31,Monsoon
2026-08-01,SITE019,Dump Truck,2,8,31,Monsoon
2026-08-01,SITE019,Forklift,2,8,31,Monsoon
2026-08-01,SITE020,Excavator,3,8,31,Monsoon
2026-08-01,SITE020,Bulldozer,1,8,31,Monsoon
2026-08-01,SITE020,Wheel Loader,3,8,31,Monsoon
2026-08-01,SITE020,Motor Grader,5,8,31,Monsoon
2026-08-01,SITE020,Backhoe Loader,4,8,31,Monsoon
2026-08-01,SITE020,Skid Steer Loader,3,8,31,Monsoon
2026-08-01,SITE020,Road Roller,1,8,31,Monsoon
2026-08-01,SITE020,Dump Truck,1,8,31,Monsoon
2026-08-01,SITE020,Forklift,3,8,31,Monsoon
2026-08-02,SITE001,Excavator,3,8,31,Monsoon
2026-08-02,SITE001,Bulldozer,1,8,31,Monsoon
2026-08-02,SITE001,Wheel Loader,1,8,31,Monsoon
2026-08-02,SITE001,Motor Grader,2,8,31,Monsoon
2026-08-02,SITE001,Backhoe Loader,4,8,31,Monsoon
2026-08-02,SITE001,Skid Steer Loader,2,8,31,Monsoon
2026-08-02,SITE001,Road Roller,1,8,31,Monsoon
2026-08-02,SITE001,Dump Truck,1,8,31,Monsoon
2026-08-02,SITE001,Forklift,3,8,31,Monsoon
2026-08-02,SITE002,Excavator,3,8,31,Monsoon
2026-08-02,SITE002,Bulldozer,2,8,31,Monsoon
2026-08-02,SITE002,Wheel Loader,3,8,31,Monsoon
2026-08-02,SITE002,Motor Grader,2,8,31,Monsoon
2026-08-02,SITE002,Backhoe Loader,2,8,31,Monsoon
2026-08-02,SITE002,Skid Steer Loader,2,8,31,Monsoon
2026-08-02,SITE002,Road Roller,1,8,31,Monsoon
2026-08-02,SITE002,Dump Truck,1,8,31,Monsoon
2026-08-02,SITE002,Forklift,1,8,31,Monsoon
2026-08-02,SITE003,Excavator,5,8,31,Monsoon
2026-08-02,SITE003,Bulldozer,3,8,31,Monsoon
2026-08-02,SITE003,Wheel Loader,0,8,31,Monsoon
2026-08-02,SITE003,Motor Grader,1,8,31,Monsoon
2026-08-02,SITE003,Backhoe Loader,2,8,31,Monsoon
2026-08-02,SITE003,Skid Steer Loader,1,8,31,Monsoon
2026-08-02,SITE003,Road Roller,3,8,31,Monsoon
2026-08-02,SITE003,Dump Truck,3,8,31,Monsoon
2026-08-02,SITE003,Forklift,0,8,31,Monsoon
2026-08-02,SITE004,Excavator,1,8,31,Monsoon
2026-08-02,SITE004,Bulldozer,2,8,31,Monsoon
2026-08-02,SITE004,Wheel Loader,2,8,31,Monsoon
2026-08-02,SITE004,Motor Grader,2,8,31,Monsoon
2026-08-02,SITE004,Backhoe Loader,2,8,31,Monsoon
2026-08-02,SITE004,Skid Steer Loader,4,8,31,Monsoon
2026-08-02,SITE004,Road Roller,3,8,31,Monsoon
2026-08-02,SITE004,Dump Truck,4,8,31,Monsoon
2026-08-02,SITE004,Forklift,4,8,31,Monsoon
2026-08-02,SITE005,Excavator,2,8,31,Monsoon
2026-08-02,SITE005,Bulldozer,0,8,31,Monsoon
2026-08-02,SITE005,Wheel Loader,0,8,31,Monsoon
2026-08-02,SITE005,Motor Grader,3,8,31,Monsoon
2026-08-02,SITE005,Backhoe Loader,1,8,31,Monsoon
2026-08-02,SITE005,Skid Steer Loader,3,8,31,Monsoon
2026-08-02,SITE005,Road Roller,2,8,31,Monsoon
2026-08-02,SITE005,Dump Truck,1,8,31,Monsoon
2026-08-02,SITE005,Forklift,3,8,31,Monsoon
2026-08-02,SITE006,Excavator,6,8,31,Monsoon
2026-08-02,SITE006,Bulldozer,2,8,31,Monsoon
2026-08-02,SITE006,Wheel Loader,1,8,31,Monsoon
2026-08-02,SITE006,Motor Grader,4,8,31,Monsoon
2026-08-02,SITE006,Backhoe Loader,3,8,31,Monsoon
2026-08-02,SITE006,Skid Steer Loader,2,8,31,Monsoon
2026-08-02,SITE006,Road Roller,4,8,31,Monsoon
2026-08-02,SITE006,Dump Truck,2,8,31,Monsoon
2026-08-02,SITE006,Forklift,2,8,31,Monsoon
2026-08-02,SITE007,Excavator,6,8,31,Monsoon
2026-08-02,SITE007,Bulldozer,4,8,31,Monsoon
2026-08-02,SITE007,Wheel Loader,0,8,31,Monsoon
2026-08-02,SITE007,Motor Grader,1,8,31,Monsoon
2026-08-02,SITE007,Backhoe Loader,1,8,31,Monsoon
2026-08-02,SITE007,Skid Steer Loader,5,8,31,Monsoon
2026-08-02,SITE007,Road Roller,2,8,31,Monsoon
2026-08-02,SITE007,Dump Truck,3,8,31,Monsoon
2026-08-02,SITE007,Forklift,1,8,31,Monsoon
2026-08-02,SITE008,Excavator,5,8,31,Monsoon
2026-08-02,SITE008,Bulldozer,1,8,31,Monsoon
2026-08-02,SITE008,Wheel Loader,8,8,31,Monsoon
2026-08-02,SITE008,Motor Grader,4,8,31,Monsoon
2026-08-02,SITE008,Backhoe Loader,3,8,31,Monsoon
2026-08-02,SITE008,Skid Steer Loader,3,8,31,Monsoon
2026-08-02,SITE008,Road Roller,3,8,31,Monsoon
2026-08-02,SITE008,Dump Truck,3,8,31,Monsoon
2026-08-02,SITE008,Forklift,3,8,31,Monsoon
2026-08-02,SITE009,Excavator,6,8,31,Monsoon
2026-08-02,SITE009,Bulldozer,2,8,31,Monsoon
2026-08-02,SITE009,Wheel Loader,1,8,31,Monsoon
2026-08-02,SITE009,Motor Grader,2,8,31,Monsoon
2026-08-02,SITE009,Backhoe Loader,4,8,31,Monsoon
2026-08-02,SITE009,Skid Steer Loader,2,8,31,Monsoon
2026-08-02,SITE009,Road Roller,2,8,31,Monsoon
2026-08-02,SITE009,Dump Truck,2,8,31,Monsoon
2026-08-02,SITE009,Forklift,3,8,31,Monsoon
2026-08-02,SITE010,Excavator,5,8,31,Monsoon
2026-08-02,SITE010,Bulldozer,3,8,31,Monsoon
2026-08-02,SITE010,Wheel Loader,1,8,31,Monsoon
2026-08-02,SITE010,Motor Grader,1,8,31,Monsoon
2026-08-02,SITE010,Backhoe Loader,0,8,31,Monsoon
2026-08-02,SITE010,Skid Steer Loader,1,8,31,Monsoon
2026-08-02,SITE010,Road Roller,2,8,31,Monsoon
2026-08-02,SITE010,Dump Truck,1,8,31,Monsoon
2026-08-02,SITE010,Forklift,2,8,31,Monsoon
2026-08-02,SITE011,Excavator,2,8,31,Monsoon
2026-08-02,SITE011,Bulldozer,2,8,31,Monsoon
2026-08-02,SITE011,Wheel Loader,1,8,31,Monsoon
2026-08-02,SITE011,Motor Grader,2,8,31,Monsoon
2026-08-02,SITE011,Backhoe Loader,1,8,31,Monsoon
2026-08-02,SITE011,Skid Steer Loader,1,8,31,Monsoon
2026-08-02,SITE011,Road Roller,1,8,31,Monsoon
2026-08-02,SITE011,Dump Truck,4,8,31,Monsoon
2026-08-02,SITE011,Forklift,3,8,31,Monsoon
2026-08-02,SITE012,Excavator,2,8,31,Monsoon
2026-08-02,SITE012,Bulldozer,3,8,31,Monsoon
2026-08-02,SITE012,Wheel Loader,2,8,31,Monsoon
2026-08-02,SITE012,Motor Grader,2,8,31,Monsoon
2026-08-02,SITE012,Backhoe Loader,4,8,31,Monsoon
2026-08-02,SITE012,Skid Steer Loader,0,8,31,Monsoon
2026-08-02,SITE012,Road Roller,3,8,31,Monsoon
2026-08-02,SITE012,Dump Truck,1,8,31,Monsoon
2026-08-02,SITE012,Forklift,2,8,31,Monsoon
2026-08-02,SITE013,Excavator,8,8,31,Monsoon
2026-08-02,SITE013,Bulldozer,3,8,31,Monsoon
2026-08-02,SITE013,Wheel Loader,5,8,31,Monsoon
2026-08-02,SITE013,Motor Grader,1,8,31,Monsoon
2026-08-02,SITE013,Backhoe Loader,4,8,31,Monsoon
2026-08-02,SITE013,Skid Steer Loader,2,8,31,Monsoon
2026-08-02,SITE013,Road Roller,1,8,31,Monsoon
2026-08-02,SITE013,Dump Truck,4,8,31,Monsoon
2026-08-02,SITE013,Forklift,4,8,31,Monsoon
2026-08-02,SITE014,Excavator,4,8,31,Monsoon
2026-08-02,SITE014,Bulldozer,1,8,31,Monsoon
2026-08-02,SITE014,Wheel Loader,0,8,31,Monsoon
2026-08-02,SITE014,Motor Grader,1,8,31,Monsoon
2026-08-02,SITE014,Backhoe Loader,1,8,31,Monsoon
2026-08-02,SITE014,Skid Steer Loader,2,8,31,Monsoon
2026-08-02,SITE014,Road Roller,3,8,31,Monsoon
2026-08-02,SITE014,Dump Truck,3,8,31,Monsoon
2026-08-02,SITE014,Forklift,0,8,31,Monsoon
2026-08-02,SITE015,Excavator,2,8,31,Monsoon
2026-08-02,SITE015,Bulldozer,1,8,31,Monsoon
2026-08-02,SITE015,Wheel Loader,2,8,31,Monsoon
2026-08-02,SITE015,Motor Grader,2,8,31,Monsoon
2026-08-02,SITE015,Backhoe Loader,0,8,31,Monsoon
2026-08-02,SITE015,Skid Steer Loader,0,8,31,Monsoon
2026-08-02,SITE015,Road Roller,2,8,31,Monsoon
2026-08-02,SITE015,Dump Truck,2,8,31,Monsoon
2026-08-02,SITE015,Forklift,1,8,31,Monsoon
2026-08-02,SITE016,Excavator,4,8,31,Monsoon
2026-08-02,SITE016,Bulldozer,0,8,31,Monsoon
2026-08-02,SITE016,Wheel Loader,1,8,31,Monsoon
2026-08-02,SITE016,Motor Grader,1,8,31,Monsoon
2026-08-02,SITE016,Backhoe Loader,1,8,31,Monsoon
2026-08-02,SITE016,Skid Steer Loader,3,8,31,Monsoon
2026-08-02,SITE016,Road Roller,5,8,31,Monsoon
2026-08-02,SITE016,Dump Truck,0,8,31,Monsoon
2026-08-02,SITE016,Forklift,0,8,31,Monsoon
2026-08-02,SITE017,Excavator,4,8,31,Monsoon
2026-08-02,SITE017,Bulldozer,3,8,31,Monsoon
2026-08-02,SITE017,Wheel Loader,2,8,31,Monsoon
2026-08-02,SITE017,Motor Grader,4,8,31,Monsoon
2026-08-02,SITE017,Backhoe Loader,2,8,31,Monsoon
2026-08-02,SITE017,Skid Steer Loader,0,8,31,Monsoon
2026-08-02,SITE017,Road Roller,4,8,31,Monsoon
2026-08-02,SITE017,Dump Truck,3,8,31,Monsoon
2026-08-02,SITE017,Forklift,3,8,31,Monsoon
2026-08-02,SITE018,Excavator,0,8,31,Monsoon
2026-08-02,SITE018,Bulldozer,4,8,31,Monsoon
2026-08-02,SITE018,Wheel Loader,5,8,31,Monsoon
2026-08-02,SITE018,Motor Grader,2,8,31,Monsoon
2026-08-02,SITE018,Backhoe Loader,1,8,31,Monsoon
2026-08-02,SITE018,Skid Steer Loader,3,8,31,Monsoon
2026-08-02,SITE018,Road Roller,3,8,31,Monsoon
2026-08-02,SITE018,Dump Truck,4,8,31,Monsoon
2026-08-02,SITE018,Forklift,2,8,31,Monsoon
2026-08-02,SITE019,Excavator,4,8,31,Monsoon
2026-08-02,SITE019,Bulldozer,1,8,31,Monsoon
2026-08-02,SITE019,Wheel Loader,3,8,31,Monsoon
2026-08-02,SITE019,Motor Grader,5,8,31,Monsoon
2026-08-02,SITE019,Backhoe Loader,2,8,31,Monsoon
2026-08-02,SITE019,Skid Steer Loader,4,8,31,Monsoon
2026-08-02,SITE019,Road Roller,1,8,31,Monsoon
2026-08-02,SITE019,Dump Truck,1,8,31,Monsoon
2026-08-02,SITE019,Forklift,2,8,31,Monsoon
2026-08-02,SITE020,Excavator,5,8,31,Monsoon
2026-08-02,SITE020,Bulldozer,2,8,31,Monsoon
2026-08-02,SITE020,Wheel Loader,5,8,31,Monsoon
2026-08-02,SITE020,Motor Grader,1,8,31,Monsoon
2026-08-02,SITE020,Backhoe Loader,2,8,31,Monsoon
2026-08-02,SITE020,Skid Steer Loader,1,8,31,Monsoon
2026-08-02,SITE020,Road Roller,4,8,31,Monsoon
2026-08-02,SITE020,Dump Truck,1,8,31,Monsoon
2026-08-02,SITE020,Forklift,2,8,31,Monsoon
2026-08-03,SITE001,Excavator,4,8,32,Monsoon
2026-08-03,SITE001,Bulldozer,1,8,32,Monsoon
2026-08-03,SITE001,Wheel Loader,5,8,32,Monsoon
2026-08-03,SITE001,Motor Grader,3,8,32,Monsoon
2026-08-03,SITE001,Backhoe Loader,1,8,32,Monsoon
2026-08-03,SITE001,Skid Steer Loader,3,8,32,Monsoon
2026-08-03,SITE001,Road Roller,1,8,32,Monsoon
2026-08-03,SITE001,Dump Truck,1,8,32,Monsoon
2026-08-03,SITE001,Forklift,3,8,32,Monsoon
2026-08-03,SITE002,Excavator,1,8,32,Monsoon
2026-08-03,SITE002,Bulldozer,3,8,32,Monsoon
2026-08-03,SITE002,Wheel Loader,0,8,32,Monsoon
2026-08-03,SITE002,Motor Grader,1,8,32,Monsoon
2026-08-03,SITE002,Backhoe Loader,3,8,32,Monsoon
2026-08-03,SITE002,Skid Steer Loader,0,8,32,Monsoon
2026-08-03,SITE002,Road Roller,5,8,32,Monsoon
2026-08-03,SITE002,Dump Truck,1,8,32,Monsoon
2026-08-03,SITE002,Forklift,4,8,32,Monsoon
2026-08-03,SITE003,Excavator,2,8,32,Monsoon
2026-08-03,SITE003,Bulldozer,1,8,32,Monsoon
2026-08-03,SITE003,Wheel Loader,0,8,32,Monsoon
2026-08-03,SITE003,Motor Grader,5,8,32,Monsoon
2026-08-03,SITE003,Backhoe Loader,3,8,32,Monsoon
2026-08-03,SITE003,Skid Steer Loader,3,8,32,Monsoon
2026-08-03,SITE003,Road Roller,3,8,32,Monsoon
2026-08-03,SITE003,Dump Truck,1,8,32,Monsoon
2026-08-03,SITE003,Forklift,1,8,32,Monsoon
2026-08-03,SITE004,Excavator,4,8,32,Monsoon
2026-08-03,SITE004,Bulldozer,2,8,32,Monsoon
2026-08-03,SITE004,Wheel Loader,1,8,32,Monsoon
2026-08-03,SITE004,Motor Grader,2,8,32,Monsoon
2026-08-03,SITE004,Backhoe Loader,1,8,32,Monsoon
2026-08-03,SITE004,Skid Steer Loader,2,8,32,Monsoon
2026-08-03,SITE004,Road Roller,2,8,32,Monsoon
2026-08-03,SITE004,Dump Truck,1,8,32,Monsoon
2026-08-03,SITE004,Forklift,2,8,32,Monsoon
2026-08-03,SITE005,Excavator,4,8,32,Monsoon
2026-08-03,SITE005,Bulldozer,5,8,32,Monsoon
2026-08-03,SITE005,Wheel Loader,1,8,32,Monsoon
2026-08-03,SITE005,Motor Grader,1,8,32,Monsoon
2026-08-03,SITE005,Backhoe Loader,3,8,32,Monsoon
2026-08-03,SITE005,Skid Steer Loader,4,8,32,Monsoon
2026-08-03,SITE005,Road Roller,2,8,32,Monsoon
2026-08-03,SITE005,Dump Truck,1,8,32,Monsoon
2026-08-03,SITE005,Forklift,3,8,32,Monsoon
2026-08-03,SITE006,Excavator,4,8,32,Monsoon
2026-08-03,SITE006,Bulldozer,4,8,32,Monsoon
2026-08-03,SITE006,Wheel Loader,1,8,32,Monsoon
2026-08-03,SITE006,Motor Grader,3,8,32,Monsoon
2026-08-03,SITE006,Backhoe Loader,4,8,32,Monsoon
2026-08-03,SITE006,Skid Steer Loader,3,8,32,Monsoon
2026-08-03,SITE006,Road Roller,2,8,32,Monsoon
2026-08-03,SITE006,Dump Truck,2,8,32,Monsoon
2026-08-03,SITE006,Forklift,0,8,32,Monsoon
2026-08-03,SITE007,Excavator,3,8,32,Monsoon
2026-08-03,SITE007,Bulldozer,4,8,32,Monsoon
2026-08-03,SITE007,Wheel Loader,3,8,32,Monsoon
2026-08-03,SITE007,Motor Grader,2,8,32,Monsoon
2026-08-03,SITE007,Backhoe Loader,5,8,32,Monsoon
2026-08-03,SITE007,Skid Steer Loader,5,8,32,Monsoon
2026-08-03,SITE007,Road Roller,1,8,32,Monsoon
2026-08-03,SITE007,Dump Truck,3,8,32,Monsoon
2026-08-03,SITE007,Forklift,1,8,32,Monsoon
2026-08-03,SITE008,Excavator,2,8,32,Monsoon
2026-08-03,SITE008,Bulldozer,3,8,32,Monsoon
2026-08-03,SITE008,Wheel Loader,1,8,32,Monsoon
2026-08-03,SITE008,Motor Grader,2,8,32,Monsoon
2026-08-03,SITE008,Backhoe Loader,0,8,32,Monsoon
2026-08-03,SITE008,Skid Steer Loader,2,8,32,Monsoon
2026-08-03,SITE008,Road Roller,2,8,32,Monsoon
2026-08-03,SITE008,Dump Truck,1,8,32,Monsoon
2026-08-03,SITE008,Forklift,1,8,32,Monsoon
2026-08-03,SITE009,Excavator,5,8,32,Monsoon
2026-08-03,SITE009,Bulldozer,3,8,32,Monsoon
2026-08-03,SITE009,Wheel Loader,2,8,32,Monsoon
2026-08-03,SITE009,Motor Grader,2,8,32,Monsoon
2026-08-03,SITE009,Backhoe Loader,1,8,32,Monsoon
2026-08-03,SITE009,Skid Steer Loader,2,8,32,Monsoon
2026-08-03,SITE009,Road Roller,0,8,32,Monsoon
2026-08-03,SITE009,Dump Truck,1,8,32,Monsoon
2026-08-03,SITE009,Forklift,0,8,32,Monsoon
2026-08-03,SITE010,Excavator,2,8,32,Monsoon
2026-08-03,SITE010,Bulldozer,2,8,32,Monsoon
2026-08-03,SITE010,Wheel Loader,0,8,32,Monsoon
2026-08-03,SITE010,Motor Grader,3,8,32,Monsoon
2026-08-03,SITE010,Backhoe Loader,2,8,32,Monsoon
2026-08-03,SITE010,Skid Steer Loader,3,8,32,Monsoon
2026-08-03,SITE010,Road Roller,0,8,32,Monsoon
2026-08-03,SITE010,Dump Truck,2,8,32,Monsoon
2026-08-03,SITE010,Forklift,1,8,32,Monsoon
2026-08-03,SITE011,Excavator,5,8,32,Monsoon
2026-08-03,SITE011,Bulldozer,2,8,32,Monsoon
2026-08-03,SITE011,Wheel Loader,3,8,32,Monsoon
2026-08-03,SITE011,Motor Grader,4,8,32,Monsoon
2026-08-03,SITE011,Backhoe Loader,1,8,32,Monsoon
2026-08-03,SITE011,Skid Steer Loader,0,8,32,Monsoon
2026-08-03,SITE011,Road Roller,2,8,32,Monsoon
2026-08-03,SITE011,Dump Truck,2,8,32,Monsoon
2026-08-03,SITE011,Forklift,1,8,32,Monsoon
2026-08-03,SITE012,Excavator,4,8,32,Monsoon
2026-08-03,SITE012,Bulldozer,4,8,32,Monsoon
2026-08-03,SITE012,Wheel Loader,0,8,32,Monsoon
2026-08-03,SITE012,Motor Grader,0,8,32,Monsoon
2026-08-03,SITE012,Backhoe Loader,5,8,32,Monsoon
2026-08-03,SITE012,Skid Steer Loader,3,8,32,Monsoon
2026-08-03,SITE012,Road Roller,1,8,32,Monsoon
2026-08-03,SITE012,Dump Truck,1,8,32,Monsoon
2026-08-03,SITE012,Forklift,2,8,32,Monsoon
2026-08-03,SITE013,Excavator,6,8,32,Monsoon
2026-08-03,SITE013,Bulldozer,0,8,32,Monsoon
2026-08-03,SITE013,Wheel Loader,0,8,32,Monsoon
2026-08-03,SITE013,Motor Grader,3,8,32,Monsoon
2026-08-03,SITE013,Backhoe Loader,1,8,32,Monsoon
2026-08-03,SITE013,Skid Steer Loader,4,8,32,Monsoon
2026-08-03,SITE013,Road Roller,1,8,32,Monsoon
2026-08-03,SITE013,Dump Truck,3,8,32,Monsoon
2026-08-03,SITE013,Forklift,2,8,32,Monsoon
2026-08-03,SITE014,Excavator,2,8,32,Monsoon
2026-08-03,SITE014,Bulldozer,1,8,32,Monsoon
2026-08-03,SITE014,Wheel Loader,0,8,32,Monsoon
2026-08-03,SITE014,Motor Grader,3,8,32,Monsoon
2026-08-03,SITE014,Backhoe Loader,1,8,32,Monsoon
2026-08-03,SITE014,Skid Steer Loader,1,8,32,Monsoon
2026-08-03,SITE014,Road Roller,1,8,32,Monsoon
2026-08-03,SITE014,Dump Truck,0,8,32,Monsoon
2026-08-03,SITE014,Forklift,2,8,32,Monsoon
2026-08-03,SITE015,Excavator,5,8,32,Monsoon
2026-08-03,SITE015,Bulldozer,0,8,32,Monsoon
2026-08-03,SITE015,Wheel Loader,4,8,32,Monsoon
2026-08-03,SITE015,Motor Grader,4,8,32,Monsoon
2026-08-03,SITE015,Backhoe Loader,2,8,32,Monsoon
2026-08-03,SITE015,Skid Steer Loader,2,8,32,Monsoon
2026-08-03,SITE015,Road Roller,3,8,32,Monsoon
2026-08-03,SITE015,Dump Truck,2,8,32,Monsoon
2026-08-03,SITE015,Forklift,1,8,32,Monsoon
2026-08-03,SITE016,Excavator,3,8,32,Monsoon
2026-08-03,SITE016,Bulldozer,2,8,32,Monsoon
2026-08-03,SITE016,Wheel Loader,0,8,32,Monsoon
2026-08-03,SITE016,Motor Grader,2,8,32,Monsoon
2026-08-03,SITE016,Backhoe Loader,2,8,32,Monsoon
2026-08-03,SITE016,Skid Steer Loader,2,8,32,Monsoon
2026-08-03,SITE016,Road Roller,2,8,32,Monsoon
2026-08-03,SITE016,Dump Truck,2,8,32,Monsoon
2026-08-03,SITE016,Forklift,3,8,32,Monsoon
2026-08-03,SITE017,Excavator,4,8,32,Monsoon
2026-08-03,SITE017,Bulldozer,4,8,32,Monsoon
2026-08-03,SITE017,Wheel Loader,4,8,32,Monsoon
2026-08-03,SITE017,Motor Grader,1,8,32,Monsoon
2026-08-03,SITE017,Backhoe Loader,1,8,32,Monsoon
2026-08-03,SITE017,Skid Steer Loader,3,8,32,Monsoon
2026-08-03,SITE017,Road Roller,5,8,32,Monsoon
2026-08-03,SITE017,Dump Truck,3,8,32,Monsoon
2026-08-03,SITE017,Forklift,2,8,32,Monsoon
2026-08-03,SITE018,Excavator,7,8,32,Monsoon
2026-08-03,SITE018,Bulldozer,1,8,32,Monsoon
2026-08-03,SITE018,Wheel Loader,1,8,32,Monsoon
2026-08-03,SITE018,Motor Grader,2,8,32,Monsoon
2026-08-03,SITE018,Backhoe Loader,4,8,32,Monsoon
2026-08-03,SITE018,Skid Steer Loader,0,8,32,Monsoon
2026-08-03,SITE018,Road Roller,2,8,32,Monsoon
2026-08-03,SITE018,Dump Truck,2,8,32,Monsoon
2026-08-03,SITE018,Forklift,3,8,32,Monsoon
2026-08-03,SITE019,Excavator,6,8,32,Monsoon
2026-08-03,SITE019,Bulldozer,0,8,32,Monsoon
2026-08-03,SITE019,Wheel Loader,3,8,32,Monsoon
2026-08-03,SITE019,Motor Grader,4,8,32,Monsoon
2026-08-03,SITE019,Backhoe Loader,4,8,32,Monsoon
2026-08-03,SITE019,Skid Steer Loader,4,8,32,Monsoon
2026-08-03,SITE019,Road Roller,0,8,32,Monsoon
2026-08-03,SITE019,Dump Truck,2,8,32,Monsoon
2026-08-03,SITE019,Forklift,1,8,32,Monsoon
2026-08-03,SITE020,Excavator,7,8,32,Monsoon
2026-08-03,SITE020,Bulldozer,2,8,32,Monsoon
2026-08-03,SITE020,Wheel Loader,1,8,32,Monsoon
2026-08-03,SITE020,Motor Grader,2,8,32,Monsoon
2026-08-03,SITE020,Backhoe Loader,3,8,32,Monsoon
2026-08-03,SITE020,Skid Steer Loader,1,8,32,Monsoon
2026-08-03,SITE020,Road Roller,3,8,32,Monsoon
2026-08-03,SITE020,Dump Truck,2,8,32,Monsoon
2026-08-03,SITE020,Forklift,3,8,32,Monsoon
2026-08-04,SITE001,Excavator,2,8,32,Monsoon
2026-08-04,SITE001,Bulldozer,2,8,32,Monsoon
2026-08-04,SITE001,Wheel Loader,5,8,32,Monsoon
2026-08-04,SITE001,Motor Grader,1,8,32,Monsoon
2026-08-04,SITE001,Backhoe Loader,2,8,32,Monsoon
2026-08-04,SITE001,Skid Steer Loader,1,8,32,Monsoon
2026-08-04,SITE001,Road Roller,3,8,32,Monsoon
2026-08-04,SITE001,Dump Truck,1,8,32,Monsoon
2026-08-04,SITE001,Forklift,3,8,32,Monsoon
2026-08-04,SITE002,Excavator,7,8,32,Monsoon
2026-08-04,SITE002,Bulldozer,3,8,32,Monsoon
2026-08-04,SITE002,Wheel Loader,4,8,32,Monsoon
2026-08-04,SITE002,Motor Grader,2,8,32,Monsoon
2026-08-04,SITE002,Backhoe Loader,1,8,32,Monsoon
2026-08-04,SITE002,Skid Steer Loader,2,8,32,Monsoon
2026-08-04,SITE002,Road Roller,2,8,32,Monsoon
2026-08-04,SITE002,Dump Truck,3,8,32,Monsoon
2026-08-04,SITE002,Forklift,1,8,32,Monsoon
2026-08-04,SITE003,Excavator,3,8,32,Monsoon
2026-08-04,SITE003,Bulldozer,0,8,32,Monsoon
2026-08-04,SITE003,Wheel Loader,0,8,32,Monsoon
2026-08-04,SITE003,Motor Grader,1,8,32,Monsoon
2026-08-04,SITE003,Backhoe Loader,2,8,32,Monsoon
2026-08-04,SITE003,Skid Steer Loader,2,8,32,Monsoon
2026-08-04,SITE003,Road Roller,4,8,32,Monsoon
2026-08-04,SITE003,Dump Truck,1,8,32,Monsoon
2026-08-04,SITE003,Forklift,4,8,32,Monsoon
2026-08-04,SITE004,Excavator,3,8,32,Monsoon
2026-08-04,SITE004,Bulldozer,2,8,32,Monsoon
2026-08-04,SITE004,Wheel Loader,5,8,32,Monsoon
2026-08-04,SITE004,Motor Grader,0,8,32,Monsoon
2026-08-04,SITE004,Backhoe Loader,0,8,32,Monsoon
2026-08-04,SITE004,Skid Steer Loader,4,8,32,Monsoon
2026-08-04,SITE004,Road Roller,3,8,32,Monsoon
2026-08-04,SITE004,Dump Truck,5,8,32,Monsoon
2026-08-04,SITE004,Forklift,2,8,32,Monsoon
2026-08-04,SITE005,Excavator,5,8,32,Monsoon
2026-08-04,SITE005,Bulldozer,3,8,32,Monsoon
2026-08-04,SITE005,Wheel Loader,1,8,32,Monsoon
2026-08-04,SITE005,Motor Grader,2,8,32,Monsoon
2026-08-04,SITE005,Backhoe Loader,0,8,32,Monsoon
2026-08-04,SITE005,Skid Steer Loader,1,8,32,Monsoon
2026-08-04,SITE005,Road Roller,2,8,32,Monsoon
2026-08-04,SITE005,Dump Truck,0,8,32,Monsoon
2026-08-04,SITE005,Forklift,3,8,32,Monsoon
2026-08-04,SITE006,Excavator,2,8,32,Monsoon
2026-08-04,SITE006,Bulldozer,4,8,32,Monsoon
2026-08-04,SITE006,Wheel Loader,1,8,32,Monsoon
2026-08-04,SITE006,Motor Grader,1,8,32,Monsoon
2026-08-04,SITE006,Backhoe Loader,0,8,32,Monsoon
2026-08-04,SITE006,Skid Steer Loader,0,8,32,Monsoon
2026-08-04,SITE006,Road Roller,2,8,32,Monsoon
2026-08-04,SITE006,Dump Truck,2,8,32,Monsoon
2026-08-04,SITE006,Forklift,1,8,32,Monsoon
2026-08-04,SITE007,Excavator,5,8,32,Monsoon
2026-08-04,SITE007,Bulldozer,4,8,32,Monsoon
2026-08-04,SITE007,Wheel Loader,0,8,32,Monsoon
2026-08-04,SITE007,Motor Grader,2,8,32,Monsoon
2026-08-04,SITE007,Backhoe Loader,2,8,32,Monsoon
2026-08-04,SITE007,Skid Steer Loader,0,8,32,Monsoon
2026-08-04,SITE007,Road Roller,2,8,32,Monsoon
2026-08-04,SITE007,Dump Truck,4,8,32,Monsoon
2026-08-04,SITE007,Forklift,6,8,32,Monsoon
2026-08-04,SITE008,Excavator,4,8,32,Monsoon
2026-08-04,SITE008,Bulldozer,3,8,32,Monsoon
2026-08-04,SITE008,Wheel Loader,3,8,32,Monsoon
2026-08-04,SITE008,Motor Grader,2,8,32,Monsoon
2026-08-04,SITE008,Backhoe Loader,0,8,32,Monsoon
2026-08-04,SITE008,Skid Steer Loader,3,8,32,Monsoon
2026-08-04,SITE008,Road Roller,1,8,32,Monsoon
2026-08-04,SITE008,Dump Truck,0,8,32,Monsoon
2026-08-04,SITE008,Forklift,1,8,32,Monsoon
2026-08-04,SITE009,Excavator,6,8,32,Monsoon
2026-08-04,SITE009,Bulldozer,4,8,32,Monsoon
2026-08-04,SITE009,Wheel Loader,2,8,32,Monsoon
2026-08-04,SITE009,Motor Grader,1,8,32,Monsoon
2026-08-04,SITE009,Backhoe Loader,5,8,32,Monsoon
2026-08-04,SITE009,Skid Steer Loader,1,8,32,Monsoon
2026-08-04,SITE009,Road Roller,3,8,32,Monsoon
2026-08-04,SITE009,Dump Truck,2,8,32,Monsoon
2026-08-04,SITE009,Forklift,2,8,32,Monsoon
2026-08-04,SITE010,Excavator,6,8,32,Monsoon
2026-08-04,SITE010,Bulldozer,1,8,32,Monsoon
2026-08-04,SITE010,Wheel Loader,2,8,32,Monsoon
2026-08-04,SITE010,Motor Grader,1,8,32,Monsoon
2026-08-04,SITE010,Backhoe Loader,1,8,32,Monsoon
2026-08-04,SITE010,Skid Steer Loader,4,8,32,Monsoon
2026-08-04,SITE010,Road Roller,0,8,32,Monsoon
2026-08-04,SITE010,Dump Truck,4,8,32,Monsoon
2026-08-04,SITE010,Forklift,1,8,32,Monsoon
2026-08-04,SITE011,Excavator,2,8,32,Monsoon
2026-08-04,SITE011,Bulldozer,2,8,32,Monsoon
2026-08-04,SITE011,Wheel Loader,2,8,32,Monsoon
2026-08-04,SITE011,Motor Grader,3,8,32,Monsoon
2026-08-04,SITE011,Backhoe Loader,3,8,32,Monsoon
2026-08-04,SITE011,Skid Steer Loader,1,8,32,Monsoon
2026-08-04,SITE011,Road Roller,4,8,32,Monsoon
2026-08-04,SITE011,Dump Truck,4,8,32,Monsoon
2026-08-04,SITE011,Forklift,2,8,32,Monsoon
2026-08-04,SITE012,Excavator,6,8,32,Monsoon
2026-08-04,SITE012,Bulldozer,5,8,32,Monsoon
2026-08-04,SITE012,Wheel Loader,1,8,32,Monsoon
2026-08-04,SITE012,Motor Grader,1,8,32,Monsoon
2026-08-04,SITE012,Backhoe Loader,3,8,32,Monsoon
2026-08-04,SITE012,Skid Steer Loader,2,8,32,Monsoon
2026-08-04,SITE012,Road Roller,1,8,32,Monsoon
2026-08-04,SITE012,Dump Truck,0,8,32,Monsoon
2026-08-04,SITE012,Forklift,2,8,32,Monsoon
2026-08-04,SITE013,Excavator,7,8,32,Monsoon
2026-08-04,SITE013,Bulldozer,3,8,32,Monsoon
2026-08-04,SITE013,Wheel Loader,1,8,32,Monsoon
2026-08-04,SITE013,Motor Grader,3,8,32,Monsoon
2026-08-04,SITE013,Backhoe Loader,3,8,32,Monsoon
2026-08-04,SITE013,Skid Steer Loader,5,8,32,Monsoon
2026-08-04,SITE013,Road Roller,1,8,32,Monsoon
2026-08-04,SITE013,Dump Truck,3,8,32,Monsoon
2026-08-04,SITE013,Forklift,1,8,32,Monsoon
2026-08-04,SITE014,Excavator,8,8,32,Monsoon
2026-08-04,SITE014,Bulldozer,1,8,32,Monsoon
2026-08-04,SITE014,Wheel Loader,2,8,32,Monsoon
2026-08-04,SITE014,Motor Grader,2,8,32,Monsoon
2026-08-04,SITE014,Backhoe Loader,3,8,32,Monsoon
2026-08-04,SITE014,Skid Steer Loader,2,8,32,Monsoon
2026-08-04,SITE014,Road Roller,3,8,32,Monsoon
2026-08-04,SITE014,Dump Truck,1,8,32,Monsoon
2026-08-04,SITE014,Forklift,1,8,32,Monsoon
2026-08-04,SITE015,Excavator,2,8,32,Monsoon
2026-08-04,SITE015,Bulldozer,3,8,32,Monsoon
2026-08-04,SITE015,Wheel Loader,4,8,32,Monsoon
2026-08-04,SITE015,Motor Grader,2,8,32,Monsoon
2026-08-04,SITE015,Backhoe Loader,2,8,32,Monsoon
2026-08-04,SITE015,Skid Steer Loader,3,8,32,Monsoon
2026-08-04,SITE015,Road Roller,0,8,32,Monsoon
2026-08-04,SITE015,Dump Truck,3,8,32,Monsoon
2026-08-04,SITE015,Forklift,2,8,32,Monsoon
2026-08-04,SITE016,Excavator,1,8,32,Monsoon
2026-08-04,SITE016,Bulldozer,3,8,32,Monsoon
2026-08-04,SITE016,Wheel Loader,3,8,32,Monsoon
2026-08-04,SITE016,Motor Grader,3,8,32,Monsoon
2026-08-04,SITE016,Backhoe Loader,2,8,32,Monsoon
2026-08-04,SITE016,Skid Steer Loader,3,8,32,Monsoon
2026-08-04,SITE016,Road Roller,1,8,32,Monsoon
2026-08-04,SITE016,Dump Truck,1,8,32,Monsoon
2026-08-04,SITE016,Forklift,3,8,32,Monsoon
2026-08-04,SITE017,Excavator,2,8,32,Monsoon
2026-08-04,SITE017,Bulldozer,1,8,32,Monsoon
2026-08-04,SITE017,Wheel Loader,2,8,32,Monsoon
2026-08-04,SITE017,Motor Grader,3,8,32,Monsoon
2026-08-04,SITE017,Backhoe Loader,3,8,32,Monsoon
2026-08-04,SITE017,Skid Steer Loader,4,8,32,Monsoon
2026-08-04,SITE017,Road Roller,2,8,32,Monsoon
2026-08-04,SITE017,Dump Truck,3,8,32,Monsoon
2026-08-04,SITE017,Forklift,2,8,32,Monsoon
2026-08-04,SITE018,Excavator,12,8,32,Monsoon
2026-08-04,SITE018,Bulldozer,0,8,32,Monsoon
2026-08-04,SITE018,Wheel Loader,1,8,32,Monsoon
2026-08-04,SITE018,Motor Grader,0,8,32,Monsoon
2026-08-04,SITE018,Backhoe Loader,0,8,32,Monsoon
2026-08-04,SITE018,Skid Steer Loader,2,8,32,Monsoon
2026-08-04,SITE018,Road Roller,1,8,32,Monsoon
2026-08-04,SITE018,Dump Truck,1,8,32,Monsoon
2026-08-04,SITE018,Forklift,0,8,32,Monsoon
2026-08-04,SITE019,Excavator,8,8,32,Monsoon
2026-08-04,SITE019,Bulldozer,1,8,32,Monsoon
2026-08-04,SITE019,Wheel Loader,2,8,32,Monsoon
2026-08-04,SITE019,Motor Grader,2,8,32,Monsoon
2026-08-04,SITE019,Backhoe Loader,3,8,32,Monsoon
2026-08-04,SITE019,Skid Steer Loader,1,8,32,Monsoon
2026-08-04,SITE019,Road Roller,0,8,32,Monsoon
2026-08-04,SITE019,Dump Truck,1,8,32,Monsoon
2026-08-04,SITE019,Forklift,1,8,32,Monsoon
2026-08-04,SITE020,Excavator,4,8,32,Monsoon
2026-08-04,SITE020,Bulldozer,4,8,32,Monsoon
2026-08-04,SITE020,Wheel Loader,2,8,32,Monsoon
2026-08-04,SITE020,Motor Grader,1,8,32,Monsoon
2026-08-04,SITE020,Backhoe Loader,1,8,32,Monsoon
2026-08-04,SITE020,Skid Steer Loader,4,8,32,Monsoon
2026-08-04,SITE020,Road Roller,1,8,32,Monsoon
2026-08-04,SITE020,Dump Truck,2,8,32,Monsoon
2026-08-04,SITE020,Forklift,1,8,32,Monsoon
2026-08-05,SITE001,Excavator,6,8,32,Monsoon
2026-08-05,SITE001,Bulldozer,1,8,32,Monsoon
2026-08-05,SITE001,Wheel Loader,2,8,32,Monsoon
2026-08-05,SITE001,Motor Grader,0,8,32,Monsoon
2026-08-05,SITE001,Backhoe Loader,4,8,32,Monsoon
2026-08-05,SITE001,Skid Steer Loader,1,8,32,Monsoon
2026-08-05,SITE001,Road Roller,1,8,32,Monsoon
2026-08-05,SITE001,Dump Truck,3,8,32,Monsoon
2026-08-05,SITE001,Forklift,1,8,32,Monsoon
2026-08-05,SITE002,Excavator,5,8,32,Monsoon
2026-08-05,SITE002,Bulldozer,4,8,32,Monsoon
2026-08-05,SITE002,Wheel Loader,1,8,32,Monsoon
2026-08-05,SITE002,Motor Grader,1,8,32,Monsoon
2026-08-05,SITE002,Backhoe Loader,0,8,32,Monsoon
2026-08-05,SITE002,Skid Steer Loader,0,8,32,Monsoon
2026-08-05,SITE002,Road Roller,2,8,32,Monsoon
2026-08-05,SITE002,Dump Truck,3,8,32,Monsoon
2026-08-05,SITE002,Forklift,2,8,32,Monsoon
2026-08-05,SITE003,Excavator,5,8,32,Monsoon
2026-08-05,SITE003,Bulldozer,5,8,32,Monsoon
2026-08-05,SITE003,Wheel Loader,4,8,32,Monsoon
2026-08-05,SITE003,Motor Grader,2,8,32,Monsoon
2026-08-05,SITE003,Backhoe Loader,0,8,32,Monsoon
2026-08-05,SITE003,Skid Steer Loader,2,8,32,Monsoon
2026-08-05,SITE003,Road Roller,2,8,32,Monsoon
2026-08-05,SITE003,Dump Truck,2,8,32,Monsoon
2026-08-05,SITE003,Forklift,3,8,32,Monsoon
2026-08-05,SITE004,Excavator,4,8,32,Monsoon
2026-08-05,SITE004,Bulldozer,3,8,32,Monsoon
2026-08-05,SITE004,Wheel Loader,2,8,32,Monsoon
2026-08-05,SITE004,Motor Grader,1,8,32,Monsoon
2026-08-05,SITE004,Backhoe Loader,3,8,32,Monsoon
2026-08-05,SITE004,Skid Steer Loader,0,8,32,Monsoon
2026-08-05,SITE004,Road Roller,0,8,32,Monsoon
2026-08-05,SITE004,Dump Truck,0,8,32,Monsoon
2026-08-05,SITE004,Forklift,0,8,32,Monsoon
2026-08-05,SITE005,Excavator,2,8,32,Monsoon
2026-08-05,SITE005,Bulldozer,0,8,32,Monsoon
2026-08-05,SITE005,Wheel Loader,5,8,32,Monsoon
2026-08-05,SITE005,Motor Grader,2,8,32,Monsoon
2026-08-05,SITE005,Backhoe Loader,1,8,32,Monsoon
2026-08-05,SITE005,Skid Steer Loader,0,8,32,Monsoon
2026-08-05,SITE005,Road Roller,2,8,32,Monsoon
2026-08-05,SITE005,Dump Truck,0,8,32,Monsoon
2026-08-05,SITE005,Forklift,4,8,32,Monsoon
2026-08-05,SITE006,Excavator,7,8,32,Monsoon
2026-08-05,SITE006,Bulldozer,1,8,32,Monsoon
2026-08-05,SITE006,Wheel Loader,1,8,32,Monsoon
2026-08-05,SITE006,Motor Grader,2,8,32,Monsoon
2026-08-05,SITE006,Backhoe Loader,1,8,32,Monsoon
2026-08-05,SITE006,Skid Steer Loader,2,8,32,Monsoon
2026-08-05,SITE006,Road Roller,1,8,32,Monsoon
2026-08-05,SITE006,Dump Truck,1,8,32,Monsoon
2026-08-05,SITE006,Forklift,0,8,32,Monsoon
2026-08-05,SITE007,Excavator,5,8,32,Monsoon
2026-08-05,SITE007,Bulldozer,1,8,32,Monsoon
2026-08-05,SITE007,Wheel Loader,2,8,32,Monsoon
2026-08-05,SITE007,Motor Grader,1,8,32,Monsoon
2026-08-05,SITE007,Backhoe Loader,3,8,32,Monsoon
2026-08-05,SITE007,Skid Steer Loader,3,8,32,Monsoon
2026-08-05,SITE007,Road Roller,0,8,32,Monsoon
2026-08-05,SITE007,Dump Truck,1,8,32,Monsoon
2026-08-05,SITE007,Forklift,3,8,32,Monsoon
2026-08-05,SITE008,Excavator,3,8,32,Monsoon
2026-08-05,SITE008,Bulldozer,2,8,32,Monsoon
2026-08-05,SITE008,Wheel Loader,1,8,32,Monsoon
2026-08-05,SITE008,Motor Grader,1,8,32,Monsoon
2026-08-05,SITE008,Backhoe Loader,3,8,32,Monsoon
2026-08-05,SITE008,Skid Steer Loader,1,8,32,Monsoon
2026-08-05,SITE008,Road Roller,0,8,32,Monsoon
2026-08-05,SITE008,Dump Truck,2,8,32,Monsoon
2026-08-05,SITE008,Forklift,3,8,32,Monsoon
2026-08-05,SITE009,Excavator,4,8,32,Monsoon
2026-08-05,SITE009,Bulldozer,1,8,32,Monsoon
2026-08-05,SITE009,Wheel Loader,2,8,32,Monsoon
2026-08-05,SITE009,Motor Grader,1,8,32,Monsoon
2026-08-05,SITE009,Backhoe Loader,3,8,32,Monsoon
2026-08-05,SITE009,Skid Steer Loader,3,8,32,Monsoon
2026-08-05,SITE009,Road Roller,3,8,32,Monsoon
2026-08-05,SITE009,Dump Truck,5,8,32,Monsoon
2026-08-05,SITE009,Forklift,1,8,32,Monsoon
2026-08-05,SITE010,Excavator,3,8,32,Monsoon
2026-08-05,SITE010,Bulldozer,2,8,32,Monsoon
2026-08-05,SITE010,Wheel Loader,2,8,32,Monsoon
2026-08-05,SITE010,Motor Grader,3,8,32,Monsoon
2026-08-05,SITE010,Backhoe Loader,5,8,32,Monsoon
2026-08-05,SITE010,Skid Steer Loader,3,8,32,Monsoon
2026-08-05,SITE010,Road Roller,1,8,32,Monsoon
2026-08-05,SITE010,Dump Truck,4,8,32,Monsoon
2026-08-05,SITE010,Forklift,1,8,32,Monsoon
2026-08-05,SITE011,Excavator,1,8,32,Monsoon
2026-08-05,SITE011,Bulldozer,2,8,32,Monsoon
2026-08-05,SITE011,Wheel Loader,0,8,32,Monsoon
2026-08-05,SITE011,Motor Grader,3,8,32,Monsoon
2026-08-05,SITE011,Backhoe Loader,2,8,32,Monsoon
2026-08-05,SITE011,Skid Steer Loader,1,8,32,Monsoon
2026-08-05,SITE011,Road Roller,3,8,32,Monsoon
2026-08-05,SITE011,Dump Truck,2,8,32,Monsoon
2026-08-05,SITE011,Forklift,0,8,32,Monsoon
2026-08-05,SITE012,Excavator,4,8,32,Monsoon
2026-08-05,SITE012,Bulldozer,0,8,32,Monsoon
2026-08-05,SITE012,Wheel Loader,2,8,32,Monsoon
2026-08-05,SITE012,Motor Grader,1,8,32,Monsoon
2026-08-05,SITE012,Backhoe Loader,2,8,32,Monsoon
2026-08-05,SITE012,Skid Steer Loader,3,8,32,Monsoon
2026-08-05,SITE012,Road Roller,3,8,32,Monsoon
2026-08-05,SITE012,Dump Truck,1,8,32,Monsoon
2026-08-05,SITE012,Forklift,1,8,32,Monsoon
2026-08-05,SITE013,Excavator,8,8,32,Monsoon
2026-08-05,SITE013,Bulldozer,0,8,32,Monsoon
2026-08-05,SITE013,Wheel Loader,5,8,32,Monsoon
2026-08-05,SITE013,Motor Grader,6,8,32,Monsoon
2026-08-05,SITE013,Backhoe Loader,0,8,32,Monsoon
2026-08-05,SITE013,Skid Steer Loader,3,8,32,Monsoon
2026-08-05,SITE013,Road Roller,0,8,32,Monsoon
2026-08-05,SITE013,Dump Truck,3,8,32,Monsoon
2026-08-05,SITE013,Forklift,4,8,32,Monsoon
2026-08-05,SITE014,Excavator,5,8,32,Monsoon
2026-08-05,SITE014,Bulldozer,5,8,32,Monsoon
2026-08-05,SITE014,Wheel Loader,3,8,32,Monsoon
2026-08-05,SITE014,Motor Grader,4,8,32,Monsoon
2026-08-05,SITE014,Backhoe Loader,2,8,32,Monsoon
2026-08-05,SITE014,Skid Steer Loader,2,8,32,Monsoon
2026-08-05,SITE014,Road Roller,3,8,32,Monsoon
2026-08-05,SITE014,Dump Truck,2,8,32,Monsoon
2026-08-05,SITE014,Forklift,4,8,32,Monsoon
2026-08-05,SITE015,Excavator,4,8,32,Monsoon
2026-08-05,SITE015,Bulldozer,3,8,32,Monsoon
2026-08-05,SITE015,Wheel Loader,0,8,32,Monsoon
2026-08-05,SITE015,Motor Grader,2,8,32,Monsoon
2026-08-05,SITE015,Backhoe Loader,0,8,32,Monsoon
2026-08-05,SITE015,Skid Steer Loader,1,8,32,Monsoon
2026-08-05,SITE015,Road Roller,2,8,32,Monsoon
2026-08-05,SITE015,Dump Truck,4,8,32,Monsoon
2026-08-05,SITE015,Forklift,0,8,32,Monsoon
2026-08-05,SITE016,Excavator,7,8,32,Monsoon
2026-08-05,SITE016,Bulldozer,2,8,32,Monsoon
2026-08-05,SITE016,Wheel Loader,2,8,32,Monsoon
2026-08-05,SITE016,Motor Grader,1,8,32,Monsoon
2026-08-05,SITE016,Backhoe Loader,1,8,32,Monsoon
2026-08-05,SITE016,Skid Steer Loader,0,8,32,Monsoon
2026-08-05,SITE016,Road Roller,3,8,32,Monsoon
2026-08-05,SITE016,Dump Truck,2,8,32,Monsoon
2026-08-05,SITE016,Forklift,0,8,32,Monsoon
2026-08-05,SITE017,Excavator,6,8,32,Monsoon
2026-08-05,SITE017,Bulldozer,3,8,32,Monsoon
2026-08-05,SITE017,Wheel Loader,4,8,32,Monsoon
2026-08-05,SITE017,Motor Grader,2,8,32,Monsoon
2026-08-05,SITE017,Backhoe Loader,0,8,32,Monsoon
2026-08-05,SITE017,Skid Steer Loader,1,8,32,Monsoon
2026-08-05,SITE017,Road Roller,4,8,32,Monsoon
2026-08-05,SITE017,Dump Truck,2,8,32,Monsoon
2026-08-05,SITE017,Forklift,2,8,32,Monsoon
2026-08-05,SITE018,Excavator,3,8,32,Monsoon
2026-08-05,SITE018,Bulldozer,1,8,32,Monsoon
2026-08-05,SITE018,Wheel Loader,2,8,32,Monsoon
2026-08-05,SITE018,Motor Grader,2,8,32,Monsoon
2026-08-05,SITE018,Backhoe Loader,1,8,32,Monsoon
2026-08-05,SITE018,Skid Steer Loader,4,8,32,Monsoon
2026-08-05,SITE018,Road Roller,0,8,32,Monsoon
2026-08-05,SITE018,Dump Truck,0,8,32,Monsoon
2026-08-05,SITE018,Forklift,5,8,32,Monsoon
2026-08-05,SITE019,Excavator,3,8,32,Monsoon
2026-08-05,SITE019,Bulldozer,1,8,32,Monsoon
2026-08-05,SITE019,Wheel Loader,3,8,32,Monsoon
2026-08-05,SITE019,Motor Grader,2,8,32,Monsoon
2026-08-05,SITE019,Backhoe Loader,5,8,32,Monsoon
2026-08-05,SITE019,Skid Steer Loader,1,8,32,Monsoon
2026-08-05,SITE019,Road Roller,1,8,32,Monsoon
2026-08-05,SITE019,Dump Truck,1,8,32,Monsoon
2026-08-05,SITE019,Forklift,3,8,32,Monsoon
2026-08-05,SITE020,Excavator,4,8,32,Monsoon
2026-08-05,SITE020,Bulldozer,1,8,32,Monsoon
2026-08-05,SITE020,Wheel Loader,0,8,32,Monsoon
2026-08-05,SITE020,Motor Grader,2,8,32,Monsoon
2026-08-05,SITE020,Backhoe Loader,2,8,32,Monsoon
2026-08-05,SITE020,Skid Steer Loader,1,8,32,Monsoon
2026-08-05,SITE020,Road Roller,2,8,32,Monsoon
2026-08-05,SITE020,Dump Truck,0,8,32,Monsoon
2026-08-05,SITE020,Forklift,1,8,32,Monsoon
2026-08-06,SITE001,Excavator,2,8,32,Monsoon
2026-08-06,SITE001,Bulldozer,1,8,32,Monsoon
2026-08-06,SITE001,Wheel Loader,4,8,32,Monsoon
2026-08-06,SITE001,Motor Grader,3,8,32,Monsoon
2026-08-06,SITE001,Backhoe Loader,3,8,32,Monsoon
2026-08-06,SITE001,Skid Steer Loader,2,8,32,Monsoon
2026-08-06,SITE001,Road Roller,1,8,32,Monsoon
2026-08-06,SITE001,Dump Truck,3,8,32,Monsoon
2026-08-06,SITE001,Forklift,2,8,32,Monsoon
2026-08-06,SITE002,Excavator,4,8,32,Monsoon
2026-08-06,SITE002,Bulldozer,0,8,32,Monsoon
2026-08-06,SITE002,Wheel Loader,2,8,32,Monsoon
2026-08-06,SITE002,Motor Grader,2,8,32,Monsoon
2026-08-06,SITE002,Backhoe Loader,2,8,32,Monsoon
2026-08-06,SITE002,Skid Steer Loader,2,8,32,Monsoon
2026-08-06,SITE002,Road Roller,3,8,32,Monsoon
2026-08-06,SITE002,Dump Truck,1,8,32,Monsoon
2026-08-06,SITE002,Forklift,3,8,32,Monsoon
2026-08-06,SITE003,Excavator,5,8,32,Monsoon
2026-08-06,SITE003,Bulldozer,4,8,32,Monsoon
2026-08-06,SITE003,Wheel Loader,3,8,32,Monsoon
2026-08-06,SITE003,Motor Grader,2,8,32,Monsoon
2026-08-06,SITE003,Backhoe Loader,1,8,32,Monsoon
2026-08-06,SITE003,Skid Steer Loader,1,8,32,Monsoon
2026-08-06,SITE003,Road Roller,2,8,32,Monsoon
2026-08-06,SITE003,Dump Truck,1,8,32,Monsoon
2026-08-06,SITE003,Forklift,1,8,32,Monsoon
2026-08-06,SITE004,Excavator,9,8,32,Monsoon
2026-08-06,SITE004,Bulldozer,2,8,32,Monsoon
2026-08-06,SITE004,Wheel Loader,2,8,32,Monsoon
2026-08-06,SITE004,Motor Grader,2,8,32,Monsoon
2026-08-06,SITE004,Backhoe Loader,3,8,32,Monsoon
2026-08-06,SITE004,Skid Steer Loader,2,8,32,Monsoon
2026-08-06,SITE004,Road Roller,3,8,32,Monsoon
2026-08-06,SITE004,Dump Truck,1,8,32,Monsoon
2026-08-06,SITE004,Forklift,1,8,32,Monsoon
2026-08-06,SITE005,Excavator,5,8,32,Monsoon
2026-08-06,SITE005,Bulldozer,1,8,32,Monsoon
2026-08-06,SITE005,Wheel Loader,5,8,32,Monsoon
2026-08-06,SITE005,Motor Grader,2,8,32,Monsoon
2026-08-06,SITE005,Backhoe Loader,1,8,32,Monsoon
2026-08-06,SITE005,Skid Steer Loader,1,8,32,Monsoon
2026-08-06,SITE005,Road Roller,1,8,32,Monsoon
2026-08-06,SITE005,Dump Truck,3,8,32,Monsoon
2026-08-06,SITE005,Forklift,3,8,32,Monsoon
2026-08-06,SITE006,Excavator,3,8,32,Monsoon
2026-08-06,SITE006,Bulldozer,1,8,32,Monsoon
2026-08-06,SITE006,Wheel Loader,1,8,32,Monsoon
2026-08-06,SITE006,Motor Grader,2,8,32,Monsoon
2026-08-06,SITE006,Backhoe Loader,3,8,32,Monsoon
2026-08-06,SITE006,Skid Steer Loader,1,8,32,Monsoon
2026-08-06,SITE006,Road Roller,4,8,32,Monsoon
2026-08-06,SITE006,Dump Truck,0,8,32,Monsoon
2026-08-06,SITE006,Forklift,4,8,32,Monsoon
2026-08-06,SITE007,Excavator,4,8,32,Monsoon
2026-08-06,SITE007,Bulldozer,1,8,32,Monsoon
2026-08-06,SITE007,Wheel Loader,5,8,32,Monsoon
2026-08-06,SITE007,Motor Grader,2,8,32,Monsoon
2026-08-06,SITE007,Backhoe Loader,0,8,32,Monsoon
2026-08-06,SITE007,Skid Steer Loader,1,8,32,Monsoon
2026-08-06,SITE007,Road Roller,1,8,32,Monsoon
2026-08-06,SITE007,Dump Truck,3,8,32,Monsoon
2026-08-06,SITE007,Forklift,2,8,32,Monsoon
2026-08-06,SITE008,Excavator,2,8,32,Monsoon
2026-08-06,SITE008,Bulldozer,4,8,32,Monsoon
2026-08-06,SITE008,Wheel Loader,1,8,32,Monsoon
2026-08-06,SITE008,Motor Grader,1,8,32,Monsoon
2026-08-06,SITE008,Backhoe Loader,1,8,32,Monsoon
2026-08-06,SITE008,Skid Steer Loader,4,8,32,Monsoon
2026-08-06,SITE008,Road Roller,4,8,32,Monsoon
2026-08-06,SITE008,Dump Truck,5,8,32,Monsoon
2026-08-06,SITE008,Forklift,3,8,32,Monsoon
2026-08-06,SITE009,Excavator,2,8,32,Monsoon
2026-08-06,SITE009,Bulldozer,1,8,32,Monsoon
2026-08-06,SITE009,Wheel Loader,3,8,32,Monsoon
2026-08-06,SITE009,Motor Grader,3,8,32,Monsoon
2026-08-06,SITE009,Backhoe Loader,1,8,32,Monsoon
2026-08-06,SITE009,Skid Steer Loader,3,8,32,Monsoon
2026-08-06,SITE009,Road Roller,4,8,32,Monsoon
2026-08-06,SITE009,Dump Truck,3,8,32,Monsoon
2026-08-06,SITE009,Forklift,1,8,32,Monsoon
2026-08-06,SITE010,Excavator,5,8,32,Monsoon
2026-08-06,SITE010,Bulldozer,1,8,32,Monsoon
2026-08-06,SITE010,Wheel Loader,3,8,32,Monsoon
2026-08-06,SITE010,Motor Grader,4,8,32,Monsoon
2026-08-06,SITE010,Backhoe Loader,2,8,32,Monsoon
2026-08-06,SITE010,Skid Steer Loader,3,8,32,Monsoon
2026-08-06,SITE010,Road Roller,1,8,32,Monsoon
2026-08-06,SITE010,Dump Truck,4,8,32,Monsoon
2026-08-06,SITE010,Forklift,2,8,32,Monsoon
2026-08-06,SITE011,Excavator,5,8,32,Monsoon
2026-08-06,SITE011,Bulldozer,0,8,32,Monsoon
2026-08-06,SITE011,Wheel Loader,3,8,32,Monsoon
2026-08-06,SITE011,Motor Grader,3,8,32,Monsoon
2026-08-06,SITE011,Backhoe Loader,3,8,32,Monsoon
2026-08-06,SITE011,Skid Steer Loader,4,8,32,Monsoon
2026-08-06,SITE011,Road Roller,1,8,32,Monsoon
2026-08-06,SITE011,Dump Truck,2,8,32,Monsoon
2026-08-06,SITE011,Forklift,1,8,32,Monsoon
2026-08-06,SITE012,Excavator,2,8,32,Monsoon
2026-08-06,SITE012,Bulldozer,4,8,32,Monsoon
2026-08-06,SITE012,Wheel Loader,1,8,32,Monsoon
2026-08-06,SITE012,Motor Grader,1,8,32,Monsoon
2026-08-06,SITE012,Backhoe Loader,3,8,32,Monsoon
2026-08-06,SITE012,Skid Steer Loader,3,8,32,Monsoon
2026-08-06,SITE012,Road Roller,2,8,32,Monsoon
2026-08-06,SITE012,Dump Truck,5,8,32,Monsoon
2026-08-06,SITE012,Forklift,2,8,32,Monsoon
2026-08-06,SITE013,Excavator,2,8,32,Monsoon
2026-08-06,SITE013,Bulldozer,1,8,32,Monsoon
2026-08-06,SITE013,Wheel Loader,5,8,32,Monsoon
2026-08-06,SITE013,Motor Grader,3,8,32,Monsoon
2026-08-06,SITE013,Backhoe Loader,0,8,32,Monsoon
2026-08-06,SITE013,Skid Steer Loader,0,8,32,Monsoon
2026-08-06,SITE013,Road Roller,2,8,32,Monsoon
2026-08-06,SITE013,Dump Truck,2,8,32,Monsoon
2026-08-06,SITE013,Forklift,0,8,32,Monsoon
2026-08-06,SITE014,Excavator,0,8,32,Monsoon
2026-08-06,SITE014,Bulldozer,3,8,32,Monsoon
2026-08-06,SITE014,Wheel Loader,4,8,32,Monsoon
2026-08-06,SITE014,Motor Grader,3,8,32,Monsoon
2026-08-06,SITE014,Backhoe Loader,0,8,32,Monsoon
2026-08-06,SITE014,Skid Steer Loader,1,8,32,Monsoon
2026-08-06,SITE014,Road Roller,2,8,32,Monsoon
2026-08-06,SITE014,Dump Truck,4,8,32,Monsoon
2026-08-06,SITE014,Forklift,2,8,32,Monsoon
2026-08-06,SITE015,Excavator,4,8,32,Monsoon
2026-08-06,SITE015,Bulldozer,1,8,32,Monsoon
2026-08-06,SITE015,Wheel Loader,6,8,32,Monsoon
2026-08-06,SITE015,Motor Grader,2,8,32,Monsoon
2026-08-06,SITE015,Backhoe Loader,2,8,32,Monsoon
2026-08-06,SITE015,Skid Steer Loader,6,8,32,Monsoon
2026-08-06,SITE015,Road Roller,1,8,32,Monsoon
2026-08-06,SITE015,Dump Truck,2,8,32,Monsoon
2026-08-06,SITE015,Forklift,2,8,32,Monsoon
2026-08-06,SITE016,Excavator,2,8,32,Monsoon
2026-08-06,SITE016,Bulldozer,3,8,32,Monsoon
2026-08-06,SITE016,Wheel Loader,3,8,32,Monsoon
2026-08-06,SITE016,Motor Grader,1,8,32,Monsoon
2026-08-06,SITE016,Backhoe Loader,2,8,32,Monsoon
2026-08-06,SITE016,Skid Steer Loader,1,8,32,Monsoon
2026-08-06,SITE016,Road Roller,3,8,32,Monsoon
2026-08-06,SITE016,Dump Truck,1,8,32,Monsoon
2026-08-06,SITE016,Forklift,2,8,32,Monsoon
2026-08-06,SITE017,Excavator,4,8,32,Monsoon
2026-08-06,SITE017,Bulldozer,3,8,32,Monsoon
2026-08-06,SITE017,Wheel Loader,3,8,32,Monsoon
2026-08-06,SITE017,Motor Grader,4,8,32,Monsoon
2026-08-06,SITE017,Backhoe Loader,1,8,32,Monsoon
2026-08-06,SITE017,Skid Steer Loader,2,8,32,Monsoon
2026-08-06,SITE017,Road Roller,2,8,32,Monsoon
2026-08-06,SITE017,Dump Truck,4,8,32,Monsoon
2026-08-06,SITE017,Forklift,1,8,32,Monsoon
2026-08-06,SITE018,Excavator,5,8,32,Monsoon
2026-08-06,SITE018,Bulldozer,4,8,32,Monsoon
2026-08-06,SITE018,Wheel Loader,1,8,32,Monsoon
2026-08-06,SITE018,Motor Grader,3,8,32,Monsoon
2026-08-06,SITE018,Backhoe Loader,5,8,32,Monsoon
2026-08-06,SITE018,Skid Steer Loader,1,8,32,Monsoon
2026-08-06,SITE018,Road Roller,5,8,32,Monsoon
2026-08-06,SITE018,Dump Truck,1,8,32,Monsoon
2026-08-06,SITE018,Forklift,0,8,32,Monsoon
2026-08-06,SITE019,Excavator,4,8,32,Monsoon
2026-08-06,SITE019,Bulldozer,4,8,32,Monsoon
2026-08-06,SITE019,Wheel Loader,1,8,32,Monsoon
2026-08-06,SITE019,Motor Grader,5,8,32,Monsoon
2026-08-06,SITE019,Backhoe Loader,2,8,32,Monsoon
2026-08-06,SITE019,Skid Steer Loader,0,8,32,Monsoon
2026-08-06,SITE019,Road Roller,1,8,32,Monsoon
2026-08-06,SITE019,Dump Truck,3,8,32,Monsoon
2026-08-06,SITE019,Forklift,3,8,32,Monsoon
2026-08-06,SITE020,Excavator,7,8,32,Monsoon
2026-08-06,SITE020,Bulldozer,1,8,32,Monsoon
2026-08-06,SITE020,Wheel Loader,3,8,32,Monsoon
2026-08-06,SITE020,Motor Grader,1,8,32,Monsoon
2026-08-06,SITE020,Backhoe Loader,4,8,32,Monsoon
2026-08-06,SITE020,Skid Steer Loader,0,8,32,Monsoon
2026-08-06,SITE020,Road Roller,1,8,32,Monsoon
2026-08-06,SITE020,Dump Truck,1,8,32,Monsoon
2026-08-06,SITE020,Forklift,0,8,32,Monsoon
2026-08-07,SITE001,Excavator,2,8,32,Monsoon
2026-08-07,SITE001,Bulldozer,1,8,32,Monsoon
2026-08-07,SITE001,Wheel Loader,4,8,32,Monsoon
2026-08-07,SITE001,Motor Grader,0,8,32,Monsoon
2026-08-07,SITE001,Backhoe Loader,3,8,32,Monsoon
2026-08-07,SITE001,Skid Steer Loader,9,8,32,Monsoon
2026-08-07,SITE001,Road Roller,3,8,32,Monsoon
2026-08-07,SITE001,Dump Truck,0,8,32,Monsoon
2026-08-07,SITE001,Forklift,3,8,32,Monsoon
2026-08-07,SITE002,Excavator,0,8,32,Monsoon
2026-08-07,SITE002,Bulldozer,2,8,32,Monsoon
2026-08-07,SITE002,Wheel Loader,4,8,32,Monsoon
2026-08-07,SITE002,Motor Grader,3,8,32,Monsoon
2026-08-07,SITE002,Backhoe Loader,4,8,32,Monsoon
2026-08-07,SITE002,Skid Steer Loader,1,8,32,Monsoon
2026-08-07,SITE002,Road Roller,2,8,32,Monsoon
2026-08-07,SITE002,Dump Truck,5,8,32,Monsoon
2026-08-07,SITE002,Forklift,1,8,32,Monsoon
2026-08-07,SITE003,Excavator,3,8,32,Monsoon
2026-08-07,SITE003,Bulldozer,1,8,32,Monsoon
2026-08-07,SITE003,Wheel Loader,2,8,32,Monsoon
2026-08-07,SITE003,Motor Grader,2,8,32,Monsoon
2026-08-07,SITE003,Backhoe Loader,4,8,32,Monsoon
2026-08-07,SITE003,Skid Steer Loader,0,8,32,Monsoon
2026-08-07,SITE003,Road Roller,5,8,32,Monsoon
2026-08-07,SITE003,Dump Truck,1,8,32,Monsoon
2026-08-07,SITE003,Forklift,0,8,32,Monsoon
2026-08-07,SITE004,Excavator,2,8,32,Monsoon
2026-08-07,SITE004,Bulldozer,1,8,32,Monsoon
2026-08-07,SITE004,Wheel Loader,1,8,32,Monsoon
2026-08-07,SITE004,Motor Grader,5,8,32,Monsoon
2026-08-07,SITE004,Backhoe Loader,2,8,32,Monsoon
2026-08-07,SITE004,Skid Steer Loader,2,8,32,Monsoon
2026-08-07,SITE004,Road Roller,0,8,32,Monsoon
2026-08-07,SITE004,Dump Truck,2,8,32,Monsoon
2026-08-07,SITE004,Forklift,1,8,32,Monsoon
2026-08-07,SITE005,Excavator,4,8,32,Monsoon
2026-08-07,SITE005,Bulldozer,2,8,32,Monsoon
2026-08-07,SITE005,Wheel Loader,3,8,32,Monsoon
2026-08-07,SITE005,Motor Grader,2,8,32,Monsoon
2026-08-07,SITE005,Backhoe Loader,4,8,32,Monsoon
2026-08-07,SITE005,Skid Steer Loader,0,8,32,Monsoon
2026-08-07,SITE005,Road Roller,3,8,32,Monsoon
2026-08-07,SITE005,Dump Truck,1,8,32,Monsoon
2026-08-07,SITE005,Forklift,4,8,32,Monsoon
2026-08-07,SITE006,Excavator,2,8,32,Monsoon
2026-08-07,SITE006,Bulldozer,6,8,32,Monsoon
2026-08-07,SITE006,Wheel Loader,3,8,32,Monsoon
2026-08-07,SITE006,Motor Grader,2,8,32,Monsoon
2026-08-07,SITE006,Backhoe Loader,1,8,32,Monsoon
2026-08-07,SITE006,Skid Steer Loader,1,8,32,Monsoon
2026-08-07,SITE006,Road Roller,2,8,32,Monsoon
2026-08-07,SITE006,Dump Truck,0,8,32,Monsoon
2026-08-07,SITE006,Forklift,1,8,32,Monsoon
2026-08-07,SITE007,Excavator,2,8,32,Monsoon
2026-08-07,SITE007,Bulldozer,4,8,32,Monsoon
2026-08-07,SITE007,Wheel Loader,3,8,32,Monsoon
2026-08-07,SITE007,Motor Grader,0,8,32,Monsoon
2026-08-07,SITE007,Backhoe Loader,2,8,32,Monsoon
2026-08-07,SITE007,Skid Steer Loader,3,8,32,Monsoon
2026-08-07,SITE007,Road Roller,1,8,32,Monsoon
2026-08-07,SITE007,Dump Truck,0,8,32,Monsoon
2026-08-07,SITE007,Forklift,3,8,32,Monsoon
2026-08-07,SITE008,Excavator,3,8,32,Monsoon
2026-08-07,SITE008,Bulldozer,3,8,32,Monsoon
2026-08-07,SITE008,Wheel Loader,0,8,32,Monsoon
2026-08-07,SITE008,Motor Grader,4,8,32,Monsoon
2026-08-07,SITE008,Backhoe Loader,1,8,32,Monsoon
2026-08-07,SITE008,Skid Steer Loader,4,8,32,Monsoon
2026-08-07,SITE008,Road Roller,3,8,32,Monsoon
2026-08-07,SITE008,Dump Truck,2,8,32,Monsoon
2026-08-07,SITE008,Forklift,2,8,32,Monsoon
2026-08-07,SITE009,Excavator,2,8,32,Monsoon
2026-08-07,SITE009,Bulldozer,1,8,32,Monsoon
2026-08-07,SITE009,Wheel Loader,1,8,32,Monsoon
2026-08-07,SITE009,Motor Grader,3,8,32,Monsoon
2026-08-07,SITE009,Backhoe Loader,0,8,32,Monsoon
2026-08-07,SITE009,Skid Steer Loader,2,8,32,Monsoon
2026-08-07,SITE009,Road Roller,2,8,32,Monsoon
2026-08-07,SITE009,Dump Truck,4,8,32,Monsoon
2026-08-07,SITE009,Forklift,2,8,32,Monsoon
2026-08-07,SITE010,Excavator,2,8,32,Monsoon
2026-08-07,SITE010,Bulldozer,2,8,32,Monsoon
2026-08-07,SITE010,Wheel Loader,3,8,32,Monsoon
2026-08-07,SITE010,Motor Grader,4,8,32,Monsoon
2026-08-07,SITE010,Backhoe Loader,1,8,32,Monsoon
2026-08-07,SITE010,Skid Steer Loader,4,8,32,Monsoon
2026-08-07,SITE010,Road Roller,4,8,32,Monsoon
2026-08-07,SITE010,Dump Truck,2,8,32,Monsoon
2026-08-07,SITE010,Forklift,0,8,32,Monsoon
2026-08-07,SITE011,Excavator,6,8,32,Monsoon
2026-08-07,SITE011,Bulldozer,1,8,32,Monsoon
2026-08-07,SITE011,Wheel Loader,2,8,32,Monsoon
2026-08-07,SITE011,Motor Grader,1,8,32,Monsoon
2026-08-07,SITE011,Backhoe Loader,3,8,32,Monsoon
2026-08-07,SITE011,Skid Steer Loader,1,8,32,Monsoon
2026-08-07,SITE011,Road Roller,1,8,32,Monsoon
2026-08-07,SITE011,Dump Truck,4,8,32,Monsoon
2026-08-07,SITE011,Forklift,0,8,32,Monsoon
2026-08-07,SITE012,Excavator,10,8,32,Monsoon
2026-08-07,SITE012,Bulldozer,1,8,32,Monsoon
2026-08-07,SITE012,Wheel Loader,4,8,32,Monsoon
2026-08-07,SITE012,Motor Grader,0,8,32,Monsoon
2026-08-07,SITE012,Backhoe Loader,1,8,32,Monsoon
2026-08-07,SITE012,Skid Steer Loader,1,8,32,Monsoon
2026-08-07,SITE012,Road Roller,2,8,32,Monsoon
2026-08-07,SITE012,Dump Truck,0,8,32,Monsoon
2026-08-07,SITE012,Forklift,5,8,32,Monsoon
2026-08-07,SITE013,Excavator,5,8,32,Monsoon
2026-08-07,SITE013,Bulldozer,1,8,32,Monsoon
2026-08-07,SITE013,Wheel Loader,0,8,32,Monsoon
2026-08-07,SITE013,Motor Grader,1,8,32,Monsoon
2026-08-07,SITE013,Backhoe Loader,3,8,32,Monsoon
2026-08-07,SITE013,Skid Steer Loader,3,8,32,Monsoon
2026-08-07,SITE013,Road Roller,2,8,32,Monsoon
2026-08-07,SITE013,Dump Truck,3,8,32,Monsoon
2026-08-07,SITE013,Forklift,2,8,32,Monsoon
2026-08-07,SITE014,Excavator,3,8,32,Monsoon
2026-08-07,SITE014,Bulldozer,0,8,32,Monsoon
2026-08-07,SITE014,Wheel Loader,2,8,32,Monsoon
2026-08-07,SITE014,Motor Grader,2,8,32,Monsoon
2026-08-07,SITE014,Backhoe Loader,1,8,32,Monsoon
2026-08-07,SITE014,Skid Steer Loader,3,8,32,Monsoon
2026-08-07,SITE014,Road Roller,1,8,32,Monsoon
2026-08-07,SITE014,Dump Truck,1,8,32,Monsoon
2026-08-07,SITE014,Forklift,2,8,32,Monsoon
2026-08-07,SITE015,Excavator,0,8,32,Monsoon
2026-08-07,SITE015,Bulldozer,1,8,32,Monsoon
2026-08-07,SITE015,Wheel Loader,2,8,32,Monsoon
2026-08-07,SITE015,Motor Grader,1,8,32,Monsoon
2026-08-07,SITE015,Backhoe Loader,1,8,32,Monsoon
2026-08-07,SITE015,Skid Steer Loader,2,8,32,Monsoon
2026-08-07,SITE015,Road Roller,4,8,32,Monsoon
2026-08-07,SITE015,Dump Truck,3,8,32,Monsoon
2026-08-07,SITE015,Forklift,1,8,32,Monsoon
2026-08-07,SITE016,Excavator,3,8,32,Monsoon
2026-08-07,SITE016,Bulldozer,4,8,32,Monsoon
2026-08-07,SITE016,Wheel Loader,3,8,32,Monsoon
2026-08-07,SITE016,Motor Grader,1,8,32,Monsoon
2026-08-07,SITE016,Backhoe Loader,0,8,32,Monsoon
2026-08-07,SITE016,Skid Steer Loader,4,8,32,Monsoon
2026-08-07,SITE016,Road Roller,1,8,32,Monsoon
2026-08-07,SITE016,Dump Truck,2,8,32,Monsoon
2026-08-07,SITE016,Forklift,0,8,32,Monsoon
2026-08-07,SITE017,Excavator,4,8,32,Monsoon
2026-08-07,SITE017,Bulldozer,3,8,32,Monsoon
2026-08-07,SITE017,Wheel Loader,1,8,32,Monsoon
2026-08-07,SITE017,Motor Grader,0,8,32,Monsoon
2026-08-07,SITE017,Backhoe Loader,1,8,32,Monsoon
2026-08-07,SITE017,Skid Steer Loader,4,8,32,Monsoon
2026-08-07,SITE017,Road Roller,1,8,32,Monsoon
2026-08-07,SITE017,Dump Truck,4,8,32,Monsoon
2026-08-07,SITE017,Forklift,2,8,32,Monsoon
2026-08-07,SITE018,Excavator,3,8,32,Monsoon
2026-08-07,SITE018,Bulldozer,5,8,32,Monsoon
2026-08-07,SITE018,Wheel Loader,1,8,32,Monsoon
2026-08-07,SITE018,Motor Grader,4,8,32,Monsoon
2026-08-07,SITE018,Backhoe Loader,1,8,32,Monsoon
2026-08-07,SITE018,Skid Steer Loader,0,8,32,Monsoon
2026-08-07,SITE018,Road Roller,1,8,32,Monsoon
2026-08-07,SITE018,Dump Truck,5,8,32,Monsoon
2026-08-07,SITE018,Forklift,3,8,32,Monsoon
2026-08-07,SITE019,Excavator,3,8,32,Monsoon
2026-08-07,SITE019,Bulldozer,1,8,32,Monsoon
2026-08-07,SITE019,Wheel Loader,4,8,32,Monsoon
2026-08-07,SITE019,Motor Grader,1,8,32,Monsoon
2026-08-07,SITE019,Backhoe Loader,2,8,32,Monsoon
2026-08-07,SITE019,Skid Steer Loader,1,8,32,Monsoon
2026-08-07,SITE019,Road Roller,0,8,32,Monsoon
2026-08-07,SITE019,Dump Truck,0,8,32,Monsoon
2026-08-07,SITE019,Forklift,1,8,32,Monsoon
2026-08-07,SITE020,Excavator,7,8,32,Monsoon
2026-08-07,SITE020,Bulldozer,2,8,32,Monsoon
2026-08-07,SITE020,Wheel Loader,2,8,32,Monsoon
2026-08-07,SITE020,Motor Grader,0,8,32,Monsoon
2026-08-07,SITE020,Backhoe Loader,5,8,32,Monsoon
2026-08-07,SITE020,Skid Steer Loader,1,8,32,Monsoon
2026-08-07,SITE020,Road Roller,3,8,32,Monsoon
2026-08-07,SITE020,Dump Truck,3,8,32,Monsoon
2026-08-07,SITE020,Forklift,3,8,32,Monsoon
2026-08-08,SITE001,Excavator,4,8,32,Monsoon
2026-08-08,SITE001,Bulldozer,1,8,32,Monsoon
2026-08-08,SITE001,Wheel Loader,4,8,32,Monsoon
2026-08-08,SITE001,Motor Grader,1,8,32,Monsoon
2026-08-08,SITE001,Backhoe Loader,2,8,32,Monsoon
2026-08-08,SITE001,Skid Steer Loader,5,8,32,Monsoon
2026-08-08,SITE001,Road Roller,1,8,32,Monsoon
2026-08-08,SITE001,Dump Truck,0,8,32,Monsoon
2026-08-08,SITE001,Forklift,1,8,32,Monsoon
2026-08-08,SITE002,Excavator,8,8,32,Monsoon
2026-08-08,SITE002,Bulldozer,2,8,32,Monsoon
2026-08-08,SITE002,Wheel Loader,2,8,32,Monsoon
2026-08-08,SITE002,Motor Grader,0,8,32,Monsoon
2026-08-08,SITE002,Backhoe Loader,4,8,32,Monsoon
2026-08-08,SITE002,Skid Steer Loader,4,8,32,Monsoon
2026-08-08,SITE002,Road Roller,4,8,32,Monsoon
2026-08-08,SITE002,Dump Truck,3,8,32,Monsoon
2026-08-08,SITE002,Forklift,4,8,32,Monsoon
2026-08-08,SITE003,Excavator,1,8,32,Monsoon
2026-08-08,SITE003,Bulldozer,3,8,32,Monsoon
2026-08-08,SITE003,Wheel Loader,4,8,32,Monsoon
2026-08-08,SITE003,Motor Grader,1,8,32,Monsoon
2026-08-08,SITE003,Backhoe Loader,1,8,32,Monsoon
2026-08-08,SITE003,Skid Steer Loader,2,8,32,Monsoon
2026-08-08,SITE003,Road Roller,2,8,32,Monsoon
2026-08-08,SITE003,Dump Truck,2,8,32,Monsoon
2026-08-08,SITE003,Forklift,1,8,32,Monsoon
2026-08-08,SITE004,Excavator,4,8,32,Monsoon
2026-08-08,SITE004,Bulldozer,2,8,32,Monsoon
2026-08-08,SITE004,Wheel Loader,2,8,32,Monsoon
2026-08-08,SITE004,Motor Grader,2,8,32,Monsoon
2026-08-08,SITE004,Backhoe Loader,4,8,32,Monsoon
2026-08-08,SITE004,Skid Steer Loader,3,8,32,Monsoon
2026-08-08,SITE004,Road Roller,1,8,32,Monsoon
2026-08-08,SITE004,Dump Truck,4,8,32,Monsoon
2026-08-08,SITE004,Forklift,0,8,32,Monsoon
2026-08-08,SITE005,Excavator,2,8,32,Monsoon
2026-08-08,SITE005,Bulldozer,3,8,32,Monsoon
2026-08-08,SITE005,Wheel Loader,2,8,32,Monsoon
2026-08-08,SITE005,Motor Grader,2,8,32,Monsoon
2026-08-08,SITE005,Backhoe Loader,1,8,32,Monsoon
2026-08-08,SITE005,Skid Steer Loader,1,8,32,Monsoon
2026-08-08,SITE005,Road Roller,1,8,32,Monsoon
2026-08-08,SITE005,Dump Truck,3,8,32,Monsoon
2026-08-08,SITE005,Forklift,6,8,32,Monsoon
2026-08-08,SITE006,Excavator,5,8,32,Monsoon
2026-08-08,SITE006,Bulldozer,2,8,32,Monsoon
2026-08-08,SITE006,Wheel Loader,1,8,32,Monsoon
2026-08-08,SITE006,Motor Grader,2,8,32,Monsoon
2026-08-08,SITE006,Backhoe Loader,1,8,32,Monsoon
2026-08-08,SITE006,Skid Steer Loader,2,8,32,Monsoon
2026-08-08,SITE006,Road Roller,0,8,32,Monsoon
2026-08-08,SITE006,Dump Truck,2,8,32,Monsoon
2026-08-08,SITE006,Forklift,1,8,32,Monsoon
2026-08-08,SITE007,Excavator,2,8,32,Monsoon
2026-08-08,SITE007,Bulldozer,2,8,32,Monsoon
2026-08-08,SITE007,Wheel Loader,0,8,32,Monsoon
2026-08-08,SITE007,Motor Grader,2,8,32,Monsoon
2026-08-08,SITE007,Backhoe Loader,2,8,32,Monsoon
2026-08-08,SITE007,Skid Steer Loader,3,8,32,Monsoon
2026-08-08,SITE007,Road Roller,3,8,32,Monsoon
2026-08-08,SITE007,Dump Truck,3,8,32,Monsoon
2026-08-08,SITE007,Forklift,3,8,32,Monsoon
2026-08-08,SITE008,Excavator,6,8,32,Monsoon
2026-08-08,SITE008,Bulldozer,2,8,32,Monsoon
2026-08-08,SITE008,Wheel Loader,1,8,32,Monsoon
2026-08-08,SITE008,Motor Grader,4,8,32,Monsoon
2026-08-08,SITE008,Backhoe Loader,0,8,32,Monsoon
2026-08-08,SITE008,Skid Steer Loader,0,8,32,Monsoon
2026-08-08,SITE008,Road Roller,1,8,32,Monsoon
2026-08-08,SITE008,Dump Truck,1,8,32,Monsoon
2026-08-08,SITE008,Forklift,3,8,32,Monsoon
2026-08-08,SITE009,Excavator,2,8,32,Monsoon
2026-08-08,SITE009,Bulldozer,5,8,32,Monsoon
2026-08-08,SITE009,Wheel Loader,3,8,32,Monsoon
2026-08-08,SITE009,Motor Grader,1,8,32,Monsoon
2026-08-08,SITE009,Backhoe Loader,0,8,32,Monsoon
2026-08-08,SITE009,Skid Steer Loader,2,8,32,Monsoon
2026-08-08,SITE009,Road Roller,0,8,32,Monsoon
2026-08-08,SITE009,Dump Truck,6,8,32,Monsoon
2026-08-08,SITE009,Forklift,5,8,32,Monsoon
2026-08-08,SITE010,Excavator,5,8,32,Monsoon
2026-08-08,SITE010,Bulldozer,2,8,32,Monsoon
2026-08-08,SITE010,Wheel Loader,2,8,32,Monsoon
2026-08-08,SITE010,Motor Grader,4,8,32,Monsoon
2026-08-08,SITE010,Backhoe Loader,0,8,32,Monsoon
2026-08-08,SITE010,Skid Steer Loader,1,8,32,Monsoon
2026-08-08,SITE010,Road Roller,2,8,32,Monsoon
2026-08-08,SITE010,Dump Truck,1,8,32,Monsoon
2026-08-08,SITE010,Forklift,1,8,32,Monsoon
2026-08-08,SITE011,Excavator,5,8,32,Monsoon
2026-08-08,SITE011,Bulldozer,1,8,32,Monsoon
2026-08-08,SITE011,Wheel Loader,3,8,32,Monsoon
2026-08-08,SITE011,Motor Grader,1,8,32,Monsoon
2026-08-08,SITE011,Backhoe Loader,4,8,32,Monsoon
2026-08-08,SITE011,Skid Steer Loader,1,8,32,Monsoon
2026-08-08,SITE011,Road Roller,2,8,32,Monsoon
2026-08-08,SITE011,Dump Truck,1,8,32,Monsoon
2026-08-08,SITE011,Forklift,0,8,32,Monsoon
2026-08-08,SITE012,Excavator,2,8,32,Monsoon
2026-08-08,SITE012,Bulldozer,1,8,32,Monsoon
2026-08-08,SITE012,Wheel Loader,4,8,32,Monsoon
2026-08-08,SITE012,Motor Grader,0,8,32,Monsoon
2026-08-08,SITE012,Backhoe Loader,2,8,32,Monsoon
2026-08-08,SITE012,Skid Steer Loader,3,8,32,Monsoon
2026-08-08,SITE012,Road Roller,2,8,32,Monsoon
2026-08-08,SITE012,Dump Truck,1,8,32,Monsoon
2026-08-08,SITE012,Forklift,2,8,32,Monsoon
2026-08-08,SITE013,Excavator,5,8,32,Monsoon
2026-08-08,SITE013,Bulldozer,2,8,32,Monsoon
2026-08-08,SITE013,Wheel Loader,4,8,32,Monsoon
2026-08-08,SITE013,Motor Grader,1,8,32,Monsoon
2026-08-08,SITE013,Backhoe Loader,0,8,32,Monsoon
2026-08-08,SITE013,Skid Steer Loader,7,8,32,Monsoon
2026-08-08,SITE013,Road Roller,2,8,32,Monsoon
2026-08-08,SITE013,Dump Truck,1,8,32,Monsoon
2026-08-08,SITE013,Forklift,1,8,32,Monsoon
2026-08-08,SITE014,Excavator,6,8,32,Monsoon
2026-08-08,SITE014,Bulldozer,4,8,32,Monsoon
2026-08-08,SITE014,Wheel Loader,3,8,32,Monsoon
2026-08-08,SITE014,Motor Grader,2,8,32,Monsoon
2026-08-08,SITE014,Backhoe Loader,6,8,32,Monsoon
2026-08-08,SITE014,Skid Steer Loader,4,8,32,Monsoon
2026-08-08,SITE014,Road Roller,1,8,32,Monsoon
2026-08-08,SITE014,Dump Truck,3,8,32,Monsoon
2026-08-08,SITE014,Forklift,1,8,32,Monsoon
2026-08-08,SITE015,Excavator,5,8,32,Monsoon
2026-08-08,SITE015,Bulldozer,2,8,32,Monsoon
2026-08-08,SITE015,Wheel Loader,1,8,32,Monsoon
2026-08-08,SITE015,Motor Grader,2,8,32,Monsoon
2026-08-08,SITE015,Backhoe Loader,6,8,32,Monsoon
2026-08-08,SITE015,Skid Steer Loader,1,8,32,Monsoon
2026-08-08,SITE015,Road Roller,3,8,32,Monsoon
2026-08-08,SITE015,Dump Truck,1,8,32,Monsoon
2026-08-08,SITE015,Forklift,2,8,32,Monsoon
2026-08-08,SITE016,Excavator,2,8,32,Monsoon
2026-08-08,SITE016,Bulldozer,2,8,32,Monsoon
2026-08-08,SITE016,Wheel Loader,2,8,32,Monsoon
2026-08-08,SITE016,Motor Grader,2,8,32,Monsoon
2026-08-08,SITE016,Backhoe Loader,1,8,32,Monsoon
2026-08-08,SITE016,Skid Steer Loader,2,8,32,Monsoon
2026-08-08,SITE016,Road Roller,2,8,32,Monsoon
2026-08-08,SITE016,Dump Truck,2,8,32,Monsoon
2026-08-08,SITE016,Forklift,0,8,32,Monsoon
2026-08-08,SITE017,Excavator,6,8,32,Monsoon
2026-08-08,SITE017,Bulldozer,2,8,32,Monsoon
2026-08-08,SITE017,Wheel Loader,3,8,32,Monsoon
2026-08-08,SITE017,Motor Grader,1,8,32,Monsoon
2026-08-08,SITE017,Backhoe Loader,1,8,32,Monsoon
2026-08-08,SITE017,Skid Steer Loader,2,8,32,Monsoon
2026-08-08,SITE017,Road Roller,3,8,32,Monsoon
2026-08-08,SITE017,Dump Truck,1,8,32,Monsoon
2026-08-08,SITE017,Forklift,3,8,32,Monsoon
2026-08-08,SITE018,Excavator,5,8,32,Monsoon
2026-08-08,SITE018,Bulldozer,1,8,32,Monsoon
2026-08-08,SITE018,Wheel Loader,2,8,32,Monsoon
2026-08-08,SITE018,Motor Grader,0,8,32,Monsoon
2026-08-08,SITE018,Backhoe Loader,3,8,32,Monsoon
2026-08-08,SITE018,Skid Steer Loader,1,8,32,Monsoon
2026-08-08,SITE018,Road Roller,3,8,32,Monsoon
2026-08-08,SITE018,Dump Truck,2,8,32,Monsoon
2026-08-08,SITE018,Forklift,1,8,32,Monsoon
2026-08-08,SITE019,Excavator,4,8,32,Monsoon
2026-08-08,SITE019,Bulldozer,2,8,32,Monsoon
2026-08-08,SITE019,Wheel Loader,2,8,32,Monsoon
2026-08-08,SITE019,Motor Grader,2,8,32,Monsoon
2026-08-08,SITE019,Backhoe Loader,2,8,32,Monsoon
2026-08-08,SITE019,Skid Steer Loader,3,8,32,Monsoon
2026-08-08,SITE019,Road Roller,4,8,32,Monsoon
2026-08-08,SITE019,Dump Truck,2,8,32,Monsoon
2026-08-08,SITE019,Forklift,2,8,32,Monsoon
2026-08-08,SITE020,Excavator,5,8,32,Monsoon
2026-08-08,SITE020,Bulldozer,1,8,32,Monsoon
2026-08-08,SITE020,Wheel Loader,1,8,32,Monsoon
2026-08-08,SITE020,Motor Grader,1,8,32,Monsoon
2026-08-08,SITE020,Backhoe Loader,1,8,32,Monsoon
2026-08-08,SITE020,Skid Steer Loader,2,8,32,Monsoon
2026-08-08,SITE020,Road Roller,0,8,32,Monsoon
2026-08-08,SITE020,Dump Truck,0,8,32,Monsoon
2026-08-08,SITE020,Forklift,2,8,32,Monsoon
