rental_id,equipment_id,customer_id,operator_id,site_id,rental_start_date,expected_return_date,actual_return_date,rental_duration,rental_status,rental_month,rental_weekday,rental_day,rental_quarter,project_type,extension_days,returned_on_time
RNT00001,EQEX1001,CUS058,OP166,SITE018,2026-07-22,2026-07-30,,8,Active,7,2,22,3,Highway,0,
RNT00002,EQEX1006,CUS014,OP129,SITE014,2026-08-04,2026-08-13,,9,Active,8,1,4,3,Railway,0,
RNT00003,EQEX1008,CUS046,OP154,SITE018,2026-07-15,2026-07-25,,10,Active,7,2,15,3,Highway,0,
RNT00004,EQEX1009,CUS073,OP176,SITE013,2026-07-26,2026-08-10,,15,Active,7,6,26,3,Energy,0,
RNT00005,EQEX1012,CUS007,OP179,SITE007,2026-07-22,2026-08-04,,13,Active,7,2,22,3,Industrial,0,
RNT00006,EQEX1013,CUS036,OP113,SITE016,2026-08-05,2026-08-25,,20,Active,8,2,5,3,Commercial,0,
RNT00007,EQEX1015,CUS065,OP141,SITE005,2026-07-29,2026-08-05,,7,Active,7,2,29,3,Airport,0,
RNT00008,EQEX1016,CUS049,OP145,SITE009,2026-07-25,2026-08-02,,8,Active,7,5,25,3,Highway,0,
RNT00009,EQEX1017,CUS068,OP149,SITE019,2026-08-05,2026-08-17,,12,Active,8,2,5,3,Port,0,
RNT00010,EQEX1018,CUS039,OP110,SITE019,2026-07-16,2026-07-26,,10,Active,7,3,16,3,Port,0,
RNT00011,EQEX1019,CUS018,OP172,SITE018,2026-07-23,2026-08-06,,14,Active,7,3,23,3,Highway,0,
RNT00012,EQEX1020,CUS054,OP159,SITE014,2026-07-25,2026-08-11,,17,Active,7,5,25,3,Railway,0,
RNT00013,EQEX1021,CUS049,OP104,SITE009,2026-07-17,2026-08-06,,20,Active,7,4,17,3,Highway,0,
RNT00014,EQEX1024,CUS041,OP147,SITE001,2026-07-21,2026-08-03,,13,Active,7,1,21,3,Metro Rail,0,
RNT00015,EQEX1026,CUS008,OP152,SITE008,2026-07-23,2026-08-10,,18,Active,7,3,23,3,Energy,0,
RNT00016,EQEX1027,CUS041,OP115,SITE001,2026-08-03,2026-08-15,,12,Active,8,0,3,3,Metro Rail,0,
RNT00017,EQEX1028,CUS056,OP163,SITE016,2026-07-19,2026-08-07,,19,Active,7,6,19,3,Commercial,0,
RNT00018,EQEX1030,CUS047,OP154,SITE007,2026-07-26,2026-08-01,,6,Active,7,6,26,3,Industrial,0,
RNT00019,EQEX1032,CUS072,OP166,SITE012,2026-07-31,2026-08-12,,12,Active,7,4,31,3,Energy,0,
RNT00020,EQEX1033,CUS010,OP174,SITE010,2026-08-01,2026-08-19,,18,Active,8,5,1,3,Industrial,0,
RNT00021,EQEX1034,CUS035,OP107,SITE015,2026-07-26,2026-08-03,,8,Active,7,6,26,3,Water Infrastructure,0,
RNT00022,EQEX1037,CUS039,OP114,SITE014,2026-07-17,2026-07-27,,10,Active,7,4,17,3,Railway,0,
RNT00023,EQEX1038,CUS074,OP161,SITE014,2026-07-27,2026-08-17,,21,Active,7,0,27,3,Railway,0,
RNT00024,EQEX1042,CUS010,OP116,SITE010,2026-07-22,2026-07-27,,5,Active,7,2,22,3,Industrial,0,
RNT00025,EQEX1046,CUS075,OP161,SITE015,2026-08-03,2026-08-07,,4,Active,8,0,3,3,Water Infrastructure,0,
RNT00026,EQEX1048,CUS042,OP172,SITE002,2026-07-31,2026-08-18,,18,Active,7,4,31,3,Highway,0,
RNT00027,EQBD1001,CUS036,OP171,SITE016,2026-08-03,2026-08-21,,18,Active,8,0,3,3,Commercial,0,
RNT00028,EQBD1002,CUS071,OP162,SITE011,2026-07-23,2026-08-10,,18,Active,7,3,23,3,Residential,0,
RNT00029,EQBD1004,CUS061,OP156,SITE001,2026-07-15,2026-08-04,,20,Active,7,2,15,3,Metro Rail,0,
RNT00030,EQBD1005,CUS040,OP102,SITE020,2026-07-21,2026-08-07,,17,Active,7,1,21,3,Metro Rail,0,
RNT00031,EQBD1006,CUS075,OP167,SITE015,2026-07-21,2026-07-27,,6,Active,7,1,21,3,Water Infrastructure,0,
RNT00032,EQBD1007,CUS026,OP126,SITE001,2026-07-19,2026-08-04,,16,Active,7,6,19,3,Metro Rail,0,
RNT00033,EQBD1008,CUS065,OP160,SITE005,2026-07-21,2026-08-02,,12,Active,7,1,21,3,Airport,0,
RNT00034,EQBD1009,CUS075,OP156,SITE015,2026-07-19,2026-07-26,,7,Active,7,6,19,3,Water Infrastructure,0,
RNT00035,EQBD1010,CUS003,OP138,SITE003,2026-07-28,2026-08-13,,16,Active,7,1,28,3,Commercial,0,
RNT00036,EQBD1012,CUS012,OP157,SITE012,2026-07-26,2026-08-15,,20,Active,7,6,26,3,Energy,0,
RNT00037,EQBD1014,CUS056,OP134,SITE016,2026-07-24,2026-08-08,,15,Active,7,4,24,3,Commercial,0,
RNT00038,EQBD1016,CUS021,OP155,SITE001,2026-08-01,2026-08-17,,16,Active,8,5,1,3,Metro Rail,0,
RNT00039,EQBD1018,CUS051,OP109,SITE011,2026-07-16,2026-08-03,,18,Active,7,3,16,3,Residential,0,
RNT00040,EQBD1019,CUS030,OP148,SITE010,2026-07-29,2026-08-03,,5,Active,7,2,29,3,Industrial,0,
RNT00041,EQBD1021,CUS070,OP153,SITE010,2026-07-25,2026-08-08,,14,Active,7,5,25,3,Industrial,0,
RNT00042,EQBD1023,CUS020,OP112,SITE020,2026-07-15,2026-07-25,,10,Active,7,2,15,3,Metro Rail,0,
RNT00043,EQBD1025,CUS003,OP179,SITE003,2026-07-22,2026-08-05,,14,Active,7,2,22,3,Commercial,0,
RNT00044,EQBD1029,CUS016,OP116,SITE016,2026-07-27,2026-08-06,,10,Active,7,0,27,3,Commercial,0,
RNT00045,EQBD1030,CUS049,OP146,SITE009,2026-07-15,2026-07-22,,7,Active,7,2,15,3,Highway,0,
RNT00046,EQWL1001,CUS055,OP175,SITE015,2026-08-04,2026-08-25,,21,Active,8,1,4,3,Water Infrastructure,0,
RNT00047,EQWL1002,CUS066,OP118,SITE006,2026-07-30,2026-08-06,,7,Active,7,3,30,3,Port,0,
RNT00048,EQWL1003,CUS069,OP176,SITE009,2026-07-21,2026-08-02,,12,Active,7,1,21,3,Highway,0,
RNT00049,EQWL1004,CUS048,OP111,SITE008,2026-07-15,2026-07-30,,15,Active,7,2,15,3,Energy,0,
RNT00050,EQWL1005,CUS018,OP118,SITE018,2026-08-02,2026-08-19,,17,Active,8,6,2,3,Highway,0,
RNT00051,EQWL1007,CUS071,OP140,SITE011,2026-07-17,2026-07-27,,10,Active,7,4,17,3,Residential,0,
RNT00052,EQWL1008,CUS074,OP120,SITE014,2026-08-02,2026-08-09,,7,Active,8,6,2,3,Railway,0,
RNT00053,EQWL1011,CUS020,OP149,SITE020,2026-07-23,2026-08-03,,11,Active,7,3,23,3,Metro Rail,0,
RNT00054,EQWL1012,CUS012,OP150,SITE012,2026-08-02,2026-08-16,,14,Active,8,6,2,3,Energy,0,
RNT00055,EQWL1014,CUS004,OP145,SITE020,2026-08-05,2026-08-09,,4,Active,8,2,5,3,Metro Rail,0,
RNT00056,EQWL1017,CUS009,OP104,SITE009,2026-07-31,2026-08-06,,6,Active,7,4,31,3,Highway,0,
RNT00057,EQWL1018,CUS039,OP139,SITE019,2026-07-26,2026-07-29,,3,Active,7,6,26,3,Port,0,
RNT00058,EQWL1020,CUS019,OP164,SITE019,2026-08-02,2026-08-19,,17,Active,8,6,2,3,Port,0,
RNT00059,EQWL1024,CUS042,OP122,SITE005,2026-08-03,2026-08-10,,7,Active,8,0,3,3,Airport,0,
RNT00060,EQWL1026,CUS058,OP127,SITE018,2026-07-30,2026-08-15,,16,Active,7,3,30,3,Highway,0,
RNT00061,EQGR1001,CUS054,OP159,SITE014,2026-08-02,2026-08-15,,13,Active,8,6,2,3,Railway,0,
RNT00062,EQGR1004,CUS058,OP109,SITE018,2026-07-19,2026-08-01,,13,Active,7,6,19,3,Highway,0,
RNT00063,EQGR1008,CUS014,OP126,SITE014,2026-07-19,2026-08-08,,20,Active,7,6,19,3,Railway,0,
RNT00064,EQGR1009,CUS010,OP106,SITE010,2026-07-26,2026-08-09,,14,Active,7,6,26,3,Industrial,0,
RNT00065,EQGR1011,CUS017,OP158,SITE017,2026-07-30,2026-08-14,,15,Active,7,3,30,3,Bridge,0,
RNT00066,EQGR1014,CUS046,OP162,SITE020,2026-07-22,2026-08-07,,16,Active,7,2,22,3,Metro Rail,0,
RNT00067,EQGR1017,CUS001,OP117,SITE001,2026-07-30,2026-08-11,,12,Active,7,3,30,3,Metro Rail,0,
RNT00068,EQGR1018,CUS024,OP167,SITE004,2026-08-05,2026-08-23,,18,Active,8,2,5,3,Smart City,0,
RNT00069,EQGR1019,CUS010,OP124,SITE017,2026-07-19,2026-08-02,,14,Active,7,6,19,3,Bridge,0,
RNT00070,EQGR1020,CUS063,OP169,SITE003,2026-07-26,2026-08-16,,21,Active,7,6,26,3,Commercial,0,
RNT00071,EQBK1001,CUS001,OP150,SITE001,2026-07-26,2026-08-03,,8,Active,7,6,26,3,Metro Rail,0,
RNT00072,EQBK1002,CUS054,OP123,SITE014,2026-07-18,2026-08-02,,15,Active,7,5,18,3,Railway,0,
RNT00073,EQBK1003,CUS051,OP154,SITE011,2026-07-31,2026-08-05,,5,Active,7,4,31,3,Residential,0,
RNT00074,EQBK1004,CUS025,OP142,SITE005,2026-07-29,2026-08-04,,6,Active,7,2,29,3,Airport,0,
RNT00075,EQBK1005,CUS063,OP116,SITE003,2026-07-31,2026-08-18,,18,Active,7,4,31,3,Commercial,0,
RNT00076,EQBK1009,CUS070,OP136,SITE010,2026-08-03,2026-08-08,,5,Active,8,0,3,3,Industrial,0,
RNT00077,EQBK1011,CUS035,OP130,SITE015,2026-08-02,2026-08-15,,13,Active,8,6,2,3,Water Infrastructure,0,
RNT00078,EQBK1013,CUS011,OP159,SITE011,2026-07-15,2026-07-19,,4,Active,7,2,15,3,Residential,0,
RNT00079,EQBK1014,CUS073,OP170,SITE013,2026-07-27,2026-08-07,,11,Active,7,0,27,3,Energy,0,
RNT00080,EQBK1015,CUS070,OP124,SITE010,2026-07-16,2026-07-31,,15,Active,7,3,16,3,Industrial,0,
RNT00081,EQBK1016,CUS025,OP121,SITE011,2026-08-01,2026-08-20,,19,Active,8,5,1,3,Residential,0,
RNT00082,EQBK1017,CUS070,OP174,SITE010,2026-07-31,2026-08-09,,9,Active,7,4,31,3,Industrial,0,
RNT00083,EQBK1018,CUS023,OP115,SITE003,2026-07-27,2026-08-02,,6,Active,7,0,27,3,Commercial,0,
RNT00084,EQBK1019,CUS046,OP172,SITE006,2026-07-31,2026-08-08,,8,Active,7,4,31,3,Port,0,
RNT00085,EQSS1002,CUS035,OP173,SITE015,2026-07-27,2026-08-11,,15,Active,7,0,27,3,Water Infrastructure,0,
RNT00086,EQSS1003,CUS049,OP172,SITE009,2026-08-04,2026-08-22,,18,Active,8,1,4,3,Highway,0,
RNT00087,EQSS1005,CUS054,OP113,SITE014,2026-08-03,2026-08-13,,10,Active,8,0,3,3,Railway,0,
RNT00088,EQSS1009,CUS013,OP108,SITE015,2026-07-17,2026-07-20,,3,Active,7,4,17,3,Water Infrastructure,0,
RNT00089,EQSS1010,CUS060,OP124,SITE020,2026-07-20,2026-08-05,,16,Active,7,0,20,3,Metro Rail,0,
RNT00090,EQSS1012,CUS020,OP165,SITE020,2026-07-19,2026-07-22,,3,Active,7,6,19,3,Metro Rail,0,
RNT00091,EQSS1014,CUS003,OP138,SITE003,2026-07-20,2026-08-03,,14,Active,7,0,20,3,Commercial,0,
RNT00092,EQSS1016,CUS012,OP133,SITE003,2026-07-25,2026-08-04,,10,Active,7,5,25,3,Commercial,0,
RNT00093,EQSS1017,CUS062,OP133,SITE002,2026-07-25,2026-08-14,,20,Active,7,5,25,3,Highway,0,
RNT00094,EQSS1018,CUS016,OP108,SITE016,2026-07-16,2026-07-24,,8,Active,7,3,16,3,Commercial,0,
RNT00095,EQRR1001,CUS007,OP140,SITE007,2026-08-04,2026-08-13,,9,Active,8,1,4,3,Industrial,0,
RNT00096,EQRR1002,CUS056,OP172,SITE016,2026-07-28,2026-08-01,,4,Active,7,1,28,3,Commercial,0,
RNT00097,EQRR1003,CUS044,OP141,SITE004,2026-07-25,2026-08-10,,16,Active,7,5,25,3,Smart City,0,
RNT00098,EQRR1004,CUS056,OP179,SITE016,2026-07-25,2026-08-13,,19,Active,7,5,25,3,Commercial,0,
RNT00099,EQRR1005,CUS040,OP141,SITE020,2026-07-31,2026-08-20,,20,Active,7,4,31,3,Metro Rail,0,
RNT00100,EQRR1006,CUS070,OP160,SITE010,2026-07-27,2026-08-13,,17,Active,7,0,27,3,Industrial,0,
RNT00101,EQRR1008,CUS013,OP148,SITE013,2026-07-25,2026-08-13,,19,Active,7,5,25,3,Energy,0,
RNT00102,EQRR1010,CUS050,OP133,SITE013,2026-07-18,2026-07-22,,4,Active,7,5,18,3,Energy,0,
RNT00103,EQRR1011,CUS039,OP108,SITE019,2026-08-01,2026-08-20,,19,Active,8,5,1,3,Port,0,
RNT00104,EQRR1013,CUS073,OP104,SITE013,2026-07-19,2026-07-25,,6,Active,7,6,19,3,Energy,0,
RNT00105,EQRR1014,CUS036,OP138,SITE016,2026-07-30,2026-08-05,,6,Active,7,3,30,3,Commercial,0,
RNT00106,EQDT1001,CUS011,OP139,SITE011,2026-07-15,2026-07-29,,14,Active,7,2,15,3,Residential,0,
RNT00107,EQDT1002,CUS046,OP175,SITE006,2026-07-16,2026-07-24,,8,Active,7,3,16,3,Port,0,
RNT00108,EQDT1005,CUS040,OP144,SITE013,2026-07-21,2026-08-09,,19,Active,7,1,21,3,Energy,0,
RNT00109,EQDT1006,CUS003,OP115,SITE003,2026-07-22,2026-08-08,,17,Active,7,2,22,3,Commercial,0,
RNT00110,EQDT1008,CUS005,OP116,SITE005,2026-07-27,2026-08-04,,8,Active,7,0,27,3,Airport,0,
RNT00111,EQDT1009,CUS043,OP177,SITE003,2026-07-28,2026-08-06,,9,Active,7,1,28,3,Commercial,0,
RNT00112,EQDT1010,CUS058,OP139,SITE018,2026-08-03,2026-08-22,,19,Active,8,0,3,3,Highway,0,
RNT00113,EQDT1011,CUS060,OP117,SITE020,2026-07-17,2026-07-30,,13,Active,7,4,17,3,Metro Rail,0,
RNT00114,EQDT1012,CUS039,OP149,SITE019,2026-07-28,2026-08-06,,9,Active,7,1,28,3,Port,0,
RNT00115,EQFL1001,CUS030,OP129,SITE010,2026-07-21,2026-07-31,,10,Active,7,1,21,3,Industrial,0,
RNT00116,EQFL1002,CUS022,OP170,SITE002,2026-07-31,2026-08-17,,17,Active,7,4,31,3,Highway,0,
RNT00117,EQFL1003,CUS065,OP133,SITE005,2026-07-26,2026-08-08,,13,Active,7,6,26,3,Airport,0,
RNT00118,EQFL1007,CUS019,OP103,SITE019,2026-07-26,2026-08-04,,9,Active,7,6,26,3,Port,0,
RNT00119,EQFL1011,CUS064,OP154,SITE004,2026-07-23,2026-07-30,,7,Active,7,3,23,3,Smart City,0,
RNT00120,EQFL1012,CUS042,OP118,SITE002,2026-07-18,2026-08-07,,20,Active,7,5,18,3,Highway,0,
RNT00121,EQGR1018,CUS047,OP135,SITE007,2024-01-01,2024-01-10,2024-01-09,9,Completed,1,0,1,1,Industrial,0,1.0
RNT00122,EQSS1004,CUS030,OP143,SITE010,2024-01-01,2024-01-03,2024-01-04,2,Completed,1,0,1,1,Industrial,1,0.0
RNT00123,EQEX1030,CUS035,OP101,SITE015,2024-01-01,2024-01-21,2024-01-21,20,Completed,1,0,1,1,Water Infrastructure,0,1.0
RNT00124,EQWL1021,CUS018,OP129,SITE018,2024-01-01,2024-01-14,2024-01-13,13,Completed,1,0,1,1,Highway,0,1.0
RNT00125,EQEX1019,CUS056,OP154,SITE016,2024-01-01,2024-01-21,2024-01-24,20,Completed,1,0,1,1,Commercial,3,1.0
RNT00126,EQBK1009,CUS021,OP147,SITE001,2024-01-01,2024-01-06,2024-01-09,5,Completed,1,0,1,1,Metro Rail,3,1.0
RNT00127,EQBK1018,CUS014,OP127,SITE014,2024-01-01,2024-01-05,2024-01-05,4,Completed,1,0,1,1,Railway,0,1.0
RNT00128,EQRR1011,CUS014,OP133,SITE014,2024-01-01,2024-01-20,2024-01-20,19,Completed,1,0,1,1,Railway,0,1.0
RNT00129,EQEX1012,CUS021,OP168,SITE001,2024-01-01,2024-01-27,2024-01-26,26,Completed,1,0,1,1,Metro Rail,0,1.0
RNT00130,EQBD1008,CUS002,OP130,SITE002,2024-01-02,2024-01-21,2024-01-21,19,Completed,1,1,2,1,Highway,0,1.0
RNT00131,EQWL1016,CUS057,OP131,SITE017,2024-01-02,2024-01-17,2024-01-17,15,Completed,1,1,2,1,Bridge,0,1.0
RNT00132,EQEX1006,CUS025,OP147,SITE003,2024-01-03,2024-01-20,2024-01-21,17,Completed,1,2,3,1,Commercial,1,0.0
RNT00133,EQEX1018,CUS061,OP158,SITE001,2024-01-03,2024-01-26,2024-01-25,23,Completed,1,2,3,1,Metro Rail,0,1.0
RNT00134,EQBD1015,CUS021,OP107,SITE001,2024-01-03,2024-01-19,2024-01-28,16,Completed,1,2,3,1,Metro Rail,9,1.0
RNT00135,EQBD1007,CUS057,OP175,SITE017,2024-01-04,2024-01-11,2024-01-11,7,Completed,1,3,4,1,Bridge,0,1.0
RNT00136,EQEX1033,CUS049,OP171,SITE009,2024-01-04,2024-01-18,2024-01-19,14,Completed,1,3,4,1,Highway,1,1.0
RNT00137,EQBK1008,CUS059,OP150,SITE019,2024-01-04,2024-01-13,2024-01-13,9,Completed,1,3,4,1,Port,0,1.0
RNT00138,EQRR1012,CUS038,OP139,SITE018,2024-01-05,2024-01-23,2024-01-30,18,Completed,1,4,5,1,Highway,7,1.0
RNT00139,EQBK1001,CUS011,OP114,SITE011,2024-01-05,2024-03-02,2024-03-05,57,Completed,1,4,5,1,Residential,3,1.0
RNT00140,EQRR1003,CUS013,OP139,SITE013,2024-01-05,2024-01-12,2024-01-12,7,Completed,1,4,5,1,Energy,0,1.0
RNT00141,EQEX1012,CUS001,OP101,SITE013,2024-01-05,2024-01-11,2024-01-11,6,Completed,1,4,5,1,Energy,0,1.0
RNT00142,EQBD1026,CUS006,OP125,SITE006,2024-01-06,2024-01-14,2024-01-17,8,Completed,1,5,6,1,Port,3,1.0
RNT00143,EQEX1040,CUS008,OP149,SITE008,2024-01-06,2024-01-20,2024-01-19,14,Completed,1,5,6,1,Energy,0,1.0
RNT00144,EQBD1007,CUS004,OP145,SITE004,2024-01-06,2024-01-31,2024-01-31,25,Completed,1,5,6,1,Smart City,0,1.0
RNT00145,EQRR1005,CUS010,OP115,SITE013,2024-01-06,2024-01-16,2024-01-15,10,Completed,1,5,6,1,Energy,0,1.0
RNT00146,EQRR1002,CUS053,OP166,SITE013,2024-01-06,2024-01-15,2024-01-14,9,Completed,1,5,6,1,Energy,0,1.0
RNT00147,EQSS1007,CUS002,OP154,SITE002,2024-01-06,2024-01-16,2024-01-16,10,Completed,1,5,6,1,Highway,0,1.0
RNT00148,EQWL1009,CUS029,OP131,SITE009,2024-01-07,2024-01-20,2024-01-29,13,Completed,1,6,7,1,Highway,9,1.0
RNT00149,EQEX1030,CUS027,OP109,SITE007,2024-01-07,2024-01-15,2024-01-14,8,Completed,1,6,7,1,Industrial,0,1.0
RNT00150,EQBD1002,CUS057,OP150,SITE017,2024-01-07,2024-01-26,2024-01-31,19,Completed,1,6,7,1,Bridge,5,1.0
RNT00151,EQWL1003,CUS006,OP157,SITE006,2024-01-07,2024-01-11,2024-01-12,4,Completed,1,6,7,1,Port,1,1.0
RNT00152,EQBD1022,CUS049,OP163,SITE009,2024-01-07,2024-01-19,2024-01-25,12,Completed,1,6,7,1,Highway,6,1.0
RNT00153,EQDT1004,CUS008,OP170,SITE008,2024-01-07,2024-02-01,2024-02-04,25,Completed,1,6,7,1,Energy,3,1.0
RNT00154,EQDT1001,CUS005,OP117,SITE005,2024-01-08,2024-02-05,2024-02-07,28,Completed,1,0,8,1,Airport,2,0.0
RNT00155,EQGR1015,CUS021,OP120,SITE001,2024-01-08,2024-01-15,2024-01-14,7,Completed,1,0,8,1,Metro Rail,0,0.0
RNT00156,EQBD1027,CUS050,OP117,SITE011,2024-01-08,2024-01-13,2024-01-13,5,Completed,1,0,8,1,Residential,0,1.0
RNT00157,EQEX1015,CUS028,OP165,SITE008,2024-01-08,2024-01-23,2024-01-23,15,Completed,1,0,8,1,Energy,0,1.0
RNT00158,EQRR1009,CUS025,OP102,SITE005,2024-01-08,2024-01-20,2024-01-20,12,Completed,1,0,8,1,Airport,0,1.0
RNT00159,EQEX1020,CUS001,OP101,SITE001,2024-01-08,2024-01-17,2024-01-17,9,Completed,1,0,8,1,Metro Rail,0,1.0
RNT00160,EQEX1014,CUS011,OP136,SITE011,2024-01-08,2024-01-14,2024-01-14,6,Completed,1,0,8,1,Residential,0,1.0
RNT00161,EQRR1002,CUS010,OP114,SITE010,2024-01-09,2024-01-24,2024-01-26,15,Completed,1,1,9,1,Industrial,2,1.0
RNT00162,EQEX1037,CUS026,OP143,SITE001,2024-01-09,2024-01-29,2024-02-04,20,Completed,1,1,9,1,Metro Rail,6,1.0
RNT00163,EQSS1006,CUS029,OP101,SITE009,2024-01-09,2024-01-19,2024-01-19,10,Completed,1,1,9,1,Highway,0,1.0
RNT00164,EQBK1004,CUS060,OP156,SITE020,2024-01-09,2024-01-23,2024-01-27,14,Completed,1,1,9,1,Metro Rail,4,1.0
RNT00165,EQWL1004,CUS042,OP164,SITE002,2024-01-09,2024-01-13,2024-01-14,4,Completed,1,1,9,1,Highway,1,1.0
RNT00166,EQEX1023,CUS056,OP130,SITE016,2024-01-10,2024-01-23,2024-02-02,13,Completed,1,2,10,1,Commercial,10,1.0
RNT00167,EQBK1013,CUS020,OP143,SITE020,2024-01-10,2024-01-18,2024-01-21,8,Completed,1,2,10,1,Metro Rail,3,1.0
RNT00168,EQEX1027,CUS031,OP122,SITE011,2024-01-10,2024-01-12,2024-01-12,2,Completed,1,2,10,1,Residential,0,1.0
RNT00169,EQFL1009,CUS042,OP172,SITE002,2024-01-10,2024-02-26,2024-02-27,47,Completed,1,2,10,1,Highway,1,1.0
RNT00170,EQSS1017,CUS065,OP119,SITE005,2024-01-10,2024-01-14,2024-01-22,4,Completed,1,2,10,1,Airport,8,1.0
RNT00171,EQBD1020,CUS034,OP136,SITE014,2024-01-10,2024-01-28,2024-01-28,18,Completed,1,2,10,1,Railway,0,0.0
RNT00172,EQRR1012,CUS002,OP111,SITE002,2024-01-11,2024-01-30,2024-02-04,19,Completed,1,3,11,1,Highway,5,1.0
RNT00173,EQEX1022,CUS025,OP116,SITE005,2024-01-11,2024-01-24,2024-01-24,13,Completed,1,3,11,1,Airport,0,0.0
RNT00174,EQSS1008,CUS009,OP167,SITE009,2024-01-11,2024-01-20,2024-01-20,9,Completed,1,3,11,1,Highway,0,0.0
RNT00175,EQFL1006,CUS043,OP102,SITE003,2024-01-11,2024-01-19,2024-01-20,8,Completed,1,3,11,1,Commercial,1,1.0
RNT00176,EQRR1012,CUS065,OP171,SITE005,2024-01-11,2024-01-20,2024-01-19,9,Completed,1,3,11,1,Airport,0,0.0
RNT00177,EQGR1020,CUS041,OP118,SITE001,2024-01-11,2024-03-07,2024-03-17,56,Completed,1,3,11,1,Metro Rail,10,1.0
RNT00178,EQGR1012,CUS015,OP155,SITE015,2024-01-11,2024-01-24,2024-02-01,13,Completed,1,3,11,1,Water Infrastructure,8,1.0
RNT00179,EQFL1010,CUS050,OP165,SITE011,2024-01-11,2024-01-17,2024-01-16,6,Completed,1,3,11,1,Residential,0,1.0
RNT00180,EQFL1009,CUS057,OP140,SITE017,2024-01-12,2024-01-21,2024-01-21,9,Completed,1,4,12,1,Bridge,0,1.0
RNT00181,EQWL1021,CUS062,OP108,SITE002,2024-01-12,2024-01-20,2024-01-19,8,Completed,1,4,12,1,Highway,0,1.0
RNT00182,EQEX1047,CUS031,OP162,SITE011,2024-01-12,2024-02-08,2024-02-08,27,Completed,1,4,12,1,Residential,0,1.0
RNT00183,EQEX1023,CUS002,OP159,SITE002,2024-01-12,2024-01-20,2024-01-21,8,Completed,1,4,12,1,Highway,1,1.0
RNT00184,EQFL1008,CUS021,OP162,SITE001,2024-01-12,2024-01-20,2024-01-25,8,Completed,1,4,12,1,Metro Rail,5,1.0
RNT00185,EQWL1009,CUS046,OP127,SITE006,2024-01-13,2024-01-17,2024-01-17,4,Completed,1,5,13,1,Port,0,1.0
RNT00186,EQSS1003,CUS050,OP140,SITE011,2024-01-13,2024-01-23,2024-01-22,10,Completed,1,5,13,1,Residential,0,1.0
RNT00187,EQEX1029,CUS062,OP172,SITE002,2024-01-13,2024-02-04,2024-02-08,22,Completed,1,5,13,1,Highway,4,1.0
RNT00188,EQBD1014,CUS019,OP162,SITE019,2024-01-13,2024-01-31,2024-01-31,18,Completed,1,5,13,1,Port,0,1.0
RNT00189,EQWL1020,CUS065,OP174,SITE005,2024-01-13,2024-01-31,2024-02-09,18,Completed,1,5,13,1,Airport,9,1.0
RNT00190,EQBD1009,CUS027,OP132,SITE007,2024-01-14,2024-02-01,2024-02-08,18,Completed,1,6,14,1,Industrial,7,0.0
RNT00191,EQSS1017,CUS001,OP141,SITE001,2024-01-14,2024-01-24,2024-01-24,10,Completed,1,6,14,1,Metro Rail,0,1.0
RNT00192,EQDT1008,CUS042,OP180,SITE002,2024-01-14,2024-02-06,2024-02-09,23,Completed,1,6,14,1,Highway,3,1.0
RNT00193,EQGR1018,CUS068,OP143,SITE008,2024-01-14,2024-02-06,2024-02-06,23,Completed,1,6,14,1,Energy,0,1.0
RNT00194,EQGR1014,CUS021,OP113,SITE001,2024-01-14,2024-01-26,2024-01-27,12,Completed,1,6,14,1,Metro Rail,1,0.0
RNT00195,EQBK1004,CUS070,OP156,SITE010,2024-01-14,2024-01-28,2024-01-27,14,Completed,1,6,14,1,Industrial,0,1.0
RNT00196,EQFL1009,CUS054,OP169,SITE014,2024-01-14,2024-01-22,2024-01-22,8,Completed,1,6,14,1,Railway,0,1.0
RNT00197,EQBD1015,CUS064,OP162,SITE004,2024-01-15,2024-02-03,2024-02-01,19,Completed,1,0,15,1,Smart City,0,1.0
RNT00198,EQBD1011,CUS049,OP101,SITE009,2024-01-15,2024-01-27,2024-01-28,12,Completed,1,0,15,1,Highway,1,1.0
RNT00199,EQRR1013,CUS047,OP141,SITE007,2024-01-15,2024-01-20,2024-01-30,5,Completed,1,0,15,1,Industrial,10,1.0
RNT00200,EQEX1003,CUS001,OP162,SITE001,2024-01-16,2024-02-05,2024-02-12,20,Completed,1,1,16,1,Metro Rail,7,1.0
RNT00201,EQDT1009,CUS016,OP159,SITE016,2024-01-16,2024-02-07,2024-02-07,22,Completed,1,1,16,1,Commercial,0,0.0
RNT00202,EQRR1006,CUS075,OP138,SITE015,2024-01-16,2024-01-24,2024-01-24,8,Completed,1,1,16,1,Water Infrastructure,0,1.0
RNT00203,EQRR1005,CUS059,OP146,SITE019,2024-01-16,2024-01-31,2024-01-30,15,Completed,1,1,16,1,Port,0,1.0
RNT00204,EQWL1020,CUS020,OP141,SITE005,2024-01-17,2024-02-06,2024-02-07,20,Completed,1,2,17,1,Airport,1,1.0
RNT00205,EQEX1046,CUS005,OP156,SITE005,2024-01-17,2024-02-06,2024-02-12,20,Completed,1,2,17,1,Airport,6,1.0
RNT00206,EQBD1009,CUS020,OP152,SITE020,2024-01-17,2024-02-09,2024-02-09,23,Completed,1,2,17,1,Metro Rail,0,1.0
RNT00207,EQWL1005,CUS058,OP151,SITE018,2024-01-17,2024-01-29,2024-01-29,12,Completed,1,2,17,1,Highway,0,1.0
RNT00208,EQEX1025,CUS049,OP139,SITE009,2024-01-17,2024-01-30,2024-02-09,13,Completed,1,2,17,1,Highway,10,1.0
RNT00209,EQRR1011,CUS074,OP142,SITE014,2024-01-18,2024-01-21,2024-01-21,3,Completed,1,3,18,1,Railway,0,0.0
RNT00210,EQBD1010,CUS065,OP135,SITE005,2024-01-18,2024-02-05,2024-02-05,18,Completed,1,3,18,1,Airport,0,1.0
RNT00211,EQWL1002,CUS074,OP113,SITE014,2024-01-18,2024-01-28,2024-01-27,10,Completed,1,3,18,1,Railway,0,1.0
RNT00212,EQBD1014,CUS042,OP112,SITE002,2024-01-18,2024-02-07,2024-02-07,20,Completed,1,3,18,1,Highway,0,1.0
RNT00213,EQEX1039,CUS025,OP146,SITE005,2024-01-18,2024-02-04,2024-02-05,17,Completed,1,3,18,1,Airport,1,1.0
RNT00214,EQEX1008,CUS035,OP116,SITE015,2024-01-19,2024-01-24,2024-01-24,5,Completed,1,4,19,1,Water Infrastructure,0,1.0
RNT00215,EQWL1002,CUS018,OP146,SITE018,2024-01-19,2024-01-26,2024-01-27,7,Completed,1,4,19,1,Highway,1,0.0
RNT00216,EQSS1018,CUS026,OP113,SITE006,2024-01-19,2024-01-24,2024-01-28,5,Completed,1,4,19,1,Port,4,1.0
RNT00217,EQEX1032,CUS026,OP178,SITE006,2024-01-19,2024-01-30,2024-02-06,11,Completed,1,4,19,1,Port,7,1.0
RNT00218,EQBK1016,CUS038,OP175,SITE018,2024-01-19,2024-02-05,2024-02-01,17,Completed,1,4,19,1,Highway,0,1.0
RNT00219,EQWL1025,CUS026,OP130,SITE006,2024-01-19,2024-02-05,2024-02-13,17,Completed,1,4,19,1,Port,8,1.0
RNT00220,EQBK1003,CUS021,OP129,SITE001,2024-01-19,2024-01-30,2024-01-30,11,Completed,1,4,19,1,Metro Rail,0,1.0
RNT00221,EQGR1007,CUS048,OP126,SITE008,2024-01-19,2024-01-29,2024-02-03,10,Completed,1,4,19,1,Energy,5,1.0
RNT00222,EQWL1024,CUS001,OP147,SITE001,2024-01-20,2024-01-25,2024-02-01,5,Completed,1,5,20,1,Metro Rail,7,1.0
RNT00223,EQBD1016,CUS007,OP137,SITE007,2024-01-20,2024-02-12,2024-02-11,23,Completed,1,5,20,1,Industrial,0,1.0
RNT00224,EQBK1003,CUS020,OP173,SITE020,2024-01-20,2024-01-29,2024-02-04,9,Completed,1,5,20,1,Metro Rail,6,1.0
RNT00225,EQDT1005,CUS017,OP180,SITE017,2024-01-20,2024-01-27,2024-01-28,7,Completed,1,5,20,1,Bridge,1,0.0
RNT00226,EQFL1008,CUS045,OP126,SITE005,2024-01-20,2024-01-24,2024-01-26,4,Completed,1,5,20,1,Airport,2,1.0
RNT00227,EQGR1020,CUS007,OP154,SITE007,2024-01-20,2024-02-06,2024-02-07,17,Completed,1,5,20,1,Industrial,1,1.0
RNT00228,EQBD1008,CUS035,OP124,SITE015,2024-01-21,2024-02-03,2024-02-04,13,Completed,1,6,21,1,Water Infrastructure,1,1.0
RNT00229,EQBK1020,CUS058,OP131,SITE018,2024-01-21,2024-03-06,2024-03-05,45,Completed,1,6,21,1,Highway,0,1.0
RNT00230,EQRR1008,CUS032,OP132,SITE012,2024-01-21,2024-02-01,2024-01-31,11,Completed,1,6,21,1,Energy,0,1.0
RNT00231,EQEX1033,CUS028,OP113,SITE008,2024-01-21,2024-01-26,2024-01-26,5,Completed,1,6,21,1,Energy,0,1.0
RNT00232,EQEX1041,CUS058,OP179,SITE018,2024-01-21,2024-01-29,2024-01-28,8,Completed,1,6,21,1,Highway,0,1.0
RNT00233,EQEX1005,CUS001,OP126,SITE001,2024-01-22,2024-02-11,2024-02-20,20,Completed,1,0,22,1,Metro Rail,9,0.0
RNT00234,EQSS1007,CUS031,OP114,SITE011,2024-01-22,2024-02-01,2024-02-01,10,Completed,1,0,22,1,Residential,0,1.0
RNT00235,EQGR1006,CUS029,OP159,SITE009,2024-01-22,2024-02-05,2024-02-05,14,Completed,1,0,22,1,Highway,0,1.0
RNT00236,EQBK1012,CUS021,OP107,SITE001,2024-01-22,2024-02-11,2024-02-11,20,Completed,1,0,22,1,Metro Rail,0,0.0
RNT00237,EQBK1002,CUS042,OP167,SITE002,2024-01-22,2024-02-10,2024-02-18,19,Completed,1,0,22,1,Highway,8,1.0
RNT00238,EQGR1005,CUS009,OP130,SITE009,2024-01-22,2024-02-02,2024-02-02,11,Completed,1,0,22,1,Highway,0,1.0
RNT00239,EQBK1015,CUS009,OP133,SITE009,2024-01-23,2024-01-30,2024-01-29,7,Completed,1,1,23,1,Highway,0,0.0
RNT00240,EQGR1017,CUS025,OP155,SITE005,2024-01-23,2024-02-01,2024-02-11,9,Completed,1,1,23,1,Airport,10,1.0
RNT00241,EQEX1040,CUS008,OP151,SITE008,2024-01-23,2024-02-03,2024-02-04,11,Completed,1,1,23,1,Energy,1,1.0
RNT00242,EQBD1016,CUS046,OP145,SITE005,2024-01-23,2024-02-16,2024-02-16,24,Completed,1,1,23,1,Airport,0,0.0
RNT00243,EQEX1037,CUS001,OP148,SITE001,2024-01-24,2024-02-11,2024-02-07,18,Completed,1,2,24,1,Metro Rail,0,1.0
RNT00244,EQEX1007,CUS012,OP155,SITE012,2024-01-24,2024-02-04,2024-02-07,11,Completed,1,2,24,1,Energy,3,0.0
RNT00245,EQRR1006,CUS021,OP169,SITE001,2024-01-24,2024-02-01,2024-02-01,8,Completed,1,2,24,1,Metro Rail,0,1.0
RNT00246,EQBK1001,CUS002,OP118,SITE010,2024-01-24,2024-02-03,2024-02-03,10,Completed,1,2,24,1,Industrial,0,1.0
RNT00247,EQEX1004,CUS018,OP133,SITE018,2024-01-24,2024-01-25,2024-01-25,1,Completed,1,2,24,1,Highway,0,0.0
RNT00248,EQGR1009,CUS054,OP164,SITE014,2024-01-24,2024-02-06,2024-02-06,13,Completed,1,2,24,1,Railway,0,0.0
RNT00249,EQBD1005,CUS060,OP147,SITE020,2024-01-24,2024-02-01,2024-02-01,8,Completed,1,2,24,1,Metro Rail,0,1.0
RNT00250,EQFL1001,CUS026,OP107,SITE006,2024-01-25,2024-01-31,2024-01-31,6,Completed,1,3,25,1,Port,0,1.0
RNT00251,EQSS1017,CUS025,OP126,SITE005,2024-01-25,2024-01-27,2024-01-27,2,Completed,1,3,25,1,Airport,0,1.0
RNT00252,EQBD1026,CUS041,OP135,SITE001,2024-01-25,2024-02-11,2024-02-09,17,Completed,1,3,25,1,Metro Rail,0,1.0
RNT00253,EQRR1002,CUS022,OP161,SITE002,2024-01-25,2024-02-07,2024-02-08,13,Completed,1,3,25,1,Highway,1,1.0
RNT00254,EQBK1014,CUS046,OP107,SITE006,2024-01-25,2024-02-01,2024-01-29,7,Completed,1,3,25,1,Port,0,1.0
RNT00255,EQBK1011,CUS072,OP119,SITE012,2024-01-25,2024-02-06,2024-02-06,12,Completed,1,3,25,1,Energy,0,0.0
RNT00256,EQSS1003,CUS050,OP138,SITE011,2024-01-26,2024-03-15,2024-03-15,49,Completed,1,4,26,1,Residential,0,1.0
RNT00257,EQSS1017,CUS001,OP116,SITE001,2024-01-26,2024-01-30,2024-01-30,4,Completed,1,4,26,1,Metro Rail,0,1.0
RNT00258,EQWL1021,CUS050,OP111,SITE011,2024-01-26,2024-02-15,2024-02-25,20,Completed,1,4,26,1,Residential,10,1.0
RNT00259,EQEX1031,CUS069,OP106,SITE009,2024-01-26,2024-02-01,2024-01-31,6,Completed,1,4,26,1,Highway,0,1.0
RNT00260,EQSS1005,CUS008,OP107,SITE008,2024-01-26,2024-01-29,2024-01-30,3,Completed,1,4,26,1,Energy,1,0.0
RNT00261,EQRR1009,CUS022,OP105,SITE006,2024-01-26,2024-02-10,2024-02-11,15,Completed,1,4,26,1,Port,1,0.0
RNT00262,EQDT1010,CUS022,OP120,SITE002,2024-01-26,2024-02-14,2024-02-14,19,Completed,1,4,26,1,Highway,0,1.0
RNT00263,EQEX1024,CUS018,OP137,SITE018,2024-01-27,2024-02-09,2024-02-10,13,Completed,1,5,27,1,Highway,1,1.0
RNT00264,EQEX1026,CUS046,OP103,SITE016,2024-01-27,2024-02-16,2024-02-24,20,Completed,1,5,27,1,Commercial,8,1.0
RNT00265,EQFL1007,CUS045,OP101,SITE005,2024-01-27,2024-02-01,2024-02-01,5,Completed,1,5,27,1,Airport,0,1.0
RNT00266,EQEX1046,CUS019,OP150,SITE019,2024-01-28,2024-02-12,2024-02-16,15,Completed,1,6,28,1,Port,4,1.0
RNT00267,EQBK1012,CUS019,OP145,SITE003,2024-01-28,2024-02-17,2024-02-17,20,Completed,1,6,28,1,Commercial,0,1.0
RNT00268,EQBD1011,CUS042,OP145,SITE002,2024-01-28,2024-02-23,2024-02-25,26,Completed,1,6,28,1,Highway,2,1.0
RNT00269,EQBD1005,CUS041,OP133,SITE001,2024-01-28,2024-02-17,2024-02-18,20,Completed,1,6,28,1,Metro Rail,1,1.0
RNT00270,EQEX1018,CUS026,OP128,SITE006,2024-01-28,2024-02-06,2024-02-16,9,Completed,1,6,28,1,Port,10,1.0
RNT00271,EQEX1036,CUS070,OP157,SITE010,2024-01-28,2024-02-17,2024-02-17,20,Completed,1,6,28,1,Industrial,0,0.0
RNT00272,EQSS1014,CUS026,OP178,SITE006,2024-01-28,2024-02-07,2024-02-06,10,Completed,1,6,28,1,Port,0,1.0
RNT00273,EQEX1033,CUS020,OP119,SITE020,2024-01-29,2024-03-19,2024-03-28,50,Completed,1,0,29,1,Metro Rail,9,1.0
RNT00274,EQGR1011,CUS001,OP136,SITE001,2024-01-29,2024-02-13,2024-02-13,15,Completed,1,0,29,1,Metro Rail,0,1.0
RNT00275,EQWL1001,CUS074,OP112,SITE020,2024-01-29,2024-02-09,2024-02-06,11,Completed,1,0,29,1,Metro Rail,0,0.0
RNT00276,EQFL1003,CUS026,OP107,SITE008,2024-01-30,2024-02-09,2024-02-15,10,Completed,1,1,30,1,Energy,6,1.0
RNT00277,EQWL1015,CUS004,OP103,SITE004,2024-01-30,2024-02-17,2024-02-17,18,Completed,1,1,30,1,Smart City,0,1.0
RNT00278,EQWL1010,CUS046,OP173,SITE006,2024-01-30,2024-02-03,2024-02-03,4,Completed,1,1,30,1,Port,0,1.0
RNT00279,EQEX1014,CUS051,OP110,SITE011,2024-01-30,2024-02-19,2024-02-20,20,Completed,1,1,30,1,Residential,1,1.0
RNT00280,EQEX1003,CUS046,OP167,SITE006,2024-01-31,2024-02-15,2024-02-15,15,Completed,1,2,31,1,Port,0,1.0
RNT00281,EQRR1007,CUS029,OP176,SITE009,2024-01-31,2024-02-08,2024-02-07,8,Completed,1,2,31,1,Highway,0,1.0
RNT00282,EQFL1008,CUS054,OP156,SITE014,2024-01-31,2024-02-05,2024-02-05,5,Completed,1,2,31,1,Railway,0,1.0
RNT00283,EQSS1004,CUS008,OP122,SITE008,2024-01-31,2024-02-10,2024-02-15,10,Completed,1,2,31,1,Energy,5,1.0
RNT00284,EQEX1032,CUS030,OP140,SITE012,2024-01-31,2024-02-07,2024-02-15,7,Completed,1,2,31,1,Energy,8,1.0
RNT00285,EQEX1036,CUS006,OP142,SITE006,2024-02-01,2024-02-19,2024-02-18,18,Completed,2,3,1,1,Port,0,1.0
RNT00286,EQEX1022,CUS058,OP169,SITE006,2024-02-01,2024-02-17,2024-02-17,16,Completed,2,3,1,1,Port,0,0.0
RNT00287,EQDT1007,CUS036,OP136,SITE016,2024-02-01,2024-02-22,2024-02-24,21,Completed,2,3,1,1,Commercial,2,1.0
RNT00288,EQWL1013,CUS041,OP142,SITE001,2024-02-02,2024-02-18,2024-02-18,16,Completed,2,4,2,1,Metro Rail,0,1.0
RNT00289,EQEX1020,CUS058,OP167,SITE018,2024-02-02,2024-02-22,2024-02-22,20,Completed,2,4,2,1,Highway,0,1.0
RNT00290,EQDT1002,CUS065,OP131,SITE005,2024-02-03,2024-02-19,2024-02-22,16,Completed,2,5,3,1,Airport,3,1.0
RNT00291,EQFL1001,CUS048,OP160,SITE008,2024-02-03,2024-02-12,2024-02-12,9,Completed,2,5,3,1,Energy,0,1.0
RNT00292,EQDT1001,CUS061,OP168,SITE001,2024-02-03,2024-02-26,2024-02-26,23,Completed,2,5,3,1,Metro Rail,0,1.0
RNT00293,EQEX1047,CUS065,OP179,SITE005,2024-02-04,2024-02-27,2024-02-27,23,Completed,2,6,4,1,Airport,0,1.0
RNT00294,EQEX1016,CUS022,OP158,SITE002,2024-02-04,2024-03-02,2024-03-02,27,Completed,2,6,4,1,Highway,0,1.0
RNT00295,EQSS1005,CUS019,OP139,SITE019,2024-02-04,2024-02-06,2024-02-06,2,Completed,2,6,4,1,Port,0,1.0
RNT00296,EQDT1008,CUS018,OP105,SITE018,2024-02-04,2024-02-22,2024-02-24,18,Completed,2,6,4,1,Highway,2,1.0
RNT00297,EQWL1003,CUS059,OP134,SITE019,2024-02-04,2024-02-21,2024-02-21,17,Completed,2,6,4,1,Port,0,1.0
RNT00298,EQEX1008,CUS065,OP141,SITE005,2024-02-04,2024-03-03,2024-03-02,28,Completed,2,6,4,1,Airport,0,1.0
RNT00299,EQSS1010,CUS033,OP101,SITE013,2024-02-04,2024-02-09,2024-02-05,5,Completed,2,6,4,1,Energy,0,0.0
RNT00300,EQWL1006,CUS054,OP152,SITE014,2024-02-04,2024-02-10,2024-02-10,6,Completed,2,6,4,1,Railway,0,1.0
RNT00301,EQFL1006,CUS070,OP133,SITE010,2024-02-05,2024-04-02,2024-04-02,57,Completed,2,0,5,1,Industrial,0,1.0
RNT00302,EQSS1006,CUS026,OP137,SITE006,2024-02-05,2024-02-12,2024-02-12,7,Completed,2,0,5,1,Port,0,1.0
RNT00303,EQGR1016,CUS046,OP147,SITE006,2024-02-05,2024-03-03,2024-03-03,27,Completed,2,0,5,1,Port,0,0.0
RNT00304,EQRR1005,CUS054,OP142,SITE014,2024-02-05,2024-02-15,2024-02-16,10,Completed,2,0,5,1,Railway,1,0.0
RNT00305,EQBK1004,CUS005,OP126,SITE005,2024-02-05,2024-02-12,2024-02-12,7,Completed,2,0,5,1,Airport,0,1.0
RNT00306,EQDT1011,CUS013,OP168,SITE013,2024-02-06,2024-02-26,2024-03-07,20,Completed,2,1,6,1,Energy,10,1.0
RNT00307,EQEX1045,CUS020,OP135,SITE020,2024-02-06,2024-02-22,2024-02-22,16,Completed,2,1,6,1,Metro Rail,0,0.0
RNT00308,EQGR1006,CUS016,OP162,SITE016,2024-02-06,2024-02-19,2024-02-19,13,Completed,2,1,6,1,Commercial,0,1.0
RNT00309,EQBD1014,CUS050,OP148,SITE011,2024-02-06,2024-02-22,2024-02-21,16,Completed,2,1,6,1,Residential,0,1.0
RNT00310,EQBD1024,CUS058,OP161,SITE018,2024-02-06,2024-02-18,2024-02-18,12,Completed,2,1,6,1,Highway,0,1.0
RNT00311,EQDT1011,CUS042,OP153,SITE002,2024-02-07,2024-02-14,2024-02-14,7,Completed,2,2,7,1,Highway,0,1.0
RNT00312,EQWL1018,CUS021,OP171,SITE001,2024-02-07,2024-02-10,2024-02-11,3,Completed,2,2,7,1,Metro Rail,1,0.0
RNT00313,EQBK1015,CUS035,OP149,SITE015,2024-02-07,2024-02-15,2024-02-22,8,Completed,2,2,7,1,Water Infrastructure,7,0.0
RNT00314,EQFL1008,CUS039,OP180,SITE019,2024-02-07,2024-02-09,2024-02-09,2,Completed,2,2,7,1,Port,0,1.0
RNT00315,EQEX1041,CUS062,OP144,SITE002,2024-02-07,2024-02-27,2024-02-26,20,Completed,2,2,7,1,Highway,0,1.0
RNT00316,EQWL1013,CUS005,OP172,SITE005,2024-02-07,2024-02-11,2024-02-11,4,Completed,2,2,7,1,Airport,0,1.0
RNT00317,EQBD1030,CUS016,OP117,SITE016,2024-02-08,2024-03-07,2024-03-07,28,Completed,2,3,8,1,Commercial,0,1.0
RNT00318,EQBD1025,CUS020,OP120,SITE020,2024-02-08,2024-02-15,2024-02-20,7,Completed,2,3,8,1,Metro Rail,5,0.0
RNT00319,EQDT1004,CUS067,OP155,SITE007,2024-02-08,2024-02-18,2024-02-18,10,Completed,2,3,8,1,Industrial,0,0.0
RNT00320,EQSS1004,CUS062,OP156,SITE002,2024-02-08,2024-02-13,2024-02-12,5,Completed,2,3,8,1,Highway,0,1.0
RNT00321,EQWL1012,CUS049,OP159,SITE009,2024-02-08,2024-02-25,2024-03-02,17,Completed,2,3,8,1,Highway,6,1.0
RNT00322,EQWL1026,CUS005,OP156,SITE005,2024-02-08,2024-02-11,2024-02-11,3,Completed,2,3,8,1,Airport,0,1.0
RNT00323,EQSS1016,CUS013,OP111,SITE013,2024-02-08,2024-02-12,2024-02-19,4,Completed,2,3,8,1,Energy,7,1.0
RNT00324,EQFL1006,CUS022,OP104,SITE002,2024-02-08,2024-02-17,2024-02-18,9,Completed,2,3,8,1,Highway,1,0.0
RNT00325,EQEX1032,CUS035,OP178,SITE015,2024-02-09,2024-03-08,2024-03-08,28,Completed,2,4,9,1,Water Infrastructure,0,1.0
RNT00326,EQEX1037,CUS042,OP156,SITE002,2024-02-09,2024-03-06,2024-03-07,26,Completed,2,4,9,1,Highway,1,1.0
RNT00327,EQSS1015,CUS041,OP154,SITE001,2024-02-09,2024-02-12,2024-02-10,3,Completed,2,4,9,1,Metro Rail,0,1.0
RNT00328,EQWL1020,CUS009,OP111,SITE009,2024-02-09,2024-02-23,2024-02-23,14,Completed,2,4,9,1,Highway,0,1.0
RNT00329,EQWL1015,CUS001,OP164,SITE001,2024-02-09,2024-02-23,2024-02-22,14,Completed,2,4,9,1,Metro Rail,0,1.0
RNT00330,EQBK1004,CUS014,OP128,SITE014,2024-02-09,2024-02-26,2024-02-29,17,Completed,2,4,9,1,Railway,3,1.0
RNT00331,EQSS1010,CUS065,OP144,SITE005,2024-02-10,2024-02-15,2024-02-15,5,Completed,2,5,10,1,Airport,0,1.0
RNT00332,EQEX1034,CUS008,OP131,SITE008,2024-02-10,2024-02-29,2024-03-08,19,Completed,2,5,10,1,Energy,8,1.0
RNT00333,EQDT1010,CUS001,OP139,SITE001,2024-02-10,2024-03-07,2024-03-09,26,Completed,2,5,10,1,Metro Rail,2,1.0
RNT00334,EQSS1011,CUS046,OP155,SITE006,2024-02-10,2024-02-17,2024-02-27,7,Completed,2,5,10,1,Port,10,1.0
RNT00335,EQBD1020,CUS061,OP166,SITE001,2024-02-10,2024-03-04,2024-03-05,23,Completed,2,5,10,1,Metro Rail,1,1.0
RNT00336,EQDT1012,CUS006,OP116,SITE006,2024-02-10,2024-02-20,2024-02-20,10,Completed,2,5,10,1,Port,0,1.0
RNT00337,EQDT1012,CUS029,OP169,SITE009,2024-02-11,2024-02-23,2024-02-29,12,Completed,2,6,11,1,Highway,6,1.0
RNT00338,EQBD1002,CUS046,OP152,SITE006,2024-02-11,2024-02-26,2024-02-25,15,Completed,2,6,11,1,Port,0,1.0
RNT00339,EQGR1005,CUS065,OP161,SITE005,2024-02-11,2024-02-16,2024-02-15,5,Completed,2,6,11,1,Airport,0,1.0
RNT00340,EQDT1008,CUS020,OP125,SITE020,2024-02-11,2024-02-21,2024-02-21,10,Completed,2,6,11,1,Metro Rail,0,1.0
RNT00341,EQEX1047,CUS034,OP156,SITE014,2024-02-11,2024-02-20,2024-02-20,9,Completed,2,6,11,1,Railway,0,1.0
RNT00342,EQRR1003,CUS031,OP124,SITE011,2024-02-11,2024-02-14,2024-02-15,3,Completed,2,6,11,1,Residential,1,1.0
RNT00343,EQDT1007,CUS027,OP167,SITE007,2024-02-11,2024-02-28,2024-02-28,17,Completed,2,6,11,1,Industrial,0,1.0
RNT00344,EQWL1002,CUS021,OP150,SITE001,2024-02-12,2024-02-21,2024-02-21,9,Completed,2,0,12,1,Metro Rail,0,1.0
RNT00345,EQGR1004,CUS014,OP176,SITE014,2024-02-12,2024-03-03,2024-03-02,20,Completed,2,0,12,1,Railway,0,1.0
RNT00346,EQBD1022,CUS020,OP146,SITE020,2024-02-12,2024-03-09,2024-03-14,26,Completed,2,0,12,1,Metro Rail,5,1.0
RNT00347,EQEX1043,CUS020,OP154,SITE020,2024-02-12,2024-03-03,2024-03-02,20,Completed,2,0,12,1,Metro Rail,0,0.0
RNT00348,EQEX1041,CUS001,OP120,SITE001,2024-02-12,2024-03-10,2024-03-09,27,Completed,2,0,12,1,Metro Rail,0,1.0
RNT00349,EQRR1003,CUS009,OP148,SITE009,2024-02-12,2024-02-29,2024-02-29,17,Completed,2,0,12,1,Highway,0,0.0
RNT00350,EQSS1012,CUS033,OP136,SITE013,2024-02-12,2024-02-15,2024-02-21,3,Completed,2,0,12,1,Energy,6,1.0
RNT00351,EQFL1011,CUS019,OP136,SITE019,2024-02-12,2024-02-16,2024-02-13,4,Completed,2,0,12,1,Port,0,1.0
RNT00352,EQBD1029,CUS035,OP112,SITE015,2024-02-13,2024-02-25,2024-02-29,12,Completed,2,1,13,1,Water Infrastructure,4,1.0
RNT00353,EQWL1001,CUS066,OP177,SITE006,2024-02-13,2024-02-24,2024-02-23,11,Completed,2,1,13,1,Port,0,1.0
RNT00354,EQFL1007,CUS054,OP151,SITE014,2024-02-13,2024-02-21,2024-02-21,8,Completed,2,1,13,1,Railway,0,1.0
RNT00355,EQBK1006,CUS050,OP174,SITE011,2024-02-13,2024-03-02,2024-03-12,18,Completed,2,1,13,1,Residential,10,1.0
RNT00356,EQFL1008,CUS070,OP109,SITE010,2024-02-13,2024-02-19,2024-02-19,6,Completed,2,1,13,1,Industrial,0,1.0
RNT00357,EQEX1045,CUS054,OP136,SITE014,2024-02-14,2024-03-10,2024-03-19,25,Completed,2,2,14,1,Railway,9,1.0
RNT00358,EQFL1005,CUS045,OP160,SITE005,2024-02-14,2024-02-20,2024-02-29,6,Completed,2,2,14,1,Airport,9,1.0
RNT00359,EQBD1011,CUS040,OP115,SITE007,2024-02-14,2024-03-06,2024-03-16,21,Completed,2,2,14,1,Industrial,10,1.0
RNT00360,EQSS1006,CUS054,OP158,SITE014,2024-02-14,2024-02-20,2024-02-27,6,Completed,2,2,14,1,Railway,7,1.0
RNT00361,EQDT1001,CUS060,OP156,SITE020,2024-02-14,2024-03-07,2024-03-14,22,Completed,2,2,14,1,Metro Rail,7,0.0
RNT00362,EQGR1020,CUS074,OP157,SITE014,2024-02-14,2024-03-03,2024-03-05,18,Completed,2,2,14,1,Railway,2,0.0
RNT00363,EQEX1022,CUS026,OP136,SITE006,2024-02-14,2024-03-05,2024-03-09,20,Completed,2,2,14,1,Port,4,0.0
RNT00364,EQGR1004,CUS011,OP139,SITE011,2024-02-15,2024-02-28,2024-02-29,13,Completed,2,3,15,1,Residential,1,1.0
RNT00365,EQBK1005,CUS029,OP166,SITE002,2024-02-15,2024-02-19,2024-02-27,4,Completed,2,3,15,1,Highway,8,1.0
RNT00366,EQWL1013,CUS041,OP121,SITE001,2024-02-15,2024-03-05,2024-03-05,19,Completed,2,3,15,1,Metro Rail,0,0.0
RNT00367,EQFL1009,CUS053,OP174,SITE013,2024-02-15,2024-02-22,2024-02-22,7,Completed,2,3,15,1,Energy,0,1.0
RNT00368,EQBD1028,CUS060,OP144,SITE020,2024-02-15,2024-03-09,2024-03-08,23,Completed,2,3,15,1,Metro Rail,0,0.0
RNT00369,EQFL1002,CUS044,OP111,SITE004,2024-02-15,2024-02-17,2024-02-18,2,Completed,2,3,15,1,Smart City,1,0.0
RNT00370,EQEX1023,CUS033,OP161,SITE013,2024-02-16,2024-03-10,2024-03-13,23,Completed,2,4,16,1,Energy,3,0.0
RNT00371,EQWL1013,CUS061,OP142,SITE001,2024-02-16,2024-02-23,2024-02-23,7,Completed,2,4,16,1,Metro Rail,0,1.0
RNT00372,EQSS1012,CUS006,OP172,SITE006,2024-02-16,2024-02-20,2024-02-23,4,Completed,2,4,16,1,Port,3,1.0
RNT00373,EQEX1005,CUS056,OP140,SITE016,2024-02-17,2024-03-16,2024-03-16,28,Completed,2,5,17,1,Commercial,0,0.0
RNT00374,EQWL1003,CUS017,OP101,SITE017,2024-02-17,2024-03-07,2024-03-08,19,Completed,2,5,17,1,Bridge,1,1.0
RNT00375,EQEX1008,CUS038,OP176,SITE004,2024-02-18,2024-03-10,2024-03-14,21,Completed,2,6,18,1,Smart City,4,1.0
RNT00376,EQGR1020,CUS018,OP117,SITE018,2024-02-18,2024-02-27,2024-02-27,9,Completed,2,6,18,1,Highway,0,1.0
RNT00377,EQGR1013,CUS068,OP175,SITE008,2024-02-19,2024-02-26,2024-03-02,7,Completed,2,0,19,1,Energy,5,0.0
RNT00378,EQGR1016,CUS020,OP130,SITE020,2024-02-19,2024-03-06,2024-03-13,16,Completed,2,0,19,1,Metro Rail,7,1.0
RNT00379,EQBD1011,CUS034,OP160,SITE014,2024-02-20,2024-03-05,2024-03-05,14,Completed,2,1,20,1,Railway,0,1.0
RNT00380,EQBD1006,CUS039,OP175,SITE019,2024-02-20,2024-03-13,2024-03-13,22,Completed,2,1,20,1,Port,0,1.0
RNT00381,EQDT1006,CUS058,OP127,SITE018,2024-02-20,2024-03-11,2024-03-11,20,Completed,2,1,20,1,Highway,0,1.0
RNT00382,EQDT1002,CUS022,OP173,SITE002,2024-02-20,2024-03-14,2024-03-11,23,Completed,2,1,20,1,Highway,0,0.0
RNT00383,EQBD1021,CUS014,OP126,SITE014,2024-02-20,2024-03-11,2024-03-11,20,Completed,2,1,20,1,Railway,0,1.0
RNT00384,EQBD1005,CUS001,OP131,SITE001,2024-02-20,2024-02-26,2024-03-06,6,Completed,2,1,20,1,Metro Rail,9,1.0
RNT00385,EQEX1009,CUS018,OP142,SITE018,2024-02-20,2024-04-07,2024-04-07,47,Completed,2,1,20,1,Highway,0,0.0
RNT00386,EQDT1008,CUS036,OP179,SITE016,2024-02-20,2024-02-26,2024-03-06,6,Completed,2,1,20,1,Commercial,9,1.0
RNT00387,EQEX1013,CUS034,OP140,SITE014,2024-02-21,2024-03-10,2024-03-10,18,Completed,2,2,21,1,Railway,0,1.0
RNT00388,EQGR1011,CUS058,OP169,SITE018,2024-02-21,2024-02-27,2024-02-27,6,Completed,2,2,21,1,Highway,0,1.0
RNT00389,EQBD1003,CUS049,OP156,SITE009,2024-02-21,2024-03-07,2024-03-07,15,Completed,2,2,21,1,Highway,0,1.0
RNT00390,EQBD1017,CUS004,OP130,SITE004,2024-02-21,2024-03-11,2024-03-12,19,Completed,2,2,21,1,Smart City,1,1.0
RNT00391,EQBD1007,CUS069,OP108,SITE009,2024-02-21,2024-02-28,2024-03-04,7,Completed,2,2,21,1,Highway,5,1.0
RNT00392,EQEX1044,CUS029,OP167,SITE019,2024-02-21,2024-03-16,2024-03-16,24,Completed,2,2,21,1,Port,0,1.0
RNT00393,EQWL1007,CUS011,OP110,SITE011,2024-02-21,2024-03-05,2024-03-05,13,Completed,2,2,21,1,Residential,0,0.0
RNT00394,EQBD1024,CUS074,OP133,SITE014,2024-02-21,2024-04-12,2024-04-11,51,Completed,2,2,21,1,Railway,0,0.0
RNT00395,EQWL1005,CUS001,OP105,SITE001,2024-02-22,2024-02-28,2024-03-09,6,Completed,2,3,22,1,Metro Rail,10,1.0
RNT00396,EQWL1007,CUS019,OP144,SITE019,2024-02-22,2024-03-13,2024-03-13,20,Completed,2,3,22,1,Port,0,1.0
RNT00397,EQEX1010,CUS017,OP179,SITE017,2024-02-22,2024-03-17,2024-03-17,24,Completed,2,3,22,1,Bridge,0,1.0
RNT00398,EQBD1019,CUS061,OP117,SITE001,2024-02-22,2024-03-07,2024-03-07,14,Completed,2,3,22,1,Metro Rail,0,1.0
RNT00399,EQSS1011,CUS019,OP137,SITE019,2024-02-22,2024-02-27,2024-02-29,5,Completed,2,3,22,1,Port,2,1.0
RNT00400,EQEX1045,CUS062,OP154,SITE002,2024-02-22,2024-03-06,2024-03-07,13,Completed,2,3,22,1,Highway,1,0.0
RNT00401,EQWL1020,CUS010,OP131,SITE010,2024-02-23,2024-03-10,2024-03-10,16,Completed,2,4,23,1,Industrial,0,0.0
RNT00402,EQBD1014,CUS063,OP127,SITE003,2024-02-23,2024-02-24,2024-02-24,1,Completed,2,4,23,1,Commercial,0,1.0
RNT00403,EQBK1017,CUS030,OP130,SITE010,2024-02-23,2024-03-10,2024-03-10,16,Completed,2,4,23,1,Industrial,0,1.0
RNT00404,EQGR1020,CUS002,OP127,SITE002,2024-02-24,2024-03-10,2024-03-10,15,Completed,2,5,24,1,Highway,0,1.0
RNT00405,EQEX1009,CUS020,OP164,SITE020,2024-02-24,2024-03-20,2024-03-19,25,Completed,2,5,24,1,Metro Rail,0,1.0
RNT00406,EQSS1007,CUS065,OP158,SITE005,2024-02-24,2024-03-02,2024-03-02,7,Completed,2,5,24,1,Airport,0,1.0
RNT00407,EQGR1013,CUS038,OP165,SITE018,2024-02-24,2024-03-10,2024-03-09,15,Completed,2,5,24,1,Highway,0,1.0
RNT00408,EQWL1018,CUS060,OP165,SITE020,2024-02-25,2024-03-08,2024-03-13,12,Completed,2,6,25,1,Metro Rail,5,1.0
RNT00409,EQBD1008,CUS054,OP123,SITE007,2024-02-25,2024-03-08,2024-03-08,12,Completed,2,6,25,1,Industrial,0,1.0
RNT00410,EQBK1017,CUS021,OP136,SITE001,2024-02-25,2024-03-05,2024-03-05,9,Completed,2,6,25,1,Metro Rail,0,1.0
RNT00411,EQFL1005,CUS009,OP127,SITE009,2024-02-25,2024-03-06,2024-03-05,10,Completed,2,6,25,1,Highway,0,1.0
RNT00412,EQWL1011,CUS020,OP128,SITE020,2024-02-25,2024-03-02,2024-03-02,6,Completed,2,6,25,1,Metro Rail,0,1.0
RNT00413,EQEX1040,CUS040,OP142,SITE020,2024-02-25,2024-03-11,2024-03-11,15,Completed,2,6,25,1,Metro Rail,0,1.0
RNT00414,EQBD1012,CUS046,OP127,SITE006,2024-02-25,2024-03-02,2024-03-03,6,Completed,2,6,25,1,Port,1,1.0
RNT00415,EQEX1026,CUS016,OP164,SITE016,2024-02-26,2024-03-09,2024-03-16,12,Completed,2,0,26,1,Commercial,7,1.0
RNT00416,EQBK1005,CUS073,OP119,SITE013,2024-02-26,2024-03-06,2024-03-14,9,Completed,2,0,26,1,Energy,8,1.0
RNT00417,EQBK1008,CUS017,OP108,SITE017,2024-02-26,2024-03-10,2024-03-09,13,Completed,2,0,26,1,Bridge,0,1.0
RNT00418,EQSS1011,CUS035,OP117,SITE015,2024-02-27,2024-03-08,2024-03-18,10,Completed,2,1,27,1,Water Infrastructure,10,1.0
RNT00419,EQBK1005,CUS022,OP156,SITE002,2024-02-27,2024-03-16,2024-03-21,18,Completed,2,1,27,1,Highway,5,1.0
RNT00420,EQWL1021,CUS040,OP165,SITE020,2024-02-27,2024-03-18,2024-03-18,20,Completed,2,1,27,1,Metro Rail,0,1.0
RNT00421,EQBD1002,CUS018,OP103,SITE018,2024-02-27,2024-03-12,2024-03-12,14,Completed,2,1,27,1,Highway,0,1.0
RNT00422,EQEX1001,CUS026,OP162,SITE006,2024-02-27,2024-03-04,2024-03-10,6,Completed,2,1,27,1,Port,6,1.0
RNT00423,EQWL1012,CUS046,OP144,SITE006,2024-02-27,2024-03-06,2024-03-05,8,Completed,2,1,27,1,Port,0,1.0
RNT00424,EQBD1018,CUS020,OP157,SITE020,2024-02-27,2024-03-21,2024-03-21,23,Completed,2,1,27,1,Metro Rail,0,1.0
RNT00425,EQEX1011,CUS058,OP178,SITE018,2024-02-27,2024-03-22,2024-03-22,24,Completed,2,1,27,1,Highway,0,1.0
RNT00426,EQBK1013,CUS059,OP166,SITE019,2024-02-28,2024-03-09,2024-03-10,10,Completed,2,2,28,1,Port,1,0.0
RNT00427,EQEX1034,CUS053,OP116,SITE013,2024-02-28,2024-03-05,2024-03-05,6,Completed,2,2,28,1,Energy,0,1.0
RNT00428,EQEX1043,CUS070,OP167,SITE010,2024-02-28,2024-03-24,2024-03-24,25,Completed,2,2,28,1,Industrial,0,1.0
RNT00429,EQEX1014,CUS071,OP157,SITE011,2024-02-28,2024-03-08,2024-03-16,9,Completed,2,2,28,1,Residential,8,0.0
RNT00430,EQBK1016,CUS014,OP122,SITE014,2024-02-29,2024-03-18,2024-03-18,18,Completed,2,3,29,1,Railway,0,1.0
RNT00431,EQRR1004,CUS033,OP126,SITE006,2024-02-29,2024-03-05,2024-03-05,5,Completed,2,3,29,1,Port,0,1.0
RNT00432,EQWL1001,CUS016,OP126,SITE016,2024-02-29,2024-03-19,2024-03-19,19,Completed,2,3,29,1,Commercial,0,1.0
RNT00433,EQEX1037,CUS021,OP111,SITE001,2024-02-29,2024-03-13,2024-03-13,13,Completed,2,3,29,1,Metro Rail,0,1.0
RNT00434,EQEX1047,CUS069,OP163,SITE009,2024-02-29,2024-03-06,2024-03-16,6,Completed,2,3,29,1,Highway,10,0.0
RNT00435,EQBK1020,CUS049,OP171,SITE009,2024-03-01,2024-03-20,2024-03-20,19,Completed,3,4,1,1,Highway,0,0.0
RNT00436,EQBD1006,CUS026,OP103,SITE016,2024-03-01,2024-03-11,2024-03-10,10,Completed,3,4,1,1,Commercial,0,1.0
RNT00437,EQBK1007,CUS025,OP136,SITE005,2024-03-02,2024-03-19,2024-03-18,17,Completed,3,5,2,1,Airport,0,1.0
RNT00438,EQWL1021,CUS045,OP163,SITE005,2024-03-02,2024-03-13,2024-03-13,11,Completed,3,5,2,1,Airport,0,1.0
RNT00439,EQBD1026,CUS028,OP117,SITE008,2024-03-02,2024-03-03,2024-03-03,1,Completed,3,5,2,1,Energy,0,1.0
RNT00440,EQBK1017,CUS063,OP106,SITE003,2024-03-02,2024-03-17,2024-03-27,15,Completed,3,5,2,1,Commercial,10,1.0
RNT00441,EQGR1006,CUS050,OP127,SITE011,2024-03-02,2024-03-23,2024-03-23,21,Completed,3,5,2,1,Residential,0,1.0
RNT00442,EQEX1025,CUS046,OP106,SITE006,2024-03-02,2024-03-28,2024-03-29,26,Completed,3,5,2,1,Port,1,1.0
RNT00443,EQRR1009,CUS032,OP118,SITE012,2024-03-02,2024-03-20,2024-03-21,18,Completed,3,5,2,1,Energy,1,1.0
RNT00444,EQWL1008,CUS066,OP168,SITE006,2024-03-02,2024-03-06,2024-03-06,4,Completed,3,5,2,1,Port,0,1.0
RNT00445,EQDT1004,CUS040,OP120,SITE020,2024-03-02,2024-03-16,2024-03-16,14,Completed,3,5,2,1,Metro Rail,0,0.0
RNT00446,EQDT1002,CUS029,OP167,SITE009,2024-03-03,2024-03-28,2024-04-06,25,Completed,3,6,3,1,Highway,9,1.0
RNT00447,EQBK1009,CUS018,OP130,SITE018,2024-03-03,2024-03-22,2024-03-21,19,Completed,3,6,3,1,Highway,0,1.0
RNT00448,EQEX1023,CUS045,OP125,SITE005,2024-03-03,2024-03-22,2024-03-22,19,Completed,3,6,3,1,Airport,0,1.0
RNT00449,EQBK1016,CUS042,OP109,SITE002,2024-03-04,2024-03-21,2024-03-21,17,Completed,3,0,4,1,Highway,0,1.0
RNT00450,EQEX1035,CUS005,OP101,SITE005,2024-03-04,2024-03-28,2024-03-25,24,Completed,3,0,4,1,Airport,0,1.0
RNT00451,EQRR1013,CUS058,OP175,SITE018,2024-03-04,2024-03-13,2024-03-13,9,Completed,3,0,4,1,Highway,0,1.0
RNT00452,EQRR1013,CUS018,OP139,SITE013,2024-03-04,2024-03-09,2024-03-11,5,Completed,3,0,4,1,Energy,2,1.0
RNT00453,EQRR1013,CUS064,OP165,SITE004,2024-03-05,2024-03-20,2024-03-27,15,Completed,3,1,5,1,Smart City,7,1.0
RNT00454,EQDT1003,CUS065,OP175,SITE005,2024-03-05,2024-03-30,2024-03-30,25,Completed,3,1,5,1,Airport,0,1.0
RNT00455,EQBD1001,CUS049,OP146,SITE003,2024-03-05,2024-04-02,2024-04-02,28,Completed,3,1,5,1,Commercial,0,1.0
RNT00456,EQEX1038,CUS031,OP131,SITE011,2024-03-05,2024-04-02,2024-04-04,28,Completed,3,1,5,1,Residential,2,1.0
RNT00457,EQWL1019,CUS022,OP119,SITE002,2024-03-05,2024-03-19,2024-03-20,14,Completed,3,1,5,1,Highway,1,0.0
RNT00458,EQWL1014,CUS038,OP161,SITE018,2024-03-05,2024-03-12,2024-03-12,7,Completed,3,1,5,1,Highway,0,1.0
RNT00459,EQWL1018,CUS040,OP142,SITE020,2024-03-06,2024-03-20,2024-03-20,14,Completed,3,2,6,1,Metro Rail,0,1.0
RNT00460,EQGR1003,CUS031,OP126,SITE011,2024-03-06,2024-03-15,2024-03-21,9,Completed,3,2,6,1,Residential,6,1.0
RNT00461,EQFL1008,CUS029,OP151,SITE009,2024-03-06,2024-03-13,2024-03-13,7,Completed,3,2,6,1,Highway,0,1.0
RNT00462,EQDT1006,CUS006,OP118,SITE018,2024-03-06,2024-03-30,2024-04-01,24,Completed,3,2,6,1,Highway,2,1.0
RNT00463,EQGR1004,CUS009,OP137,SITE009,2024-03-07,2024-03-12,2024-03-12,5,Completed,3,3,7,1,Highway,0,1.0
RNT00464,EQEX1021,CUS018,OP132,SITE018,2024-03-07,2024-04-04,2024-04-05,28,Completed,3,3,7,1,Highway,1,1.0
RNT00465,EQBD1029,CUS006,OP129,SITE018,2024-03-07,2024-03-24,2024-03-24,17,Completed,3,3,7,1,Highway,0,1.0
RNT00466,EQEX1009,CUS055,OP163,SITE015,2024-03-08,2024-03-19,2024-03-18,11,Completed,3,4,8,1,Water Infrastructure,0,1.0
RNT00467,EQEX1044,CUS002,OP134,SITE002,2024-03-08,2024-03-28,2024-03-29,20,Completed,3,4,8,1,Highway,1,1.0
RNT00468,EQDT1001,CUS021,OP145,SITE001,2024-03-08,2024-03-19,2024-03-20,11,Completed,3,4,8,1,Metro Rail,1,1.0
RNT00469,EQRR1012,CUS042,OP114,SITE002,2024-03-08,2024-03-12,2024-03-11,4,Completed,3,4,8,1,Highway,0,1.0
RNT00470,EQRR1004,CUS034,OP173,SITE014,2024-03-08,2024-03-22,2024-03-21,14,Completed,3,4,8,1,Railway,0,1.0
RNT00471,EQEX1004,CUS009,OP107,SITE009,2024-03-08,2024-03-31,2024-03-31,23,Completed,3,4,8,1,Highway,0,1.0
RNT00472,EQEX1030,CUS047,OP130,SITE007,2024-03-09,2024-04-01,2024-04-01,23,Completed,3,5,9,1,Industrial,0,1.0
RNT00473,EQGR1015,CUS035,OP138,SITE015,2024-03-09,2024-03-18,2024-03-18,9,Completed,3,5,9,1,Water Infrastructure,0,1.0
RNT00474,EQSS1016,CUS001,OP162,SITE001,2024-03-09,2024-03-17,2024-03-17,8,Completed,3,5,9,1,Metro Rail,0,1.0
RNT00475,EQEX1009,CUS028,OP174,SITE008,2024-03-09,2024-03-25,2024-03-25,16,Completed,3,5,9,1,Energy,0,1.0
RNT00476,EQEX1008,CUS069,OP152,SITE009,2024-03-09,2024-03-24,2024-03-24,15,Completed,3,5,9,1,Highway,0,1.0
RNT00477,EQWL1013,CUS068,OP107,SITE006,2024-03-09,2024-03-29,2024-04-03,20,Completed,3,5,9,1,Port,5,1.0
RNT00478,EQSS1010,CUS003,OP120,SITE003,2024-03-09,2024-03-13,2024-03-13,4,Completed,3,5,9,1,Commercial,0,1.0
RNT00479,EQEX1007,CUS020,OP138,SITE020,2024-03-10,2024-03-23,2024-03-27,13,Completed,3,6,10,1,Metro Rail,4,0.0
RNT00480,EQGR1006,CUS020,OP150,SITE020,2024-03-10,2024-03-16,2024-03-15,6,Completed,3,6,10,1,Metro Rail,0,1.0
RNT00481,EQEX1041,CUS012,OP114,SITE004,2024-03-10,2024-04-01,2024-04-01,22,Completed,3,6,10,1,Smart City,0,0.0
RNT00482,EQWL1020,CUS058,OP135,SITE018,2024-03-10,2024-03-29,2024-03-28,19,Completed,3,6,10,1,Highway,0,1.0
RNT00483,EQWL1008,CUS058,OP170,SITE018,2024-03-10,2024-03-20,2024-03-19,10,Completed,3,6,10,1,Highway,0,1.0
RNT00484,EQBD1005,CUS053,OP173,SITE013,2024-03-10,2024-04-02,2024-04-09,23,Completed,3,6,10,1,Energy,7,1.0
RNT00485,EQGR1011,CUS052,OP145,SITE012,2024-03-10,2024-03-22,2024-03-21,12,Completed,3,6,10,1,Energy,0,0.0
RNT00486,EQWL1018,CUS045,OP174,SITE005,2024-03-10,2024-03-14,2024-03-17,4,Completed,3,6,10,1,Airport,3,1.0
RNT00487,EQEX1013,CUS021,OP137,SITE001,2024-03-11,2024-03-20,2024-03-20,9,Completed,3,0,11,1,Metro Rail,0,0.0
RNT00488,EQBK1004,CUS073,OP179,SITE013,2024-03-11,2024-03-22,2024-03-21,11,Completed,3,0,11,1,Energy,0,1.0
RNT00489,EQFL1003,CUS051,OP124,SITE011,2024-03-11,2024-03-14,2024-03-13,3,Completed,3,0,11,1,Residential,0,1.0
RNT00490,EQEX1011,CUS042,OP162,SITE020,2024-03-12,2024-04-02,2024-04-03,21,Completed,3,1,12,1,Metro Rail,1,1.0
RNT00491,EQFL1011,CUS063,OP108,SITE003,2024-03-12,2024-03-14,2024-03-14,2,Completed,3,1,12,1,Commercial,0,1.0
RNT00492,EQFL1002,CUS059,OP169,SITE019,2024-03-12,2024-03-17,2024-03-17,5,Completed,3,1,12,1,Port,0,1.0
RNT00493,EQSS1017,CUS018,OP136,SITE019,2024-03-13,2024-03-23,2024-03-23,10,Completed,3,2,13,1,Port,0,1.0
RNT00494,EQEX1044,CUS057,OP107,SITE017,2024-03-14,2024-03-23,2024-03-23,9,Completed,3,3,14,1,Bridge,0,1.0
RNT00495,EQFL1010,CUS009,OP180,SITE009,2024-03-14,2024-03-23,2024-03-23,9,Completed,3,3,14,1,Highway,0,1.0
RNT00496,EQBD1016,CUS018,OP148,SITE018,2024-03-14,2024-04-10,2024-04-11,27,Completed,3,3,14,1,Highway,1,1.0
RNT00497,EQRR1009,CUS018,OP128,SITE018,2024-03-14,2024-03-27,2024-04-01,13,Completed,3,3,14,1,Highway,5,0.0
RNT00498,EQBD1029,CUS050,OP132,SITE006,2024-03-14,2024-03-27,2024-03-28,13,Completed,3,3,14,1,Port,1,1.0
RNT00499,EQEX1017,CUS025,OP111,SITE005,2024-03-14,2024-04-10,2024-04-17,27,Completed,3,3,14,1,Airport,7,0.0
RNT00500,EQGR1011,CUS068,OP165,SITE008,2024-03-14,2024-03-30,2024-04-06,16,Completed,3,3,14,1,Energy,7,1.0
RNT00501,EQGR1005,CUS002,OP175,SITE002,2024-03-14,2024-03-28,2024-03-28,14,Completed,3,3,14,1,Highway,0,1.0
RNT00502,EQGR1020,CUS063,OP108,SITE003,2024-03-15,2024-04-06,2024-04-15,22,Completed,3,4,15,1,Commercial,9,1.0
RNT00503,EQEX1030,CUS011,OP162,SITE011,2024-03-15,2024-04-04,2024-04-11,20,Completed,3,4,15,1,Residential,7,1.0
RNT00504,EQDT1009,CUS027,OP149,SITE007,2024-03-15,2024-03-25,2024-03-26,10,Completed,3,4,15,1,Industrial,1,0.0
RNT00505,EQDT1010,CUS001,OP149,SITE001,2024-03-15,2024-04-01,2024-03-29,17,Completed,3,4,15,1,Metro Rail,0,1.0
RNT00506,EQEX1031,CUS027,OP119,SITE007,2024-03-15,2024-04-01,2024-03-31,17,Completed,3,4,15,1,Industrial,0,1.0
RNT00507,EQWL1025,CUS038,OP117,SITE018,2024-03-15,2024-03-23,2024-03-29,8,Completed,3,4,15,1,Highway,6,1.0
RNT00508,EQSS1006,CUS011,OP175,SITE005,2024-03-15,2024-03-17,2024-03-16,2,Completed,3,4,15,1,Airport,0,1.0
RNT00509,EQBD1008,CUS067,OP131,SITE007,2024-03-15,2024-03-22,2024-03-28,7,Completed,3,4,15,1,Industrial,6,1.0
RNT00510,EQSS1007,CUS059,OP153,SITE005,2024-03-15,2024-03-19,2024-03-17,4,Completed,3,4,15,1,Airport,0,1.0
RNT00511,EQFL1001,CUS049,OP111,SITE009,2024-03-16,2024-03-23,2024-03-22,7,Completed,3,5,16,1,Highway,0,0.0
RNT00512,EQEX1041,CUS074,OP162,SITE014,2024-03-16,2024-03-27,2024-03-26,11,Completed,3,5,16,1,Railway,0,1.0
RNT00513,EQGR1016,CUS012,OP107,SITE020,2024-03-16,2024-03-26,2024-03-27,10,Completed,3,5,16,1,Metro Rail,1,1.0
RNT00514,EQSS1018,CUS049,OP107,SITE009,2024-03-16,2024-03-23,2024-03-22,7,Completed,3,5,16,1,Highway,0,1.0
RNT00515,EQBK1010,CUS045,OP136,SITE015,2024-03-17,2024-05-01,2024-05-02,45,Completed,3,6,17,1,Water Infrastructure,1,1.0
RNT00516,EQFL1011,CUS001,OP102,SITE001,2024-03-17,2024-03-21,2024-03-21,4,Completed,3,6,17,1,Metro Rail,0,0.0
RNT00517,EQFL1008,CUS065,OP128,SITE005,2024-03-17,2024-03-23,2024-03-27,6,Completed,3,6,17,1,Airport,4,0.0
RNT00518,EQEX1047,CUS074,OP145,SITE014,2024-03-17,2024-04-07,2024-04-06,21,Completed,3,6,17,1,Railway,0,1.0
RNT00519,EQGR1020,CUS016,OP148,SITE009,2024-03-18,2024-04-01,2024-04-01,14,Completed,3,0,18,1,Highway,0,1.0
RNT00520,EQSS1011,CUS025,OP109,SITE005,2024-03-18,2024-03-28,2024-03-29,10,Completed,3,0,18,1,Airport,1,1.0
RNT00521,EQEX1028,CUS020,OP126,SITE020,2024-03-18,2024-04-02,2024-04-12,15,Completed,3,0,18,1,Metro Rail,10,1.0
RNT00522,EQBK1011,CUS046,OP140,SITE006,2024-03-18,2024-04-07,2024-04-07,20,Completed,3,0,18,1,Port,0,0.0
RNT00523,EQEX1035,CUS052,OP150,SITE012,2024-03-18,2024-03-30,2024-03-30,12,Completed,3,0,18,1,Energy,0,1.0
RNT00524,EQBD1014,CUS055,OP105,SITE015,2024-03-18,2024-04-12,2024-04-12,25,Completed,3,0,18,1,Water Infrastructure,0,1.0
RNT00525,EQGR1019,CUS073,OP107,SITE013,2024-03-18,2024-03-26,2024-03-25,8,Completed,3,0,18,1,Energy,0,1.0
RNT00526,EQSS1001,CUS060,OP109,SITE020,2024-03-18,2024-03-26,2024-03-26,8,Completed,3,0,18,1,Metro Rail,0,0.0
RNT00527,EQWL1005,CUS038,OP170,SITE014,2024-03-19,2024-04-06,2024-04-09,18,Completed,3,1,19,1,Railway,3,1.0
RNT00528,EQBD1011,CUS001,OP132,SITE001,2024-03-19,2024-04-02,2024-04-03,14,Completed,3,1,19,1,Metro Rail,1,1.0
RNT00529,EQDT1010,CUS016,OP118,SITE016,2024-03-19,2024-03-31,2024-04-08,12,Completed,3,1,19,1,Commercial,8,0.0
RNT00530,EQGR1003,CUS001,OP137,SITE001,2024-03-19,2024-04-16,2024-04-16,28,Completed,3,1,19,1,Metro Rail,0,1.0
RNT00531,EQSS1005,CUS013,OP143,SITE013,2024-03-19,2024-03-29,2024-04-06,10,Completed,3,1,19,1,Energy,8,1.0
RNT00532,EQEX1010,CUS041,OP154,SITE001,2024-03-19,2024-04-08,2024-04-10,20,Completed,3,1,19,1,Metro Rail,2,0.0
RNT00533,EQEX1015,CUS051,OP179,SITE011,2024-03-20,2024-04-01,2024-04-11,12,Completed,3,2,20,1,Residential,10,0.0
RNT00534,EQGR1017,CUS073,OP169,SITE013,2024-03-20,2024-04-16,2024-04-16,27,Completed,3,2,20,1,Energy,0,1.0
RNT00535,EQDT1009,CUS045,OP107,SITE005,2024-03-20,2024-04-17,2024-04-16,28,Completed,3,2,20,1,Airport,0,1.0
RNT00536,EQWL1011,CUS065,OP130,SITE005,2024-03-20,2024-04-09,2024-04-18,20,Completed,3,2,20,1,Airport,9,1.0
RNT00537,EQBK1010,CUS062,OP120,SITE002,2024-03-20,2024-04-07,2024-04-08,18,Completed,3,2,20,1,Highway,1,1.0
RNT00538,EQBK1011,CUS057,OP141,SITE017,2024-03-21,2024-04-01,2024-03-31,11,Completed,3,3,21,1,Bridge,0,1.0
RNT00539,EQWL1017,CUS022,OP135,SITE002,2024-03-21,2024-03-24,2024-03-24,3,Completed,3,3,21,1,Highway,0,1.0
RNT00540,EQBD1030,CUS045,OP128,SITE005,2024-03-21,2024-05-20,2024-05-28,60,Completed,3,3,21,1,Airport,8,1.0
RNT00541,EQBK1015,CUS029,OP151,SITE009,2024-03-21,2024-04-08,2024-04-09,18,Completed,3,3,21,1,Highway,1,1.0
RNT00542,EQWL1018,CUS017,OP153,SITE008,2024-03-21,2024-04-03,2024-04-06,13,Completed,3,3,21,1,Energy,3,1.0
RNT00543,EQEX1023,CUS009,OP154,SITE009,2024-03-22,2024-04-02,2024-04-05,11,Completed,3,4,22,1,Highway,3,1.0
RNT00544,EQBD1021,CUS030,OP124,SITE010,2024-03-22,2024-04-09,2024-04-08,18,Completed,3,4,22,1,Industrial,0,1.0
RNT00545,EQGR1014,CUS039,OP110,SITE019,2024-03-23,2024-04-17,2024-04-20,25,Completed,3,5,23,1,Port,3,1.0
RNT00546,EQRR1006,CUS025,OP132,SITE004,2024-03-23,2024-04-01,2024-04-01,9,Completed,3,5,23,1,Smart City,0,1.0
RNT00547,EQWL1009,CUS069,OP114,SITE012,2024-03-23,2024-04-06,2024-04-05,14,Completed,3,5,23,1,Energy,0,1.0
RNT00548,EQEX1020,CUS066,OP129,SITE006,2024-03-23,2024-04-09,2024-04-09,17,Completed,3,5,23,1,Port,0,0.0
RNT00549,EQBD1029,CUS067,OP117,SITE015,2024-03-23,2024-03-28,2024-03-27,5,Completed,3,5,23,1,Water Infrastructure,0,1.0
RNT00550,EQBD1004,CUS039,OP157,SITE019,2024-03-23,2024-04-15,2024-04-16,23,Completed,3,5,23,1,Port,1,1.0
RNT00551,EQBK1014,CUS058,OP152,SITE018,2024-03-24,2024-04-02,2024-04-12,9,Completed,3,6,24,1,Highway,10,1.0
RNT00552,EQBK1018,CUS069,OP123,SITE009,2024-03-24,2024-03-29,2024-03-29,5,Completed,3,6,24,1,Highway,0,1.0
RNT00553,EQFL1001,CUS036,OP163,SITE016,2024-03-24,2024-03-29,2024-03-29,5,Completed,3,6,24,1,Commercial,0,1.0
RNT00554,EQEX1028,CUS042,OP126,SITE002,2024-03-24,2024-04-10,2024-04-09,17,Completed,3,6,24,1,Highway,0,1.0
RNT00555,EQEX1042,CUS014,OP149,SITE005,2024-03-24,2024-04-19,2024-04-19,26,Completed,3,6,24,1,Airport,0,1.0
RNT00556,EQDT1004,CUS026,OP116,SITE006,2024-03-24,2024-04-20,2024-04-24,27,Completed,3,6,24,1,Port,4,1.0
RNT00557,EQBD1030,CUS019,OP160,SITE019,2024-03-25,2024-03-30,2024-03-29,5,Completed,3,0,25,1,Port,0,1.0
RNT00558,EQRR1008,CUS025,OP169,SITE005,2024-03-25,2024-04-11,2024-04-19,17,Completed,3,0,25,1,Airport,8,0.0
RNT00559,EQFL1012,CUS045,OP116,SITE005,2024-03-25,2024-03-30,2024-03-29,5,Completed,3,0,25,1,Airport,0,1.0
RNT00560,EQBD1014,CUS028,OP103,SITE008,2024-03-25,2024-04-19,2024-04-22,25,Completed,3,0,25,1,Energy,3,1.0
RNT00561,EQWL1025,CUS018,OP166,SITE018,2024-03-25,2024-03-29,2024-04-01,4,Completed,3,0,25,1,Highway,3,1.0
RNT00562,EQBD1021,CUS018,OP132,SITE018,2024-03-25,2024-04-13,2024-04-13,19,Completed,3,0,25,1,Highway,0,0.0
RNT00563,EQRR1003,CUS029,OP131,SITE002,2024-03-25,2024-04-14,2024-04-15,20,Completed,3,0,25,1,Highway,1,1.0
RNT00564,EQEX1010,CUS001,OP138,SITE001,2024-03-25,2024-05-15,2024-05-24,51,Completed,3,0,25,1,Metro Rail,9,1.0
RNT00565,EQEX1013,CUS043,OP115,SITE003,2024-03-26,2024-04-16,2024-04-17,21,Completed,3,1,26,1,Commercial,1,1.0
RNT00566,EQEX1027,CUS009,OP114,SITE009,2024-03-26,2024-04-22,2024-04-28,27,Completed,3,1,26,1,Highway,6,0.0
RNT00567,EQSS1001,CUS048,OP109,SITE008,2024-03-26,2024-04-04,2024-04-04,9,Completed,3,1,26,1,Energy,0,0.0
RNT00568,EQWL1019,CUS065,OP130,SITE005,2024-03-26,2024-04-13,2024-04-14,18,Completed,3,1,26,1,Airport,1,0.0
RNT00569,EQEX1017,CUS058,OP132,SITE018,2024-03-26,2024-04-15,2024-04-15,20,Completed,3,1,26,1,Highway,0,1.0
RNT00570,EQBD1027,CUS040,OP136,SITE020,2024-03-26,2024-04-04,2024-04-04,9,Completed,3,1,26,1,Metro Rail,0,1.0
RNT00571,EQSS1002,CUS034,OP131,SITE014,2024-03-27,2024-03-30,2024-03-29,3,Completed,3,2,27,1,Railway,0,0.0
RNT00572,EQRR1010,CUS002,OP127,SITE006,2024-03-27,2024-04-04,2024-04-05,8,Completed,3,2,27,1,Port,1,1.0
RNT00573,EQGR1011,CUS001,OP124,SITE006,2024-03-27,2024-04-08,2024-04-08,12,Completed,3,2,27,1,Port,0,1.0
RNT00574,EQSS1012,CUS027,OP108,SITE007,2024-03-27,2024-04-03,2024-04-02,7,Completed,3,2,27,1,Industrial,0,0.0
RNT00575,EQBD1002,CUS018,OP115,SITE018,2024-03-27,2024-04-20,2024-04-19,24,Completed,3,2,27,1,Highway,0,1.0
RNT00576,EQEX1042,CUS023,OP125,SITE003,2024-03-27,2024-04-14,2024-04-17,18,Completed,3,2,27,1,Commercial,3,1.0
RNT00577,EQEX1024,CUS049,OP148,SITE009,2024-03-28,2024-04-17,2024-04-23,20,Completed,3,3,28,1,Highway,6,1.0
RNT00578,EQBD1002,CUS067,OP101,SITE007,2024-03-28,2024-04-09,2024-04-09,12,Completed,3,3,28,1,Industrial,0,1.0
RNT00579,EQGR1003,CUS027,OP171,SITE013,2024-03-28,2024-04-07,2024-04-07,10,Completed,3,3,28,1,Energy,0,1.0
RNT00580,EQGR1008,CUS014,OP164,SITE014,2024-03-28,2024-04-21,2024-04-21,24,Completed,3,3,28,1,Railway,0,1.0
RNT00581,EQEX1002,CUS058,OP122,SITE018,2024-03-28,2024-04-02,2024-04-02,5,Completed,3,3,28,1,Highway,0,1.0
RNT00582,EQFL1006,CUS039,OP123,SITE019,2024-03-28,2024-04-03,2024-04-03,6,Completed,3,3,28,1,Port,0,1.0
RNT00583,EQDT1012,CUS015,OP131,SITE015,2024-03-28,2024-04-19,2024-04-20,22,Completed,3,3,28,1,Water Infrastructure,1,1.0
RNT00584,EQGR1009,CUS054,OP138,SITE014,2024-03-28,2024-04-11,2024-04-11,14,Completed,3,3,28,1,Railway,0,1.0
RNT00585,EQBK1001,CUS074,OP126,SITE014,2024-03-29,2024-04-10,2024-04-10,12,Completed,3,4,29,1,Railway,0,0.0
RNT00586,EQEX1011,CUS042,OP153,SITE002,2024-03-29,2024-04-16,2024-04-14,18,Completed,3,4,29,1,Highway,0,1.0
RNT00587,EQBK1016,CUS063,OP148,SITE003,2024-03-29,2024-04-17,2024-04-16,19,Completed,3,4,29,1,Commercial,0,1.0
RNT00588,EQBK1013,CUS054,OP109,SITE014,2024-03-30,2024-04-15,2024-04-15,16,Completed,3,5,30,1,Railway,0,0.0
RNT00589,EQSS1004,CUS025,OP132,SITE007,2024-03-30,2024-04-04,2024-04-05,5,Completed,3,5,30,1,Industrial,1,1.0
RNT00590,EQEX1030,CUS050,OP142,SITE011,2024-03-30,2024-04-10,2024-04-10,11,Completed,3,5,30,1,Residential,0,0.0
RNT00591,EQSS1008,CUS058,OP111,SITE018,2024-03-30,2024-04-01,2024-03-31,2,Completed,3,5,30,1,Highway,0,1.0
RNT00592,EQBK1004,CUS029,OP117,SITE009,2024-03-31,2024-05-30,2024-05-28,60,Completed,3,6,31,1,Highway,0,0.0
RNT00593,EQWL1019,CUS045,OP129,SITE013,2024-03-31,2024-04-06,2024-04-06,6,Completed,3,6,31,1,Energy,0,1.0
RNT00594,EQBD1003,CUS001,OP117,SITE001,2024-03-31,2024-04-24,2024-05-03,24,Completed,3,6,31,1,Metro Rail,9,0.0
RNT00595,EQSS1008,CUS074,OP124,SITE014,2024-03-31,2024-04-06,2024-04-11,6,Completed,3,6,31,1,Railway,5,1.0
RNT00596,EQBD1013,CUS030,OP122,SITE010,2024-03-31,2024-04-20,2024-04-19,20,Completed,3,6,31,1,Industrial,0,0.0
RNT00597,EQEX1042,CUS040,OP158,SITE020,2024-03-31,2024-04-08,2024-04-08,8,Completed,3,6,31,1,Metro Rail,0,1.0
RNT00598,EQEX1043,CUS014,OP162,SITE014,2024-03-31,2024-04-20,2024-04-20,20,Completed,3,6,31,1,Railway,0,1.0
RNT00599,EQBD1002,CUS026,OP140,SITE006,2024-03-31,2024-04-06,2024-04-06,6,Completed,3,6,31,1,Port,0,0.0
RNT00600,EQBK1020,CUS034,OP150,SITE014,2024-03-31,2024-04-09,2024-04-09,9,Completed,3,6,31,1,Railway,0,1.0
RNT00601,EQGR1017,CUS037,OP147,SITE017,2024-03-31,2024-04-23,2024-04-23,23,Completed,3,6,31,1,Bridge,0,1.0
RNT00602,EQWL1014,CUS016,OP134,SITE016,2024-03-31,2024-04-13,2024-04-12,13,Completed,3,6,31,1,Commercial,0,1.0
RNT00603,EQBD1009,CUS017,OP170,SITE017,2024-04-01,2024-04-17,2024-04-16,16,Completed,4,0,1,2,Bridge,0,1.0
RNT00604,EQFL1005,CUS020,OP142,SITE020,2024-04-01,2024-04-11,2024-04-14,10,Completed,4,0,1,2,Metro Rail,3,1.0
RNT00605,EQSS1007,CUS021,OP128,SITE001,2024-04-02,2024-04-11,2024-04-18,9,Completed,4,1,2,2,Metro Rail,7,1.0
RNT00606,EQBK1020,CUS019,OP156,SITE019,2024-04-02,2024-04-09,2024-04-06,7,Completed,4,1,2,2,Port,0,0.0
RNT00607,EQWL1004,CUS065,OP171,SITE005,2024-04-02,2024-04-21,2024-04-21,19,Completed,4,1,2,2,Airport,0,1.0
RNT00608,EQEX1033,CUS008,OP103,SITE008,2024-04-02,2024-04-27,2024-04-27,25,Completed,4,1,2,2,Energy,0,1.0
RNT00609,EQRR1006,CUS002,OP133,SITE002,2024-04-02,2024-04-07,2024-04-16,5,Completed,4,1,2,2,Highway,9,0.0
RNT00610,EQEX1024,CUS001,OP151,SITE003,2024-04-02,2024-04-20,2024-04-28,18,Completed,4,1,2,2,Commercial,8,0.0
RNT00611,EQDT1005,CUS017,OP170,SITE017,2024-04-02,2024-04-09,2024-04-08,7,Completed,4,1,2,2,Bridge,0,1.0
RNT00612,EQEX1028,CUS050,OP147,SITE011,2024-04-02,2024-04-24,2024-04-23,22,Completed,4,1,2,2,Residential,0,1.0
RNT00613,EQGR1004,CUS021,OP132,SITE001,2024-04-03,2024-04-11,2024-04-21,8,Completed,4,2,3,2,Metro Rail,10,1.0
RNT00614,EQEX1009,CUS069,OP155,SITE009,2024-04-03,2024-04-13,2024-04-09,10,Completed,4,2,3,2,Highway,0,1.0
RNT00615,EQWL1023,CUS041,OP145,SITE001,2024-04-03,2024-04-21,2024-04-22,18,Completed,4,2,3,2,Metro Rail,1,1.0
RNT00616,EQEX1006,CUS018,OP130,SITE018,2024-04-03,2024-04-26,2024-05-02,23,Completed,4,2,3,2,Highway,6,1.0
RNT00617,EQBD1029,CUS045,OP121,SITE005,2024-04-03,2024-04-29,2024-05-03,26,Completed,4,2,3,2,Airport,4,1.0
RNT00618,EQBD1020,CUS020,OP135,SITE020,2024-04-04,2024-05-31,2024-05-31,57,Completed,4,3,4,2,Metro Rail,0,1.0
RNT00619,EQEX1044,CUS040,OP137,SITE020,2024-04-04,2024-04-21,2024-04-21,17,Completed,4,3,4,2,Metro Rail,0,0.0
RNT00620,EQFL1012,CUS016,OP128,SITE016,2024-04-04,2024-04-14,2024-04-15,10,Completed,4,3,4,2,Commercial,1,0.0
RNT00621,EQDT1006,CUS027,OP117,SITE005,2024-04-05,2024-04-15,2024-04-17,10,Completed,4,4,5,2,Airport,2,1.0
RNT00622,EQBK1012,CUS021,OP154,SITE001,2024-04-05,2024-04-22,2024-04-23,17,Completed,4,4,5,2,Metro Rail,1,1.0
RNT00623,EQEX1024,CUS010,OP146,SITE010,2024-04-05,2024-04-23,2024-04-27,18,Completed,4,4,5,2,Industrial,4,1.0
RNT00624,EQEX1046,CUS014,OP177,SITE014,2024-04-05,2024-04-22,2024-04-21,17,Completed,4,4,5,2,Railway,0,1.0
RNT00625,EQGR1001,CUS045,OP101,SITE005,2024-04-05,2024-04-29,2024-05-03,24,Completed,4,4,5,2,Airport,4,1.0
RNT00626,EQRR1008,CUS002,OP121,SITE002,2024-04-05,2024-04-22,2024-04-26,17,Completed,4,4,5,2,Highway,4,1.0
RNT00627,EQEX1011,CUS073,OP177,SITE013,2024-04-06,2024-04-28,2024-04-27,22,Completed,4,5,6,2,Energy,0,0.0
RNT00628,EQDT1004,CUS070,OP119,SITE010,2024-04-06,2024-05-02,2024-05-02,26,Completed,4,5,6,2,Industrial,0,0.0
RNT00629,EQBK1005,CUS003,OP155,SITE003,2024-04-06,2024-04-13,2024-04-14,7,Completed,4,5,6,2,Commercial,1,0.0
RNT00630,EQBD1005,CUS026,OP166,SITE006,2024-04-06,2024-04-07,2024-04-11,1,Completed,4,5,6,2,Port,4,1.0
RNT00631,EQEX1015,CUS058,OP154,SITE018,2024-04-06,2024-04-13,2024-04-13,7,Completed,4,5,6,2,Highway,0,1.0
RNT00632,EQEX1001,CUS011,OP148,SITE011,2024-04-06,2024-04-27,2024-04-27,21,Completed,4,5,6,2,Residential,0,1.0
RNT00633,EQWL1005,CUS042,OP130,SITE002,2024-04-06,2024-04-14,2024-04-14,8,Completed,4,5,6,2,Highway,0,0.0
RNT00634,EQWL1005,CUS026,OP127,SITE006,2024-04-06,2024-04-18,2024-04-18,12,Completed,4,5,6,2,Port,0,0.0
RNT00635,EQBK1018,CUS022,OP103,SITE002,2024-04-07,2024-04-18,2024-04-18,11,Completed,4,6,7,2,Highway,0,1.0
RNT00636,EQWL1001,CUS031,OP123,SITE011,2024-04-07,2024-04-21,2024-04-30,14,Completed,4,6,7,2,Residential,9,1.0
RNT00637,EQEX1030,CUS068,OP154,SITE008,2024-04-07,2024-04-21,2024-04-22,14,Completed,4,6,7,2,Energy,1,1.0
RNT00638,EQBK1020,CUS026,OP132,SITE006,2024-04-07,2024-04-26,2024-04-26,19,Completed,4,6,7,2,Port,0,1.0
RNT00639,EQBD1020,CUS067,OP170,SITE007,2024-04-08,2024-05-03,2024-05-04,25,Completed,4,0,8,2,Industrial,1,0.0
RNT00640,EQBD1030,CUS065,OP104,SITE005,2024-04-08,2024-04-15,2024-04-20,7,Completed,4,0,8,2,Airport,5,1.0
RNT00641,EQWL1025,CUS053,OP102,SITE013,2024-04-08,2024-05-24,2024-05-23,46,Completed,4,0,8,2,Energy,0,1.0
RNT00642,EQRR1013,CUS041,OP167,SITE001,2024-04-08,2024-04-11,2024-04-11,3,Completed,4,0,8,2,Metro Rail,0,1.0
RNT00643,EQSS1008,CUS055,OP115,SITE016,2024-04-09,2024-04-14,2024-04-15,5,Completed,4,1,9,2,Commercial,1,0.0
RNT00644,EQEX1026,CUS066,OP122,SITE006,2024-04-09,2024-04-27,2024-05-02,18,Completed,4,1,9,2,Port,5,1.0
RNT00645,EQBD1020,CUS046,OP129,SITE006,2024-04-09,2024-04-23,2024-04-24,14,Completed,4,1,9,2,Port,1,1.0
RNT00646,EQRR1009,CUS026,OP130,SITE006,2024-04-10,2024-04-17,2024-04-23,7,Completed,4,2,10,2,Port,6,1.0
RNT00647,EQBK1005,CUS004,OP108,SITE004,2024-04-10,2024-04-16,2024-04-16,6,Completed,4,2,10,2,Smart City,0,1.0
RNT00648,EQBD1011,CUS025,OP143,SITE005,2024-04-10,2024-04-24,2024-04-23,14,Completed,4,2,10,2,Airport,0,1.0
RNT00649,EQEX1035,CUS001,OP140,SITE001,2024-04-10,2024-04-15,2024-04-19,5,Completed,4,2,10,2,Metro Rail,4,1.0
RNT00650,EQWL1017,CUS002,OP175,SITE002,2024-04-10,2024-04-14,2024-04-15,4,Completed,4,2,10,2,Highway,1,1.0
RNT00651,EQWL1014,CUS001,OP157,SITE001,2024-04-11,2024-04-25,2024-04-24,14,Completed,4,3,11,2,Metro Rail,0,1.0
RNT00652,EQBD1019,CUS074,OP167,SITE020,2024-04-11,2024-05-08,2024-05-04,27,Completed,4,3,11,2,Metro Rail,0,0.0
RNT00653,EQBD1003,CUS053,OP128,SITE013,2024-04-12,2024-05-09,2024-05-09,27,Completed,4,4,12,2,Energy,0,0.0
RNT00654,EQWL1015,CUS009,OP109,SITE009,2024-04-12,2024-04-24,2024-05-03,12,Completed,4,4,12,2,Highway,9,1.0
RNT00655,EQRR1005,CUS061,OP160,SITE001,2024-04-12,2024-04-20,2024-04-20,8,Completed,4,4,12,2,Metro Rail,0,1.0
RNT00656,EQWL1004,CUS024,OP111,SITE004,2024-04-12,2024-04-16,2024-04-16,4,Completed,4,4,12,2,Smart City,0,0.0
RNT00657,EQEX1022,CUS009,OP154,SITE004,2024-04-13,2024-04-21,2024-04-22,8,Completed,4,5,13,2,Smart City,1,0.0
RNT00658,EQWL1002,CUS011,OP161,SITE011,2024-04-13,2024-04-20,2024-04-19,7,Completed,4,5,13,2,Residential,0,1.0
RNT00659,EQEX1040,CUS065,OP152,SITE005,2024-04-13,2024-04-30,2024-04-29,17,Completed,4,5,13,2,Airport,0,1.0
RNT00660,EQGR1012,CUS026,OP101,SITE006,2024-04-13,2024-05-05,2024-05-04,22,Completed,4,5,13,2,Port,0,1.0
RNT00661,EQEX1041,CUS008,OP137,SITE008,2024-04-14,2024-05-09,2024-05-09,25,Completed,4,6,14,2,Energy,0,0.0
RNT00662,EQFL1010,CUS022,OP155,SITE002,2024-04-14,2024-04-16,2024-04-18,2,Completed,4,6,14,2,Highway,2,1.0
RNT00663,EQBK1008,CUS020,OP135,SITE020,2024-04-15,2024-04-28,2024-05-01,13,Completed,4,0,15,2,Metro Rail,3,1.0
RNT00664,EQBD1015,CUS049,OP171,SITE009,2024-04-15,2024-05-02,2024-05-12,17,Completed,4,0,15,2,Highway,10,1.0
RNT00665,EQSS1005,CUS006,OP124,SITE010,2024-04-15,2024-04-18,2024-04-19,3,Completed,4,0,15,2,Industrial,1,1.0
RNT00666,EQFL1010,CUS057,OP133,SITE017,2024-04-15,2024-04-19,2024-04-20,4,Completed,4,0,15,2,Bridge,1,1.0
RNT00667,EQFL1010,CUS001,OP127,SITE001,2024-04-16,2024-04-26,2024-05-02,10,Completed,4,1,16,2,Metro Rail,6,1.0
RNT00668,EQGR1001,CUS020,OP168,SITE020,2024-04-16,2024-05-05,2024-05-06,19,Completed,4,1,16,2,Metro Rail,1,1.0
RNT00669,EQWL1004,CUS057,OP126,SITE017,2024-04-16,2024-04-19,2024-04-24,3,Completed,4,1,16,2,Bridge,5,1.0
RNT00670,EQGR1013,CUS026,OP144,SITE006,2024-04-16,2024-05-01,2024-05-01,15,Completed,4,1,16,2,Port,0,1.0
RNT00671,EQFL1007,CUS073,OP144,SITE013,2024-04-16,2024-04-20,2024-04-21,4,Completed,4,1,16,2,Energy,1,1.0
RNT00672,EQGR1004,CUS054,OP159,SITE014,2024-04-16,2024-05-08,2024-05-18,22,Completed,4,1,16,2,Railway,10,0.0
RNT00673,EQGR1020,CUS033,OP123,SITE013,2024-04-16,2024-04-28,2024-05-05,12,Completed,4,1,16,2,Energy,7,1.0
RNT00674,EQWL1004,CUS040,OP104,SITE020,2024-04-17,2024-05-04,2024-05-04,17,Completed,4,2,17,2,Metro Rail,0,1.0
RNT00675,EQBD1006,CUS060,OP111,SITE020,2024-04-17,2024-04-24,2024-05-02,7,Completed,4,2,17,2,Metro Rail,8,1.0
RNT00676,EQBD1014,CUS020,OP106,SITE020,2024-04-17,2024-04-23,2024-04-27,6,Completed,4,2,17,2,Metro Rail,4,1.0
RNT00677,EQGR1009,CUS031,OP138,SITE011,2024-04-17,2024-05-13,2024-05-12,26,Completed,4,2,17,2,Residential,0,1.0
RNT00678,EQRR1013,CUS067,OP178,SITE007,2024-04-18,2024-05-04,2024-05-05,16,Completed,4,3,18,2,Industrial,1,1.0
RNT00679,EQGR1005,CUS045,OP106,SITE005,2024-04-18,2024-05-10,2024-05-10,22,Completed,4,3,18,2,Airport,0,1.0
RNT00680,EQBD1021,CUS020,OP179,SITE020,2024-04-18,2024-05-05,2024-05-05,17,Completed,4,3,18,2,Metro Rail,0,1.0
RNT00681,EQBK1014,CUS051,OP119,SITE011,2024-04-18,2024-05-04,2024-05-04,16,Completed,4,3,18,2,Residential,0,1.0
RNT00682,EQBK1001,CUS045,OP164,SITE005,2024-04-19,2024-04-24,2024-04-24,5,Completed,4,4,19,2,Airport,0,1.0
RNT00683,EQDT1008,CUS003,OP150,SITE003,2024-04-19,2024-04-28,2024-05-05,9,Completed,4,4,19,2,Commercial,7,1.0
RNT00684,EQFL1003,CUS050,OP125,SITE011,2024-04-19,2024-04-23,2024-04-26,4,Completed,4,4,19,2,Residential,3,1.0
RNT00685,EQFL1008,CUS058,OP114,SITE018,2024-04-19,2024-04-25,2024-04-26,6,Completed,4,4,19,2,Highway,1,1.0
RNT00686,EQFL1005,CUS005,OP164,SITE005,2024-04-19,2024-04-23,2024-04-23,4,Completed,4,4,19,2,Airport,0,1.0
RNT00687,EQWL1026,CUS005,OP114,SITE005,2024-04-20,2024-04-27,2024-04-26,7,Completed,4,5,20,2,Airport,0,1.0
RNT00688,EQDT1007,CUS001,OP133,SITE008,2024-04-20,2024-05-13,2024-05-13,23,Completed,4,5,20,2,Energy,0,1.0
RNT00689,EQEX1002,CUS028,OP135,SITE008,2024-04-20,2024-04-30,2024-04-29,10,Completed,4,5,20,2,Energy,0,0.0
RNT00690,EQRR1004,CUS018,OP151,SITE018,2024-04-21,2024-04-28,2024-04-28,7,Completed,4,6,21,2,Highway,0,1.0
RNT00691,EQGR1003,CUS021,OP160,SITE001,2024-04-21,2024-05-10,2024-05-10,19,Completed,4,6,21,2,Metro Rail,0,1.0
RNT00692,EQDT1010,CUS058,OP110,SITE018,2024-04-21,2024-06-08,2024-06-08,48,Completed,4,6,21,2,Highway,0,1.0
RNT00693,EQFL1012,CUS022,OP177,SITE002,2024-04-21,2024-04-23,2024-04-24,2,Completed,4,6,21,2,Highway,1,1.0
RNT00694,EQSS1008,CUS049,OP113,SITE009,2024-04-21,2024-04-30,2024-05-02,9,Completed,4,6,21,2,Highway,2,1.0
RNT00695,EQRR1007,CUS073,OP179,SITE013,2024-04-21,2024-04-30,2024-04-29,9,Completed,4,6,21,2,Energy,0,0.0
RNT00696,EQEX1032,CUS007,OP170,SITE007,2024-04-21,2024-05-16,2024-05-15,25,Completed,4,6,21,2,Industrial,0,0.0
RNT00697,EQEX1033,CUS008,OP149,SITE008,2024-04-22,2024-05-03,2024-05-06,11,Completed,4,0,22,2,Energy,3,1.0
RNT00698,EQDT1002,CUS049,OP139,SITE009,2024-04-22,2024-05-07,2024-05-07,15,Completed,4,0,22,2,Highway,0,0.0
RNT00699,EQGR1016,CUS046,OP169,SITE006,2024-04-22,2024-05-13,2024-05-09,21,Completed,4,0,22,2,Port,0,1.0
RNT00700,EQBD1013,CUS028,OP119,SITE008,2024-04-22,2024-05-16,2024-05-24,24,Completed,4,0,22,2,Energy,8,1.0
RNT00701,EQEX1018,CUS006,OP168,SITE006,2024-04-22,2024-04-28,2024-04-27,6,Completed,4,0,22,2,Port,0,1.0
RNT00702,EQGR1015,CUS009,OP119,SITE009,2024-04-22,2024-05-06,2024-05-06,14,Completed,4,0,22,2,Highway,0,0.0
RNT00703,EQSS1014,CUS034,OP129,SITE014,2024-04-22,2024-04-24,2024-04-29,2,Completed,4,0,22,2,Railway,5,1.0
RNT00704,EQRR1004,CUS004,OP148,SITE004,2024-04-23,2024-05-07,2024-05-07,14,Completed,4,1,23,2,Smart City,0,1.0
RNT00705,EQFL1009,CUS019,OP129,SITE019,2024-04-23,2024-04-25,2024-04-25,2,Completed,4,1,23,2,Port,0,1.0
RNT00706,EQWL1025,CUS005,OP161,SITE005,2024-04-23,2024-05-05,2024-05-05,12,Completed,4,1,23,2,Airport,0,1.0
RNT00707,EQSS1006,CUS065,OP153,SITE005,2024-04-23,2024-05-02,2024-05-09,9,Completed,4,1,23,2,Airport,7,1.0
RNT00708,EQBK1002,CUS058,OP114,SITE018,2024-04-23,2024-05-12,2024-05-14,19,Completed,4,1,23,2,Highway,2,1.0
RNT00709,EQEX1001,CUS005,OP104,SITE005,2024-04-24,2024-05-05,2024-05-13,11,Completed,4,2,24,2,Airport,8,1.0
RNT00710,EQSS1004,CUS007,OP165,SITE007,2024-04-24,2024-05-01,2024-05-01,7,Completed,4,2,24,2,Industrial,0,1.0
RNT00711,EQBD1019,CUS013,OP163,SITE013,2024-04-24,2024-05-20,2024-05-20,26,Completed,4,2,24,2,Energy,0,1.0
RNT00712,EQBD1002,CUS020,OP107,SITE020,2024-04-24,2024-04-30,2024-05-01,6,Completed,4,2,24,2,Metro Rail,1,1.0
RNT00713,EQBK1016,CUS020,OP180,SITE020,2024-04-24,2024-04-29,2024-05-01,5,Completed,4,2,24,2,Metro Rail,2,1.0
RNT00714,EQBK1007,CUS049,OP173,SITE009,2024-04-24,2024-05-10,2024-05-11,16,Completed,4,2,24,2,Highway,1,1.0
RNT00715,EQBD1020,CUS073,OP142,SITE013,2024-04-25,2024-05-20,2024-05-20,25,Completed,4,3,25,2,Energy,0,1.0
RNT00716,EQEX1042,CUS062,OP148,SITE002,2024-04-25,2024-04-26,2024-04-27,1,Completed,4,3,25,2,Highway,1,1.0
RNT00717,EQBK1007,CUS018,OP126,SITE018,2024-04-25,2024-05-04,2024-05-03,9,Completed,4,3,25,2,Highway,0,1.0
RNT00718,EQFL1008,CUS050,OP135,SITE011,2024-04-25,2024-04-29,2024-04-28,4,Completed,4,3,25,2,Residential,0,1.0
RNT00719,EQWL1026,CUS043,OP161,SITE003,2024-04-26,2024-05-03,2024-05-03,7,Completed,4,4,26,2,Commercial,0,1.0
RNT00720,EQDT1003,CUS017,OP149,SITE017,2024-04-26,2024-05-21,2024-05-26,25,Completed,4,4,26,2,Bridge,5,1.0
RNT00721,EQGR1019,CUS010,OP151,SITE010,2024-04-26,2024-05-16,2024-05-19,20,Completed,4,4,26,2,Industrial,3,1.0
RNT00722,EQEX1047,CUS062,OP115,SITE002,2024-04-26,2024-05-19,2024-05-26,23,Completed,4,4,26,2,Highway,7,1.0
RNT00723,EQEX1037,CUS009,OP169,SITE009,2024-04-27,2024-05-03,2024-05-04,6,Completed,4,5,27,2,Highway,1,1.0
RNT00724,EQDT1001,CUS040,OP125,SITE020,2024-04-27,2024-05-10,2024-05-11,13,Completed,4,5,27,2,Metro Rail,1,1.0
RNT00725,EQBK1011,CUS020,OP146,SITE020,2024-04-27,2024-05-12,2024-05-18,15,Completed,4,5,27,2,Metro Rail,6,1.0
RNT00726,EQBK1015,CUS066,OP179,SITE006,2024-04-27,2024-05-08,2024-05-09,11,Completed,4,5,27,2,Port,1,1.0
RNT00727,EQEX1023,CUS001,OP106,SITE001,2024-04-27,2024-05-25,2024-05-26,28,Completed,4,5,27,2,Metro Rail,1,1.0
RNT00728,EQEX1028,CUS049,OP140,SITE017,2024-04-27,2024-05-17,2024-05-17,20,Completed,4,5,27,2,Bridge,0,1.0
RNT00729,EQEX1014,CUS027,OP128,SITE007,2024-04-28,2024-05-13,2024-05-19,15,Completed,4,6,28,2,Industrial,6,1.0
RNT00730,EQBD1026,CUS059,OP109,SITE019,2024-04-28,2024-06-16,2024-06-24,49,Completed,4,6,28,2,Port,8,1.0
RNT00731,EQDT1010,CUS021,OP180,SITE001,2024-04-28,2024-05-15,2024-05-15,17,Completed,4,6,28,2,Metro Rail,0,1.0
RNT00732,EQGR1009,CUS069,OP167,SITE009,2024-04-28,2024-05-09,2024-05-08,11,Completed,4,6,28,2,Highway,0,1.0
RNT00733,EQSS1012,CUS040,OP103,SITE020,2024-04-28,2024-05-07,2024-05-06,9,Completed,4,6,28,2,Metro Rail,0,1.0
RNT00734,EQEX1021,CUS028,OP159,SITE008,2024-04-28,2024-05-17,2024-05-26,19,Completed,4,6,28,2,Energy,9,1.0
RNT00735,EQBD1019,CUS002,OP179,SITE002,2024-04-28,2024-05-03,2024-05-03,5,Completed,4,6,28,2,Highway,0,0.0
RNT00736,EQBD1021,CUS017,OP177,SITE017,2024-04-28,2024-05-17,2024-05-22,19,Completed,4,6,28,2,Bridge,5,0.0
RNT00737,EQFL1001,CUS018,OP157,SITE018,2024-04-29,2024-05-03,2024-05-08,4,Completed,4,0,29,2,Highway,5,1.0
RNT00738,EQWL1002,CUS059,OP134,SITE019,2024-04-29,2024-05-15,2024-05-16,16,Completed,4,0,29,2,Port,1,1.0
RNT00739,EQBK1016,CUS018,OP108,SITE018,2024-04-30,2024-05-06,2024-05-05,6,Completed,4,1,30,2,Highway,0,1.0
RNT00740,EQBD1013,CUS061,OP148,SITE001,2024-04-30,2024-05-24,2024-05-25,24,Completed,4,1,30,2,Metro Rail,1,1.0
RNT00741,EQDT1010,CUS006,OP160,SITE006,2024-04-30,2024-05-27,2024-06-04,27,Completed,4,1,30,2,Port,8,1.0
RNT00742,EQEX1023,CUS017,OP129,SITE017,2024-04-30,2024-05-12,2024-05-11,12,Completed,4,1,30,2,Bridge,0,1.0
RNT00743,EQWL1007,CUS026,OP151,SITE006,2024-04-30,2024-05-09,2024-05-09,9,Completed,4,1,30,2,Port,0,1.0
RNT00744,EQEX1028,CUS045,OP104,SITE005,2024-04-30,2024-05-18,2024-05-18,18,Completed,4,1,30,2,Airport,0,1.0
RNT00745,EQEX1024,CUS011,OP111,SITE011,2024-05-01,2024-05-23,2024-05-23,22,Completed,5,2,1,2,Residential,0,1.0
RNT00746,EQWL1005,CUS019,OP179,SITE010,2024-05-01,2024-05-04,2024-05-04,3,Completed,5,2,1,2,Industrial,0,1.0
RNT00747,EQBD1015,CUS029,OP173,SITE009,2024-05-01,2024-05-12,2024-05-11,11,Completed,5,2,1,2,Highway,0,1.0
RNT00748,EQBD1018,CUS039,OP145,SITE019,2024-05-01,2024-05-21,2024-05-22,20,Completed,5,2,1,2,Port,1,1.0
RNT00749,EQEX1002,CUS068,OP125,SITE008,2024-05-01,2024-05-26,2024-05-27,25,Completed,5,2,1,2,Energy,1,1.0
RNT00750,EQRR1003,CUS034,OP127,SITE014,2024-05-02,2024-05-07,2024-05-13,5,Completed,5,3,2,2,Railway,6,1.0
RNT00751,EQEX1039,CUS065,OP114,SITE005,2024-05-02,2024-05-16,2024-05-21,14,Completed,5,3,2,2,Airport,5,1.0
RNT00752,EQGR1006,CUS020,OP129,SITE020,2024-05-02,2024-05-26,2024-05-26,24,Completed,5,3,2,2,Metro Rail,0,0.0
RNT00753,EQRR1011,CUS002,OP152,SITE002,2024-05-02,2024-05-21,2024-05-27,19,Completed,5,3,2,2,Highway,6,1.0
RNT00754,EQBD1025,CUS041,OP129,SITE001,2024-05-02,2024-05-28,2024-05-28,26,Completed,5,3,2,2,Metro Rail,0,1.0
RNT00755,EQFL1008,CUS009,OP137,SITE009,2024-05-02,2024-05-11,2024-05-10,9,Completed,5,3,2,2,Highway,0,1.0
RNT00756,EQWL1002,CUS055,OP175,SITE015,2024-05-02,2024-05-20,2024-05-21,18,Completed,5,3,2,2,Water Infrastructure,1,1.0
RNT00757,EQWL1026,CUS033,OP127,SITE017,2024-05-03,2024-05-13,2024-05-13,10,Completed,5,4,3,2,Bridge,0,1.0
RNT00758,EQEX1043,CUS001,OP144,SITE001,2024-05-03,2024-05-09,2024-05-09,6,Completed,5,4,3,2,Metro Rail,0,1.0
RNT00759,EQGR1001,CUS004,OP170,SITE004,2024-05-03,2024-05-14,2024-05-22,11,Completed,5,4,3,2,Smart City,8,1.0
RNT00760,EQEX1043,CUS049,OP152,SITE009,2024-05-03,2024-05-27,2024-05-27,24,Completed,5,4,3,2,Highway,0,1.0
RNT00761,EQRR1009,CUS003,OP115,SITE003,2024-05-03,2024-05-06,2024-05-06,3,Completed,5,4,3,2,Commercial,0,1.0
RNT00762,EQSS1016,CUS031,OP173,SITE011,2024-05-03,2024-05-13,2024-05-13,10,Completed,5,4,3,2,Residential,0,1.0
RNT00763,EQGR1016,CUS058,OP120,SITE018,2024-05-03,2024-05-11,2024-05-11,8,Completed,5,4,3,2,Highway,0,1.0
RNT00764,EQGR1012,CUS074,OP110,SITE003,2024-05-03,2024-05-31,2024-05-31,28,Completed,5,4,3,2,Commercial,0,1.0
RNT00765,EQSS1017,CUS050,OP121,SITE011,2024-05-03,2024-05-07,2024-05-08,4,Completed,5,4,3,2,Residential,1,1.0
RNT00766,EQFL1001,CUS021,OP106,SITE001,2024-05-04,2024-05-09,2024-05-17,5,Completed,5,5,4,2,Metro Rail,8,0.0
RNT00767,EQEX1014,CUS058,OP122,SITE018,2024-05-04,2024-05-13,2024-05-13,9,Completed,5,5,4,2,Highway,0,1.0
RNT00768,EQBD1018,CUS045,OP120,SITE005,2024-05-04,2024-05-23,2024-05-22,19,Completed,5,5,4,2,Airport,0,1.0
RNT00769,EQRR1006,CUS026,OP144,SITE006,2024-05-04,2024-05-15,2024-05-15,11,Completed,5,5,4,2,Port,0,1.0
RNT00770,EQEX1040,CUS057,OP175,SITE017,2024-05-05,2024-05-23,2024-05-24,18,Completed,5,6,5,2,Bridge,1,1.0
RNT00771,EQEX1022,CUS046,OP178,SITE006,2024-05-05,2024-05-14,2024-05-14,9,Completed,5,6,5,2,Port,0,1.0
RNT00772,EQEX1043,CUS023,OP172,SITE003,2024-05-05,2024-05-28,2024-05-28,23,Completed,5,6,5,2,Commercial,0,1.0
RNT00773,EQEX1045,CUS050,OP124,SITE011,2024-05-06,2024-05-14,2024-05-17,8,Completed,5,0,6,2,Residential,3,1.0
RNT00774,EQEX1019,CUS009,OP127,SITE009,2024-05-06,2024-05-12,2024-05-11,6,Completed,5,0,6,2,Highway,0,1.0
RNT00775,EQEX1016,CUS004,OP116,SITE004,2024-05-06,2024-05-12,2024-05-11,6,Completed,5,0,6,2,Smart City,0,1.0
RNT00776,EQFL1003,CUS054,OP120,SITE014,2024-05-06,2024-05-11,2024-05-11,5,Completed,5,0,6,2,Railway,0,1.0
RNT00777,EQEX1011,CUS048,OP106,SITE008,2024-05-06,2024-06-03,2024-06-10,28,Completed,5,0,6,2,Energy,7,1.0
RNT00778,EQRR1008,CUS058,OP130,SITE018,2024-05-07,2024-05-21,2024-05-21,14,Completed,5,1,7,2,Highway,0,1.0
RNT00779,EQBK1002,CUS047,OP151,SITE007,2024-05-07,2024-05-17,2024-05-18,10,Completed,5,1,7,2,Industrial,1,1.0
RNT00780,EQBD1010,CUS005,OP126,SITE005,2024-05-07,2024-05-30,2024-06-09,23,Completed,5,1,7,2,Airport,10,1.0
RNT00781,EQBD1006,CUS039,OP109,SITE019,2024-05-07,2024-05-13,2024-05-14,6,Completed,5,1,7,2,Port,1,1.0
RNT00782,EQBD1019,CUS031,OP151,SITE011,2024-05-07,2024-05-21,2024-05-21,14,Completed,5,1,7,2,Residential,0,0.0
RNT00783,EQDT1006,CUS006,OP157,SITE006,2024-05-08,2024-05-30,2024-05-29,22,Completed,5,2,8,2,Port,0,1.0
RNT00784,EQDT1007,CUS001,OP122,SITE001,2024-05-08,2024-05-27,2024-05-27,19,Completed,5,2,8,2,Metro Rail,0,1.0
RNT00785,EQBK1011,CUS062,OP142,SITE002,2024-05-09,2024-05-28,2024-06-06,19,Completed,5,3,9,2,Highway,9,1.0
RNT00786,EQWL1025,CUS062,OP158,SITE002,2024-05-09,2024-05-14,2024-05-13,5,Completed,5,3,9,2,Highway,0,1.0
RNT00787,EQWL1016,CUS019,OP177,SITE019,2024-05-09,2024-05-25,2024-06-02,16,Completed,5,3,9,2,Port,8,1.0
RNT00788,EQBD1027,CUS058,OP159,SITE014,2024-05-09,2024-05-21,2024-05-21,12,Completed,5,3,9,2,Railway,0,1.0
RNT00789,EQEX1047,CUS040,OP169,SITE020,2024-05-09,2024-05-24,2024-05-24,15,Completed,5,3,9,2,Metro Rail,0,1.0
RNT00790,EQEX1018,CUS022,OP178,SITE002,2024-05-10,2024-05-15,2024-05-15,5,Completed,5,4,10,2,Highway,0,1.0
RNT00791,EQBD1015,CUS038,OP141,SITE018,2024-05-10,2024-05-18,2024-05-18,8,Completed,5,4,10,2,Highway,0,1.0
RNT00792,EQWL1005,CUS026,OP167,SITE006,2024-05-10,2024-05-15,2024-05-14,5,Completed,5,4,10,2,Port,0,0.0
RNT00793,EQRR1005,CUS011,OP152,SITE011,2024-05-10,2024-05-17,2024-05-17,7,Completed,5,4,10,2,Residential,0,1.0
RNT00794,EQWL1001,CUS014,OP139,SITE014,2024-05-10,2024-05-19,2024-05-19,9,Completed,5,4,10,2,Railway,0,1.0
RNT00795,EQBD1019,CUS025,OP109,SITE005,2024-05-10,2024-06-03,2024-06-02,24,Completed,5,4,10,2,Airport,0,1.0
RNT00796,EQBK1007,CUS033,OP129,SITE013,2024-05-10,2024-05-16,2024-05-16,6,Completed,5,4,10,2,Energy,0,0.0
RNT00797,EQDT1005,CUS070,OP149,SITE010,2024-05-11,2024-05-31,2024-06-01,20,Completed,5,5,11,2,Industrial,1,1.0
RNT00798,EQBK1003,CUS058,OP168,SITE018,2024-05-11,2024-05-25,2024-05-25,14,Completed,5,5,11,2,Highway,0,1.0
RNT00799,EQBD1020,CUS066,OP111,SITE006,2024-05-11,2024-06-03,2024-06-05,23,Completed,5,5,11,2,Port,2,0.0
RNT00800,EQBK1002,CUS001,OP142,SITE001,2024-05-11,2024-05-16,2024-05-15,5,Completed,5,5,11,2,Metro Rail,0,0.0
RNT00801,EQEX1033,CUS040,OP168,SITE020,2024-05-11,2024-05-28,2024-05-28,17,Completed,5,5,11,2,Metro Rail,0,0.0
RNT00802,EQGR1011,CUS073,OP117,SITE013,2024-05-12,2024-05-25,2024-05-25,13,Completed,5,6,12,2,Energy,0,1.0
RNT00803,EQSS1017,CUS040,OP123,SITE011,2024-05-12,2024-05-17,2024-05-16,5,Completed,5,6,12,2,Residential,0,1.0
RNT00804,EQBK1008,CUS049,OP128,SITE009,2024-05-12,2024-05-19,2024-05-19,7,Completed,5,6,12,2,Highway,0,1.0
RNT00805,EQBD1020,CUS026,OP169,SITE006,2024-05-13,2024-06-10,2024-06-17,28,Completed,5,0,13,2,Port,7,0.0
RNT00806,EQDT1007,CUS020,OP149,SITE020,2024-05-13,2024-05-29,2024-06-08,16,Completed,5,0,13,2,Metro Rail,10,1.0
RNT00807,EQRR1004,CUS074,OP108,SITE014,2024-05-13,2024-05-26,2024-05-27,13,Completed,5,0,13,2,Railway,1,1.0
RNT00808,EQEX1031,CUS065,OP153,SITE005,2024-05-13,2024-06-07,2024-06-17,25,Completed,5,0,13,2,Airport,10,1.0
RNT00809,EQFL1005,CUS034,OP108,SITE014,2024-05-14,2024-05-17,2024-05-20,3,Completed,5,1,14,2,Railway,3,1.0
RNT00810,EQGR1018,CUS008,OP103,SITE008,2024-05-14,2024-05-30,2024-06-02,16,Completed,5,1,14,2,Energy,3,1.0
RNT00811,EQEX1032,CUS052,OP141,SITE012,2024-05-14,2024-06-02,2024-06-09,19,Completed,5,1,14,2,Energy,7,1.0
RNT00812,EQFL1009,CUS059,OP158,SITE019,2024-05-14,2024-05-18,2024-05-23,4,Completed,5,1,14,2,Port,5,1.0
RNT00813,EQFL1002,CUS046,OP160,SITE002,2024-05-14,2024-05-24,2024-05-23,10,Completed,5,1,14,2,Highway,0,1.0
RNT00814,EQEX1005,CUS046,OP103,SITE006,2024-05-15,2024-06-10,2024-06-09,26,Completed,5,2,15,2,Port,0,1.0
RNT00815,EQBD1021,CUS033,OP164,SITE013,2024-05-16,2024-06-09,2024-06-08,24,Completed,5,3,16,2,Energy,0,1.0
RNT00816,EQEX1009,CUS046,OP145,SITE006,2024-05-16,2024-06-09,2024-06-09,24,Completed,5,3,16,2,Port,0,1.0
RNT00817,EQSS1012,CUS055,OP162,SITE015,2024-05-16,2024-05-18,2024-05-28,2,Completed,5,3,16,2,Water Infrastructure,10,1.0
RNT00818,EQBK1015,CUS020,OP173,SITE020,2024-05-16,2024-06-02,2024-06-02,17,Completed,5,3,16,2,Metro Rail,0,1.0
RNT00819,EQBD1027,CUS073,OP105,SITE013,2024-05-16,2024-06-13,2024-06-13,28,Completed,5,3,16,2,Energy,0,1.0
RNT00820,EQDT1011,CUS066,OP113,SITE006,2024-05-16,2024-06-07,2024-06-08,22,Completed,5,3,16,2,Port,1,1.0
RNT00821,EQBK1014,CUS034,OP105,SITE014,2024-05-17,2024-05-20,2024-05-21,3,Completed,5,4,17,2,Railway,1,1.0
RNT00822,EQFL1009,CUS035,OP135,SITE015,2024-05-17,2024-05-25,2024-05-31,8,Completed,5,4,17,2,Water Infrastructure,6,1.0
RNT00823,EQWL1021,CUS019,OP119,SITE019,2024-05-17,2024-05-27,2024-05-26,10,Completed,5,4,17,2,Port,0,1.0
RNT00824,EQFL1009,CUS006,OP102,SITE006,2024-05-17,2024-05-24,2024-05-25,7,Completed,5,4,17,2,Port,1,1.0
RNT00825,EQBK1018,CUS031,OP128,SITE011,2024-05-18,2024-05-27,2024-05-28,9,Completed,5,5,18,2,Residential,1,1.0
RNT00826,EQRR1005,CUS050,OP173,SITE018,2024-05-18,2024-06-06,2024-06-06,19,Completed,5,5,18,2,Highway,0,0.0
RNT00827,EQBD1028,CUS026,OP141,SITE006,2024-05-18,2024-05-26,2024-05-31,8,Completed,5,5,18,2,Port,5,1.0
RNT00828,EQEX1040,CUS001,OP122,SITE001,2024-05-18,2024-06-10,2024-06-10,23,Completed,5,5,18,2,Metro Rail,0,0.0
RNT00829,EQRR1006,CUS033,OP150,SITE013,2024-05-18,2024-05-29,2024-06-06,11,Completed,5,5,18,2,Energy,8,1.0
RNT00830,EQBK1017,CUS060,OP162,SITE020,2024-05-18,2024-06-01,2024-06-01,14,Completed,5,5,18,2,Metro Rail,0,1.0
RNT00831,EQSS1007,CUS074,OP173,SITE014,2024-05-18,2024-05-23,2024-05-22,5,Completed,5,5,18,2,Railway,0,1.0
RNT00832,EQEX1020,CUS011,OP151,SITE011,2024-05-19,2024-06-04,2024-06-10,16,Completed,5,6,19,2,Residential,6,1.0
RNT00833,EQEX1042,CUS046,OP171,SITE006,2024-05-19,2024-06-02,2024-05-30,14,Completed,5,6,19,2,Port,0,1.0
RNT00834,EQRR1004,CUS074,OP175,SITE014,2024-05-19,2024-06-06,2024-06-11,18,Completed,5,6,19,2,Railway,5,1.0
RNT00835,EQEX1044,CUS049,OP157,SITE009,2024-05-19,2024-06-03,2024-06-07,15,Completed,5,6,19,2,Highway,4,1.0
RNT00836,EQWL1013,CUS035,OP150,SITE015,2024-05-19,2024-05-31,2024-06-09,12,Completed,5,6,19,2,Water Infrastructure,9,0.0
RNT00837,EQSS1017,CUS042,OP110,SITE012,2024-05-19,2024-05-24,2024-05-23,5,Completed,5,6,19,2,Energy,0,1.0
RNT00838,EQEX1008,CUS012,OP117,SITE012,2024-05-19,2024-06-05,2024-06-06,17,Completed,5,6,19,2,Energy,1,0.0
RNT00839,EQBK1017,CUS004,OP135,SITE004,2024-05-19,2024-05-26,2024-05-26,7,Completed,5,6,19,2,Smart City,0,1.0
RNT00840,EQSS1009,CUS008,OP106,SITE008,2024-05-19,2024-05-22,2024-05-22,3,Completed,5,6,19,2,Energy,0,1.0
RNT00841,EQWL1025,CUS060,OP148,SITE020,2024-05-19,2024-06-05,2024-06-06,17,Completed,5,6,19,2,Metro Rail,1,0.0
RNT00842,EQSS1007,CUS070,OP145,SITE010,2024-05-20,2024-05-22,2024-05-25,2,Completed,5,0,20,2,Industrial,3,1.0
RNT00843,EQBK1001,CUS041,OP176,SITE001,2024-05-21,2024-05-27,2024-06-05,6,Completed,5,1,21,2,Metro Rail,9,1.0
RNT00844,EQSS1017,CUS065,OP170,SITE005,2024-05-21,2024-05-28,2024-05-28,7,Completed,5,1,21,2,Airport,0,0.0
RNT00845,EQWL1004,CUS059,OP179,SITE019,2024-05-21,2024-05-24,2024-05-24,3,Completed,5,1,21,2,Port,0,1.0
RNT00846,EQWL1013,CUS014,OP158,SITE014,2024-05-21,2024-06-08,2024-06-08,18,Completed,5,1,21,2,Railway,0,0.0
RNT00847,EQDT1006,CUS074,OP176,SITE014,2024-05-21,2024-06-16,2024-06-15,26,Completed,5,1,21,2,Railway,0,1.0
RNT00848,EQEX1046,CUS050,OP107,SITE011,2024-05-22,2024-06-04,2024-06-04,13,Completed,5,2,22,2,Residential,0,1.0
RNT00849,EQDT1008,CUS025,OP112,SITE006,2024-05-22,2024-06-10,2024-06-13,19,Completed,5,2,22,2,Port,3,1.0
RNT00850,EQDT1007,CUS032,OP128,SITE012,2024-05-22,2024-06-02,2024-06-05,11,Completed,5,2,22,2,Energy,3,1.0
RNT00851,EQWL1003,CUS025,OP140,SITE005,2024-05-22,2024-06-05,2024-06-05,14,Completed,5,2,22,2,Airport,0,1.0
RNT00852,EQBK1002,CUS038,OP128,SITE018,2024-05-22,2024-06-07,2024-06-17,16,Completed,5,2,22,2,Highway,10,1.0
RNT00853,EQBD1019,CUS060,OP104,SITE020,2024-05-22,2024-06-15,2024-06-15,24,Completed,5,2,22,2,Metro Rail,0,1.0
RNT00854,EQRR1004,CUS062,OP138,SITE002,2024-05-22,2024-06-11,2024-06-12,20,Completed,5,2,22,2,Highway,1,1.0
RNT00855,EQRR1012,CUS046,OP146,SITE006,2024-05-22,2024-06-09,2024-06-09,18,Completed,5,2,22,2,Port,0,1.0
RNT00856,EQFL1008,CUS054,OP104,SITE014,2024-05-22,2024-05-31,2024-06-01,9,Completed,5,2,22,2,Railway,1,0.0
RNT00857,EQSS1009,CUS015,OP103,SITE015,2024-05-22,2024-05-26,2024-05-25,4,Completed,5,2,22,2,Water Infrastructure,0,1.0
RNT00858,EQFL1009,CUS054,OP177,SITE014,2024-05-22,2024-05-24,2024-05-24,2,Completed,5,2,22,2,Railway,0,1.0
RNT00859,EQEX1038,CUS021,OP128,SITE001,2024-05-23,2024-06-02,2024-06-02,10,Completed,5,3,23,2,Metro Rail,0,1.0
RNT00860,EQSS1003,CUS009,OP123,SITE009,2024-05-23,2024-05-28,2024-05-28,5,Completed,5,3,23,2,Highway,0,1.0
RNT00861,EQEX1025,CUS017,OP129,SITE017,2024-05-23,2024-06-20,2024-06-21,28,Completed,5,3,23,2,Bridge,1,1.0
RNT00862,EQWL1007,CUS046,OP138,SITE006,2024-05-23,2024-06-12,2024-06-22,20,Completed,5,3,23,2,Port,10,1.0
RNT00863,EQWL1026,CUS058,OP120,SITE018,2024-05-23,2024-06-03,2024-06-09,11,Completed,5,3,23,2,Highway,6,1.0
RNT00864,EQGR1016,CUS061,OP126,SITE001,2024-05-23,2024-06-17,2024-06-18,25,Completed,5,3,23,2,Metro Rail,1,1.0
RNT00865,EQBD1026,CUS020,OP135,SITE020,2024-05-24,2024-06-06,2024-06-08,13,Completed,5,4,24,2,Metro Rail,2,1.0
RNT00866,EQBD1003,CUS062,OP136,SITE002,2024-05-24,2024-06-17,2024-06-17,24,Completed,5,4,24,2,Highway,0,0.0
RNT00867,EQEX1017,CUS001,OP158,SITE001,2024-05-24,2024-06-15,2024-06-15,22,Completed,5,4,24,2,Metro Rail,0,1.0
RNT00868,EQFL1010,CUS016,OP145,SITE016,2024-05-24,2024-05-27,2024-05-27,3,Completed,5,4,24,2,Commercial,0,1.0
RNT00869,EQEX1040,CUS033,OP152,SITE013,2024-05-24,2024-06-10,2024-06-10,17,Completed,5,4,24,2,Energy,0,0.0
RNT00870,EQRR1014,CUS028,OP110,SITE008,2024-05-25,2024-06-01,2024-06-01,7,Completed,5,5,25,2,Energy,0,1.0
RNT00871,EQEX1037,CUS050,OP180,SITE011,2024-05-25,2024-06-04,2024-06-04,10,Completed,5,5,25,2,Residential,0,1.0
RNT00872,EQBK1018,CUS075,OP179,SITE015,2024-05-25,2024-06-11,2024-06-11,17,Completed,5,5,25,2,Water Infrastructure,0,0.0
RNT00873,EQWL1025,CUS034,OP120,SITE014,2024-05-25,2024-05-30,2024-06-05,5,Completed,5,5,25,2,Railway,6,1.0
RNT00874,EQEX1033,CUS018,OP134,SITE018,2024-05-26,2024-06-14,2024-06-15,19,Completed,5,6,26,2,Highway,1,1.0
RNT00875,EQRR1003,CUS001,OP127,SITE009,2024-05-26,2024-06-10,2024-06-17,15,Completed,5,6,26,2,Highway,7,1.0
RNT00876,EQDT1009,CUS075,OP144,SITE015,2024-05-26,2024-06-20,2024-06-20,25,Completed,5,6,26,2,Water Infrastructure,0,1.0
RNT00877,EQEX1028,CUS034,OP169,SITE014,2024-05-26,2024-06-08,2024-06-07,13,Completed,5,6,26,2,Railway,0,1.0
RNT00878,EQDT1001,CUS068,OP105,SITE008,2024-05-26,2024-06-22,2024-06-29,27,Completed,5,6,26,2,Energy,7,1.0
RNT00879,EQEX1034,CUS039,OP175,SITE019,2024-05-26,2024-06-15,2024-06-16,20,Completed,5,6,26,2,Port,1,1.0
RNT00880,EQDT1011,CUS059,OP139,SITE019,2024-05-27,2024-06-05,2024-06-04,9,Completed,5,0,27,2,Port,0,1.0
RNT00881,EQBK1007,CUS049,OP132,SITE009,2024-05-27,2024-06-01,2024-05-31,5,Completed,5,0,27,2,Highway,0,1.0
RNT00882,EQWL1024,CUS028,OP122,SITE008,2024-05-27,2024-06-10,2024-06-14,14,Completed,5,0,27,2,Energy,4,1.0
RNT00883,EQBD1009,CUS009,OP156,SITE009,2024-05-27,2024-06-09,2024-06-09,13,Completed,5,0,27,2,Highway,0,1.0
RNT00884,EQEX1022,CUS022,OP121,SITE010,2024-05-27,2024-06-04,2024-06-04,8,Completed,5,0,27,2,Industrial,0,1.0
RNT00885,EQBD1013,CUS074,OP114,SITE014,2024-05-27,2024-06-09,2024-06-10,13,Completed,5,0,27,2,Railway,1,1.0
RNT00886,EQWL1016,CUS021,OP106,SITE001,2024-05-27,2024-06-06,2024-06-12,10,Completed,5,0,27,2,Metro Rail,6,1.0
RNT00887,EQDT1007,CUS058,OP106,SITE018,2024-05-27,2024-06-18,2024-06-24,22,Completed,5,0,27,2,Highway,6,1.0
RNT00888,EQBD1004,CUS021,OP134,SITE001,2024-05-27,2024-06-16,2024-06-16,20,Completed,5,0,27,2,Metro Rail,0,0.0
RNT00889,EQWL1011,CUS058,OP143,SITE018,2024-05-28,2024-06-10,2024-06-10,13,Completed,5,1,28,2,Highway,0,1.0
RNT00890,EQWL1015,CUS011,OP148,SITE011,2024-05-28,2024-06-15,2024-06-16,18,Completed,5,1,28,2,Residential,1,1.0
RNT00891,EQEX1031,CUS009,OP125,SITE019,2024-05-28,2024-06-14,2024-06-23,17,Completed,5,1,28,2,Port,9,1.0
RNT00892,EQBK1002,CUS059,OP169,SITE019,2024-05-28,2024-06-01,2024-06-01,4,Completed,5,1,28,2,Port,0,1.0
RNT00893,EQEX1045,CUS001,OP119,SITE001,2024-05-28,2024-06-20,2024-06-25,23,Completed,5,1,28,2,Metro Rail,5,1.0
RNT00894,EQSS1006,CUS062,OP167,SITE020,2024-05-29,2024-06-07,2024-06-11,9,Completed,5,2,29,2,Metro Rail,4,1.0
RNT00895,EQEX1029,CUS001,OP116,SITE001,2024-05-29,2024-06-18,2024-06-18,20,Completed,5,2,29,2,Metro Rail,0,1.0
RNT00896,EQGR1019,CUS018,OP118,SITE018,2024-05-29,2024-06-23,2024-06-23,25,Completed,5,2,29,2,Highway,0,1.0
RNT00897,EQFL1002,CUS042,OP155,SITE002,2024-05-29,2024-06-01,2024-06-01,3,Completed,5,2,29,2,Highway,0,1.0
RNT00898,EQGR1001,CUS074,OP136,SITE014,2024-05-29,2024-06-11,2024-06-11,13,Completed,5,2,29,2,Railway,0,1.0
RNT00899,EQEX1043,CUS025,OP156,SITE005,2024-05-29,2024-06-14,2024-06-24,16,Completed,5,2,29,2,Airport,10,0.0
RNT00900,EQEX1030,CUS074,OP171,SITE014,2024-05-30,2024-06-04,2024-06-09,5,Completed,5,3,30,2,Railway,5,1.0
RNT00901,EQEX1033,CUS062,OP119,SITE002,2024-05-30,2024-06-24,2024-06-24,25,Completed,5,3,30,2,Highway,0,1.0
RNT00902,EQBD1021,CUS037,OP135,SITE017,2024-05-30,2024-06-06,2024-06-05,7,Completed,5,3,30,2,Bridge,0,1.0
RNT00903,EQWL1021,CUS010,OP115,SITE010,2024-05-30,2024-06-12,2024-06-12,13,Completed,5,3,30,2,Industrial,0,1.0
RNT00904,EQSS1013,CUS005,OP126,SITE005,2024-05-30,2024-06-01,2024-06-01,2,Completed,5,3,30,2,Airport,0,1.0
RNT00905,EQWL1001,CUS049,OP122,SITE009,2024-05-30,2024-06-19,2024-06-19,20,Completed,5,3,30,2,Highway,0,1.0
RNT00906,EQDT1007,CUS058,OP162,SITE020,2024-05-30,2024-06-23,2024-07-03,24,Completed,5,3,30,2,Metro Rail,10,0.0
RNT00907,EQEX1047,CUS042,OP143,SITE003,2024-05-30,2024-06-17,2024-06-17,18,Completed,5,3,30,2,Commercial,0,1.0
RNT00908,EQDT1002,CUS002,OP120,SITE002,2024-05-31,2024-06-13,2024-06-12,13,Completed,5,4,31,2,Highway,0,1.0
RNT00909,EQWL1014,CUS038,OP131,SITE018,2024-05-31,2024-06-03,2024-06-02,3,Completed,5,4,31,2,Highway,0,1.0
RNT00910,EQBD1011,CUS023,OP171,SITE003,2024-05-31,2024-06-06,2024-06-08,6,Completed,5,4,31,2,Commercial,2,0.0
RNT00911,EQSS1013,CUS053,OP161,SITE013,2024-05-31,2024-06-04,2024-06-14,4,Completed,5,4,31,2,Energy,10,1.0
RNT00912,EQWL1016,CUS025,OP150,SITE005,2024-05-31,2024-06-16,2024-06-17,16,Completed,5,4,31,2,Airport,1,1.0
RNT00913,EQBD1001,CUS025,OP177,SITE005,2024-05-31,2024-06-07,2024-06-06,7,Completed,5,4,31,2,Airport,0,1.0
RNT00914,EQDT1002,CUS014,OP149,SITE014,2024-06-01,2024-06-27,2024-06-27,26,Completed,6,5,1,2,Railway,0,1.0
RNT00915,EQFL1012,CUS001,OP129,SITE001,2024-06-01,2024-06-08,2024-06-08,7,Completed,6,5,1,2,Metro Rail,0,1.0
RNT00916,EQEX1040,CUS022,OP114,SITE002,2024-06-01,2024-06-23,2024-06-25,22,Completed,6,5,1,2,Highway,2,0.0
RNT00917,EQSS1017,CUS040,OP130,SITE020,2024-06-01,2024-06-07,2024-06-07,6,Completed,6,5,1,2,Metro Rail,0,0.0
RNT00918,EQWL1020,CUS023,OP121,SITE003,2024-06-01,2024-06-07,2024-06-06,6,Completed,6,5,1,2,Commercial,0,1.0
RNT00919,EQWL1006,CUS066,OP108,SITE006,2024-06-01,2024-06-14,2024-06-16,13,Completed,6,5,1,2,Port,2,1.0
RNT00920,EQWL1018,CUS021,OP165,SITE001,2024-06-02,2024-06-10,2024-06-10,8,Completed,6,6,2,2,Metro Rail,0,0.0
RNT00921,EQFL1003,CUS072,OP138,SITE005,2024-06-02,2024-06-08,2024-06-15,6,Completed,6,6,2,2,Airport,7,1.0
RNT00922,EQRR1009,CUS019,OP107,SITE018,2024-06-02,2024-08-01,2024-08-01,60,Completed,6,6,2,2,Highway,0,1.0
RNT00923,EQBD1028,CUS001,OP142,SITE001,2024-06-03,2024-06-20,2024-06-19,17,Completed,6,0,3,2,Metro Rail,0,1.0
RNT00924,EQWL1023,CUS062,OP107,SITE002,2024-06-03,2024-06-13,2024-06-13,10,Completed,6,0,3,2,Highway,0,1.0
RNT00925,EQDT1004,CUS024,OP140,SITE004,2024-06-03,2024-06-26,2024-06-30,23,Completed,6,0,3,2,Smart City,4,1.0
RNT00926,EQBD1003,CUS050,OP145,SITE011,2024-06-03,2024-06-13,2024-06-19,10,Completed,6,0,3,2,Residential,6,1.0
RNT00927,EQGR1018,CUS038,OP126,SITE018,2024-06-03,2024-06-28,2024-07-02,25,Completed,6,0,3,2,Highway,4,0.0
RNT00928,EQWL1014,CUS055,OP172,SITE015,2024-06-04,2024-06-08,2024-06-07,4,Completed,6,1,4,2,Water Infrastructure,0,0.0
RNT00929,EQWL1002,CUS011,OP147,SITE011,2024-06-04,2024-06-11,2024-06-11,7,Completed,6,1,4,2,Residential,0,1.0
RNT00930,EQSS1010,CUS023,OP166,SITE003,2024-06-04,2024-06-06,2024-06-05,2,Completed,6,1,4,2,Commercial,0,1.0
RNT00931,EQSS1011,CUS073,OP160,SITE013,2024-06-05,2024-06-12,2024-06-12,7,Completed,6,2,5,2,Energy,0,0.0
RNT00932,EQBD1022,CUS026,OP143,SITE006,2024-06-05,2024-06-27,2024-06-28,22,Completed,6,2,5,2,Port,1,1.0
RNT00933,EQBD1009,CUS046,OP142,SITE006,2024-06-05,2024-06-16,2024-06-16,11,Completed,6,2,5,2,Port,0,1.0
RNT00934,EQRR1003,CUS045,OP148,SITE005,2024-06-05,2024-06-13,2024-06-13,8,Completed,6,2,5,2,Airport,0,0.0
RNT00935,EQEX1007,CUS006,OP116,SITE006,2024-06-05,2024-07-02,2024-06-30,27,Completed,6,2,5,2,Port,0,0.0
RNT00936,EQWL1008,CUS006,OP172,SITE006,2024-06-05,2024-06-21,2024-06-23,16,Completed,6,2,5,2,Port,2,1.0
RNT00937,EQBD1024,CUS060,OP114,SITE020,2024-06-06,2024-06-21,2024-06-20,15,Completed,6,3,6,2,Metro Rail,0,1.0
RNT00938,EQGR1004,CUS045,OP119,SITE005,2024-06-06,2024-06-17,2024-06-19,11,Completed,6,3,6,2,Airport,2,1.0
RNT00939,EQRR1006,CUS074,OP112,SITE014,2024-06-06,2024-06-17,2024-06-16,11,Completed,6,3,6,2,Railway,0,1.0
RNT00940,EQBD1024,CUS047,OP107,SITE007,2024-06-06,2024-06-27,2024-06-28,21,Completed,6,3,6,2,Industrial,1,1.0
RNT00941,EQFL1011,CUS044,OP125,SITE004,2024-06-06,2024-06-16,2024-06-17,10,Completed,6,3,6,2,Smart City,1,1.0
RNT00942,EQBD1007,CUS001,OP165,SITE001,2024-06-06,2024-06-21,2024-06-29,15,Completed,6,3,6,2,Metro Rail,8,1.0
RNT00943,EQBD1009,CUS045,OP131,SITE005,2024-06-07,2024-06-12,2024-06-12,5,Completed,6,4,7,2,Airport,0,1.0
RNT00944,EQBK1002,CUS061,OP105,SITE001,2024-06-07,2024-06-23,2024-06-24,16,Completed,6,4,7,2,Metro Rail,1,1.0
RNT00945,EQGR1005,CUS021,OP117,SITE001,2024-06-07,2024-07-02,2024-07-02,25,Completed,6,4,7,2,Metro Rail,0,1.0
RNT00946,EQSS1004,CUS058,OP148,SITE018,2024-06-07,2024-06-15,2024-06-15,8,Completed,6,4,7,2,Highway,0,0.0
RNT00947,EQEX1046,CUS051,OP110,SITE011,2024-06-07,2024-06-13,2024-06-13,6,Completed,6,4,7,2,Residential,0,1.0
RNT00948,EQEX1025,CUS069,OP111,SITE009,2024-06-08,2024-06-23,2024-06-23,15,Completed,6,5,8,2,Highway,0,1.0
RNT00949,EQBD1005,CUS066,OP115,SITE006,2024-06-08,2024-07-05,2024-07-05,27,Completed,6,5,8,2,Port,0,1.0
RNT00950,EQEX1045,CUS070,OP120,SITE010,2024-06-08,2024-06-24,2024-06-26,16,Completed,6,5,8,2,Industrial,2,1.0
RNT00951,EQWL1004,CUS023,OP147,SITE003,2024-06-08,2024-06-22,2024-06-22,14,Completed,6,5,8,2,Commercial,0,1.0
RNT00952,EQWL1014,CUS038,OP165,SITE018,2024-06-09,2024-06-13,2024-06-13,4,Completed,6,6,9,2,Highway,0,1.0
RNT00953,EQBD1019,CUS044,OP113,SITE004,2024-06-09,2024-07-02,2024-07-03,23,Completed,6,6,9,2,Smart City,1,1.0
RNT00954,EQSS1008,CUS050,OP151,SITE004,2024-06-09,2024-06-17,2024-06-17,8,Completed,6,6,9,2,Smart City,0,1.0
RNT00955,EQDT1009,CUS059,OP156,SITE019,2024-06-10,2024-06-20,2024-06-21,10,Completed,6,0,10,2,Port,1,1.0
RNT00956,EQGR1019,CUS035,OP114,SITE015,2024-06-10,2024-07-08,2024-07-07,28,Completed,6,0,10,2,Water Infrastructure,0,1.0
RNT00957,EQDT1002,CUS045,OP175,SITE005,2024-06-10,2024-06-30,2024-06-30,20,Completed,6,0,10,2,Airport,0,0.0
RNT00958,EQFL1004,CUS001,OP111,SITE001,2024-06-10,2024-06-14,2024-06-21,4,Completed,6,0,10,2,Metro Rail,7,1.0
RNT00959,EQGR1016,CUS074,OP164,SITE014,2024-06-10,2024-06-30,2024-07-01,20,Completed,6,0,10,2,Railway,1,1.0
RNT00960,EQEX1001,CUS005,OP134,SITE005,2024-06-10,2024-06-25,2024-06-25,15,Completed,6,0,10,2,Airport,0,1.0
RNT00961,EQBD1022,CUS016,OP129,SITE017,2024-06-10,2024-06-24,2024-07-03,14,Completed,6,0,10,2,Bridge,9,1.0
RNT00962,EQWL1006,CUS018,OP116,SITE018,2024-06-11,2024-06-29,2024-06-28,18,Completed,6,1,11,2,Highway,0,1.0
RNT00963,EQBD1002,CUS029,OP121,SITE009,2024-06-11,2024-07-07,2024-07-07,26,Completed,6,1,11,2,Highway,0,1.0
RNT00964,EQRR1002,CUS045,OP128,SITE005,2024-06-11,2024-06-14,2024-06-19,3,Completed,6,1,11,2,Airport,5,0.0
RNT00965,EQSS1006,CUS020,OP127,SITE020,2024-06-11,2024-06-17,2024-06-22,6,Completed,6,1,11,2,Metro Rail,5,1.0
RNT00966,EQBD1002,CUS073,OP163,SITE013,2024-06-11,2024-07-03,2024-07-03,22,Completed,6,1,11,2,Energy,0,1.0
RNT00967,EQSS1012,CUS061,OP106,SITE001,2024-06-11,2024-06-14,2024-06-14,3,Completed,6,1,11,2,Metro Rail,0,1.0
RNT00968,EQEX1007,CUS058,OP162,SITE018,2024-06-11,2024-07-02,2024-06-28,21,Completed,6,1,11,2,Highway,0,0.0
RNT00969,EQBD1024,CUS063,OP167,SITE003,2024-06-11,2024-07-08,2024-07-06,27,Completed,6,1,11,2,Commercial,0,1.0
RNT00970,EQBD1002,CUS010,OP144,SITE010,2024-06-12,2024-06-23,2024-06-26,11,Completed,6,2,12,2,Industrial,3,1.0
RNT00971,EQDT1002,CUS043,OP163,SITE003,2024-06-12,2024-06-26,2024-06-26,14,Completed,6,2,12,2,Commercial,0,1.0
RNT00972,EQGR1001,CUS074,OP121,SITE014,2024-06-13,2024-06-26,2024-06-26,13,Completed,6,3,13,2,Railway,0,1.0
RNT00973,EQRR1009,CUS046,OP111,SITE006,2024-06-13,2024-07-02,2024-07-02,19,Completed,6,3,13,2,Port,0,1.0
RNT00974,EQGR1010,CUS024,OP112,SITE004,2024-06-13,2024-07-07,2024-07-08,24,Completed,6,3,13,2,Smart City,1,0.0
RNT00975,EQWL1023,CUS058,OP124,SITE018,2024-06-14,2024-06-28,2024-06-27,14,Completed,6,4,14,2,Highway,0,1.0
RNT00976,EQSS1011,CUS054,OP147,SITE014,2024-06-14,2024-06-17,2024-06-25,3,Completed,6,4,14,2,Railway,8,1.0
RNT00977,EQBK1010,CUS045,OP113,SITE005,2024-06-14,2024-06-17,2024-06-17,3,Completed,6,4,14,2,Airport,0,1.0
RNT00978,EQBK1007,CUS054,OP146,SITE014,2024-06-14,2024-07-03,2024-07-10,19,Completed,6,4,14,2,Railway,7,1.0
RNT00979,EQRR1011,CUS009,OP169,SITE009,2024-06-14,2024-07-03,2024-07-08,19,Completed,6,4,14,2,Highway,5,1.0
RNT00980,EQGR1012,CUS074,OP105,SITE014,2024-06-14,2024-07-03,2024-07-03,19,Completed,6,4,14,2,Railway,0,1.0
RNT00981,EQWL1022,CUS060,OP115,SITE020,2024-06-15,2024-06-24,2024-06-24,9,Completed,6,5,15,2,Metro Rail,0,1.0
RNT00982,EQBK1003,CUS070,OP178,SITE010,2024-06-15,2024-06-25,2024-06-26,10,Completed,6,5,15,2,Industrial,1,1.0
RNT00983,EQBD1010,CUS025,OP136,SITE005,2024-06-15,2024-06-29,2024-06-29,14,Completed,6,5,15,2,Airport,0,1.0
RNT00984,EQWL1013,CUS071,OP137,SITE011,2024-06-16,2024-06-23,2024-06-23,7,Completed,6,6,16,2,Residential,0,1.0
RNT00985,EQSS1005,CUS039,OP127,SITE009,2024-06-16,2024-06-23,2024-06-23,7,Completed,6,6,16,2,Highway,0,1.0
RNT00986,EQEX1045,CUS069,OP133,SITE009,2024-06-16,2024-06-21,2024-06-29,5,Completed,6,6,16,2,Highway,8,1.0
RNT00987,EQEX1035,CUS002,OP111,SITE002,2024-06-17,2024-07-12,2024-07-12,25,Completed,6,0,17,2,Highway,0,1.0
RNT00988,EQBD1017,CUS024,OP172,SITE004,2024-06-17,2024-06-30,2024-07-01,13,Completed,6,0,17,2,Smart City,1,1.0
RNT00989,EQBD1014,CUS026,OP177,SITE006,2024-06-17,2024-06-25,2024-06-25,8,Completed,6,0,17,2,Port,0,0.0
RNT00990,EQBK1011,CUS051,OP119,SITE011,2024-06-17,2024-06-28,2024-06-27,11,Completed,6,0,17,2,Residential,0,0.0
RNT00991,EQRR1003,CUS040,OP127,SITE020,2024-06-17,2024-06-21,2024-06-28,4,Completed,6,0,17,2,Metro Rail,7,1.0
RNT00992,EQBD1005,CUS021,OP131,SITE001,2024-06-18,2024-07-11,2024-07-11,23,Completed,6,1,18,2,Metro Rail,0,1.0
RNT00993,EQDT1002,CUS046,OP146,SITE006,2024-06-18,2024-06-24,2024-06-30,6,Completed,6,1,18,2,Port,6,1.0
RNT00994,EQSS1007,CUS017,OP166,SITE017,2024-06-19,2024-06-22,2024-06-29,3,Completed,6,2,19,2,Bridge,7,1.0
RNT00995,EQFL1005,CUS068,OP102,SITE012,2024-06-19,2024-06-27,2024-06-26,8,Completed,6,2,19,2,Energy,0,1.0
RNT00996,EQBD1009,CUS059,OP151,SITE019,2024-06-19,2024-07-08,2024-07-08,19,Completed,6,2,19,2,Port,0,1.0
RNT00997,EQBD1002,CUS052,OP162,SITE012,2024-06-19,2024-07-03,2024-07-03,14,Completed,6,2,19,2,Energy,0,1.0
RNT00998,EQWL1012,CUS003,OP155,SITE003,2024-06-20,2024-06-26,2024-06-26,6,Completed,6,3,20,2,Commercial,0,1.0
RNT00999,EQBD1020,CUS073,OP116,SITE013,2024-06-20,2024-07-15,2024-07-14,25,Completed,6,3,20,2,Energy,0,1.0
RNT01000,EQEX1003,CUS046,OP107,SITE006,2024-06-20,2024-07-08,2024-07-07,18,Completed,6,3,20,2,Port,0,1.0
RNT01001,EQSS1009,CUS066,OP149,SITE006,2024-06-20,2024-06-29,2024-07-03,9,Completed,6,3,20,2,Port,4,1.0
RNT01002,EQWL1010,CUS009,OP143,SITE009,2024-06-20,2024-07-01,2024-07-08,11,Completed,6,3,20,2,Highway,7,1.0
RNT01003,EQDT1003,CUS062,OP143,SITE002,2024-06-21,2024-07-14,2024-07-20,23,Completed,6,4,21,2,Highway,6,1.0
RNT01004,EQBK1020,CUS013,OP145,SITE013,2024-06-21,2024-06-24,2024-06-22,3,Completed,6,4,21,2,Energy,0,1.0
RNT01005,EQEX1011,CUS065,OP127,SITE005,2024-06-21,2024-07-19,2024-07-19,28,Completed,6,4,21,2,Airport,0,0.0
RNT01006,EQWL1012,CUS024,OP104,SITE004,2024-06-21,2024-07-08,2024-07-08,17,Completed,6,4,21,2,Smart City,0,1.0
RNT01007,EQWL1025,CUS049,OP132,SITE009,2024-06-21,2024-07-01,2024-07-01,10,Completed,6,4,21,2,Highway,0,1.0
RNT01008,EQEX1027,CUS011,OP160,SITE011,2024-06-22,2024-07-19,2024-07-21,27,Completed,6,5,22,2,Residential,2,1.0
RNT01009,EQEX1007,CUS058,OP154,SITE018,2024-06-22,2024-07-20,2024-07-19,28,Completed,6,5,22,2,Highway,0,1.0
RNT01010,EQEX1018,CUS049,OP180,SITE015,2024-06-22,2024-07-20,2024-07-21,28,Completed,6,5,22,2,Water Infrastructure,1,1.0
RNT01011,EQGR1009,CUS021,OP178,SITE001,2024-06-22,2024-07-16,2024-07-17,24,Completed,6,5,22,2,Metro Rail,1,1.0
RNT01012,EQWL1009,CUS037,OP165,SITE017,2024-06-22,2024-07-01,2024-07-01,9,Completed,6,5,22,2,Bridge,0,1.0
RNT01013,EQGR1010,CUS045,OP174,SITE005,2024-06-22,2024-07-04,2024-07-05,12,Completed,6,5,22,2,Airport,1,1.0
RNT01014,EQEX1037,CUS050,OP124,SITE011,2024-06-22,2024-06-30,2024-06-30,8,Completed,6,5,22,2,Residential,0,1.0
RNT01015,EQGR1005,CUS001,OP105,SITE001,2024-06-23,2024-07-18,2024-07-19,25,Completed,6,6,23,2,Metro Rail,1,1.0
RNT01016,EQBD1022,CUS021,OP157,SITE001,2024-06-23,2024-06-30,2024-07-01,7,Completed,6,6,23,2,Metro Rail,1,1.0
RNT01017,EQBD1018,CUS018,OP108,SITE018,2024-06-24,2024-07-22,2024-07-22,28,Completed,6,0,24,2,Highway,0,1.0
RNT01018,EQEX1003,CUS072,OP176,SITE012,2024-06-24,2024-06-29,2024-07-04,5,Completed,6,0,24,2,Energy,5,0.0
RNT01019,EQBK1004,CUS005,OP176,SITE005,2024-06-24,2024-06-30,2024-06-29,6,Completed,6,0,24,2,Airport,0,1.0
RNT01020,EQEX1038,CUS058,OP152,SITE017,2024-06-24,2024-07-17,2024-07-18,23,Completed,6,0,24,2,Bridge,1,1.0
RNT01021,EQBD1024,CUS041,OP121,SITE001,2024-06-24,2024-07-03,2024-07-02,9,Completed,6,0,24,2,Metro Rail,0,1.0
RNT01022,EQRR1003,CUS032,OP124,SITE012,2024-06-25,2024-06-28,2024-06-29,3,Completed,6,1,25,2,Energy,1,1.0
RNT01023,EQBD1013,CUS034,OP131,SITE014,2024-06-25,2024-07-07,2024-07-08,12,Completed,6,1,25,2,Railway,1,1.0
RNT01024,EQEX1032,CUS057,OP120,SITE017,2024-06-25,2024-07-13,2024-07-13,18,Completed,6,1,25,2,Bridge,0,1.0
RNT01025,EQWL1005,CUS002,OP164,SITE002,2024-06-25,2024-06-30,2024-06-27,5,Completed,6,1,25,2,Highway,0,1.0
RNT01026,EQDT1007,CUS054,OP138,SITE014,2024-06-25,2024-07-02,2024-07-02,7,Completed,6,1,25,2,Railway,0,0.0
RNT01027,EQGR1014,CUS018,OP165,SITE015,2024-06-25,2024-07-06,2024-07-07,11,Completed,6,1,25,2,Water Infrastructure,1,0.0
RNT01028,EQDT1009,CUS013,OP125,SITE013,2024-06-26,2024-07-19,2024-07-20,23,Completed,6,2,26,2,Energy,1,1.0
RNT01029,EQGR1014,CUS042,OP174,SITE002,2024-06-26,2024-07-03,2024-07-04,7,Completed,6,2,26,2,Highway,1,1.0
RNT01030,EQBK1020,CUS044,OP143,SITE004,2024-06-26,2024-07-09,2024-07-09,13,Completed,6,2,26,2,Smart City,0,1.0
RNT01031,EQBK1016,CUS009,OP117,SITE009,2024-06-26,2024-07-05,2024-07-08,9,Completed,6,2,26,2,Highway,3,1.0
RNT01032,EQEX1008,CUS068,OP172,SITE008,2024-06-27,2024-07-24,2024-07-24,27,Completed,6,3,27,2,Energy,0,1.0
RNT01033,EQWL1020,CUS029,OP153,SITE009,2024-06-27,2024-07-17,2024-07-17,20,Completed,6,3,27,2,Highway,0,1.0
RNT01034,EQEX1013,CUS062,OP172,SITE002,2024-06-27,2024-07-20,2024-07-27,23,Completed,6,3,27,2,Highway,7,1.0
RNT01035,EQSS1001,CUS050,OP123,SITE011,2024-06-27,2024-07-02,2024-07-02,5,Completed,6,3,27,2,Residential,0,1.0
RNT01036,EQWL1005,CUS050,OP135,SITE011,2024-06-27,2024-07-02,2024-07-01,5,Completed,6,3,27,2,Residential,0,1.0
RNT01037,EQBK1006,CUS046,OP154,SITE006,2024-06-27,2024-07-09,2024-07-09,12,Completed,6,3,27,2,Port,0,1.0
RNT01038,EQSS1010,CUS010,OP125,SITE010,2024-06-28,2024-07-03,2024-07-03,5,Completed,6,4,28,2,Industrial,0,0.0
RNT01039,EQBK1018,CUS026,OP166,SITE006,2024-06-28,2024-07-08,2024-07-08,10,Completed,6,4,28,2,Port,0,1.0
RNT01040,EQBD1007,CUS069,OP154,SITE009,2024-06-29,2024-07-12,2024-07-12,13,Completed,6,5,29,2,Highway,0,1.0
RNT01041,EQEX1012,CUS074,OP149,SITE014,2024-06-29,2024-07-08,2024-07-08,9,Completed,6,5,29,2,Railway,0,1.0
RNT01042,EQFL1009,CUS037,OP179,SITE017,2024-06-29,2024-07-04,2024-07-05,5,Completed,6,5,29,2,Bridge,1,1.0
RNT01043,EQWL1012,CUS025,OP131,SITE005,2024-06-29,2024-07-09,2024-07-09,10,Completed,6,5,29,2,Airport,0,0.0
RNT01044,EQSS1001,CUS039,OP180,SITE019,2024-06-29,2024-07-06,2024-07-05,7,Completed,6,5,29,2,Port,0,1.0
RNT01045,EQBD1019,CUS053,OP108,SITE013,2024-06-29,2024-07-23,2024-07-23,24,Completed,6,5,29,2,Energy,0,1.0
RNT01046,EQEX1030,CUS066,OP175,SITE006,2024-06-30,2024-07-08,2024-07-08,8,Completed,6,6,30,2,Port,0,1.0
RNT01047,EQWL1007,CUS059,OP120,SITE011,2024-06-30,2024-07-11,2024-07-11,11,Completed,6,6,30,2,Residential,0,1.0
RNT01048,EQGR1017,CUS074,OP124,SITE014,2024-07-01,2024-07-24,2024-07-24,23,Completed,7,0,1,3,Railway,0,1.0
RNT01049,EQFL1005,CUS025,OP114,SITE005,2024-07-01,2024-07-03,2024-07-03,2,Completed,7,0,1,3,Airport,0,1.0
RNT01050,EQBK1008,CUS047,OP160,SITE007,2024-07-01,2024-07-17,2024-07-17,16,Completed,7,0,1,3,Industrial,0,1.0
RNT01051,EQBK1018,CUS029,OP102,SITE019,2024-07-01,2024-07-05,2024-07-04,4,Completed,7,0,1,3,Port,0,1.0
RNT01052,EQEX1021,CUS007,OP174,SITE007,2024-07-01,2024-07-22,2024-07-22,21,Completed,7,0,1,3,Industrial,0,1.0
RNT01053,EQGR1008,CUS039,OP149,SITE019,2024-07-01,2024-07-24,2024-07-23,23,Completed,7,0,1,3,Port,0,0.0
RNT01054,EQEX1008,CUS013,OP101,SITE013,2024-07-02,2024-07-17,2024-07-27,15,Completed,7,1,2,3,Energy,10,1.0
RNT01055,EQBD1030,CUS021,OP112,SITE001,2024-07-02,2024-07-16,2024-07-26,14,Completed,7,1,2,3,Metro Rail,10,1.0
RNT01056,EQGR1017,CUS041,OP133,SITE002,2024-07-02,2024-07-30,2024-07-30,28,Completed,7,1,2,3,Highway,0,1.0
RNT01057,EQEX1035,CUS017,OP110,SITE017,2024-07-03,2024-07-15,2024-07-22,12,Completed,7,2,3,3,Bridge,7,1.0
RNT01058,EQGR1014,CUS036,OP121,SITE016,2024-07-03,2024-07-11,2024-07-14,8,Completed,7,2,3,3,Commercial,3,0.0
RNT01059,EQGR1003,CUS042,OP102,SITE002,2024-07-03,2024-07-13,2024-07-15,10,Completed,7,2,3,3,Highway,2,1.0
RNT01060,EQDT1004,CUS065,OP118,SITE005,2024-07-03,2024-07-14,2024-07-14,11,Completed,7,2,3,3,Airport,0,1.0
RNT01061,EQSS1003,CUS049,OP122,SITE009,2024-07-03,2024-07-13,2024-07-23,10,Completed,7,2,3,3,Highway,10,1.0
RNT01062,EQEX1021,CUS019,OP156,SITE019,2024-07-03,2024-07-30,2024-07-30,27,Completed,7,2,3,3,Port,0,1.0
RNT01063,EQBD1015,CUS004,OP152,SITE004,2024-07-03,2024-07-31,2024-07-31,28,Completed,7,2,3,3,Smart City,0,1.0
RNT01064,EQWL1015,CUS062,OP167,SITE017,2024-07-04,2024-07-09,2024-07-09,5,Completed,7,3,4,3,Bridge,0,1.0
RNT01065,EQSS1009,CUS019,OP155,SITE018,2024-07-04,2024-07-07,2024-07-06,3,Completed,7,3,4,3,Highway,0,1.0
RNT01066,EQRR1014,CUS056,OP167,SITE016,2024-07-04,2024-07-15,2024-07-15,11,Completed,7,3,4,3,Commercial,0,1.0
RNT01067,EQBD1022,CUS034,OP145,SITE014,2024-07-04,2024-07-29,2024-07-28,25,Completed,7,3,4,3,Railway,0,1.0
RNT01068,EQBK1008,CUS011,OP132,SITE011,2024-07-04,2024-07-21,2024-07-20,17,Completed,7,3,4,3,Residential,0,0.0
RNT01069,EQRR1011,CUS074,OP168,SITE008,2024-07-04,2024-07-22,2024-07-30,18,Completed,7,3,4,3,Energy,8,0.0
RNT01070,EQGR1004,CUS049,OP148,SITE009,2024-07-04,2024-08-01,2024-08-01,28,Completed,7,3,4,3,Highway,0,1.0
RNT01071,EQWL1014,CUS012,OP173,SITE012,2024-07-04,2024-07-12,2024-07-08,8,Completed,7,3,4,3,Energy,0,0.0
RNT01072,EQWL1004,CUS056,OP136,SITE016,2024-07-04,2024-07-19,2024-07-20,15,Completed,7,3,4,3,Commercial,1,1.0
RNT01073,EQWL1004,CUS052,OP111,SITE012,2024-07-04,2024-07-23,2024-07-23,19,Completed,7,3,4,3,Energy,0,1.0
RNT01074,EQBK1006,CUS028,OP124,SITE008,2024-07-04,2024-07-09,2024-07-10,5,Completed,7,3,4,3,Energy,1,0.0
RNT01075,EQBK1017,CUS073,OP172,SITE010,2024-07-05,2024-07-10,2024-07-09,5,Completed,7,4,5,3,Industrial,0,1.0
RNT01076,EQWL1004,CUS002,OP177,SITE002,2024-07-05,2024-07-08,2024-07-07,3,Completed,7,4,5,3,Highway,0,1.0
RNT01077,EQWL1010,CUS056,OP171,SITE016,2024-07-05,2024-07-15,2024-07-16,10,Completed,7,4,5,3,Commercial,1,1.0
RNT01078,EQSS1010,CUS034,OP145,SITE014,2024-07-05,2024-07-12,2024-07-12,7,Completed,7,4,5,3,Railway,0,1.0
RNT01079,EQFL1002,CUS025,OP146,SITE005,2024-07-05,2024-07-15,2024-07-13,10,Completed,7,4,5,3,Airport,0,1.0
RNT01080,EQWL1002,CUS050,OP156,SITE011,2024-07-06,2024-07-26,2024-07-26,20,Completed,7,5,6,3,Residential,0,1.0
RNT01081,EQDT1010,CUS017,OP150,SITE017,2024-07-06,2024-07-19,2024-07-19,13,Completed,7,5,6,3,Bridge,0,1.0
RNT01082,EQBD1010,CUS047,OP162,SITE007,2024-07-06,2024-07-29,2024-07-29,23,Completed,7,5,6,3,Industrial,0,1.0
RNT01083,EQEX1039,CUS001,OP129,SITE001,2024-07-06,2024-07-11,2024-07-10,5,Completed,7,5,6,3,Metro Rail,0,1.0
RNT01084,EQEX1016,CUS057,OP143,SITE008,2024-07-06,2024-07-29,2024-07-31,23,Completed,7,5,6,3,Energy,2,1.0
RNT01085,EQSS1012,CUS056,OP116,SITE016,2024-07-07,2024-07-11,2024-07-11,4,Completed,7,6,7,3,Commercial,0,1.0
RNT01086,EQSS1008,CUS021,OP112,SITE001,2024-07-07,2024-07-11,2024-07-12,4,Completed,7,6,7,3,Metro Rail,1,1.0
RNT01087,EQEX1005,CUS043,OP124,SITE003,2024-07-08,2024-07-23,2024-07-24,15,Completed,7,0,8,3,Commercial,1,1.0
RNT01088,EQBK1003,CUS058,OP156,SITE001,2024-07-08,2024-07-13,2024-07-14,5,Completed,7,0,8,3,Metro Rail,1,1.0
RNT01089,EQEX1006,CUS066,OP168,SITE006,2024-07-08,2024-07-29,2024-07-29,21,Completed,7,0,8,3,Port,0,1.0
RNT01090,EQFL1005,CUS046,OP166,SITE006,2024-07-09,2024-07-13,2024-07-15,4,Completed,7,1,9,3,Port,2,1.0
RNT01091,EQEX1039,CUS070,OP116,SITE010,2024-07-09,2024-07-27,2024-07-26,18,Completed,7,1,9,3,Industrial,0,1.0
RNT01092,EQBK1005,CUS030,OP127,SITE010,2024-07-09,2024-07-26,2024-07-26,17,Completed,7,1,9,3,Industrial,0,0.0
RNT01093,EQSS1011,CUS041,OP162,SITE001,2024-07-09,2024-07-11,2024-07-10,2,Completed,7,1,9,3,Metro Rail,0,1.0
RNT01094,EQGR1020,CUS070,OP158,SITE010,2024-07-09,2024-07-24,2024-08-02,15,Completed,7,1,9,3,Industrial,9,1.0
RNT01095,EQBK1002,CUS006,OP160,SITE006,2024-07-09,2024-07-15,2024-07-14,6,Completed,7,1,9,3,Port,0,1.0
RNT01096,EQSS1017,CUS034,OP136,SITE014,2024-07-10,2024-07-13,2024-07-15,3,Completed,7,2,10,3,Railway,2,1.0
RNT01097,EQBD1003,CUS065,OP129,SITE005,2024-07-10,2024-08-06,2024-08-05,27,Completed,7,2,10,3,Airport,0,1.0
RNT01098,EQBD1024,CUS050,OP110,SITE009,2024-07-10,2024-08-02,2024-08-02,23,Completed,7,2,10,3,Highway,0,1.0
RNT01099,EQEX1030,CUS020,OP109,SITE020,2024-07-10,2024-07-28,2024-07-28,18,Completed,7,2,10,3,Metro Rail,0,1.0
RNT01100,EQEX1014,CUS044,OP161,SITE004,2024-07-10,2024-07-31,2024-07-30,21,Completed,7,2,10,3,Smart City,0,1.0
RNT01101,EQWL1002,CUS049,OP124,SITE001,2024-07-10,2024-07-22,2024-07-31,12,Completed,7,2,10,3,Metro Rail,9,1.0
RNT01102,EQBD1012,CUS020,OP170,SITE020,2024-07-10,2024-08-06,2024-08-16,27,Completed,7,2,10,3,Metro Rail,10,1.0
RNT01103,EQWL1002,CUS011,OP167,SITE011,2024-07-11,2024-07-19,2024-07-26,8,Completed,7,3,11,3,Residential,7,1.0
RNT01104,EQDT1008,CUS050,OP157,SITE011,2024-07-11,2024-07-31,2024-08-06,20,Completed,7,3,11,3,Residential,6,1.0
RNT01105,EQSS1015,CUS065,OP133,SITE005,2024-07-11,2024-07-14,2024-07-14,3,Completed,7,3,11,3,Airport,0,0.0
RNT01106,EQGR1019,CUS073,OP168,SITE013,2024-07-11,2024-08-01,2024-08-03,21,Completed,7,3,11,3,Energy,2,1.0
RNT01107,EQGR1002,CUS026,OP115,SITE006,2024-07-11,2024-07-30,2024-07-30,19,Completed,7,3,11,3,Port,0,1.0
RNT01108,EQEX1018,CUS037,OP135,SITE017,2024-07-11,2024-08-07,2024-08-07,27,Completed,7,3,11,3,Bridge,0,1.0
RNT01109,EQGR1014,CUS011,OP152,SITE011,2024-07-11,2024-07-16,2024-07-16,5,Completed,7,3,11,3,Residential,0,1.0
RNT01110,EQEX1020,CUS034,OP171,SITE014,2024-07-11,2024-07-28,2024-07-28,17,Completed,7,3,11,3,Railway,0,0.0
RNT01111,EQSS1015,CUS020,OP116,SITE020,2024-07-11,2024-07-18,2024-07-18,7,Completed,7,3,11,3,Metro Rail,0,0.0
RNT01112,EQWL1005,CUS010,OP153,SITE017,2024-07-12,2024-08-01,2024-08-05,20,Completed,7,4,12,3,Bridge,4,1.0
RNT01113,EQWL1007,CUS058,OP116,SITE018,2024-07-12,2024-07-31,2024-07-31,19,Completed,7,4,12,3,Highway,0,1.0
RNT01114,EQWL1021,CUS041,OP147,SITE001,2024-07-12,2024-07-31,2024-07-30,19,Completed,7,4,12,3,Metro Rail,0,1.0
RNT01115,EQFL1010,CUS040,OP150,SITE020,2024-07-13,2024-07-21,2024-07-22,8,Completed,7,5,13,3,Metro Rail,1,1.0
RNT01116,EQBD1009,CUS010,OP168,SITE010,2024-07-13,2024-08-04,2024-08-07,22,Completed,7,5,13,3,Industrial,3,1.0
RNT01117,EQBD1014,CUS020,OP145,SITE020,2024-07-13,2024-07-23,2024-08-02,10,Completed,7,5,13,3,Metro Rail,10,0.0
RNT01118,EQEX1033,CUS051,OP156,SITE011,2024-07-14,2024-07-31,2024-07-31,17,Completed,7,6,14,3,Residential,0,1.0
RNT01119,EQBD1022,CUS049,OP111,SITE009,2024-07-14,2024-08-11,2024-08-11,28,Completed,7,6,14,3,Highway,0,0.0
RNT01120,EQEX1019,CUS036,OP134,SITE016,2024-07-14,2024-08-02,2024-08-04,19,Completed,7,6,14,3,Commercial,2,1.0
RNT01121,EQSS1014,CUS064,OP162,SITE004,2024-07-15,2024-07-18,2024-07-16,3,Completed,7,0,15,3,Smart City,0,1.0
RNT01122,EQGR1003,CUS006,OP129,SITE006,2024-07-15,2024-08-04,2024-08-11,20,Completed,7,0,15,3,Port,7,1.0
RNT01123,EQEX1005,CUS010,OP148,SITE010,2024-07-15,2024-07-31,2024-07-31,16,Completed,7,0,15,3,Industrial,0,0.0
RNT01124,EQDT1006,CUS046,OP160,SITE006,2024-07-15,2024-07-20,2024-07-28,5,Completed,7,0,15,3,Port,8,1.0
RNT01125,EQEX1042,CUS038,OP153,SITE018,2024-07-15,2024-07-27,2024-07-24,12,Completed,7,0,15,3,Highway,0,1.0
RNT01126,EQBK1012,CUS065,OP137,SITE005,2024-07-15,2024-07-26,2024-08-02,11,Completed,7,0,15,3,Airport,7,1.0
RNT01127,EQWL1022,CUS019,OP134,SITE019,2024-07-15,2024-07-24,2024-07-21,9,Completed,7,0,15,3,Port,0,1.0
RNT01128,EQBD1006,CUS070,OP168,SITE010,2024-07-15,2024-08-01,2024-08-01,17,Completed,7,0,15,3,Industrial,0,0.0
RNT01129,EQSS1003,CUS054,OP107,SITE014,2024-07-15,2024-07-22,2024-07-27,7,Completed,7,0,15,3,Railway,5,1.0
RNT01130,EQFL1008,CUS003,OP165,SITE003,2024-07-15,2024-07-25,2024-07-25,10,Completed,7,0,15,3,Commercial,0,1.0
RNT01131,EQGR1010,CUS038,OP147,SITE018,2024-07-15,2024-08-06,2024-08-07,22,Completed,7,0,15,3,Highway,1,1.0
RNT01132,EQWL1010,CUS040,OP129,SITE020,2024-07-16,2024-07-25,2024-07-25,9,Completed,7,1,16,3,Metro Rail,0,0.0
RNT01133,EQWL1011,CUS009,OP119,SITE009,2024-07-16,2024-07-25,2024-08-02,9,Completed,7,1,16,3,Highway,8,0.0
RNT01134,EQEX1018,CUS017,OP138,SITE020,2024-07-17,2024-07-23,2024-07-23,6,Completed,7,2,17,3,Metro Rail,0,1.0
RNT01135,EQGR1016,CUS009,OP159,SITE009,2024-07-17,2024-07-24,2024-07-24,7,Completed,7,2,17,3,Highway,0,1.0
RNT01136,EQGR1004,CUS025,OP130,SITE005,2024-07-17,2024-07-23,2024-07-23,6,Completed,7,2,17,3,Airport,0,0.0
RNT01137,EQBK1001,CUS025,OP160,SITE005,2024-07-17,2024-07-24,2024-07-24,7,Completed,7,2,17,3,Airport,0,1.0
RNT01138,EQBK1013,CUS036,OP109,SITE016,2024-07-17,2024-07-25,2024-08-04,8,Completed,7,2,17,3,Commercial,10,1.0
RNT01139,EQDT1011,CUS069,OP105,SITE009,2024-07-18,2024-08-12,2024-08-21,25,Completed,7,3,18,3,Highway,9,0.0
RNT01140,EQRR1009,CUS031,OP139,SITE004,2024-07-18,2024-08-03,2024-08-03,16,Completed,7,3,18,3,Smart City,0,1.0
RNT01141,EQBD1024,CUS057,OP159,SITE017,2024-07-18,2024-08-05,2024-08-06,18,Completed,7,3,18,3,Bridge,1,1.0
RNT01142,EQEX1003,CUS045,OP161,SITE005,2024-07-18,2024-08-07,2024-08-08,20,Completed,7,3,18,3,Airport,1,1.0
RNT01143,EQBK1014,CUS042,OP138,SITE016,2024-07-18,2024-07-28,2024-07-28,10,Completed,7,3,18,3,Commercial,0,0.0
RNT01144,EQSS1016,CUS034,OP111,SITE014,2024-07-18,2024-07-27,2024-07-27,9,Completed,7,3,18,3,Railway,0,0.0
RNT01145,EQFL1008,CUS054,OP169,SITE014,2024-07-18,2024-07-27,2024-07-29,9,Completed,7,3,18,3,Railway,2,0.0
RNT01146,EQDT1002,CUS058,OP153,SITE018,2024-07-19,2024-08-06,2024-08-05,18,Completed,7,4,19,3,Highway,0,1.0
RNT01147,EQBD1021,CUS026,OP130,SITE006,2024-07-19,2024-08-15,2024-08-15,27,Completed,7,4,19,3,Port,0,0.0
RNT01148,EQWL1017,CUS040,OP124,SITE020,2024-07-19,2024-07-24,2024-07-20,5,Completed,7,4,19,3,Metro Rail,0,1.0
RNT01149,EQEX1046,CUS050,OP176,SITE011,2024-07-20,2024-08-08,2024-08-08,19,Completed,7,5,20,3,Residential,0,1.0
RNT01150,EQWL1022,CUS064,OP176,SITE006,2024-07-20,2024-08-06,2024-08-06,17,Completed,7,5,20,3,Port,0,0.0
RNT01151,EQWL1017,CUS073,OP125,SITE013,2024-07-20,2024-08-02,2024-08-05,13,Completed,7,5,20,3,Energy,3,1.0
RNT01152,EQFL1008,CUS039,OP171,SITE019,2024-07-20,2024-07-23,2024-07-24,3,Completed,7,5,20,3,Port,1,1.0
RNT01153,EQSS1008,CUS001,OP154,SITE020,2024-07-20,2024-09-04,2024-09-05,46,Completed,7,5,20,3,Metro Rail,1,1.0
RNT01154,EQWL1011,CUS031,OP157,SITE011,2024-07-20,2024-08-02,2024-08-02,13,Completed,7,5,20,3,Residential,0,1.0
RNT01155,EQRR1004,CUS017,OP134,SITE017,2024-07-21,2024-07-28,2024-07-28,7,Completed,7,6,21,3,Bridge,0,1.0
RNT01156,EQWL1004,CUS065,OP146,SITE005,2024-07-21,2024-08-04,2024-08-12,14,Completed,7,6,21,3,Airport,8,1.0
RNT01157,EQWL1016,CUS019,OP114,SITE019,2024-07-21,2024-08-03,2024-08-03,13,Completed,7,6,21,3,Port,0,1.0
RNT01158,EQRR1006,CUS050,OP123,SITE011,2024-07-21,2024-08-08,2024-08-08,18,Completed,7,6,21,3,Residential,0,1.0
RNT01159,EQBK1018,CUS009,OP169,SITE009,2024-07-22,2024-08-11,2024-08-16,20,Completed,7,0,22,3,Highway,5,1.0
RNT01160,EQFL1004,CUS069,OP142,SITE009,2024-07-22,2024-09-15,2024-09-17,55,Completed,7,0,22,3,Highway,2,1.0
RNT01161,EQBD1019,CUS008,OP163,SITE008,2024-07-22,2024-08-08,2024-08-07,17,Completed,7,0,22,3,Energy,0,1.0
RNT01162,EQRR1013,CUS049,OP130,SITE009,2024-07-22,2024-07-26,2024-08-03,4,Completed,7,0,22,3,Highway,8,1.0
RNT01163,EQEX1005,CUS062,OP169,SITE002,2024-07-23,2024-08-13,2024-08-13,21,Completed,7,1,23,3,Highway,0,1.0
RNT01164,EQBK1013,CUS048,OP177,SITE006,2024-07-23,2024-08-06,2024-08-05,14,Completed,7,1,23,3,Port,0,1.0
RNT01165,EQRR1014,CUS028,OP167,SITE008,2024-07-23,2024-08-04,2024-08-03,12,Completed,7,1,23,3,Energy,0,0.0
RNT01166,EQBD1029,CUS038,OP145,SITE018,2024-07-23,2024-08-19,2024-08-18,27,Completed,7,1,23,3,Highway,0,1.0
RNT01167,EQBK1010,CUS066,OP127,SITE006,2024-07-23,2024-08-03,2024-08-02,11,Completed,7,1,23,3,Port,0,1.0
RNT01168,EQBK1011,CUS052,OP160,SITE012,2024-07-23,2024-08-02,2024-08-03,10,Completed,7,1,23,3,Energy,1,1.0
RNT01169,EQFL1009,CUS060,OP110,SITE020,2024-07-23,2024-07-29,2024-07-30,6,Completed,7,1,23,3,Metro Rail,1,1.0
RNT01170,EQSS1001,CUS026,OP152,SITE006,2024-07-23,2024-07-26,2024-07-25,3,Completed,7,1,23,3,Port,0,1.0
RNT01171,EQGR1019,CUS021,OP171,SITE001,2024-07-23,2024-08-17,2024-08-23,25,Completed,7,1,23,3,Metro Rail,6,0.0
RNT01172,EQBK1003,CUS060,OP166,SITE020,2024-07-24,2024-08-02,2024-08-02,9,Completed,7,2,24,3,Metro Rail,0,1.0
RNT01173,EQRR1008,CUS020,OP110,SITE020,2024-07-24,2024-08-07,2024-08-06,14,Completed,7,2,24,3,Metro Rail,0,0.0
RNT01174,EQRR1008,CUS003,OP148,SITE003,2024-07-24,2024-08-02,2024-08-12,9,Completed,7,2,24,3,Commercial,10,1.0
RNT01175,EQRR1005,CUS034,OP134,SITE014,2024-07-24,2024-07-29,2024-07-29,5,Completed,7,2,24,3,Railway,0,0.0
RNT01176,EQWL1001,CUS038,OP102,SITE018,2024-07-25,2024-08-08,2024-08-08,14,Completed,7,3,25,3,Highway,0,1.0
RNT01177,EQEX1040,CUS057,OP161,SITE019,2024-07-25,2024-08-22,2024-08-22,28,Completed,7,3,25,3,Port,0,1.0
RNT01178,EQBD1011,CUS062,OP143,SITE002,2024-07-25,2024-08-22,2024-08-22,28,Completed,7,3,25,3,Highway,0,1.0
RNT01179,EQEX1039,CUS059,OP158,SITE019,2024-07-26,2024-08-09,2024-08-16,14,Completed,7,4,26,3,Port,7,1.0
RNT01180,EQEX1045,CUS001,OP150,SITE001,2024-07-26,2024-08-15,2024-08-15,20,Completed,7,4,26,3,Metro Rail,0,1.0
RNT01181,EQBK1006,CUS002,OP151,SITE002,2024-07-26,2024-08-13,2024-08-13,18,Completed,7,4,26,3,Highway,0,1.0
RNT01182,EQWL1001,CUS005,OP169,SITE005,2024-07-26,2024-08-02,2024-08-07,7,Completed,7,4,26,3,Airport,5,0.0
RNT01183,EQSS1018,CUS049,OP110,SITE009,2024-07-26,2024-08-04,2024-08-10,9,Completed,7,4,26,3,Highway,6,1.0
RNT01184,EQSS1011,CUS034,OP143,SITE014,2024-07-26,2024-08-02,2024-08-02,7,Completed,7,4,26,3,Railway,0,1.0
RNT01185,EQEX1029,CUS020,OP108,SITE006,2024-07-26,2024-08-19,2024-08-18,24,Completed,7,4,26,3,Port,0,1.0
RNT01186,EQEX1045,CUS065,OP119,SITE005,2024-07-27,2024-08-21,2024-08-29,25,Completed,7,5,27,3,Airport,8,0.0
RNT01187,EQBD1025,CUS057,OP140,SITE017,2024-07-27,2024-08-06,2024-08-14,10,Completed,7,5,27,3,Bridge,8,1.0
RNT01188,EQSS1003,CUS034,OP163,SITE014,2024-07-27,2024-08-04,2024-08-01,8,Completed,7,5,27,3,Railway,0,1.0
RNT01189,EQBD1024,CUS039,OP108,SITE019,2024-07-27,2024-08-07,2024-08-10,11,Completed,7,5,27,3,Port,3,1.0
RNT01190,EQBK1019,CUS066,OP117,SITE006,2024-07-27,2024-08-03,2024-08-03,7,Completed,7,5,27,3,Port,0,1.0
RNT01191,EQWL1020,CUS033,OP163,SITE013,2024-07-27,2024-08-04,2024-08-10,8,Completed,7,5,27,3,Energy,6,1.0
RNT01192,EQDT1002,CUS013,OP165,SITE013,2024-07-27,2024-08-02,2024-08-02,6,Completed,7,5,27,3,Energy,0,1.0
RNT01193,EQEX1008,CUS021,OP142,SITE001,2024-07-28,2024-08-08,2024-08-16,11,Completed,7,6,28,3,Metro Rail,8,1.0
RNT01194,EQEX1014,CUS002,OP160,SITE002,2024-07-28,2024-08-12,2024-08-12,15,Completed,7,6,28,3,Highway,0,1.0
RNT01195,EQEX1042,CUS041,OP121,SITE001,2024-07-28,2024-08-23,2024-08-26,26,Completed,7,6,28,3,Metro Rail,3,0.0
RNT01196,EQFL1007,CUS051,OP168,SITE011,2024-07-28,2024-08-06,2024-08-06,9,Completed,7,6,28,3,Residential,0,1.0
RNT01197,EQWL1010,CUS066,OP107,SITE006,2024-07-28,2024-08-17,2024-08-27,20,Completed,7,6,28,3,Port,10,1.0
RNT01198,EQGR1018,CUS057,OP165,SITE017,2024-07-28,2024-08-16,2024-08-25,19,Completed,7,6,28,3,Bridge,9,1.0
RNT01199,EQBD1015,CUS033,OP115,SITE013,2024-07-28,2024-08-08,2024-08-08,11,Completed,7,6,28,3,Energy,0,1.0
RNT01200,EQEX1048,CUS027,OP165,SITE007,2024-07-28,2024-08-13,2024-08-13,16,Completed,7,6,28,3,Industrial,0,0.0
RNT01201,EQSS1010,CUS034,OP120,SITE014,2024-07-28,2024-08-02,2024-08-02,5,Completed,7,6,28,3,Railway,0,1.0
RNT01202,EQEX1022,CUS035,OP146,SITE015,2024-07-28,2024-08-20,2024-08-21,23,Completed,7,6,28,3,Water Infrastructure,1,1.0
RNT01203,EQEX1044,CUS066,OP170,SITE011,2024-07-29,2024-08-07,2024-08-10,9,Completed,7,0,29,3,Residential,3,1.0
RNT01204,EQRR1014,CUS050,OP147,SITE011,2024-07-29,2024-08-10,2024-08-10,12,Completed,7,0,29,3,Residential,0,0.0
RNT01205,EQSS1016,CUS002,OP174,SITE002,2024-07-29,2024-08-08,2024-08-09,10,Completed,7,0,29,3,Highway,1,0.0
RNT01206,EQSS1012,CUS014,OP125,SITE014,2024-07-29,2024-08-03,2024-08-09,5,Completed,7,0,29,3,Railway,6,1.0
RNT01207,EQSS1005,CUS007,OP114,SITE007,2024-07-29,2024-08-03,2024-08-04,5,Completed,7,0,29,3,Industrial,1,1.0
RNT01208,EQRR1013,CUS058,OP107,SITE018,2024-07-29,2024-08-07,2024-08-06,9,Completed,7,0,29,3,Highway,0,1.0
RNT01209,EQEX1043,CUS053,OP129,SITE013,2024-07-29,2024-08-14,2024-08-13,16,Completed,7,0,29,3,Energy,0,0.0
RNT01210,EQBD1003,CUS045,OP106,SITE005,2024-07-30,2024-08-20,2024-08-20,21,Completed,7,1,30,3,Airport,0,1.0
RNT01211,EQEX1048,CUS074,OP172,SITE014,2024-07-30,2024-08-21,2024-08-24,22,Completed,7,1,30,3,Railway,3,0.0
RNT01212,EQEX1045,CUS014,OP138,SITE014,2024-07-30,2024-08-20,2024-08-21,21,Completed,7,1,30,3,Railway,1,1.0
RNT01213,EQFL1012,CUS002,OP157,SITE002,2024-07-30,2024-08-07,2024-08-13,8,Completed,7,1,30,3,Highway,6,1.0
RNT01214,EQWL1007,CUS066,OP139,SITE006,2024-07-30,2024-08-12,2024-08-19,13,Completed,7,1,30,3,Port,7,1.0
RNT01215,EQEX1012,CUS025,OP132,SITE005,2024-07-31,2024-08-10,2024-08-11,10,Completed,7,2,31,3,Airport,1,1.0
RNT01216,EQRR1002,CUS003,OP138,SITE003,2024-07-31,2024-08-20,2024-08-20,20,Completed,7,2,31,3,Commercial,0,1.0
RNT01217,EQSS1003,CUS036,OP119,SITE003,2024-07-31,2024-08-10,2024-08-10,10,Completed,7,2,31,3,Commercial,0,1.0
RNT01218,EQEX1007,CUS041,OP126,SITE001,2024-07-31,2024-08-01,2024-08-11,1,Completed,7,2,31,3,Metro Rail,10,1.0
RNT01219,EQWL1013,CUS033,OP180,SITE013,2024-07-31,2024-09-27,2024-09-27,58,Completed,7,2,31,3,Energy,0,1.0
RNT01220,EQEX1001,CUS006,OP176,SITE006,2024-07-31,2024-08-28,2024-08-29,28,Completed,7,2,31,3,Port,1,1.0
RNT01221,EQWL1020,CUS020,OP150,SITE020,2024-07-31,2024-08-10,2024-08-16,10,Completed,7,2,31,3,Metro Rail,6,1.0
RNT01222,EQBK1001,CUS039,OP106,SITE019,2024-07-31,2024-08-13,2024-08-13,13,Completed,7,2,31,3,Port,0,0.0
RNT01223,EQEX1046,CUS009,OP143,SITE009,2024-08-01,2024-08-29,2024-09-04,28,Completed,8,3,1,3,Highway,6,0.0
RNT01224,EQGR1008,CUS011,OP101,SITE011,2024-08-01,2024-08-12,2024-08-11,11,Completed,8,3,1,3,Residential,0,0.0
RNT01225,EQRR1009,CUS022,OP136,SITE002,2024-08-01,2024-08-12,2024-08-12,11,Completed,8,3,1,3,Highway,0,0.0
RNT01226,EQFL1011,CUS049,OP167,SITE009,2024-08-01,2024-08-08,2024-08-16,7,Completed,8,3,1,3,Highway,8,1.0
RNT01227,EQEX1044,CUS021,OP124,SITE001,2024-08-01,2024-08-09,2024-08-15,8,Completed,8,3,1,3,Metro Rail,6,1.0
RNT01228,EQBD1010,CUS069,OP103,SITE009,2024-08-02,2024-08-15,2024-08-14,13,Completed,8,4,2,3,Highway,0,1.0
RNT01229,EQBK1013,CUS045,OP172,SITE005,2024-08-02,2024-08-11,2024-08-12,9,Completed,8,4,2,3,Airport,1,1.0
RNT01230,EQGR1018,CUS006,OP137,SITE006,2024-08-02,2024-08-10,2024-08-10,8,Completed,8,4,2,3,Port,0,1.0
RNT01231,EQBK1017,CUS022,OP171,SITE002,2024-08-02,2024-08-13,2024-08-14,11,Completed,8,4,2,3,Highway,1,1.0
RNT01232,EQEX1028,CUS014,OP112,SITE014,2024-08-02,2024-08-19,2024-08-18,17,Completed,8,4,2,3,Railway,0,1.0
RNT01233,EQEX1013,CUS065,OP159,SITE005,2024-08-02,2024-08-03,2024-08-03,1,Completed,8,4,2,3,Airport,0,1.0
RNT01234,EQGR1005,CUS018,OP109,SITE018,2024-08-02,2024-08-17,2024-08-17,15,Completed,8,4,2,3,Highway,0,1.0
RNT01235,EQBD1022,CUS009,OP121,SITE009,2024-08-03,2024-08-13,2024-08-13,10,Completed,8,5,3,3,Highway,0,1.0
RNT01236,EQFL1005,CUS029,OP149,SITE009,2024-08-03,2024-08-07,2024-08-06,4,Completed,8,5,3,3,Highway,0,1.0
RNT01237,EQGR1007,CUS013,OP124,SITE013,2024-08-03,2024-08-15,2024-08-24,12,Completed,8,5,3,3,Energy,9,1.0
RNT01238,EQWL1022,CUS070,OP141,SITE010,2024-08-03,2024-08-10,2024-08-18,7,Completed,8,5,3,3,Industrial,8,0.0
RNT01239,EQGR1003,CUS018,OP105,SITE018,2024-08-03,2024-08-16,2024-08-16,13,Completed,8,5,3,3,Highway,0,1.0
RNT01240,EQEX1045,CUS025,OP138,SITE005,2024-08-03,2024-08-14,2024-08-14,11,Completed,8,5,3,3,Airport,0,1.0
RNT01241,EQBD1013,CUS014,OP140,SITE014,2024-08-04,2024-08-12,2024-08-12,8,Completed,8,6,4,3,Railway,0,0.0
RNT01242,EQFL1007,CUS052,OP117,SITE012,2024-08-04,2024-08-10,2024-08-15,6,Completed,8,6,4,3,Energy,5,0.0
RNT01243,EQBD1003,CUS074,OP180,SITE014,2024-08-04,2024-08-16,2024-08-12,12,Completed,8,6,4,3,Railway,0,1.0
RNT01244,EQDT1001,CUS047,OP134,SITE007,2024-08-04,2024-08-27,2024-08-27,23,Completed,8,6,4,3,Industrial,0,1.0
RNT01245,EQBD1014,CUS002,OP168,SITE002,2024-08-04,2024-08-31,2024-08-30,27,Completed,8,6,4,3,Highway,0,1.0
RNT01246,EQSS1011,CUS034,OP174,SITE016,2024-08-04,2024-08-11,2024-08-10,7,Completed,8,6,4,3,Commercial,0,1.0
RNT01247,EQGR1020,CUS039,OP142,SITE019,2024-08-04,2024-08-11,2024-08-09,7,Completed,8,6,4,3,Port,0,1.0
RNT01248,EQEX1038,CUS010,OP158,SITE010,2024-08-04,2024-08-29,2024-08-28,25,Completed,8,6,4,3,Industrial,0,1.0
RNT01249,EQEX1004,CUS039,OP167,SITE019,2024-08-04,2024-08-15,2024-08-16,11,Completed,8,6,4,3,Port,1,1.0
RNT01250,EQWL1022,CUS044,OP152,SITE004,2024-08-04,2024-08-23,2024-08-22,19,Completed,8,6,4,3,Smart City,0,1.0
RNT01251,EQWL1020,CUS042,OP116,SITE002,2024-08-05,2024-08-12,2024-08-12,7,Completed,8,0,5,3,Highway,0,1.0
RNT01252,EQEX1037,CUS065,OP164,SITE005,2024-08-05,2024-08-14,2024-08-14,9,Completed,8,0,5,3,Airport,0,1.0
RNT01253,EQEX1019,CUS064,OP125,SITE004,2024-08-05,2024-08-27,2024-09-03,22,Completed,8,0,5,3,Smart City,7,1.0
RNT01254,EQWL1007,CUS042,OP166,SITE002,2024-08-05,2024-08-09,2024-08-10,4,Completed,8,0,5,3,Highway,1,1.0
RNT01255,EQSS1010,CUS049,OP129,SITE009,2024-08-05,2024-08-11,2024-08-11,6,Completed,8,0,5,3,Highway,0,1.0
RNT01256,EQEX1044,CUS062,OP145,SITE002,2024-08-05,2024-08-22,2024-08-25,17,Completed,8,0,5,3,Highway,3,1.0
RNT01257,EQRR1008,CUS030,OP169,SITE010,2024-08-06,2024-08-22,2024-08-27,16,Completed,8,1,6,3,Industrial,5,1.0
RNT01258,EQRR1005,CUS022,OP107,SITE002,2024-08-06,2024-08-16,2024-08-12,10,Completed,8,1,6,3,Highway,0,1.0
RNT01259,EQGR1002,CUS036,OP151,SITE016,2024-08-06,2024-08-21,2024-08-22,15,Completed,8,1,6,3,Commercial,1,1.0
RNT01260,EQBD1007,CUS007,OP169,SITE017,2024-08-06,2024-08-26,2024-09-01,20,Completed,8,1,6,3,Bridge,6,1.0
RNT01261,EQDT1005,CUS025,OP147,SITE005,2024-08-07,2024-08-20,2024-08-20,13,Completed,8,2,7,3,Airport,0,0.0
RNT01262,EQFL1012,CUS021,OP136,SITE001,2024-08-07,2024-08-17,2024-08-17,10,Completed,8,2,7,3,Metro Rail,0,1.0
RNT01263,EQGR1009,CUS018,OP116,SITE018,2024-08-07,2024-09-04,2024-08-31,28,Completed,8,2,7,3,Highway,0,1.0
RNT01264,EQRR1002,CUS075,OP122,SITE015,2024-08-07,2024-08-27,2024-08-23,20,Completed,8,2,7,3,Water Infrastructure,0,1.0
RNT01265,EQEX1046,CUS014,OP140,SITE014,2024-08-07,2024-08-28,2024-08-28,21,Completed,8,2,7,3,Railway,0,1.0
RNT01266,EQWL1003,CUS045,OP158,SITE005,2024-08-08,2024-08-22,2024-08-18,14,Completed,8,3,8,3,Airport,0,1.0
RNT01267,EQBK1006,CUS046,OP117,SITE006,2024-08-08,2024-08-20,2024-08-20,12,Completed,8,3,8,3,Port,0,1.0
RNT01268,EQBD1020,CUS025,OP140,SITE005,2024-08-08,2024-08-20,2024-08-20,12,Completed,8,3,8,3,Airport,0,1.0
RNT01269,EQWL1016,CUS054,OP130,SITE014,2024-08-08,2024-08-25,2024-08-21,17,Completed,8,3,8,3,Railway,0,0.0
RNT01270,EQSS1010,CUS025,OP123,SITE005,2024-08-08,2024-08-11,2024-08-11,3,Completed,8,3,8,3,Airport,0,0.0
RNT01271,EQSS1008,CUS038,OP163,SITE018,2024-08-08,2024-08-14,2024-08-12,6,Completed,8,3,8,3,Highway,0,1.0
RNT01272,EQBD1008,CUS043,OP145,SITE003,2024-08-08,2024-09-03,2024-09-04,26,Completed,8,3,8,3,Commercial,1,1.0
RNT01273,EQBD1006,CUS054,OP176,SITE014,2024-08-09,2024-08-19,2024-08-29,10,Completed,8,4,9,3,Railway,10,1.0
RNT01274,EQDT1012,CUS002,OP107,SITE012,2024-08-09,2024-08-15,2024-08-23,6,Completed,8,4,9,3,Energy,8,1.0
RNT01275,EQRR1009,CUS020,OP138,SITE020,2024-08-10,2024-08-17,2024-08-26,7,Completed,8,5,10,3,Metro Rail,9,1.0
RNT01276,EQWL1008,CUS021,OP158,SITE001,2024-08-10,2024-08-13,2024-08-13,3,Completed,8,5,10,3,Metro Rail,0,1.0
RNT01277,EQSS1001,CUS047,OP101,SITE007,2024-08-10,2024-08-18,2024-08-18,8,Completed,8,5,10,3,Industrial,0,1.0
RNT01278,EQEX1045,CUS001,OP127,SITE014,2024-08-10,2024-08-27,2024-08-27,17,Completed,8,5,10,3,Railway,0,0.0
RNT01279,EQBD1008,CUS034,OP144,SITE014,2024-08-10,2024-08-27,2024-08-26,17,Completed,8,5,10,3,Railway,0,0.0
RNT01280,EQDT1007,CUS060,OP137,SITE020,2024-08-11,2024-09-02,2024-09-01,22,Completed,8,6,11,3,Metro Rail,0,1.0
RNT01281,EQSS1005,CUS046,OP172,SITE006,2024-08-11,2024-08-15,2024-08-15,4,Completed,8,6,11,3,Port,0,0.0
RNT01282,EQBK1011,CUS059,OP174,SITE019,2024-08-11,2024-08-15,2024-08-20,4,Completed,8,6,11,3,Port,5,1.0
RNT01283,EQWL1019,CUS067,OP101,SITE007,2024-08-12,2024-08-31,2024-08-31,19,Completed,8,0,12,3,Industrial,0,1.0
RNT01284,EQEX1040,CUS032,OP105,SITE012,2024-08-12,2024-08-19,2024-08-25,7,Completed,8,0,12,3,Energy,6,1.0
RNT01285,EQEX1017,CUS038,OP112,SITE018,2024-08-12,2024-08-23,2024-08-31,11,Completed,8,0,12,3,Highway,8,1.0
RNT01286,EQBK1005,CUS062,OP154,SITE002,2024-08-12,2024-08-16,2024-08-13,4,Completed,8,0,12,3,Highway,0,0.0
RNT01287,EQWL1013,CUS049,OP101,SITE009,2024-08-12,2024-08-30,2024-08-30,18,Completed,8,0,12,3,Highway,0,0.0
RNT01288,EQBD1030,CUS022,OP163,SITE002,2024-08-13,2024-09-07,2024-09-06,25,Completed,8,1,13,3,Highway,0,1.0
RNT01289,EQGR1017,CUS041,OP125,SITE001,2024-08-13,2024-08-28,2024-08-27,15,Completed,8,1,13,3,Metro Rail,0,1.0
RNT01290,EQSS1014,CUS018,OP179,SITE018,2024-08-13,2024-08-21,2024-08-23,8,Completed,8,1,13,3,Highway,2,1.0
RNT01291,EQWL1016,CUS054,OP103,SITE014,2024-08-13,2024-09-02,2024-09-02,20,Completed,8,1,13,3,Railway,0,1.0
RNT01292,EQEX1046,CUS005,OP165,SITE005,2024-08-13,2024-08-20,2024-08-20,7,Completed,8,1,13,3,Airport,0,0.0
RNT01293,EQBD1013,CUS050,OP166,SITE011,2024-08-14,2024-08-25,2024-08-25,11,Completed,8,2,14,3,Residential,0,1.0
RNT01294,EQBK1004,CUS030,OP177,SITE011,2024-08-14,2024-08-26,2024-08-26,12,Completed,8,2,14,3,Residential,0,1.0
RNT01295,EQWL1003,CUS062,OP144,SITE002,2024-08-14,2024-08-20,2024-08-20,6,Completed,8,2,14,3,Highway,0,1.0
RNT01296,EQEX1021,CUS029,OP120,SITE009,2024-08-14,2024-08-31,2024-09-04,17,Completed,8,2,14,3,Highway,4,1.0
RNT01297,EQEX1026,CUS045,OP175,SITE005,2024-08-14,2024-08-29,2024-08-28,15,Completed,8,2,14,3,Airport,0,1.0
RNT01298,EQEX1018,CUS055,OP143,SITE007,2024-08-14,2024-08-23,2024-08-28,9,Completed,8,2,14,3,Industrial,5,1.0
RNT01299,EQDT1012,CUS038,OP139,SITE018,2024-08-14,2024-08-28,2024-08-28,14,Completed,8,2,14,3,Highway,0,1.0
RNT01300,EQGR1008,CUS058,OP169,SITE018,2024-08-15,2024-08-22,2024-08-31,7,Completed,8,3,15,3,Highway,9,1.0
RNT01301,EQBD1029,CUS074,OP110,SITE014,2024-08-15,2024-08-30,2024-09-02,15,Completed,8,3,15,3,Railway,3,0.0
RNT01302,EQEX1002,CUS054,OP145,SITE014,2024-08-15,2024-09-01,2024-08-31,17,Completed,8,3,15,3,Railway,0,1.0
RNT01303,EQEX1032,CUS002,OP173,SITE002,2024-08-15,2024-09-08,2024-09-08,24,Completed,8,3,15,3,Highway,0,1.0
RNT01304,EQWL1006,CUS031,OP102,SITE011,2024-08-15,2024-08-20,2024-08-20,5,Completed,8,3,15,3,Residential,0,0.0
RNT01305,EQRR1006,CUS065,OP152,SITE005,2024-08-15,2024-08-18,2024-08-19,3,Completed,8,3,15,3,Airport,1,1.0
RNT01306,EQBK1001,CUS005,OP102,SITE005,2024-08-15,2024-08-22,2024-08-21,7,Completed,8,3,15,3,Airport,0,0.0
RNT01307,EQGR1009,CUS047,OP104,SITE007,2024-08-16,2024-09-13,2024-09-13,28,Completed,8,4,16,3,Industrial,0,1.0
RNT01308,EQDT1010,CUS021,OP104,SITE001,2024-08-16,2024-08-30,2024-08-30,14,Completed,8,4,16,3,Metro Rail,0,1.0
RNT01309,EQBD1024,CUS059,OP137,SITE019,2024-08-16,2024-08-29,2024-08-29,13,Completed,8,4,16,3,Port,0,1.0
RNT01310,EQSS1016,CUS068,OP165,SITE008,2024-08-16,2024-10-08,2024-10-08,53,Completed,8,4,16,3,Energy,0,1.0
RNT01311,EQRR1013,CUS009,OP179,SITE009,2024-08-16,2024-09-01,2024-08-31,16,Completed,8,4,16,3,Highway,0,1.0
RNT01312,EQBD1012,CUS058,OP109,SITE018,2024-08-17,2024-08-23,2024-08-24,6,Completed,8,5,17,3,Highway,1,1.0
RNT01313,EQGR1010,CUS007,OP110,SITE007,2024-08-17,2024-09-08,2024-09-12,22,Completed,8,5,17,3,Industrial,4,1.0
RNT01314,EQBD1014,CUS018,OP159,SITE018,2024-08-18,2024-09-13,2024-09-13,26,Completed,8,6,18,3,Highway,0,1.0
RNT01315,EQBD1025,CUS031,OP110,SITE011,2024-08-18,2024-08-29,2024-08-30,11,Completed,8,6,18,3,Residential,1,1.0
RNT01316,EQWL1004,CUS068,OP168,SITE008,2024-08-18,2024-09-02,2024-08-29,15,Completed,8,6,18,3,Energy,0,1.0
RNT01317,EQEX1044,CUS020,OP105,SITE020,2024-08-18,2024-08-29,2024-08-27,11,Completed,8,6,18,3,Metro Rail,0,0.0
RNT01318,EQEX1026,CUS043,OP120,SITE003,2024-08-19,2024-08-25,2024-09-04,6,Completed,8,0,19,3,Commercial,10,0.0
RNT01319,EQBD1002,CUS069,OP168,SITE009,2024-08-19,2024-08-29,2024-08-29,10,Completed,8,0,19,3,Highway,0,1.0
RNT01320,EQEX1037,CUS034,OP169,SITE014,2024-08-19,2024-08-27,2024-09-05,8,Completed,8,0,19,3,Railway,9,1.0
RNT01321,EQRR1002,CUS013,OP152,SITE013,2024-08-19,2024-09-01,2024-08-28,13,Completed,8,0,19,3,Energy,0,1.0
RNT01322,EQSS1009,CUS034,OP132,SITE014,2024-08-19,2024-08-28,2024-08-28,9,Completed,8,0,19,3,Railway,0,1.0
RNT01323,EQBD1006,CUS046,OP158,SITE006,2024-08-19,2024-09-03,2024-09-07,15,Completed,8,0,19,3,Port,4,1.0
RNT01324,EQDT1006,CUS047,OP174,SITE007,2024-08-19,2024-08-27,2024-08-30,8,Completed,8,0,19,3,Industrial,3,1.0
RNT01325,EQBK1008,CUS050,OP179,SITE011,2024-08-19,2024-09-03,2024-09-04,15,Completed,8,0,19,3,Residential,1,1.0
RNT01326,EQSS1006,CUS074,OP150,SITE014,2024-08-19,2024-08-27,2024-08-27,8,Completed,8,0,19,3,Railway,0,1.0
RNT01327,EQEX1025,CUS007,OP178,SITE009,2024-08-19,2024-08-24,2024-08-25,5,Completed,8,0,19,3,Highway,1,1.0
RNT01328,EQBK1014,CUS040,OP177,SITE020,2024-08-20,2024-08-25,2024-08-24,5,Completed,8,1,20,3,Metro Rail,0,1.0
RNT01329,EQWL1007,CUS074,OP118,SITE014,2024-08-20,2024-08-26,2024-08-25,6,Completed,8,1,20,3,Railway,0,1.0
RNT01330,EQGR1005,CUS015,OP115,SITE013,2024-08-21,2024-08-29,2024-08-29,8,Completed,8,2,21,3,Energy,0,0.0
RNT01331,EQEX1005,CUS046,OP169,SITE006,2024-08-21,2024-09-01,2024-09-11,11,Completed,8,2,21,3,Port,10,1.0
RNT01332,EQSS1001,CUS059,OP124,SITE019,2024-08-21,2024-08-27,2024-08-26,6,Completed,8,2,21,3,Port,0,1.0
RNT01333,EQBD1030,CUS049,OP171,SITE009,2024-08-21,2024-08-31,2024-08-31,10,Completed,8,2,21,3,Highway,0,1.0
RNT01334,EQGR1014,CUS018,OP165,SITE018,2024-08-21,2024-08-26,2024-08-30,5,Completed,8,2,21,3,Highway,4,0.0
RNT01335,EQSS1004,CUS071,OP115,SITE011,2024-08-21,2024-08-28,2024-08-27,7,Completed,8,2,21,3,Residential,0,1.0
RNT01336,EQBK1005,CUS062,OP118,SITE002,2024-08-21,2024-09-08,2024-09-09,18,Completed,8,2,21,3,Highway,1,1.0
RNT01337,EQBD1007,CUS059,OP146,SITE019,2024-08-22,2024-08-28,2024-08-28,6,Completed,8,3,22,3,Port,0,1.0
RNT01338,EQEX1040,CUS009,OP106,SITE009,2024-08-22,2024-09-14,2024-09-23,23,Completed,8,3,22,3,Highway,9,1.0
RNT01339,EQGR1010,CUS026,OP141,SITE006,2024-08-22,2024-09-18,2024-09-17,27,Completed,8,3,22,3,Port,0,1.0
RNT01340,EQEX1004,CUS034,OP135,SITE014,2024-08-23,2024-09-15,2024-09-23,23,Completed,8,4,23,3,Railway,8,1.0
RNT01341,EQSS1001,CUS067,OP127,SITE007,2024-08-23,2024-08-25,2024-08-25,2,Completed,8,4,23,3,Industrial,0,0.0
RNT01342,EQBD1012,CUS025,OP156,SITE005,2024-08-24,2024-09-21,2024-09-22,28,Completed,8,5,24,3,Airport,1,1.0
RNT01343,EQEX1037,CUS017,OP178,SITE017,2024-08-24,2024-09-16,2024-09-15,23,Completed,8,5,24,3,Bridge,0,1.0
RNT01344,EQGR1018,CUS002,OP148,SITE002,2024-08-24,2024-09-13,2024-09-13,20,Completed,8,5,24,3,Highway,0,0.0
RNT01345,EQSS1010,CUS004,OP160,SITE004,2024-08-24,2024-08-27,2024-09-04,3,Completed,8,5,24,3,Smart City,8,1.0
RNT01346,EQDT1012,CUS074,OP111,SITE014,2024-08-24,2024-09-06,2024-09-09,13,Completed,8,5,24,3,Railway,3,1.0
RNT01347,EQGR1011,CUS043,OP108,SITE003,2024-08-24,2024-09-10,2024-09-09,17,Completed,8,5,24,3,Commercial,0,1.0
RNT01348,EQBD1024,CUS049,OP129,SITE009,2024-08-24,2024-09-09,2024-09-09,16,Completed,8,5,24,3,Highway,0,1.0
RNT01349,EQEX1028,CUS015,OP128,SITE015,2024-08-24,2024-09-19,2024-09-19,26,Completed,8,5,24,3,Water Infrastructure,0,0.0
RNT01350,EQEX1043,CUS050,OP140,SITE011,2024-08-24,2024-09-04,2024-09-03,11,Completed,8,5,24,3,Residential,0,1.0
RNT01351,EQGR1012,CUS060,OP149,SITE020,2024-08-24,2024-09-20,2024-09-20,27,Completed,8,5,24,3,Metro Rail,0,1.0
RNT01352,EQGR1017,CUS075,OP174,SITE015,2024-08-24,2024-08-29,2024-08-29,5,Completed,8,5,24,3,Water Infrastructure,0,1.0
RNT01353,EQRR1002,CUS037,OP139,SITE017,2024-08-24,2024-08-27,2024-08-26,3,Completed,8,5,24,3,Bridge,0,1.0
RNT01354,EQBD1016,CUS052,OP132,SITE012,2024-08-24,2024-08-29,2024-08-30,5,Completed,8,5,24,3,Energy,1,1.0
RNT01355,EQEX1019,CUS021,OP130,SITE001,2024-08-24,2024-09-17,2024-09-21,24,Completed,8,5,24,3,Metro Rail,4,1.0
RNT01356,EQWL1001,CUS038,OP170,SITE018,2024-08-25,2024-09-10,2024-09-20,16,Completed,8,6,25,3,Highway,10,1.0
RNT01357,EQBD1004,CUS032,OP146,SITE012,2024-08-25,2024-09-08,2024-09-15,14,Completed,8,6,25,3,Energy,7,0.0
RNT01358,EQEX1030,CUS059,OP177,SITE019,2024-08-25,2024-09-01,2024-09-01,7,Completed,8,6,25,3,Port,0,1.0
RNT01359,EQEX1034,CUS026,OP134,SITE006,2024-08-26,2024-09-02,2024-09-02,7,Completed,8,0,26,3,Port,0,0.0
RNT01360,EQDT1006,CUS054,OP129,SITE014,2024-08-26,2024-09-15,2024-09-15,20,Completed,8,0,26,3,Railway,0,1.0
RNT01361,EQBD1011,CUS074,OP118,SITE014,2024-08-26,2024-09-14,2024-09-14,19,Completed,8,0,26,3,Railway,0,0.0
RNT01362,EQWL1014,CUS044,OP163,SITE004,2024-08-26,2024-09-08,2024-09-18,13,Completed,8,0,26,3,Smart City,10,1.0
RNT01363,EQGR1004,CUS059,OP121,SITE019,2024-08-26,2024-09-09,2024-09-09,14,Completed,8,0,26,3,Port,0,1.0
RNT01364,EQWL1002,CUS030,OP138,SITE010,2024-08-27,2024-09-15,2024-09-12,19,Completed,8,1,27,3,Industrial,0,1.0
RNT01365,EQBK1010,CUS002,OP139,SITE002,2024-08-27,2024-09-06,2024-09-14,10,Completed,8,1,27,3,Highway,8,1.0
RNT01366,EQSS1016,CUS002,OP147,SITE002,2024-08-27,2024-09-02,2024-09-02,6,Completed,8,1,27,3,Highway,0,1.0
RNT01367,EQRR1010,CUS001,OP115,SITE001,2024-08-27,2024-09-02,2024-09-09,6,Completed,8,1,27,3,Metro Rail,7,1.0
RNT01368,EQEX1014,CUS002,OP104,SITE002,2024-08-27,2024-09-04,2024-09-04,8,Completed,8,1,27,3,Highway,0,1.0
RNT01369,EQSS1011,CUS001,OP143,SITE001,2024-08-27,2024-09-03,2024-09-09,7,Completed,8,1,27,3,Metro Rail,6,0.0
RNT01370,EQEX1037,CUS046,OP108,SITE006,2024-08-27,2024-09-10,2024-09-10,14,Completed,8,1,27,3,Port,0,1.0
RNT01371,EQWL1001,CUS032,OP116,SITE012,2024-08-28,2024-09-11,2024-09-10,14,Completed,8,2,28,3,Energy,0,1.0
RNT01372,EQEX1016,CUS020,OP145,SITE020,2024-08-28,2024-09-07,2024-09-11,10,Completed,8,2,28,3,Metro Rail,4,1.0
RNT01373,EQBD1004,CUS068,OP178,SITE008,2024-08-28,2024-09-22,2024-09-21,25,Completed,8,2,28,3,Energy,0,1.0
RNT01374,EQEX1042,CUS014,OP167,SITE014,2024-08-28,2024-09-18,2024-09-18,21,Completed,8,2,28,3,Railway,0,1.0
RNT01375,EQEX1032,CUS050,OP136,SITE011,2024-08-28,2024-09-24,2024-09-26,27,Completed,8,2,28,3,Residential,2,1.0
RNT01376,EQGR1003,CUS041,OP158,SITE020,2024-08-28,2024-09-22,2024-09-22,25,Completed,8,2,28,3,Metro Rail,0,1.0
RNT01377,EQBD1008,CUS038,OP172,SITE018,2024-08-28,2024-09-10,2024-09-14,13,Completed,8,2,28,3,Highway,4,1.0
RNT01378,EQSS1015,CUS050,OP131,SITE011,2024-08-28,2024-08-31,2024-08-31,3,Completed,8,2,28,3,Residential,0,1.0
RNT01379,EQBD1010,CUS029,OP172,SITE009,2024-08-29,2024-09-23,2024-09-22,25,Completed,8,3,29,3,Highway,0,1.0
RNT01380,EQSS1005,CUS018,OP153,SITE018,2024-08-29,2024-10-16,2024-10-16,48,Completed,8,3,29,3,Highway,0,1.0
RNT01381,EQEX1019,CUS062,OP112,SITE002,2024-08-29,2024-09-06,2024-09-06,8,Completed,8,3,29,3,Highway,0,1.0
RNT01382,EQBK1018,CUS033,OP157,SITE013,2024-08-29,2024-09-10,2024-09-10,12,Completed,8,3,29,3,Energy,0,1.0
RNT01383,EQBD1023,CUS069,OP164,SITE018,2024-08-29,2024-09-03,2024-09-06,5,Completed,8,3,29,3,Highway,3,1.0
RNT01384,EQBD1024,CUS023,OP122,SITE003,2024-08-30,2024-09-27,2024-09-28,28,Completed,8,4,30,3,Commercial,1,1.0
RNT01385,EQGR1006,CUS033,OP153,SITE013,2024-08-30,2024-09-21,2024-09-27,22,Completed,8,4,30,3,Energy,6,1.0
RNT01386,EQFL1006,CUS002,OP125,SITE002,2024-08-30,2024-09-06,2024-09-13,7,Completed,8,4,30,3,Highway,7,1.0
RNT01387,EQGR1019,CUS020,OP172,SITE020,2024-08-30,2024-09-13,2024-09-13,14,Completed,8,4,30,3,Metro Rail,0,1.0
RNT01388,EQWL1022,CUS035,OP152,SITE015,2024-08-30,2024-09-02,2024-09-08,3,Completed,8,4,30,3,Water Infrastructure,6,1.0
RNT01389,EQWL1012,CUS063,OP163,SITE003,2024-08-30,2024-09-19,2024-09-19,20,Completed,8,4,30,3,Commercial,0,1.0
RNT01390,EQBK1009,CUS027,OP172,SITE013,2024-08-31,2024-09-07,2024-09-12,7,Completed,8,5,31,3,Energy,5,1.0
RNT01391,EQDT1004,CUS018,OP102,SITE018,2024-08-31,2024-09-13,2024-09-21,13,Completed,8,5,31,3,Highway,8,1.0
RNT01392,EQSS1018,CUS045,OP159,SITE005,2024-08-31,2024-09-04,2024-09-03,4,Completed,8,5,31,3,Airport,0,1.0
RNT01393,EQBK1013,CUS039,OP147,SITE019,2024-09-01,2024-09-13,2024-09-13,12,Completed,9,6,1,3,Port,0,1.0
RNT01394,EQBK1020,CUS069,OP126,SITE009,2024-09-01,2024-09-20,2024-09-27,19,Completed,9,6,1,3,Highway,7,1.0
RNT01395,EQBD1011,CUS026,OP115,SITE006,2024-09-01,2024-09-19,2024-09-19,18,Completed,9,6,1,3,Port,0,1.0
RNT01396,EQEX1006,CUS039,OP110,SITE019,2024-09-01,2024-09-15,2024-09-14,14,Completed,9,6,1,3,Port,0,1.0
RNT01397,EQFL1008,CUS042,OP166,SITE002,2024-09-01,2024-09-11,2024-09-12,10,Completed,9,6,1,3,Highway,1,1.0
RNT01398,EQGR1016,CUS054,OP121,SITE014,2024-09-01,2024-09-06,2024-09-11,5,Completed,9,6,1,3,Railway,5,0.0
RNT01399,EQBD1011,CUS010,OP104,SITE010,2024-09-02,2024-09-18,2024-09-17,16,Completed,9,0,2,3,Industrial,0,1.0
RNT01400,EQGR1017,CUS046,OP174,SITE006,2024-09-02,2024-09-18,2024-09-18,16,Completed,9,0,2,3,Port,0,1.0
RNT01401,EQEX1011,CUS014,OP101,SITE014,2024-09-02,2024-09-15,2024-09-19,13,Completed,9,0,2,3,Railway,4,1.0
RNT01402,EQGR1014,CUS045,OP132,SITE005,2024-09-02,2024-09-15,2024-09-15,13,Completed,9,0,2,3,Airport,0,1.0
RNT01403,EQBK1007,CUS022,OP122,SITE010,2024-09-03,2024-09-07,2024-09-06,4,Completed,9,1,3,3,Industrial,0,1.0
RNT01404,EQGR1020,CUS073,OP101,SITE013,2024-09-03,2024-09-08,2024-09-08,5,Completed,9,1,3,3,Energy,0,1.0
RNT01405,EQWL1026,CUS038,OP163,SITE018,2024-09-03,2024-09-21,2024-09-23,18,Completed,9,1,3,3,Highway,2,1.0
RNT01406,EQDT1010,CUS021,OP146,SITE001,2024-09-03,2024-09-24,2024-09-25,21,Completed,9,1,3,3,Metro Rail,1,1.0
RNT01407,EQGR1017,CUS034,OP141,SITE014,2024-09-04,2024-09-19,2024-09-19,15,Completed,9,2,4,3,Railway,0,1.0
RNT01408,EQEX1036,CUS006,OP126,SITE006,2024-09-04,2024-09-17,2024-09-16,13,Completed,9,2,4,3,Port,0,1.0
RNT01409,EQWL1021,CUS020,OP139,SITE006,2024-09-04,2024-09-14,2024-09-24,10,Completed,9,2,4,3,Port,10,1.0
RNT01410,EQGR1007,CUS050,OP174,SITE011,2024-09-04,2024-09-22,2024-10-01,18,Completed,9,2,4,3,Residential,9,1.0
RNT01411,EQBD1002,CUS056,OP117,SITE016,2024-09-04,2024-09-23,2024-09-23,19,Completed,9,2,4,3,Commercial,0,1.0
RNT01412,EQWL1019,CUS060,OP113,SITE020,2024-09-04,2024-09-07,2024-09-06,3,Completed,9,2,4,3,Metro Rail,0,1.0
RNT01413,EQRR1014,CUS029,OP180,SITE009,2024-09-04,2024-09-17,2024-09-18,13,Completed,9,2,4,3,Highway,1,1.0
RNT01414,EQWL1026,CUS033,OP127,SITE013,2024-09-05,2024-09-24,2024-09-23,19,Completed,9,3,5,3,Energy,0,1.0
RNT01415,EQGR1005,CUS054,OP129,SITE014,2024-09-05,2024-09-12,2024-09-19,7,Completed,9,3,5,3,Railway,7,0.0
RNT01416,EQEX1019,CUS064,OP173,SITE004,2024-09-05,2024-09-27,2024-09-27,22,Completed,9,3,5,3,Smart City,0,1.0
RNT01417,EQSS1017,CUS004,OP131,SITE004,2024-09-05,2024-09-11,2024-09-11,6,Completed,9,3,5,3,Smart City,0,1.0
RNT01418,EQSS1010,CUS014,OP140,SITE014,2024-09-06,2024-09-08,2024-09-07,2,Completed,9,4,6,3,Railway,0,1.0
RNT01419,EQEX1047,CUS014,OP156,SITE014,2024-09-06,2024-10-04,2024-10-07,28,Completed,9,4,6,3,Railway,3,1.0
RNT01420,EQEX1002,CUS001,OP106,SITE001,2024-09-06,2024-09-12,2024-09-13,6,Completed,9,4,6,3,Metro Rail,1,1.0
RNT01421,EQSS1014,CUS001,OP155,SITE001,2024-09-06,2024-09-15,2024-09-15,9,Completed,9,4,6,3,Metro Rail,0,1.0
RNT01422,EQEX1019,CUS033,OP131,SITE013,2024-09-07,2024-09-25,2024-09-25,18,Completed,9,5,7,3,Energy,0,0.0
RNT01423,EQWL1007,CUS046,OP123,SITE006,2024-09-07,2024-09-19,2024-09-20,12,Completed,9,5,7,3,Port,1,1.0
RNT01424,EQBK1001,CUS012,OP122,SITE012,2024-09-07,2024-09-11,2024-09-11,4,Completed,9,5,7,3,Energy,0,0.0
RNT01425,EQWL1016,CUS045,OP154,SITE005,2024-09-07,2024-09-18,2024-09-27,11,Completed,9,5,7,3,Airport,9,1.0
RNT01426,EQBD1026,CUS015,OP160,SITE015,2024-09-07,2024-09-21,2024-09-18,14,Completed,9,5,7,3,Water Infrastructure,0,0.0
RNT01427,EQBD1016,CUS002,OP103,SITE002,2024-09-07,2024-09-29,2024-09-29,22,Completed,9,5,7,3,Highway,0,1.0
RNT01428,EQEX1011,CUS059,OP104,SITE019,2024-09-07,2024-10-05,2024-10-05,28,Completed,9,5,7,3,Port,0,1.0
RNT01429,EQGR1014,CUS042,OP112,SITE002,2024-09-07,2024-09-16,2024-09-16,9,Completed,9,5,7,3,Highway,0,1.0
RNT01430,EQSS1007,CUS029,OP125,SITE009,2024-09-07,2024-09-12,2024-09-11,5,Completed,9,5,7,3,Highway,0,1.0
RNT01431,EQBK1017,CUS054,OP153,SITE014,2024-09-08,2024-09-18,2024-09-26,10,Completed,9,6,8,3,Railway,8,1.0
RNT01432,EQWL1024,CUS058,OP130,SITE018,2024-09-08,2024-09-16,2024-09-14,8,Completed,9,6,8,3,Highway,0,0.0
RNT01433,EQBD1011,CUS002,OP138,SITE002,2024-09-08,2024-10-03,2024-10-04,25,Completed,9,6,8,3,Highway,1,1.0
RNT01434,EQSS1004,CUS055,OP108,SITE015,2024-09-08,2024-09-16,2024-09-16,8,Completed,9,6,8,3,Water Infrastructure,0,1.0
RNT01435,EQRR1006,CUS062,OP167,SITE002,2024-09-09,2024-09-26,2024-09-25,17,Completed,9,0,9,3,Highway,0,1.0
RNT01436,EQWL1008,CUS062,OP141,SITE002,2024-09-09,2024-09-17,2024-09-16,8,Completed,9,0,9,3,Highway,0,1.0
RNT01437,EQGR1020,CUS017,OP148,SITE017,2024-09-09,2024-10-02,2024-10-12,23,Completed,9,0,9,3,Bridge,10,1.0
RNT01438,EQWL1005,CUS022,OP159,SITE002,2024-09-09,2024-09-12,2024-09-20,3,Completed,9,0,9,3,Highway,8,1.0
RNT01439,EQBK1017,CUS022,OP132,SITE002,2024-09-09,2024-09-21,2024-09-23,12,Completed,9,0,9,3,Highway,2,1.0
RNT01440,EQEX1011,CUS040,OP159,SITE020,2024-09-10,2024-10-05,2024-10-05,25,Completed,9,1,10,3,Metro Rail,0,1.0
RNT01441,EQWL1015,CUS018,OP111,SITE018,2024-09-10,2024-09-16,2024-09-13,6,Completed,9,1,10,3,Highway,0,1.0
RNT01442,EQBD1009,CUS025,OP146,SITE005,2024-09-10,2024-09-27,2024-09-26,17,Completed,9,1,10,3,Airport,0,1.0
RNT01443,EQEX1045,CUS065,OP139,SITE005,2024-09-10,2024-10-06,2024-10-13,26,Completed,9,1,10,3,Airport,7,0.0
RNT01444,EQDT1002,CUS008,OP114,SITE008,2024-09-10,2024-09-20,2024-09-19,10,Completed,9,1,10,3,Energy,0,1.0
RNT01445,EQRR1005,CUS005,OP119,SITE005,2024-09-10,2024-09-19,2024-09-21,9,Completed,9,1,10,3,Airport,2,0.0
RNT01446,EQEX1034,CUS035,OP103,SITE015,2024-09-12,2024-09-21,2024-09-21,9,Completed,9,3,12,3,Water Infrastructure,0,1.0
RNT01447,EQGR1016,CUS056,OP158,SITE016,2024-09-12,2024-09-17,2024-09-17,5,Completed,9,3,12,3,Commercial,0,1.0
RNT01448,EQSS1009,CUS060,OP108,SITE020,2024-09-12,2024-09-21,2024-09-21,9,Completed,9,3,12,3,Metro Rail,0,1.0
RNT01449,EQGR1003,CUS021,OP177,SITE001,2024-09-12,2024-10-10,2024-10-10,28,Completed,9,3,12,3,Metro Rail,0,1.0
RNT01450,EQFL1012,CUS046,OP160,SITE006,2024-09-12,2024-09-16,2024-09-15,4,Completed,9,3,12,3,Port,0,1.0
RNT01451,EQWL1009,CUS016,OP116,SITE016,2024-09-12,2024-09-15,2024-09-17,3,Completed,9,3,12,3,Commercial,2,1.0
RNT01452,EQEX1010,CUS057,OP166,SITE017,2024-09-12,2024-09-25,2024-10-01,13,Completed,9,3,12,3,Bridge,6,1.0
RNT01453,EQBD1022,CUS053,OP138,SITE013,2024-09-12,2024-10-09,2024-10-05,27,Completed,9,3,12,3,Energy,0,1.0
RNT01454,EQWL1007,CUS066,OP119,SITE006,2024-09-12,2024-09-18,2024-09-19,6,Completed,9,3,12,3,Port,1,0.0
RNT01455,EQWL1014,CUS046,OP140,SITE006,2024-09-13,2024-09-23,2024-09-22,10,Completed,9,4,13,3,Port,0,0.0
RNT01456,EQGR1017,CUS052,OP172,SITE012,2024-09-13,2024-09-18,2024-09-19,5,Completed,9,4,13,3,Energy,1,1.0
RNT01457,EQBD1020,CUS006,OP135,SITE006,2024-09-13,2024-09-18,2024-09-18,5,Completed,9,4,13,3,Port,0,1.0
RNT01458,EQEX1014,CUS060,OP135,SITE020,2024-09-13,2024-09-27,2024-09-26,14,Completed,9,4,13,3,Metro Rail,0,1.0
RNT01459,EQWL1003,CUS065,OP179,SITE005,2024-09-13,2024-09-29,2024-10-08,16,Completed,9,4,13,3,Airport,9,1.0
RNT01460,EQWL1014,CUS012,OP125,SITE012,2024-09-13,2024-09-27,2024-09-27,14,Completed,9,4,13,3,Energy,0,1.0
RNT01461,EQSS1016,CUS033,OP139,SITE013,2024-09-13,2024-09-19,2024-09-19,6,Completed,9,4,13,3,Energy,0,1.0
RNT01462,EQGR1009,CUS041,OP144,SITE001,2024-09-13,2024-10-09,2024-10-09,26,Completed,9,4,13,3,Metro Rail,0,1.0
RNT01463,EQWL1022,CUS015,OP177,SITE015,2024-09-14,2024-10-02,2024-10-02,18,Completed,9,5,14,3,Water Infrastructure,0,0.0
RNT01464,EQSS1003,CUS049,OP115,SITE009,2024-09-14,2024-09-24,2024-10-01,10,Completed,9,5,14,3,Highway,7,1.0
RNT01465,EQBD1007,CUS055,OP178,SITE015,2024-09-14,2024-09-24,2024-09-23,10,Completed,9,5,14,3,Water Infrastructure,0,1.0
RNT01466,EQEX1021,CUS031,OP158,SITE011,2024-09-14,2024-09-30,2024-09-30,16,Completed,9,5,14,3,Residential,0,1.0
RNT01467,EQGR1008,CUS009,OP114,SITE009,2024-09-14,2024-10-11,2024-10-19,27,Completed,9,5,14,3,Highway,8,1.0
RNT01468,EQGR1019,CUS009,OP177,SITE009,2024-09-14,2024-09-25,2024-09-25,11,Completed,9,5,14,3,Highway,0,1.0
RNT01469,EQEX1047,CUS074,OP112,SITE014,2024-09-14,2024-09-22,2024-09-24,8,Completed,9,5,14,3,Railway,2,0.0
RNT01470,EQBD1003,CUS034,OP110,SITE014,2024-09-14,2024-09-28,2024-09-29,14,Completed,9,5,14,3,Railway,1,1.0
RNT01471,EQSS1015,CUS069,OP144,SITE007,2024-09-14,2024-09-22,2024-09-23,8,Completed,9,5,14,3,Industrial,1,0.0
RNT01472,EQEX1027,CUS013,OP179,SITE013,2024-09-14,2024-09-29,2024-10-01,15,Completed,9,5,14,3,Energy,2,1.0
RNT01473,EQDT1005,CUS016,OP142,SITE016,2024-09-14,2024-10-05,2024-10-12,21,Completed,9,5,14,3,Commercial,7,1.0
RNT01474,EQBD1014,CUS042,OP103,SITE002,2024-09-14,2024-10-12,2024-10-11,28,Completed,9,5,14,3,Highway,0,1.0
RNT01475,EQWL1023,CUS031,OP104,SITE011,2024-09-15,2024-09-26,2024-09-24,11,Completed,9,6,15,3,Residential,0,1.0
RNT01476,EQSS1001,CUS038,OP127,SITE018,2024-09-15,2024-09-23,2024-09-23,8,Completed,9,6,15,3,Highway,0,0.0
RNT01477,EQEX1028,CUS054,OP165,SITE007,2024-09-15,2024-09-25,2024-09-25,10,Completed,9,6,15,3,Industrial,0,0.0
RNT01478,EQEX1019,CUS023,OP172,SITE003,2024-09-15,2024-10-13,2024-10-17,28,Completed,9,6,15,3,Commercial,4,1.0
RNT01479,EQSS1009,CUS016,OP143,SITE016,2024-09-15,2024-09-18,2024-09-19,3,Completed,9,6,15,3,Commercial,1,1.0
RNT01480,EQEX1023,CUS017,OP132,SITE017,2024-09-15,2024-09-27,2024-09-26,12,Completed,9,6,15,3,Bridge,0,1.0
RNT01481,EQSS1008,CUS059,OP135,SITE019,2024-09-15,2024-09-23,2024-09-23,8,Completed,9,6,15,3,Port,0,0.0
RNT01482,EQWL1016,CUS021,OP175,SITE001,2024-09-16,2024-10-03,2024-10-11,17,Completed,9,0,16,3,Metro Rail,8,1.0
RNT01483,EQGR1015,CUS058,OP145,SITE017,2024-09-16,2024-10-14,2024-10-14,28,Completed,9,0,16,3,Bridge,0,1.0
RNT01484,EQSS1009,CUS020,OP141,SITE020,2024-09-16,2024-09-25,2024-09-27,9,Completed,9,0,16,3,Metro Rail,2,1.0
RNT01485,EQSS1007,CUS047,OP152,SITE007,2024-09-16,2024-09-25,2024-09-30,9,Completed,9,0,16,3,Industrial,5,1.0
RNT01486,EQBD1016,CUS045,OP116,SITE005,2024-09-16,2024-10-11,2024-10-20,25,Completed,9,0,16,3,Airport,9,1.0
RNT01487,EQEX1009,CUS022,OP143,SITE002,2024-09-16,2024-10-12,2024-10-12,26,Completed,9,0,16,3,Highway,0,1.0
RNT01488,EQBK1006,CUS047,OP105,SITE007,2024-09-16,2024-09-21,2024-09-20,5,Completed,9,0,16,3,Industrial,0,1.0
RNT01489,EQEX1024,CUS041,OP174,SITE001,2024-09-16,2024-09-30,2024-10-01,14,Completed,9,0,16,3,Metro Rail,1,1.0
RNT01490,EQRR1010,CUS014,OP142,SITE014,2024-09-16,2024-10-03,2024-10-04,17,Completed,9,0,16,3,Railway,1,1.0
RNT01491,EQDT1002,CUS049,OP139,SITE009,2024-09-16,2024-10-04,2024-10-04,18,Completed,9,0,16,3,Highway,0,0.0
RNT01492,EQSS1003,CUS022,OP154,SITE009,2024-09-16,2024-09-19,2024-09-18,3,Completed,9,0,16,3,Highway,0,1.0
RNT01493,EQBK1014,CUS054,OP152,SITE014,2024-09-16,2024-10-06,2024-10-06,20,Completed,9,0,16,3,Railway,0,0.0
RNT01494,EQBD1006,CUS018,OP168,SITE018,2024-09-17,2024-10-13,2024-10-13,26,Completed,9,1,17,3,Highway,0,1.0
RNT01495,EQEX1005,CUS022,OP144,SITE002,2024-09-17,2024-10-05,2024-10-04,18,Completed,9,1,17,3,Highway,0,1.0
RNT01496,EQDT1009,CUS050,OP120,SITE009,2024-09-17,2024-09-28,2024-09-30,11,Completed,9,1,17,3,Highway,2,0.0
RNT01497,EQEX1011,CUS020,OP143,SITE020,2024-09-17,2024-11-06,2024-11-06,50,Completed,9,1,17,3,Metro Rail,0,1.0
RNT01498,EQDT1005,CUS022,OP129,SITE002,2024-09-17,2024-10-04,2024-10-04,17,Completed,9,1,17,3,Highway,0,1.0
RNT01499,EQRR1014,CUS058,OP114,SITE018,2024-09-17,2024-09-29,2024-09-29,12,Completed,9,1,17,3,Highway,0,1.0
RNT01500,EQWL1022,CUS020,OP110,SITE020,2024-09-17,2024-09-26,2024-09-26,9,Completed,9,1,17,3,Metro Rail,0,1.0
RNT01501,EQBD1028,CUS045,OP145,SITE005,2024-09-18,2024-09-23,2024-09-25,5,Completed,9,2,18,3,Airport,2,1.0
RNT01502,EQDT1004,CUS050,OP134,SITE011,2024-09-18,2024-10-14,2024-10-14,26,Completed,9,2,18,3,Residential,0,1.0
RNT01503,EQSS1004,CUS064,OP176,SITE004,2024-09-18,2024-09-24,2024-09-23,6,Completed,9,2,18,3,Smart City,0,0.0
RNT01504,EQBK1006,CUS017,OP123,SITE017,2024-09-18,2024-09-21,2024-09-25,3,Completed,9,2,18,3,Bridge,4,1.0
RNT01505,EQRR1005,CUS020,OP111,SITE020,2024-09-18,2024-09-24,2024-09-25,6,Completed,9,2,18,3,Metro Rail,1,1.0
RNT01506,EQGR1010,CUS021,OP140,SITE001,2024-09-19,2024-09-26,2024-09-23,7,Completed,9,3,19,3,Metro Rail,0,1.0
RNT01507,EQGR1013,CUS009,OP152,SITE009,2024-09-20,2024-10-18,2024-10-18,28,Completed,9,4,20,3,Highway,0,1.0
RNT01508,EQBD1012,CUS068,OP103,SITE008,2024-09-20,2024-09-28,2024-10-05,8,Completed,9,4,20,3,Energy,7,1.0
RNT01509,EQEX1020,CUS045,OP162,SITE005,2024-09-20,2024-10-07,2024-10-16,17,Completed,9,4,20,3,Airport,9,0.0
RNT01510,EQBK1012,CUS043,OP107,SITE003,2024-09-20,2024-10-08,2024-10-08,18,Completed,9,4,20,3,Commercial,0,1.0
RNT01511,EQSS1001,CUS049,OP117,SITE009,2024-09-20,2024-09-30,2024-09-27,10,Completed,9,4,20,3,Highway,0,1.0
RNT01512,EQWL1008,CUS046,OP160,SITE006,2024-09-20,2024-10-01,2024-10-01,11,Completed,9,4,20,3,Port,0,1.0
RNT01513,EQFL1003,CUS058,OP129,SITE018,2024-09-20,2024-09-23,2024-09-23,3,Completed,9,4,20,3,Highway,0,1.0
RNT01514,EQSS1003,CUS010,OP167,SITE010,2024-09-20,2024-09-27,2024-09-29,7,Completed,9,4,20,3,Industrial,2,1.0
RNT01515,EQWL1013,CUS054,OP109,SITE014,2024-09-21,2024-10-03,2024-10-12,12,Completed,9,5,21,3,Railway,9,1.0
RNT01516,EQWL1016,CUS063,OP157,SITE007,2024-09-21,2024-10-05,2024-10-05,14,Completed,9,5,21,3,Industrial,0,1.0
RNT01517,EQRR1011,CUS001,OP180,SITE001,2024-09-21,2024-10-09,2024-10-09,18,Completed,9,5,21,3,Metro Rail,0,1.0
RNT01518,EQBK1011,CUS031,OP108,SITE011,2024-09-21,2024-10-02,2024-09-29,11,Completed,9,5,21,3,Residential,0,1.0
RNT01519,EQWL1022,CUS009,OP134,SITE009,2024-09-21,2024-10-05,2024-10-04,14,Completed,9,5,21,3,Highway,0,1.0
RNT01520,EQRR1004,CUS040,OP175,SITE020,2024-09-21,2024-10-09,2024-10-12,18,Completed,9,5,21,3,Metro Rail,3,1.0
RNT01521,EQWL1010,CUS054,OP167,SITE014,2024-09-21,2024-09-24,2024-09-25,3,Completed,9,5,21,3,Railway,1,1.0
RNT01522,EQGR1013,CUS032,OP119,SITE012,2024-09-21,2024-10-13,2024-10-14,22,Completed,9,5,21,3,Energy,1,1.0
RNT01523,EQEX1024,CUS049,OP129,SITE009,2024-09-21,2024-09-23,2024-09-24,2,Completed,9,5,21,3,Highway,1,1.0
RNT01524,EQBD1009,CUS056,OP136,SITE016,2024-09-21,2024-10-14,2024-10-13,23,Completed,9,5,21,3,Commercial,0,0.0
RNT01525,EQRR1005,CUS058,OP101,SITE018,2024-09-21,2024-09-26,2024-09-27,5,Completed,9,5,21,3,Highway,1,1.0
RNT01526,EQGR1017,CUS054,OP131,SITE014,2024-09-22,2024-09-29,2024-09-30,7,Completed,9,6,22,3,Railway,1,1.0
RNT01527,EQEX1046,CUS034,OP149,SITE014,2024-09-22,2024-10-13,2024-10-13,21,Completed,9,6,22,3,Railway,0,0.0
RNT01528,EQDT1012,CUS054,OP155,SITE014,2024-09-22,2024-10-01,2024-10-01,9,Completed,9,6,22,3,Railway,0,0.0
RNT01529,EQEX1037,CUS073,OP112,SITE013,2024-09-22,2024-09-30,2024-10-01,8,Completed,9,6,22,3,Energy,1,1.0
RNT01530,EQEX1027,CUS064,OP168,SITE004,2024-09-22,2024-10-20,2024-10-21,28,Completed,9,6,22,3,Smart City,1,0.0
RNT01531,EQBD1007,CUS026,OP114,SITE006,2024-09-22,2024-10-12,2024-10-12,20,Completed,9,6,22,3,Port,0,1.0
RNT01532,EQEX1001,CUS002,OP124,SITE002,2024-09-22,2024-10-04,2024-10-11,12,Completed,9,6,22,3,Highway,7,1.0
RNT01533,EQEX1020,CUS046,OP175,SITE006,2024-09-22,2024-09-29,2024-10-02,7,Completed,9,6,22,3,Port,3,1.0
RNT01534,EQEX1012,CUS042,OP134,SITE002,2024-09-22,2024-10-10,2024-10-10,18,Completed,9,6,22,3,Highway,0,1.0
RNT01535,EQWL1025,CUS054,OP112,SITE014,2024-09-23,2024-10-03,2024-10-03,10,Completed,9,0,23,3,Railway,0,1.0
RNT01536,EQEX1021,CUS054,OP151,SITE014,2024-09-23,2024-10-12,2024-10-12,19,Completed,9,0,23,3,Railway,0,0.0
RNT01537,EQWL1011,CUS001,OP164,SITE001,2024-09-23,2024-10-08,2024-10-16,15,Completed,9,0,23,3,Metro Rail,8,1.0
RNT01538,EQRR1010,CUS046,OP131,SITE006,2024-09-23,2024-10-07,2024-10-08,14,Completed,9,0,23,3,Port,1,1.0
RNT01539,EQSS1008,CUS003,OP127,SITE003,2024-09-23,2024-09-28,2024-09-28,5,Completed,9,0,23,3,Commercial,0,1.0
RNT01540,EQWL1025,CUS020,OP129,SITE020,2024-09-23,2024-10-13,2024-10-16,20,Completed,9,0,23,3,Metro Rail,3,0.0
RNT01541,EQBK1010,CUS038,OP120,SITE018,2024-09-24,2024-10-06,2024-10-06,12,Completed,9,1,24,3,Highway,0,1.0
RNT01542,EQFL1001,CUS020,OP139,SITE020,2024-09-25,2024-10-01,2024-10-05,6,Completed,9,2,25,3,Metro Rail,4,1.0
RNT01543,EQBD1005,CUS074,OP169,SITE014,2024-09-25,2024-10-20,2024-10-28,25,Completed,9,2,25,3,Railway,8,1.0
RNT01544,EQBK1012,CUS046,OP175,SITE006,2024-09-25,2024-09-30,2024-10-01,5,Completed,9,2,25,3,Port,1,1.0
RNT01545,EQEX1044,CUS027,OP138,SITE007,2024-09-26,2024-10-22,2024-10-22,26,Completed,9,3,26,3,Industrial,0,0.0
RNT01546,EQBD1026,CUS018,OP122,SITE018,2024-09-26,2024-10-11,2024-10-12,15,Completed,9,3,26,3,Highway,1,0.0
RNT01547,EQGR1003,CUS073,OP118,SITE013,2024-09-26,2024-11-19,2024-11-19,54,Completed,9,3,26,3,Energy,0,1.0
RNT01548,EQEX1032,CUS018,OP102,SITE018,2024-09-27,2024-10-05,2024-10-05,8,Completed,9,4,27,3,Highway,0,0.0
RNT01549,EQBD1014,CUS005,OP114,SITE005,2024-09-27,2024-10-25,2024-10-29,28,Completed,9,4,27,3,Airport,4,1.0
RNT01550,EQSS1007,CUS022,OP102,SITE004,2024-09-27,2024-10-07,2024-10-06,10,Completed,9,4,27,3,Smart City,0,1.0
RNT01551,EQGR1006,CUS001,OP149,SITE001,2024-09-27,2024-10-24,2024-10-31,27,Completed,9,4,27,3,Metro Rail,7,1.0
RNT01552,EQEX1046,CUS001,OP123,SITE001,2024-09-27,2024-10-19,2024-10-20,22,Completed,9,4,27,3,Metro Rail,1,1.0
RNT01553,EQFL1005,CUS065,OP128,SITE005,2024-09-27,2024-09-30,2024-10-10,3,Completed,9,4,27,3,Airport,10,1.0
RNT01554,EQGR1016,CUS046,OP121,SITE006,2024-09-27,2024-10-20,2024-10-20,23,Completed,9,4,27,3,Port,0,1.0
RNT01555,EQEX1032,CUS054,OP127,SITE014,2024-09-27,2024-10-08,2024-10-15,11,Completed,9,4,27,3,Railway,7,1.0
RNT01556,EQWL1016,CUS004,OP116,SITE004,2024-09-27,2024-10-05,2024-10-05,8,Completed,9,4,27,3,Smart City,0,1.0
RNT01557,EQWL1002,CUS045,OP144,SITE005,2024-09-28,2024-10-10,2024-10-08,12,Completed,9,5,28,3,Airport,0,1.0
RNT01558,EQWL1019,CUS055,OP122,SITE015,2024-09-28,2024-10-08,2024-10-08,10,Completed,9,5,28,3,Water Infrastructure,0,1.0
RNT01559,EQDT1008,CUS003,OP124,SITE003,2024-09-28,2024-10-13,2024-10-13,15,Completed,9,5,28,3,Commercial,0,1.0
RNT01560,EQWL1024,CUS027,OP117,SITE007,2024-09-28,2024-10-07,2024-10-12,9,Completed,9,5,28,3,Industrial,5,1.0
RNT01561,EQEX1014,CUS005,OP145,SITE016,2024-09-28,2024-10-04,2024-10-10,6,Completed,9,5,28,3,Commercial,6,0.0
RNT01562,EQWL1004,CUS041,OP116,SITE018,2024-09-29,2024-10-16,2024-10-16,17,Completed,9,6,29,3,Highway,0,1.0
RNT01563,EQBD1011,CUS019,OP111,SITE019,2024-09-29,2024-10-07,2024-10-11,8,Completed,9,6,29,3,Port,4,1.0
RNT01564,EQEX1019,CUS017,OP144,SITE017,2024-09-29,2024-10-10,2024-10-06,11,Completed,9,6,29,3,Bridge,0,1.0
RNT01565,EQBK1019,CUS071,OP177,SITE019,2024-09-29,2024-10-14,2024-10-17,15,Completed,9,6,29,3,Port,3,0.0
RNT01566,EQBK1008,CUS064,OP132,SITE004,2024-09-29,2024-10-15,2024-10-14,16,Completed,9,6,29,3,Smart City,0,1.0
RNT01567,EQEX1028,CUS057,OP127,SITE017,2024-09-29,2024-10-22,2024-10-22,23,Completed,9,6,29,3,Bridge,0,1.0
RNT01568,EQBD1024,CUS035,OP176,SITE015,2024-09-29,2024-10-26,2024-10-25,27,Completed,9,6,29,3,Water Infrastructure,0,0.0
RNT01569,EQBD1013,CUS053,OP180,SITE013,2024-09-29,2024-10-04,2024-10-03,5,Completed,9,6,29,3,Energy,0,0.0
RNT01570,EQWL1011,CUS047,OP153,SITE007,2024-09-29,2024-10-08,2024-10-08,9,Completed,9,6,29,3,Industrial,0,1.0
RNT01571,EQDT1006,CUS023,OP159,SITE008,2024-09-30,2024-10-10,2024-10-20,10,Completed,9,0,30,3,Energy,10,1.0
RNT01572,EQRR1004,CUS058,OP135,SITE018,2024-09-30,2024-10-16,2024-10-17,16,Completed,9,0,30,3,Highway,1,1.0
RNT01573,EQEX1001,CUS056,OP110,SITE016,2024-09-30,2024-10-11,2024-10-11,11,Completed,9,0,30,3,Commercial,0,0.0
RNT01574,EQBK1010,CUS059,OP117,SITE019,2024-09-30,2024-10-03,2024-10-03,3,Completed,9,0,30,3,Port,0,1.0
RNT01575,EQBD1024,CUS028,OP104,SITE008,2024-09-30,2024-10-05,2024-10-05,5,Completed,9,0,30,3,Energy,0,1.0
RNT01576,EQBD1005,CUS035,OP112,SITE015,2024-09-30,2024-10-24,2024-10-23,24,Completed,9,0,30,3,Water Infrastructure,0,0.0
RNT01577,EQWL1003,CUS046,OP135,SITE018,2024-09-30,2024-10-05,2024-10-12,5,Completed,9,0,30,3,Highway,7,1.0
RNT01578,EQFL1002,CUS014,OP153,SITE020,2024-10-01,2024-10-05,2024-10-05,4,Completed,10,1,1,4,Metro Rail,0,1.0
RNT01579,EQWL1011,CUS046,OP134,SITE006,2024-10-01,2024-10-16,2024-10-20,15,Completed,10,1,1,4,Port,4,1.0
RNT01580,EQBD1002,CUS043,OP105,SITE003,2024-10-01,2024-10-17,2024-10-23,16,Completed,10,1,1,4,Commercial,6,1.0
RNT01581,EQGR1002,CUS065,OP117,SITE005,2024-10-01,2024-10-08,2024-10-06,7,Completed,10,1,1,4,Airport,0,1.0
RNT01582,EQGR1007,CUS011,OP157,SITE011,2024-10-02,2024-10-09,2024-10-18,7,Completed,10,2,2,4,Residential,9,1.0
RNT01583,EQWL1012,CUS010,OP169,SITE010,2024-10-02,2024-10-22,2024-10-22,20,Completed,10,2,2,4,Industrial,0,1.0
RNT01584,EQBD1012,CUS021,OP170,SITE001,2024-10-02,2024-10-17,2024-10-17,15,Completed,10,2,2,4,Metro Rail,0,1.0
RNT01585,EQSS1001,CUS006,OP175,SITE006,2024-10-02,2024-10-12,2024-10-13,10,Completed,10,2,2,4,Port,1,0.0
RNT01586,EQBD1029,CUS016,OP154,SITE016,2024-10-02,2024-10-30,2024-10-29,28,Completed,10,2,2,4,Commercial,0,1.0
RNT01587,EQRR1006,CUS046,OP150,SITE007,2024-10-02,2024-10-11,2024-10-17,9,Completed,10,2,2,4,Industrial,6,0.0
RNT01588,EQGR1010,CUS049,OP138,SITE009,2024-10-02,2024-10-17,2024-10-16,15,Completed,10,2,2,4,Highway,0,1.0
RNT01589,EQWL1003,CUS054,OP166,SITE014,2024-10-02,2024-10-22,2024-11-01,20,Completed,10,2,2,4,Railway,10,0.0
RNT01590,EQBK1003,CUS059,OP123,SITE019,2024-10-02,2024-10-16,2024-10-17,14,Completed,10,2,2,4,Port,1,1.0
RNT01591,EQBK1007,CUS022,OP154,SITE002,2024-10-02,2024-10-12,2024-10-14,10,Completed,10,2,2,4,Highway,2,1.0
RNT01592,EQDT1005,CUS034,OP166,SITE014,2024-10-03,2024-10-14,2024-10-14,11,Completed,10,3,3,4,Railway,0,1.0
RNT01593,EQBD1011,CUS060,OP161,SITE020,2024-10-03,2024-10-28,2024-11-07,25,Completed,10,3,3,4,Metro Rail,10,0.0
RNT01594,EQBK1015,CUS017,OP166,SITE017,2024-10-03,2024-10-17,2024-10-17,14,Completed,10,3,3,4,Bridge,0,1.0
RNT01595,EQFL1006,CUS050,OP145,SITE011,2024-10-03,2024-10-07,2024-10-14,4,Completed,10,3,3,4,Residential,7,1.0
RNT01596,EQDT1010,CUS054,OP130,SITE014,2024-10-03,2024-10-24,2024-10-24,21,Completed,10,3,3,4,Railway,0,1.0
RNT01597,EQEX1006,CUS021,OP101,SITE001,2024-10-04,2024-10-19,2024-10-19,15,Completed,10,4,4,4,Metro Rail,0,0.0
RNT01598,EQFL1004,CUS070,OP167,SITE010,2024-10-04,2024-10-10,2024-10-14,6,Completed,10,4,4,4,Industrial,4,1.0
RNT01599,EQGR1005,CUS013,OP162,SITE013,2024-10-04,2024-10-19,2024-10-20,15,Completed,10,4,4,4,Energy,1,1.0
RNT01600,EQEX1022,CUS045,OP128,SITE005,2024-10-05,2024-10-27,2024-10-26,22,Completed,10,5,5,4,Airport,0,1.0
RNT01601,EQEX1023,CUS037,OP144,SITE017,2024-10-05,2024-10-17,2024-10-17,12,Completed,10,5,5,4,Bridge,0,1.0
RNT01602,EQRR1008,CUS018,OP157,SITE018,2024-10-05,2024-10-14,2024-10-22,9,Completed,10,5,5,4,Highway,8,1.0
RNT01603,EQDT1008,CUS059,OP131,SITE019,2024-10-05,2024-10-28,2024-10-30,23,Completed,10,5,5,4,Port,2,1.0
RNT01604,EQGR1002,CUS009,OP107,SITE009,2024-10-05,2024-10-30,2024-10-31,25,Completed,10,5,5,4,Highway,1,1.0
RNT01605,EQRR1002,CUS069,OP105,SITE009,2024-10-06,2024-10-13,2024-10-12,7,Completed,10,6,6,4,Highway,0,1.0
RNT01606,EQEX1017,CUS042,OP175,SITE002,2024-10-06,2024-10-17,2024-10-17,11,Completed,10,6,6,4,Highway,0,1.0
RNT01607,EQBD1018,CUS040,OP146,SITE020,2024-10-06,2024-10-31,2024-10-30,25,Completed,10,6,6,4,Metro Rail,0,1.0
RNT01608,EQSS1001,CUS074,OP117,SITE014,2024-10-07,2024-10-16,2024-10-19,9,Completed,10,0,7,4,Railway,3,1.0
RNT01609,EQBK1002,CUS027,OP152,SITE007,2024-10-07,2024-10-24,2024-10-25,17,Completed,10,0,7,4,Industrial,1,1.0
RNT01610,EQEX1007,CUS029,OP113,SITE009,2024-10-07,2024-10-12,2024-10-12,5,Completed,10,0,7,4,Highway,0,1.0
RNT01611,EQEX1018,CUS026,OP128,SITE006,2024-10-07,2024-10-15,2024-10-23,8,Completed,10,0,7,4,Port,8,1.0
RNT01612,EQEX1042,CUS026,OP145,SITE006,2024-10-07,2024-10-19,2024-10-27,12,Completed,10,0,7,4,Port,8,1.0
RNT01613,EQRR1003,CUS045,OP107,SITE005,2024-10-07,2024-10-14,2024-10-13,7,Completed,10,0,7,4,Airport,0,1.0
RNT01614,EQBK1009,CUS034,OP120,SITE015,2024-10-07,2024-10-17,2024-10-17,10,Completed,10,0,7,4,Water Infrastructure,0,1.0
RNT01615,EQEX1041,CUS058,OP140,SITE018,2024-10-08,2024-10-13,2024-10-20,5,Completed,10,1,8,4,Highway,7,1.0
RNT01616,EQWL1011,CUS040,OP138,SITE020,2024-10-08,2024-10-24,2024-10-24,16,Completed,10,1,8,4,Metro Rail,0,1.0
RNT01617,EQGR1001,CUS068,OP141,SITE008,2024-10-08,2024-10-21,2024-10-22,13,Completed,10,1,8,4,Energy,1,1.0
RNT01618,EQEX1020,CUS049,OP145,SITE009,2024-10-08,2024-10-17,2024-10-16,9,Completed,10,1,8,4,Highway,0,1.0
RNT01619,EQDT1009,CUS002,OP114,SITE002,2024-10-09,2024-10-29,2024-10-29,20,Completed,10,2,9,4,Highway,0,1.0
RNT01620,EQGR1003,CUS009,OP179,SITE009,2024-10-09,2024-10-29,2024-10-28,20,Completed,10,2,9,4,Highway,0,0.0
RNT01621,EQWL1023,CUS075,OP122,SITE017,2024-10-09,2024-10-19,2024-10-20,10,Completed,10,2,9,4,Bridge,1,1.0
RNT01622,EQBK1001,CUS042,OP174,SITE002,2024-10-09,2024-10-17,2024-10-17,8,Completed,10,2,9,4,Highway,0,1.0
RNT01623,EQSS1017,CUS035,OP139,SITE015,2024-10-09,2024-10-14,2024-10-14,5,Completed,10,2,9,4,Water Infrastructure,0,1.0
RNT01624,EQBD1011,CUS038,OP120,SITE018,2024-10-09,2024-10-20,2024-10-20,11,Completed,10,2,9,4,Highway,0,1.0
RNT01625,EQDT1012,CUS041,OP168,SITE001,2024-10-10,2024-10-24,2024-10-23,14,Completed,10,3,10,4,Metro Rail,0,1.0
RNT01626,EQEX1001,CUS005,OP138,SITE005,2024-10-10,2024-10-15,2024-10-16,5,Completed,10,3,10,4,Airport,1,1.0
RNT01627,EQEX1035,CUS061,OP130,SITE001,2024-10-10,2024-11-04,2024-11-05,25,Completed,10,3,10,4,Metro Rail,1,1.0
RNT01628,EQEX1044,CUS052,OP141,SITE012,2024-10-10,2024-10-23,2024-10-24,13,Completed,10,3,10,4,Energy,1,1.0
RNT01629,EQEX1031,CUS018,OP161,SITE018,2024-10-10,2024-11-07,2024-11-12,28,Completed,10,3,10,4,Highway,5,1.0
RNT01630,EQFL1005,CUS061,OP123,SITE007,2024-10-10,2024-10-18,2024-10-23,8,Completed,10,3,10,4,Industrial,5,1.0
RNT01631,EQSS1005,CUS039,OP172,SITE019,2024-10-10,2024-10-12,2024-10-11,2,Completed,10,3,10,4,Port,0,0.0
RNT01632,EQWL1006,CUS010,OP149,SITE010,2024-10-10,2024-10-14,2024-10-13,4,Completed,10,3,10,4,Industrial,0,1.0
RNT01633,EQGR1015,CUS021,OP138,SITE001,2024-10-11,2024-10-22,2024-10-21,11,Completed,10,4,11,4,Metro Rail,0,0.0
RNT01634,EQBK1015,CUS009,OP179,SITE009,2024-10-11,2024-10-27,2024-10-27,16,Completed,10,4,11,4,Highway,0,1.0
RNT01635,EQWL1009,CUS033,OP101,SITE013,2024-10-11,2024-10-22,2024-10-22,11,Completed,10,4,11,4,Energy,0,1.0
RNT01636,EQWL1001,CUS028,OP135,SITE008,2024-10-11,2024-10-20,2024-10-19,9,Completed,10,4,11,4,Energy,0,1.0
RNT01637,EQBD1009,CUS062,OP127,SITE002,2024-10-11,2024-11-03,2024-11-03,23,Completed,10,4,11,4,Highway,0,1.0
RNT01638,EQWL1001,CUS068,OP121,SITE008,2024-10-11,2024-10-30,2024-11-01,19,Completed,10,4,11,4,Energy,2,0.0
RNT01639,EQEX1001,CUS007,OP140,SITE007,2024-10-11,2024-10-20,2024-10-20,9,Completed,10,4,11,4,Industrial,0,1.0
RNT01640,EQEX1029,CUS065,OP154,SITE005,2024-10-11,2024-10-23,2024-10-23,12,Completed,10,4,11,4,Airport,0,0.0
RNT01641,EQDT1011,CUS054,OP128,SITE014,2024-10-12,2024-11-09,2024-11-09,28,Completed,10,5,12,4,Railway,0,1.0
RNT01642,EQBK1006,CUS052,OP125,SITE012,2024-10-12,2024-10-21,2024-10-20,9,Completed,10,5,12,4,Energy,0,0.0
RNT01643,EQBK1009,CUS066,OP124,SITE006,2024-10-12,2024-10-26,2024-10-28,14,Completed,10,5,12,4,Port,2,1.0
RNT01644,EQBD1007,CUS043,OP141,SITE020,2024-10-13,2024-11-03,2024-11-12,21,Completed,10,6,13,4,Metro Rail,9,1.0
RNT01645,EQSS1017,CUS008,OP148,SITE008,2024-10-13,2024-10-15,2024-10-15,2,Completed,10,6,13,4,Energy,0,1.0
RNT01646,EQRR1001,CUS053,OP137,SITE013,2024-10-13,2024-10-25,2024-10-25,12,Completed,10,6,13,4,Energy,0,1.0
RNT01647,EQBD1023,CUS056,OP104,SITE016,2024-10-13,2024-10-29,2024-11-07,16,Completed,10,6,13,4,Commercial,9,1.0
RNT01648,EQFL1006,CUS009,OP126,SITE009,2024-10-13,2024-10-22,2024-10-22,9,Completed,10,6,13,4,Highway,0,1.0
RNT01649,EQBK1002,CUS037,OP105,SITE017,2024-10-13,2024-10-30,2024-10-29,17,Completed,10,6,13,4,Bridge,0,1.0
RNT01650,EQEX1023,CUS020,OP101,SITE020,2024-10-13,2024-10-22,2024-10-26,9,Completed,10,6,13,4,Metro Rail,4,1.0
RNT01651,EQRR1001,CUS026,OP166,SITE006,2024-10-13,2024-10-20,2024-10-16,7,Completed,10,6,13,4,Port,0,1.0
RNT01652,EQBD1006,CUS021,OP169,SITE001,2024-10-14,2024-11-10,2024-11-10,27,Completed,10,0,14,4,Metro Rail,0,1.0
RNT01653,EQSS1018,CUS061,OP172,SITE001,2024-10-14,2024-10-16,2024-10-17,2,Completed,10,0,14,4,Metro Rail,1,1.0
RNT01654,EQBD1023,CUS069,OP174,SITE009,2024-10-14,2024-10-21,2024-10-28,7,Completed,10,0,14,4,Highway,7,1.0
RNT01655,EQBD1008,CUS026,OP138,SITE006,2024-10-14,2024-11-07,2024-11-10,24,Completed,10,0,14,4,Port,3,1.0
RNT01656,EQEX1010,CUS033,OP102,SITE013,2024-10-14,2024-11-11,2024-11-10,28,Completed,10,0,14,4,Energy,0,1.0
RNT01657,EQSS1004,CUS022,OP102,SITE002,2024-10-14,2024-10-24,2024-10-29,10,Completed,10,0,14,4,Highway,5,1.0
RNT01658,EQWL1025,CUS060,OP159,SITE020,2024-10-15,2024-10-26,2024-10-25,11,Completed,10,1,15,4,Metro Rail,0,1.0
RNT01659,EQDT1002,CUS059,OP113,SITE019,2024-10-15,2024-11-05,2024-11-05,21,Completed,10,1,15,4,Port,0,1.0
RNT01660,EQEX1011,CUS058,OP170,SITE018,2024-10-15,2024-11-04,2024-11-06,20,Completed,10,1,15,4,Highway,2,1.0
RNT01661,EQEX1016,CUS043,OP146,SITE003,2024-10-16,2024-11-11,2024-11-19,26,Completed,10,2,16,4,Commercial,8,1.0
RNT01662,EQWL1018,CUS002,OP122,SITE002,2024-10-17,2024-11-01,2024-11-08,15,Completed,10,3,17,4,Highway,7,1.0
RNT01663,EQBD1014,CUS061,OP130,SITE001,2024-10-17,2024-10-22,2024-10-18,5,Completed,10,3,17,4,Metro Rail,0,1.0
RNT01664,EQBD1025,CUS072,OP162,SITE012,2024-10-17,2024-11-05,2024-11-09,19,Completed,10,3,17,4,Energy,4,1.0
RNT01665,EQGR1017,CUS040,OP139,SITE020,2024-10-17,2024-10-24,2024-10-24,7,Completed,10,3,17,4,Metro Rail,0,0.0
RNT01666,EQEX1008,CUS007,OP160,SITE007,2024-10-17,2024-10-27,2024-10-25,10,Completed,10,3,17,4,Industrial,0,1.0
RNT01667,EQEX1048,CUS026,OP179,SITE006,2024-10-18,2024-11-07,2024-11-04,20,Completed,10,4,18,4,Port,0,1.0
RNT01668,EQGR1006,CUS057,OP134,SITE017,2024-10-18,2024-11-04,2024-11-04,17,Completed,10,4,18,4,Bridge,0,1.0
RNT01669,EQSS1018,CUS053,OP128,SITE013,2024-10-18,2024-10-23,2024-10-24,5,Completed,10,4,18,4,Energy,1,1.0
RNT01670,EQSS1013,CUS033,OP124,SITE013,2024-10-18,2024-10-24,2024-10-24,6,Completed,10,4,18,4,Energy,0,1.0
RNT01671,EQGR1005,CUS030,OP166,SITE010,2024-10-18,2024-10-31,2024-11-07,13,Completed,10,4,18,4,Industrial,7,0.0
RNT01672,EQWL1020,CUS021,OP130,SITE001,2024-10-19,2024-10-25,2024-10-25,6,Completed,10,5,19,4,Metro Rail,0,1.0
RNT01673,EQFL1007,CUS012,OP162,SITE012,2024-10-19,2024-10-27,2024-10-29,8,Completed,10,5,19,4,Energy,2,1.0
RNT01674,EQWL1016,CUS074,OP163,SITE014,2024-10-19,2024-10-25,2024-10-24,6,Completed,10,5,19,4,Railway,0,0.0
RNT01675,EQEX1001,CUS018,OP169,SITE018,2024-10-19,2024-10-31,2024-10-28,12,Completed,10,5,19,4,Highway,0,1.0
RNT01676,EQWL1026,CUS042,OP139,SITE002,2024-10-19,2024-10-25,2024-10-25,6,Completed,10,5,19,4,Highway,0,1.0
RNT01677,EQWL1008,CUS061,OP180,SITE001,2024-10-19,2024-11-08,2024-11-12,20,Completed,10,5,19,4,Metro Rail,4,1.0
RNT01678,EQEX1022,CUS061,OP178,SITE001,2024-10-20,2024-10-27,2024-10-27,7,Completed,10,6,20,4,Metro Rail,0,1.0
RNT01679,EQFL1006,CUS065,OP169,SITE005,2024-10-20,2024-10-28,2024-10-28,8,Completed,10,6,20,4,Airport,0,0.0
RNT01680,EQBD1019,CUS010,OP125,SITE010,2024-10-20,2024-11-02,2024-11-01,13,Completed,10,6,20,4,Industrial,0,0.0
RNT01681,EQRR1005,CUS001,OP124,SITE003,2024-10-20,2024-10-29,2024-10-29,9,Completed,10,6,20,4,Commercial,0,1.0
RNT01682,EQRR1003,CUS024,OP147,SITE004,2024-10-20,2024-11-04,2024-11-03,15,Completed,10,6,20,4,Smart City,0,1.0
RNT01683,EQEX1039,CUS058,OP132,SITE018,2024-10-20,2024-11-15,2024-11-15,26,Completed,10,6,20,4,Highway,0,1.0
RNT01684,EQSS1016,CUS045,OP103,SITE005,2024-10-21,2024-10-29,2024-10-28,8,Completed,10,0,21,4,Airport,0,1.0
RNT01685,EQBD1020,CUS009,OP136,SITE009,2024-10-21,2024-10-28,2024-10-27,7,Completed,10,0,21,4,Highway,0,1.0
RNT01686,EQEX1022,CUS059,OP107,SITE019,2024-10-21,2024-11-03,2024-11-03,13,Completed,10,0,21,4,Port,0,1.0
RNT01687,EQBK1010,CUS064,OP164,SITE004,2024-10-21,2024-11-04,2024-11-03,14,Completed,10,0,21,4,Smart City,0,1.0
RNT01688,EQBD1010,CUS039,OP115,SITE019,2024-10-22,2024-11-19,2024-11-19,28,Completed,10,1,22,4,Port,0,1.0
RNT01689,EQWL1005,CUS068,OP160,SITE008,2024-10-22,2024-10-30,2024-11-07,8,Completed,10,1,22,4,Energy,8,1.0
RNT01690,EQEX1012,CUS037,OP118,SITE017,2024-10-23,2024-11-19,2024-11-19,27,Completed,10,2,23,4,Bridge,0,1.0
RNT01691,EQGR1002,CUS057,OP159,SITE017,2024-10-23,2024-11-14,2024-11-13,22,Completed,10,2,23,4,Bridge,0,1.0
RNT01692,EQWL1006,CUS067,OP129,SITE007,2024-10-23,2024-11-11,2024-11-11,19,Completed,10,2,23,4,Industrial,0,1.0
RNT01693,EQBK1019,CUS009,OP112,SITE009,2024-10-23,2024-11-12,2024-11-17,20,Completed,10,2,23,4,Highway,5,1.0
RNT01694,EQWL1017,CUS049,OP159,SITE009,2024-10-24,2024-11-09,2024-11-09,16,Completed,10,3,24,4,Highway,0,0.0
RNT01695,EQBD1011,CUS027,OP108,SITE007,2024-10-24,2024-11-06,2024-11-06,13,Completed,10,3,24,4,Industrial,0,1.0
RNT01696,EQGR1009,CUS004,OP103,SITE004,2024-10-24,2024-11-16,2024-11-16,23,Completed,10,3,24,4,Smart City,0,1.0
RNT01697,EQBK1011,CUS028,OP125,SITE016,2024-10-24,2024-11-06,2024-11-06,13,Completed,10,3,24,4,Commercial,0,1.0
RNT01698,EQBD1013,CUS059,OP161,SITE019,2024-10-24,2024-11-14,2024-11-14,21,Completed,10,3,24,4,Port,0,1.0
RNT01699,EQEX1013,CUS005,OP106,SITE005,2024-10-25,2024-11-01,2024-11-01,7,Completed,10,4,25,4,Airport,0,1.0
RNT01700,EQFL1009,CUS062,OP134,SITE002,2024-10-25,2024-10-31,2024-10-29,6,Completed,10,4,25,4,Highway,0,1.0
RNT01701,EQEX1007,CUS059,OP103,SITE019,2024-10-25,2024-11-06,2024-11-07,12,Completed,10,4,25,4,Port,1,1.0
RNT01702,EQBD1022,CUS068,OP161,SITE008,2024-10-25,2024-10-30,2024-10-30,5,Completed,10,4,25,4,Energy,0,1.0
RNT01703,EQDT1007,CUS059,OP124,SITE019,2024-10-25,2024-11-17,2024-11-27,23,Completed,10,4,25,4,Port,10,1.0
RNT01704,EQGR1008,CUS018,OP133,SITE018,2024-10-26,2024-11-14,2024-11-22,19,Completed,10,5,26,4,Highway,8,1.0
RNT01705,EQGR1013,CUS057,OP157,SITE017,2024-10-26,2024-11-19,2024-11-18,24,Completed,10,5,26,4,Bridge,0,0.0
RNT01706,EQBD1023,CUS040,OP148,SITE020,2024-10-26,2024-11-12,2024-11-11,17,Completed,10,5,26,4,Metro Rail,0,1.0
RNT01707,EQRR1009,CUS053,OP176,SITE001,2024-10-26,2024-11-05,2024-11-01,10,Completed,10,5,26,4,Metro Rail,0,1.0
RNT01708,EQFL1011,CUS005,OP113,SITE011,2024-10-26,2024-10-28,2024-10-29,2,Completed,10,5,26,4,Residential,1,1.0
RNT01709,EQEX1005,CUS065,OP141,SITE005,2024-10-26,2024-10-31,2024-11-07,5,Completed,10,5,26,4,Airport,7,1.0
RNT01710,EQBD1021,CUS029,OP144,SITE009,2024-10-27,2024-11-19,2024-11-16,23,Completed,10,6,27,4,Highway,0,1.0
RNT01711,EQEX1038,CUS013,OP131,SITE012,2024-10-27,2024-11-12,2024-11-12,16,Completed,10,6,27,4,Energy,0,1.0
RNT01712,EQGR1016,CUS073,OP152,SITE013,2024-10-27,2024-11-21,2024-11-21,25,Completed,10,6,27,4,Energy,0,0.0
RNT01713,EQSS1018,CUS033,OP148,SITE013,2024-10-27,2024-11-03,2024-11-03,7,Completed,10,6,27,4,Energy,0,1.0
RNT01714,EQEX1007,CUS017,OP171,SITE017,2024-10-27,2024-11-10,2024-11-11,14,Completed,10,6,27,4,Bridge,1,1.0
RNT01715,EQRR1008,CUS021,OP101,SITE019,2024-10-27,2024-11-07,2024-11-07,11,Completed,10,6,27,4,Port,0,1.0
RNT01716,EQEX1020,CUS007,OP175,SITE007,2024-10-27,2024-11-15,2024-11-11,19,Completed,10,6,27,4,Industrial,0,1.0
RNT01717,EQBD1019,CUS038,OP141,SITE018,2024-10-27,2024-11-21,2024-11-20,25,Completed,10,6,27,4,Highway,0,1.0
RNT01718,EQBK1003,CUS067,OP112,SITE007,2024-10-27,2024-11-14,2024-11-14,18,Completed,10,6,27,4,Industrial,0,1.0
RNT01719,EQBD1017,CUS067,OP125,SITE007,2024-10-27,2024-11-14,2024-11-14,18,Completed,10,6,27,4,Industrial,0,1.0
RNT01720,EQBD1028,CUS022,OP179,SITE002,2024-10-28,2024-11-24,2024-11-22,27,Completed,10,0,28,4,Highway,0,0.0
RNT01721,EQFL1001,CUS066,OP178,SITE006,2024-10-28,2024-11-06,2024-11-07,9,Completed,10,0,28,4,Port,1,1.0
RNT01722,EQEX1030,CUS066,OP107,SITE006,2024-10-28,2024-11-12,2024-11-13,15,Completed,10,0,28,4,Port,1,1.0
RNT01723,EQEX1031,CUS047,OP155,SITE007,2024-10-28,2024-11-24,2024-11-24,27,Completed,10,0,28,4,Industrial,0,1.0
RNT01724,EQSS1005,CUS019,OP164,SITE019,2024-10-29,2024-11-03,2024-11-03,5,Completed,10,1,29,4,Port,0,1.0
RNT01725,EQRR1009,CUS064,OP165,SITE004,2024-10-29,2024-11-07,2024-11-10,9,Completed,10,1,29,4,Smart City,3,1.0
RNT01726,EQBD1027,CUS016,OP175,SITE016,2024-10-29,2024-11-07,2024-11-07,9,Completed,10,1,29,4,Commercial,0,1.0
RNT01727,EQBD1027,CUS007,OP120,SITE007,2024-10-29,2024-11-08,2024-11-09,10,Completed,10,1,29,4,Industrial,1,1.0
RNT01728,EQWL1008,CUS029,OP160,SITE009,2024-10-30,2024-11-05,2024-11-11,6,Completed,10,2,30,4,Highway,6,1.0
RNT01729,EQFL1009,CUS021,OP114,SITE001,2024-10-30,2024-11-06,2024-11-06,7,Completed,10,2,30,4,Metro Rail,0,1.0
RNT01730,EQEX1029,CUS017,OP121,SITE017,2024-10-30,2024-11-11,2024-11-11,12,Completed,10,2,30,4,Bridge,0,1.0
RNT01731,EQEX1025,CUS023,OP146,SITE003,2024-10-30,2024-11-04,2024-11-14,5,Completed,10,2,30,4,Commercial,10,0.0
RNT01732,EQGR1013,CUS012,OP149,SITE018,2024-10-31,2024-11-13,2024-11-14,13,Completed,10,3,31,4,Highway,1,0.0
RNT01733,EQEX1010,CUS046,OP106,SITE006,2024-10-31,2024-11-07,2024-11-14,7,Completed,10,3,31,4,Port,7,1.0
RNT01734,EQSS1018,CUS039,OP153,SITE019,2024-11-01,2024-11-10,2024-11-10,9,Completed,11,4,1,4,Port,0,1.0
RNT01735,EQGR1002,CUS069,OP120,SITE009,2024-11-01,2024-11-27,2024-11-24,26,Completed,11,4,1,4,Highway,0,1.0
RNT01736,EQEX1032,CUS014,OP159,SITE014,2024-11-01,2024-12-18,2024-12-18,47,Completed,11,4,1,4,Railway,0,1.0
RNT01737,EQBD1027,CUS005,OP158,SITE005,2024-11-02,2024-11-20,2024-11-20,18,Completed,11,5,2,4,Airport,0,0.0
RNT01738,EQRR1008,CUS047,OP172,SITE007,2024-11-02,2024-11-14,2024-11-22,12,Completed,11,5,2,4,Industrial,8,1.0
RNT01739,EQFL1007,CUS045,OP168,SITE005,2024-11-02,2024-11-08,2024-11-09,6,Completed,11,5,2,4,Airport,1,1.0
RNT01740,EQBD1027,CUS017,OP158,SITE017,2024-11-02,2024-11-17,2024-11-13,15,Completed,11,5,2,4,Bridge,0,1.0
RNT01741,EQWL1012,CUS001,OP131,SITE001,2024-11-03,2024-11-11,2024-11-09,8,Completed,11,6,3,4,Metro Rail,0,1.0
RNT01742,EQWL1018,CUS010,OP145,SITE010,2024-11-03,2024-11-11,2024-11-17,8,Completed,11,6,3,4,Industrial,6,1.0
RNT01743,EQEX1020,CUS040,OP109,SITE020,2024-11-03,2024-11-20,2024-11-16,17,Completed,11,6,3,4,Metro Rail,0,1.0
RNT01744,EQRR1013,CUS073,OP125,SITE013,2024-11-03,2024-11-07,2024-11-11,4,Completed,11,6,3,4,Energy,4,0.0
RNT01745,EQBD1025,CUS064,OP161,SITE004,2024-11-04,2024-11-14,2024-11-14,10,Completed,11,0,4,4,Smart City,0,1.0
RNT01746,EQFL1007,CUS073,OP164,SITE013,2024-11-04,2024-11-13,2024-11-14,9,Completed,11,0,4,4,Energy,1,1.0
RNT01747,EQSS1003,CUS054,OP116,SITE014,2024-11-04,2024-11-08,2024-11-08,4,Completed,11,0,4,4,Railway,0,1.0
RNT01748,EQBD1030,CUS060,OP126,SITE020,2024-11-04,2024-11-20,2024-11-20,16,Completed,11,0,4,4,Metro Rail,0,1.0
RNT01749,EQRR1013,CUS009,OP167,SITE009,2024-11-04,2024-11-19,2024-11-18,15,Completed,11,0,4,4,Highway,0,1.0
RNT01750,EQEX1008,CUS018,OP151,SITE006,2024-11-04,2024-11-29,2024-12-07,25,Completed,11,0,4,4,Port,8,1.0
RNT01751,EQGR1013,CUS054,OP177,SITE014,2024-11-04,2024-12-02,2024-12-02,28,Completed,11,0,4,4,Railway,0,1.0
RNT01752,EQEX1036,CUS066,OP108,SITE006,2024-11-05,2024-11-11,2024-11-17,6,Completed,11,1,5,4,Port,6,1.0
RNT01753,EQBD1006,CUS056,OP111,SITE016,2024-11-05,2024-11-14,2024-11-14,9,Completed,11,1,5,4,Commercial,0,1.0
RNT01754,EQBK1008,CUS035,OP107,SITE010,2024-11-05,2024-11-25,2024-11-24,20,Completed,11,1,5,4,Industrial,0,1.0
RNT01755,EQEX1042,CUS057,OP103,SITE017,2024-11-05,2024-11-06,2024-11-07,1,Completed,11,1,5,4,Bridge,1,0.0
RNT01756,EQFL1005,CUS058,OP141,SITE016,2024-11-05,2024-11-14,2024-11-14,9,Completed,11,1,5,4,Commercial,0,1.0
RNT01757,EQDT1006,CUS022,OP112,SITE002,2024-11-05,2024-11-10,2024-11-10,5,Completed,11,1,5,4,Highway,0,1.0
RNT01758,EQEX1029,CUS027,OP134,SITE007,2024-11-05,2024-11-24,2024-11-24,19,Completed,11,1,5,4,Industrial,0,1.0
RNT01759,EQWL1004,CUS007,OP120,SITE007,2024-11-05,2024-11-18,2024-11-24,13,Completed,11,1,5,4,Industrial,6,0.0
RNT01760,EQWL1023,CUS054,OP119,SITE014,2024-11-05,2024-11-23,2024-11-22,18,Completed,11,1,5,4,Railway,0,0.0
RNT01761,EQBK1017,CUS026,OP166,SITE006,2024-11-06,2024-11-26,2024-11-26,20,Completed,11,2,6,4,Port,0,1.0
RNT01762,EQEX1010,CUS065,OP120,SITE005,2024-11-06,2024-11-17,2024-11-23,11,Completed,11,2,6,4,Airport,6,0.0
RNT01763,EQWL1001,CUS014,OP156,SITE014,2024-11-06,2024-11-23,2024-11-26,17,Completed,11,2,6,4,Railway,3,1.0
RNT01764,EQBD1004,CUS005,OP160,SITE005,2024-11-06,2024-11-27,2024-11-26,21,Completed,11,2,6,4,Airport,0,1.0
RNT01765,EQRR1010,CUS052,OP154,SITE012,2024-11-06,2024-11-26,2024-11-26,20,Completed,11,2,6,4,Energy,0,1.0
RNT01766,EQBK1007,CUS061,OP109,SITE001,2024-11-06,2024-11-12,2024-11-13,6,Completed,11,2,6,4,Metro Rail,1,1.0
RNT01767,EQEX1009,CUS057,OP155,SITE017,2024-11-06,2024-11-28,2024-11-28,22,Completed,11,2,6,4,Bridge,0,1.0
RNT01768,EQBK1005,CUS034,OP177,SITE014,2024-11-06,2024-11-13,2024-11-14,7,Completed,11,2,6,4,Railway,1,0.0
RNT01769,EQDT1003,CUS028,OP105,SITE008,2024-11-06,2024-11-25,2024-11-25,19,Completed,11,2,6,4,Energy,0,1.0
RNT01770,EQBD1018,CUS021,OP143,SITE001,2024-11-06,2024-11-13,2024-11-12,7,Completed,11,2,6,4,Metro Rail,0,1.0
RNT01771,EQEX1020,CUS040,OP112,SITE020,2024-11-06,2024-11-30,2024-11-29,24,Completed,11,2,6,4,Metro Rail,0,1.0
RNT01772,EQEX1038,CUS009,OP139,SITE009,2024-11-07,2024-11-17,2024-11-15,10,Completed,11,3,7,4,Highway,0,1.0
RNT01773,EQEX1011,CUS046,OP132,SITE006,2024-11-07,2024-11-22,2024-11-22,15,Completed,11,3,7,4,Port,0,1.0
RNT01774,EQEX1012,CUS001,OP171,SITE001,2024-11-07,2024-11-29,2024-11-29,22,Completed,11,3,7,4,Metro Rail,0,1.0
RNT01775,EQBD1017,CUS038,OP156,SITE018,2024-11-07,2024-11-29,2024-11-30,22,Completed,11,3,7,4,Highway,1,1.0
RNT01776,EQGR1013,CUS060,OP113,SITE020,2024-11-07,2024-11-19,2024-11-25,12,Completed,11,3,7,4,Metro Rail,6,0.0
RNT01777,EQEX1022,CUS023,OP102,SITE003,2024-11-07,2024-11-16,2024-11-20,9,Completed,11,3,7,4,Commercial,4,1.0
RNT01778,EQDT1004,CUS066,OP124,SITE006,2024-11-08,2024-11-22,2024-11-21,14,Completed,11,4,8,4,Port,0,1.0
RNT01779,EQRR1010,CUS040,OP114,SITE020,2024-11-08,2024-11-22,2024-11-24,14,Completed,11,4,8,4,Metro Rail,2,1.0
RNT01780,EQBD1022,CUS047,OP146,SITE019,2024-11-08,2024-11-13,2024-11-13,5,Completed,11,4,8,4,Port,0,1.0
RNT01781,EQBD1007,CUS013,OP104,SITE013,2024-11-08,2024-12-02,2024-12-05,24,Completed,11,4,8,4,Energy,3,1.0
RNT01782,EQEX1018,CUS003,OP140,SITE003,2024-11-08,2024-11-20,2024-11-21,12,Completed,11,4,8,4,Commercial,1,1.0
RNT01783,EQBD1025,CUS030,OP133,SITE010,2024-11-08,2024-11-25,2024-11-24,17,Completed,11,4,8,4,Industrial,0,0.0
RNT01784,EQGR1002,CUS028,OP153,SITE008,2024-11-08,2024-11-28,2024-11-28,20,Completed,11,4,8,4,Energy,0,1.0
RNT01785,EQBD1017,CUS068,OP170,SITE008,2024-11-09,2024-12-04,2024-12-07,25,Completed,11,5,9,4,Energy,3,0.0
RNT01786,EQGR1016,CUS022,OP118,SITE002,2024-11-09,2024-11-17,2024-11-17,8,Completed,11,5,9,4,Highway,0,0.0
RNT01787,EQEX1030,CUS013,OP155,SITE013,2024-11-09,2024-11-25,2024-11-24,16,Completed,11,5,9,4,Energy,0,1.0
RNT01788,EQBD1006,CUS049,OP139,SITE009,2024-11-10,2024-11-18,2024-11-18,8,Completed,11,6,10,4,Highway,0,0.0
RNT01789,EQRR1004,CUS034,OP104,SITE008,2024-11-10,2024-11-19,2024-11-22,9,Completed,11,6,10,4,Energy,3,1.0
RNT01790,EQSS1012,CUS038,OP165,SITE018,2024-11-10,2024-11-18,2024-11-27,8,Completed,11,6,10,4,Highway,9,1.0
RNT01791,EQRR1010,CUS017,OP107,SITE017,2024-11-10,2024-11-18,2024-11-18,8,Completed,11,6,10,4,Bridge,0,1.0
RNT01792,EQBK1015,CUS068,OP145,SITE008,2024-11-10,2024-11-27,2024-11-26,17,Completed,11,6,10,4,Energy,0,1.0
RNT01793,EQFL1009,CUS001,OP127,SITE001,2024-11-10,2024-11-19,2024-11-26,9,Completed,11,6,10,4,Metro Rail,7,0.0
RNT01794,EQBK1018,CUS058,OP129,SITE018,2024-11-10,2024-11-16,2024-11-25,6,Completed,11,6,10,4,Highway,9,0.0
RNT01795,EQWL1023,CUS026,OP101,SITE006,2024-11-10,2024-11-25,2024-12-02,15,Completed,11,6,10,4,Port,7,1.0
RNT01796,EQEX1037,CUS010,OP174,SITE019,2024-11-10,2024-12-02,2024-12-02,22,Completed,11,6,10,4,Port,0,1.0
RNT01797,EQEX1022,CUS059,OP143,SITE019,2024-11-10,2024-11-20,2024-11-28,10,Completed,11,6,10,4,Port,8,1.0
RNT01798,EQBD1003,CUS028,OP137,SITE008,2024-11-11,2025-01-02,2025-01-01,52,Completed,11,0,11,4,Energy,0,1.0
RNT01799,EQEX1023,CUS020,OP150,SITE020,2024-11-11,2024-11-17,2024-11-23,6,Completed,11,0,11,4,Metro Rail,6,1.0
RNT01800,EQWL1014,CUS013,OP141,SITE013,2024-11-11,2024-11-27,2024-11-27,16,Completed,11,0,11,4,Energy,0,1.0
RNT01801,EQWL1011,CUS033,OP138,SITE013,2024-11-11,2024-11-15,2024-11-18,4,Completed,11,0,11,4,Energy,3,1.0
RNT01802,EQBD1020,CUS007,OP132,SITE007,2024-11-12,2024-11-29,2024-11-29,17,Completed,11,1,12,4,Industrial,0,0.0
RNT01803,EQEX1041,CUS070,OP112,SITE010,2024-11-12,2024-11-23,2024-11-28,11,Completed,11,1,12,4,Industrial,5,1.0
RNT01804,EQFL1005,CUS009,OP146,SITE009,2024-11-13,2024-11-19,2024-11-20,6,Completed,11,2,13,4,Highway,1,1.0
RNT01805,EQWL1012,CUS058,OP132,SITE018,2024-11-13,2024-11-18,2024-11-22,5,Completed,11,2,13,4,Highway,4,1.0
RNT01806,EQWL1006,CUS005,OP114,SITE005,2024-11-13,2024-12-03,2024-11-29,20,Completed,11,2,13,4,Airport,0,0.0
RNT01807,EQEX1045,CUS043,OP179,SITE015,2024-11-14,2024-11-20,2024-11-25,6,Completed,11,3,14,4,Water Infrastructure,5,0.0
RNT01808,EQFL1010,CUS074,OP141,SITE014,2024-11-14,2024-11-20,2024-11-19,6,Completed,11,3,14,4,Railway,0,1.0
RNT01809,EQEX1028,CUS066,OP153,SITE006,2024-11-14,2024-12-07,2024-12-09,23,Completed,11,3,14,4,Port,2,1.0
RNT01810,EQWL1016,CUS025,OP135,SITE005,2024-11-14,2024-11-26,2024-12-03,12,Completed,11,3,14,4,Airport,7,1.0
RNT01811,EQGR1003,CUS068,OP107,SITE008,2024-11-15,2024-11-24,2024-11-25,9,Completed,11,4,15,4,Energy,1,1.0
RNT01812,EQEX1018,CUS026,OP127,SITE006,2024-11-15,2024-12-02,2024-12-02,17,Completed,11,4,15,4,Port,0,1.0
RNT01813,EQBK1017,CUS046,OP122,SITE006,2024-11-15,2024-11-28,2024-12-08,13,Completed,11,4,15,4,Port,10,1.0
RNT01814,EQSS1014,CUS025,OP154,SITE005,2024-11-15,2024-11-24,2024-11-24,9,Completed,11,4,15,4,Airport,0,1.0
RNT01815,EQEX1001,CUS060,OP123,SITE020,2024-11-15,2024-12-07,2024-12-09,22,Completed,11,4,15,4,Metro Rail,2,1.0
RNT01816,EQRR1011,CUS045,OP139,SITE005,2024-11-15,2024-11-22,2024-11-22,7,Completed,11,4,15,4,Airport,0,1.0
RNT01817,EQEX1024,CUS016,OP169,SITE016,2024-11-15,2024-12-07,2024-12-03,22,Completed,11,4,15,4,Commercial,0,1.0
RNT01818,EQGR1008,CUS008,OP108,SITE008,2024-11-15,2024-12-06,2024-12-02,21,Completed,11,4,15,4,Energy,0,1.0
RNT01819,EQBD1030,CUS039,OP160,SITE019,2024-11-15,2024-12-07,2024-12-08,22,Completed,11,4,15,4,Port,1,0.0
RNT01820,EQEX1007,CUS054,OP106,SITE014,2024-11-16,2024-11-18,2024-11-18,2,Completed,11,5,16,4,Railway,0,1.0
RNT01821,EQBD1028,CUS061,OP164,SITE001,2024-11-16,2024-12-13,2024-12-12,27,Completed,11,5,16,4,Metro Rail,0,0.0
RNT01822,EQBK1001,CUS069,OP139,SITE009,2024-11-16,2024-12-04,2024-12-04,18,Completed,11,5,16,4,Highway,0,1.0
RNT01823,EQFL1004,CUS009,OP149,SITE009,2024-11-16,2024-11-20,2024-11-23,4,Completed,11,5,16,4,Highway,3,1.0
RNT01824,EQBK1020,CUS026,OP151,SITE006,2024-11-16,2024-11-24,2024-11-24,8,Completed,11,5,16,4,Port,0,1.0
RNT01825,EQBD1025,CUS015,OP104,SITE015,2024-11-17,2024-12-02,2024-12-02,15,Completed,11,6,17,4,Water Infrastructure,0,1.0
RNT01826,EQBD1002,CUS018,OP173,SITE018,2024-11-17,2024-12-06,2024-12-06,19,Completed,11,6,17,4,Highway,0,1.0
RNT01827,EQGR1008,CUS046,OP161,SITE006,2024-11-17,2024-12-14,2024-12-14,27,Completed,11,6,17,4,Port,0,1.0
RNT01828,EQEX1013,CUS026,OP113,SITE006,2024-11-17,2024-11-29,2024-12-06,12,Completed,11,6,17,4,Port,7,1.0
RNT01829,EQBD1009,CUS061,OP111,SITE018,2024-11-17,2024-12-01,2024-11-30,14,Completed,11,6,17,4,Highway,0,1.0
RNT01830,EQSS1013,CUS038,OP114,SITE018,2024-11-17,2024-11-21,2024-11-30,4,Completed,11,6,17,4,Highway,9,1.0
RNT01831,EQBD1019,CUS029,OP134,SITE009,2024-11-17,2024-12-04,2024-12-03,17,Completed,11,6,17,4,Highway,0,1.0
RNT01832,EQFL1003,CUS062,OP123,SITE007,2024-11-17,2024-11-25,2024-11-22,8,Completed,11,6,17,4,Industrial,0,1.0
RNT01833,EQSS1010,CUS065,OP150,SITE005,2024-11-17,2024-11-24,2024-11-24,7,Completed,11,6,17,4,Airport,0,0.0
RNT01834,EQEX1026,CUS003,OP124,SITE003,2024-11-17,2024-12-05,2024-12-05,18,Completed,11,6,17,4,Commercial,0,1.0
RNT01835,EQEX1006,CUS025,OP150,SITE005,2024-11-18,2024-12-07,2024-12-07,19,Completed,11,0,18,4,Airport,0,1.0
RNT01836,EQWL1022,CUS038,OP141,SITE018,2024-11-18,2024-11-26,2024-11-22,8,Completed,11,0,18,4,Highway,0,0.0
RNT01837,EQEX1013,CUS038,OP166,SITE018,2024-11-18,2024-11-24,2024-11-24,6,Completed,11,0,18,4,Highway,0,1.0
RNT01838,EQWL1017,CUS001,OP173,SITE001,2024-11-18,2024-11-26,2024-11-26,8,Completed,11,0,18,4,Metro Rail,0,1.0
RNT01839,EQSS1008,CUS025,OP165,SITE005,2024-11-18,2024-11-25,2024-11-22,7,Completed,11,0,18,4,Airport,0,0.0
RNT01840,EQRR1002,CUS046,OP173,SITE006,2024-11-19,2024-11-22,2024-11-22,3,Completed,11,1,19,4,Port,0,1.0
RNT01841,EQGR1010,CUS026,OP101,SITE006,2024-11-19,2024-12-05,2024-12-14,16,Completed,11,1,19,4,Port,9,1.0
RNT01842,EQGR1011,CUS036,OP124,SITE016,2024-11-19,2024-12-05,2024-12-11,16,Completed,11,1,19,4,Commercial,6,1.0
RNT01843,EQBK1015,CUS049,OP109,SITE009,2024-11-19,2024-11-25,2024-11-24,6,Completed,11,1,19,4,Highway,0,1.0
RNT01844,EQDT1001,CUS050,OP103,SITE011,2024-11-19,2024-11-30,2024-12-02,11,Completed,11,1,19,4,Residential,2,1.0
RNT01845,EQEX1001,CUS030,OP138,SITE010,2024-11-19,2024-12-17,2024-12-17,28,Completed,11,1,19,4,Industrial,0,1.0
RNT01846,EQEX1045,CUS008,OP158,SITE008,2024-11-19,2024-11-21,2024-11-21,2,Completed,11,1,19,4,Energy,0,1.0
RNT01847,EQGR1012,CUS011,OP134,SITE011,2024-11-19,2024-12-05,2024-12-12,16,Completed,11,1,19,4,Residential,7,1.0
RNT01848,EQBK1012,CUS034,OP120,SITE014,2024-11-19,2024-12-05,2024-12-15,16,Completed,11,1,19,4,Railway,10,0.0
RNT01849,EQGR1003,CUS010,OP128,SITE010,2024-11-20,2024-12-15,2024-12-14,25,Completed,11,2,20,4,Industrial,0,1.0
RNT01850,EQBK1007,CUS062,OP114,SITE002,2024-11-20,2024-12-03,2024-12-04,13,Completed,11,2,20,4,Highway,1,1.0
RNT01851,EQFL1006,CUS014,OP159,SITE014,2024-11-20,2024-11-23,2024-11-21,3,Completed,11,2,20,4,Railway,0,1.0
RNT01852,EQFL1009,CUS028,OP140,SITE008,2024-11-20,2024-11-22,2024-11-21,2,Completed,11,2,20,4,Energy,0,1.0
RNT01853,EQBD1025,CUS019,OP119,SITE019,2024-11-20,2024-12-14,2024-12-17,24,Completed,11,2,20,4,Port,3,1.0
RNT01854,EQDT1003,CUS046,OP179,SITE006,2024-11-21,2024-12-19,2024-12-19,28,Completed,11,3,21,4,Port,0,1.0
RNT01855,EQSS1006,CUS058,OP153,SITE018,2024-11-21,2024-12-01,2024-12-02,10,Completed,11,3,21,4,Highway,1,1.0
RNT01856,EQBK1007,CUS017,OP120,SITE017,2024-11-21,2024-11-26,2024-11-26,5,Completed,11,3,21,4,Bridge,0,0.0
RNT01857,EQRR1002,CUS050,OP144,SITE011,2024-11-21,2024-12-05,2024-12-04,14,Completed,11,3,21,4,Residential,0,1.0
RNT01858,EQFL1008,CUS046,OP134,SITE002,2024-11-21,2024-11-24,2024-11-28,3,Completed,11,3,21,4,Highway,4,1.0
RNT01859,EQEX1030,CUS012,OP126,SITE012,2024-11-21,2024-12-18,2024-12-17,27,Completed,11,3,21,4,Energy,0,0.0
RNT01860,EQFL1001,CUS001,OP156,SITE001,2024-11-22,2024-12-01,2024-12-02,9,Completed,11,4,22,4,Metro Rail,1,1.0
RNT01861,EQDT1001,CUS032,OP151,SITE012,2024-11-22,2024-12-09,2024-12-09,17,Completed,11,4,22,4,Energy,0,1.0
RNT01862,EQDT1011,CUS049,OP161,SITE009,2024-11-22,2024-12-16,2024-12-16,24,Completed,11,4,22,4,Highway,0,1.0
RNT01863,EQRR1001,CUS021,OP179,SITE001,2024-11-22,2024-12-08,2024-12-15,16,Completed,11,4,22,4,Metro Rail,7,1.0
RNT01864,EQRR1005,CUS047,OP175,SITE007,2024-11-22,2024-11-25,2024-12-01,3,Completed,11,4,22,4,Industrial,6,1.0
RNT01865,EQGR1011,CUS005,OP173,SITE005,2024-11-22,2024-11-27,2024-12-04,5,Completed,11,4,22,4,Airport,7,1.0
RNT01866,EQBD1018,CUS031,OP144,SITE011,2024-11-23,2024-12-17,2024-12-17,24,Completed,11,5,23,4,Residential,0,1.0
RNT01867,EQWL1024,CUS009,OP156,SITE009,2024-11-23,2024-11-27,2024-11-29,4,Completed,11,5,23,4,Highway,2,1.0
RNT01868,EQRR1004,CUS045,OP102,SITE005,2024-11-23,2024-11-26,2024-11-26,3,Completed,11,5,23,4,Airport,0,1.0
RNT01869,EQRR1007,CUS039,OP103,SITE019,2024-11-23,2024-11-30,2024-12-09,7,Completed,11,5,23,4,Port,9,1.0
RNT01870,EQRR1009,CUS065,OP147,SITE005,2024-11-23,2024-12-07,2024-12-07,14,Completed,11,5,23,4,Airport,0,1.0
RNT01871,EQGR1007,CUS061,OP154,SITE001,2024-11-23,2024-11-28,2024-11-29,5,Completed,11,5,23,4,Metro Rail,1,1.0
RNT01872,EQRR1010,CUS058,OP132,SITE018,2024-11-23,2024-12-11,2024-12-11,18,Completed,11,5,23,4,Highway,0,1.0
RNT01873,EQSS1012,CUS058,OP127,SITE018,2024-11-23,2024-12-03,2024-12-03,10,Completed,11,5,23,4,Highway,0,1.0
RNT01874,EQBD1013,CUS007,OP159,SITE007,2024-11-24,2024-12-08,2024-12-08,14,Completed,11,6,24,4,Industrial,0,1.0
RNT01875,EQRR1002,CUS035,OP104,SITE019,2024-11-24,2024-12-14,2024-12-13,20,Completed,11,6,24,4,Port,0,0.0
RNT01876,EQRR1010,CUS009,OP129,SITE009,2024-11-24,2024-12-08,2024-12-10,14,Completed,11,6,24,4,Highway,2,0.0
RNT01877,EQDT1009,CUS048,OP160,SITE008,2024-11-24,2024-12-07,2024-12-04,13,Completed,11,6,24,4,Energy,0,0.0
RNT01878,EQBD1005,CUS030,OP171,SITE010,2024-11-24,2024-12-13,2024-12-13,19,Completed,11,6,24,4,Industrial,0,1.0
RNT01879,EQEX1021,CUS054,OP165,SITE014,2024-11-24,2024-12-01,2024-12-02,7,Completed,11,6,24,4,Railway,1,1.0
RNT01880,EQBD1005,CUS050,OP150,SITE011,2024-11-25,2024-12-05,2024-12-04,10,Completed,11,0,25,4,Residential,0,1.0
RNT01881,EQRR1012,CUS043,OP115,SITE006,2024-11-25,2024-12-13,2024-12-22,18,Completed,11,0,25,4,Port,9,1.0
RNT01882,EQFL1002,CUS001,OP151,SITE001,2024-11-25,2024-12-05,2024-12-04,10,Completed,11,0,25,4,Metro Rail,0,0.0
RNT01883,EQWL1021,CUS019,OP113,SITE019,2024-11-25,2024-11-29,2024-12-04,4,Completed,11,0,25,4,Port,5,1.0
RNT01884,EQBK1001,CUS003,OP128,SITE003,2024-11-27,2024-12-11,2024-12-12,14,Completed,11,2,27,4,Commercial,1,1.0
RNT01885,EQSS1016,CUS062,OP122,SITE002,2024-11-27,2024-12-04,2024-12-04,7,Completed,11,2,27,4,Highway,0,1.0
RNT01886,EQBK1001,CUS032,OP125,SITE012,2024-11-27,2024-12-03,2024-12-08,6,Completed,11,2,27,4,Energy,5,1.0
RNT01887,EQSS1013,CUS025,OP167,SITE005,2024-11-27,2024-12-04,2024-12-04,7,Completed,11,2,27,4,Airport,0,1.0
RNT01888,EQBD1029,CUS038,OP158,SITE018,2024-11-27,2024-12-13,2024-12-17,16,Completed,11,2,27,4,Highway,4,1.0
RNT01889,EQWL1004,CUS061,OP133,SITE001,2024-11-27,2024-12-15,2024-12-25,18,Completed,11,2,27,4,Metro Rail,10,1.0
RNT01890,EQFL1011,CUS033,OP160,SITE013,2024-11-27,2024-12-07,2024-12-07,10,Completed,11,2,27,4,Energy,0,1.0
RNT01891,EQSS1006,CUS057,OP162,SITE017,2024-11-28,2024-12-06,2024-12-06,8,Completed,11,3,28,4,Bridge,0,1.0
RNT01892,EQEX1031,CUS046,OP140,SITE006,2024-11-28,2024-12-21,2024-12-21,23,Completed,11,3,28,4,Port,0,1.0
RNT01893,EQEX1013,CUS021,OP163,SITE001,2024-11-28,2024-12-18,2024-12-28,20,Completed,11,3,28,4,Metro Rail,10,0.0
RNT01894,EQWL1026,CUS069,OP121,SITE009,2024-11-28,2024-12-12,2024-12-12,14,Completed,11,3,28,4,Highway,0,0.0
RNT01895,EQEX1018,CUS066,OP121,SITE006,2024-11-28,2024-12-07,2024-12-08,9,Completed,11,3,28,4,Port,1,1.0
RNT01896,EQGR1010,CUS051,OP127,SITE011,2024-11-28,2024-12-05,2024-12-04,7,Completed,11,3,28,4,Residential,0,1.0
RNT01897,EQGR1007,CUS050,OP160,SITE011,2024-11-28,2024-12-16,2024-12-16,18,Completed,11,3,28,4,Residential,0,1.0
RNT01898,EQDT1011,CUS039,OP111,SITE019,2024-11-28,2024-12-23,2024-12-22,25,Completed,11,3,28,4,Port,0,1.0
RNT01899,EQBK1010,CUS029,OP164,SITE009,2024-11-28,2024-12-16,2024-12-15,18,Completed,11,3,28,4,Highway,0,1.0
RNT01900,EQBD1010,CUS062,OP177,SITE002,2024-11-29,2024-12-04,2024-12-03,5,Completed,11,4,29,4,Highway,0,0.0
RNT01901,EQSS1002,CUS001,OP122,SITE001,2024-11-29,2024-12-06,2024-12-16,7,Completed,11,4,29,4,Metro Rail,10,1.0
RNT01902,EQEX1025,CUS069,OP155,SITE015,2024-11-29,2024-12-24,2024-12-27,25,Completed,11,4,29,4,Water Infrastructure,3,0.0
RNT01903,EQDT1003,CUS027,OP116,SITE007,2024-11-30,2024-12-25,2024-12-28,25,Completed,11,5,30,4,Industrial,3,1.0
RNT01904,EQBD1014,CUS028,OP122,SITE008,2024-11-30,2024-12-11,2024-12-11,11,Completed,11,5,30,4,Energy,0,1.0
RNT01905,EQFL1004,CUS009,OP115,SITE009,2024-11-30,2024-12-03,2024-12-03,3,Completed,11,5,30,4,Highway,0,1.0
RNT01906,EQEX1023,CUS001,OP111,SITE001,2024-11-30,2024-12-11,2024-12-10,11,Completed,11,5,30,4,Metro Rail,0,0.0
RNT01907,EQEX1037,CUS049,OP174,SITE001,2024-11-30,2024-12-07,2024-12-12,7,Completed,11,5,30,4,Metro Rail,5,1.0
RNT01908,EQEX1028,CUS026,OP118,SITE006,2024-12-01,2024-12-11,2024-12-12,10,Completed,12,6,1,4,Port,1,1.0
RNT01909,EQSS1011,CUS049,OP166,SITE009,2024-12-01,2024-12-05,2024-12-05,4,Completed,12,6,1,4,Highway,0,1.0
RNT01910,EQBD1007,CUS066,OP138,SITE006,2024-12-01,2024-12-15,2024-12-16,14,Completed,12,6,1,4,Port,1,1.0
RNT01911,EQEX1009,CUS029,OP102,SITE009,2024-12-01,2024-12-19,2024-12-19,18,Completed,12,6,1,4,Highway,0,1.0
RNT01912,EQGR1018,CUS040,OP123,SITE020,2024-12-01,2024-12-12,2024-12-13,11,Completed,12,6,1,4,Metro Rail,1,1.0
RNT01913,EQSS1002,CUS070,OP105,SITE010,2024-12-01,2024-12-11,2024-12-10,10,Completed,12,6,1,4,Industrial,0,1.0
RNT01914,EQWL1018,CUS011,OP132,SITE011,2024-12-01,2024-12-19,2024-12-19,18,Completed,12,6,1,4,Residential,0,1.0
RNT01915,EQEX1001,CUS033,OP176,SITE013,2024-12-02,2024-12-19,2024-12-25,17,Completed,12,0,2,4,Energy,6,1.0
RNT01916,EQWL1016,CUS062,OP120,SITE002,2024-12-02,2024-12-07,2024-12-15,5,Completed,12,0,2,4,Highway,8,1.0
RNT01917,EQWL1016,CUS002,OP152,SITE002,2024-12-02,2024-12-17,2024-12-17,15,Completed,12,0,2,4,Highway,0,1.0
RNT01918,EQEX1048,CUS010,OP105,SITE015,2024-12-02,2024-12-24,2024-12-24,22,Completed,12,0,2,4,Water Infrastructure,0,1.0
RNT01919,EQBK1004,CUS038,OP113,SITE018,2024-12-02,2024-12-13,2024-12-23,11,Completed,12,0,2,4,Highway,10,1.0
RNT01920,EQWL1014,CUS058,OP109,SITE018,2024-12-02,2024-12-17,2024-12-22,15,Completed,12,0,2,4,Highway,5,1.0
RNT01921,EQBD1025,CUS003,OP142,SITE003,2024-12-03,2024-12-31,2024-12-31,28,Completed,12,1,3,4,Commercial,0,0.0
RNT01922,EQGR1007,CUS028,OP157,SITE008,2024-12-03,2024-12-18,2024-12-25,15,Completed,12,1,3,4,Energy,7,1.0
RNT01923,EQRR1013,CUS054,OP155,SITE012,2024-12-03,2024-12-21,2024-12-22,18,Completed,12,1,3,4,Energy,1,1.0
RNT01924,EQGR1012,CUS028,OP164,SITE008,2024-12-03,2024-12-08,2024-12-18,5,Completed,12,1,3,4,Energy,10,1.0
RNT01925,EQWL1024,CUS061,OP125,SITE001,2024-12-03,2024-12-11,2024-12-16,8,Completed,12,1,3,4,Metro Rail,5,1.0
RNT01926,EQBD1011,CUS074,OP167,SITE014,2024-12-03,2024-12-18,2024-12-19,15,Completed,12,1,3,4,Railway,1,1.0
RNT01927,EQEX1034,CUS055,OP158,SITE015,2024-12-04,2024-12-09,2024-12-06,5,Completed,12,2,4,4,Water Infrastructure,0,1.0
RNT01928,EQBK1018,CUS059,OP145,SITE019,2024-12-04,2024-12-07,2024-12-07,3,Completed,12,2,4,4,Port,0,1.0
RNT01929,EQBD1002,CUS062,OP153,SITE002,2024-12-04,2024-12-31,2025-01-06,27,Completed,12,2,4,4,Highway,6,1.0
RNT01930,EQBD1022,CUS043,OP145,SITE014,2024-12-04,2024-12-14,2024-12-15,10,Completed,12,2,4,4,Railway,1,1.0
RNT01931,EQBD1014,CUS001,OP141,SITE001,2024-12-05,2025-01-30,2025-01-30,56,Completed,12,3,5,4,Metro Rail,0,1.0
RNT01932,EQEX1040,CUS057,OP147,SITE017,2024-12-05,2024-12-11,2024-12-10,6,Completed,12,3,5,4,Bridge,0,1.0
RNT01933,EQGR1008,CUS009,OP163,SITE009,2024-12-06,2024-12-20,2024-12-19,14,Completed,12,4,6,4,Highway,0,1.0
RNT01934,EQGR1017,CUS050,OP161,SITE011,2024-12-06,2024-12-14,2024-12-23,8,Completed,12,4,6,4,Residential,9,1.0
RNT01935,EQEX1046,CUS038,OP144,SITE018,2024-12-06,2024-12-18,2024-12-25,12,Completed,12,4,6,4,Highway,7,1.0
RNT01936,EQDT1007,CUS014,OP129,SITE014,2024-12-06,2024-12-22,2024-12-20,16,Completed,12,4,6,4,Railway,0,0.0
RNT01937,EQBD1011,CUS006,OP170,SITE006,2024-12-06,2024-12-28,2025-01-01,22,Completed,12,4,6,4,Port,4,1.0
RNT01938,EQSS1003,CUS029,OP147,SITE009,2024-12-06,2024-12-09,2024-12-14,3,Completed,12,4,6,4,Highway,5,1.0
RNT01939,EQEX1037,CUS068,OP128,SITE008,2024-12-06,2024-12-19,2024-12-19,13,Completed,12,4,6,4,Energy,0,1.0
RNT01940,EQWL1026,CUS001,OP176,SITE001,2024-12-06,2024-12-18,2024-12-27,12,Completed,12,4,6,4,Metro Rail,9,1.0
RNT01941,EQSS1016,CUS021,OP150,SITE001,2024-12-06,2024-12-11,2024-12-15,5,Completed,12,4,6,4,Metro Rail,4,1.0
RNT01942,EQRR1007,CUS029,OP114,SITE009,2024-12-06,2024-12-23,2024-12-22,17,Completed,12,4,6,4,Highway,0,1.0
RNT01943,EQDT1007,CUS046,OP170,SITE006,2024-12-07,2024-12-19,2024-12-25,12,Completed,12,5,7,4,Port,6,1.0
RNT01944,EQEX1009,CUS065,OP163,SITE005,2024-12-07,2024-12-15,2024-12-19,8,Completed,12,5,7,4,Airport,4,0.0
RNT01945,EQBK1012,CUS019,OP134,SITE019,2024-12-07,2024-12-21,2024-12-21,14,Completed,12,5,7,4,Port,0,1.0
RNT01946,EQBK1004,CUS041,OP136,SITE001,2024-12-07,2024-12-12,2024-12-12,5,Completed,12,5,7,4,Metro Rail,0,1.0
RNT01947,EQBD1003,CUS058,OP150,SITE018,2024-12-07,2024-12-31,2024-12-30,24,Completed,12,5,7,4,Highway,0,1.0
RNT01948,EQSS1015,CUS005,OP149,SITE011,2024-12-07,2024-12-17,2024-12-16,10,Completed,12,5,7,4,Residential,0,0.0
RNT01949,EQEX1034,CUS029,OP162,SITE009,2024-12-08,2024-12-31,2025-01-09,23,Completed,12,6,8,4,Highway,9,1.0
RNT01950,EQWL1026,CUS049,OP126,SITE009,2024-12-08,2024-12-28,2024-12-29,20,Completed,12,6,8,4,Highway,1,1.0
RNT01951,EQEX1021,CUS041,OP138,SITE001,2024-12-08,2024-12-09,2024-12-08,1,Completed,12,6,8,4,Metro Rail,0,0.0
RNT01952,EQEX1011,CUS010,OP123,SITE010,2024-12-08,2024-12-13,2024-12-19,5,Completed,12,6,8,4,Industrial,6,1.0
RNT01953,EQDT1010,CUS012,OP104,SITE012,2024-12-08,2024-12-27,2025-01-01,19,Completed,12,6,8,4,Energy,5,0.0
RNT01954,EQGR1008,CUS047,OP176,SITE007,2024-12-08,2024-12-16,2024-12-17,8,Completed,12,6,8,4,Industrial,1,1.0
RNT01955,EQFL1009,CUS068,OP138,SITE008,2024-12-08,2024-12-17,2024-12-18,9,Completed,12,6,8,4,Energy,1,1.0
RNT01956,EQFL1001,CUS046,OP144,SITE006,2024-12-08,2024-12-16,2024-12-16,8,Completed,12,6,8,4,Port,0,1.0
RNT01957,EQWL1026,CUS030,OP163,SITE010,2024-12-08,2024-12-28,2025-01-01,20,Completed,12,6,8,4,Industrial,4,1.0
RNT01958,EQSS1001,CUS031,OP158,SITE011,2024-12-08,2024-12-12,2024-12-11,4,Completed,12,6,8,4,Residential,0,1.0
RNT01959,EQEX1044,CUS011,OP158,SITE011,2024-12-09,2024-12-17,2024-12-17,8,Completed,12,0,9,4,Residential,0,0.0
RNT01960,EQWL1018,CUS073,OP107,SITE013,2024-12-09,2024-12-23,2024-12-23,14,Completed,12,0,9,4,Energy,0,1.0
RNT01961,EQDT1006,CUS069,OP124,SITE009,2024-12-09,2025-01-01,2025-01-01,23,Completed,12,0,9,4,Highway,0,1.0
RNT01962,EQFL1009,CUS045,OP168,SITE005,2024-12-09,2024-12-19,2024-12-18,10,Completed,12,0,9,4,Airport,0,1.0
RNT01963,EQBD1003,CUS041,OP178,SITE001,2024-12-09,2024-12-10,2024-12-10,1,Completed,12,0,9,4,Metro Rail,0,1.0
RNT01964,EQSS1002,CUS018,OP105,SITE018,2024-12-10,2024-12-13,2024-12-13,3,Completed,12,1,10,4,Highway,0,1.0
RNT01965,EQBK1006,CUS021,OP109,SITE008,2024-12-10,2024-12-14,2024-12-16,4,Completed,12,1,10,4,Energy,2,0.0
RNT01966,EQEX1026,CUS032,OP129,SITE012,2024-12-10,2025-01-03,2025-01-11,24,Completed,12,1,10,4,Energy,8,1.0
RNT01967,EQBK1017,CUS024,OP160,SITE004,2024-12-11,2024-12-18,2024-12-18,7,Completed,12,2,11,4,Smart City,0,1.0
RNT01968,EQWL1020,CUS062,OP103,SITE002,2024-12-11,2024-12-27,2024-12-28,16,Completed,12,2,11,4,Highway,1,1.0
RNT01969,EQEX1037,CUS034,OP141,SITE014,2024-12-11,2024-12-21,2024-12-22,10,Completed,12,2,11,4,Railway,1,0.0
RNT01970,EQDT1001,CUS018,OP106,SITE018,2024-12-11,2024-12-24,2024-12-24,13,Completed,12,2,11,4,Highway,0,1.0
RNT01971,EQEX1045,CUS021,OP112,SITE001,2024-12-12,2025-01-06,2025-01-16,25,Completed,12,3,12,4,Metro Rail,10,1.0
RNT01972,EQWL1004,CUS067,OP123,SITE019,2024-12-12,2024-12-22,2024-12-22,10,Completed,12,3,12,4,Port,0,1.0
RNT01973,EQBK1020,CUS042,OP134,SITE002,2024-12-12,2024-12-29,2025-01-01,17,Completed,12,3,12,4,Highway,3,1.0
RNT01974,EQEX1041,CUS061,OP102,SITE001,2024-12-13,2024-12-30,2024-12-30,17,Completed,12,4,13,4,Metro Rail,0,0.0
RNT01975,EQDT1002,CUS029,OP140,SITE009,2024-12-13,2024-12-21,2024-12-21,8,Completed,12,4,13,4,Highway,0,0.0
RNT01976,EQRR1004,CUS062,OP102,SITE017,2024-12-13,2024-12-18,2024-12-17,5,Completed,12,4,13,4,Bridge,0,1.0
RNT01977,EQFL1001,CUS022,OP156,SITE012,2024-12-13,2024-12-18,2024-12-18,5,Completed,12,4,13,4,Energy,0,1.0
RNT01978,EQRR1014,CUS046,OP180,SITE006,2024-12-13,2024-12-24,2024-12-24,11,Completed,12,4,13,4,Port,0,1.0
RNT01979,EQBD1002,CUS040,OP129,SITE020,2024-12-14,2024-12-27,2024-12-28,13,Completed,12,5,14,4,Metro Rail,1,0.0
RNT01980,EQDT1009,CUS046,OP137,SITE006,2024-12-14,2025-01-01,2025-01-01,18,Completed,12,5,14,4,Port,0,1.0
RNT01981,EQFL1006,CUS028,OP128,SITE008,2024-12-14,2024-12-22,2024-12-23,8,Completed,12,5,14,4,Energy,1,1.0
RNT01982,EQBK1003,CUS040,OP150,SITE020,2024-12-14,2024-12-26,2024-12-26,12,Completed,12,5,14,4,Metro Rail,0,1.0
RNT01983,EQWL1018,CUS054,OP134,SITE014,2024-12-14,2025-01-02,2025-01-03,19,Completed,12,5,14,4,Railway,1,1.0
RNT01984,EQEX1022,CUS009,OP149,SITE009,2024-12-14,2025-01-06,2025-01-06,23,Completed,12,5,14,4,Highway,0,1.0
RNT01985,EQGR1005,CUS001,OP144,SITE001,2024-12-14,2024-12-19,2024-12-21,5,Completed,12,5,14,4,Metro Rail,2,0.0
RNT01986,EQSS1009,CUS005,OP101,SITE005,2024-12-14,2024-12-16,2024-12-16,2,Completed,12,5,14,4,Airport,0,0.0
RNT01987,EQBK1011,CUS059,OP155,SITE019,2024-12-15,2024-12-24,2024-12-24,9,Completed,12,6,15,4,Port,0,1.0
RNT01988,EQBD1026,CUS027,OP158,SITE004,2024-12-15,2024-12-16,2024-12-15,1,Completed,12,6,15,4,Smart City,0,1.0
RNT01989,EQEX1010,CUS002,OP130,SITE002,2024-12-15,2024-12-26,2024-12-30,11,Completed,12,6,15,4,Highway,4,1.0
RNT01990,EQGR1011,CUS074,OP149,SITE014,2024-12-16,2025-01-05,2025-01-04,20,Completed,12,0,16,4,Railway,0,1.0
RNT01991,EQGR1011,CUS040,OP140,SITE020,2024-12-16,2025-01-13,2025-01-13,28,Completed,12,0,16,4,Metro Rail,0,1.0
RNT01992,EQWL1015,CUS063,OP148,SITE003,2024-12-16,2024-12-27,2024-12-27,11,Completed,12,0,16,4,Commercial,0,1.0
RNT01993,EQFL1008,CUS049,OP150,SITE009,2024-12-16,2024-12-26,2024-12-24,10,Completed,12,0,16,4,Highway,0,1.0
RNT01994,EQGR1017,CUS028,OP118,SITE008,2024-12-16,2024-12-25,2024-12-25,9,Completed,12,0,16,4,Energy,0,1.0
RNT01995,EQEX1004,CUS009,OP126,SITE009,2024-12-16,2024-12-21,2024-12-20,5,Completed,12,0,16,4,Highway,0,1.0
RNT01996,EQBD1023,CUS034,OP175,SITE014,2024-12-17,2024-12-28,2024-12-28,11,Completed,12,1,17,4,Railway,0,1.0
RNT01997,EQBD1013,CUS065,OP123,SITE005,2024-12-17,2025-01-09,2025-01-17,23,Completed,12,1,17,4,Airport,8,1.0
RNT01998,EQRR1006,CUS031,OP103,SITE011,2024-12-17,2024-12-27,2025-01-01,10,Completed,12,1,17,4,Residential,5,1.0
RNT01999,EQBD1011,CUS010,OP111,SITE010,2024-12-17,2024-12-28,2025-01-07,11,Completed,12,1,17,4,Industrial,10,1.0
RNT02000,EQDT1011,CUS032,OP173,SITE012,2024-12-17,2024-12-27,2024-12-28,10,Completed,12,1,17,4,Energy,1,1.0
RNT02001,EQBD1021,CUS036,OP109,SITE016,2024-12-17,2025-01-08,2025-01-12,22,Completed,12,1,17,4,Commercial,4,1.0
RNT02002,EQEX1030,CUS020,OP156,SITE009,2024-12-17,2025-01-02,2025-01-07,16,Completed,12,1,17,4,Highway,5,0.0
RNT02003,EQWL1019,CUS006,OP177,SITE006,2024-12-17,2024-12-28,2025-01-05,11,Completed,12,1,17,4,Port,8,1.0
RNT02004,EQRR1002,CUS074,OP129,SITE014,2024-12-17,2024-12-27,2024-12-29,10,Completed,12,1,17,4,Railway,2,1.0
RNT02005,EQWL1022,CUS045,OP131,SITE005,2024-12-18,2025-01-02,2025-01-03,15,Completed,12,2,18,4,Airport,1,1.0
RNT02006,EQGR1015,CUS049,OP117,SITE009,2024-12-18,2025-01-03,2025-01-10,16,Completed,12,2,18,4,Highway,7,1.0
RNT02007,EQBK1014,CUS054,OP160,SITE014,2024-12-18,2024-12-28,2024-12-28,10,Completed,12,2,18,4,Railway,0,1.0
RNT02008,EQEX1009,CUS034,OP153,SITE014,2024-12-18,2024-12-28,2024-12-27,10,Completed,12,2,18,4,Railway,0,1.0
RNT02009,EQBD1007,CUS007,OP175,SITE007,2024-12-18,2025-01-05,2025-01-04,18,Completed,12,2,18,4,Industrial,0,1.0
RNT02010,EQGR1019,CUS020,OP147,SITE020,2024-12-18,2025-01-04,2025-01-10,17,Completed,12,2,18,4,Metro Rail,6,0.0
RNT02011,EQDT1012,CUS017,OP101,SITE017,2024-12-18,2024-12-23,2024-12-22,5,Completed,12,2,18,4,Bridge,0,1.0
RNT02012,EQBK1012,CUS002,OP175,SITE002,2024-12-19,2025-01-03,2025-01-03,15,Completed,12,3,19,4,Highway,0,1.0
RNT02013,EQEX1030,CUS022,OP116,SITE002,2024-12-19,2024-12-27,2025-01-03,8,Completed,12,3,19,4,Highway,7,0.0
RNT02014,EQEX1025,CUS073,OP164,SITE013,2024-12-19,2025-01-13,2025-01-13,25,Completed,12,3,19,4,Energy,0,1.0
RNT02015,EQGR1011,CUS018,OP129,SITE018,2024-12-19,2025-01-05,2025-01-05,17,Completed,12,3,19,4,Highway,0,1.0
RNT02016,EQGR1007,CUS043,OP106,SITE003,2024-12-19,2025-01-01,2025-01-01,13,Completed,12,3,19,4,Commercial,0,1.0
RNT02017,EQEX1014,CUS028,OP176,SITE008,2024-12-19,2025-01-04,2025-01-04,16,Completed,12,3,19,4,Energy,0,1.0
RNT02018,EQSS1015,CUS047,OP149,SITE007,2024-12-19,2024-12-21,2024-12-21,2,Completed,12,3,19,4,Industrial,0,1.0
RNT02019,EQDT1012,CUS063,OP161,SITE003,2024-12-19,2025-01-06,2025-01-06,18,Completed,12,3,19,4,Commercial,0,1.0
RNT02020,EQFL1003,CUS053,OP107,SITE013,2024-12-19,2025-02-14,2025-02-13,57,Completed,12,3,19,4,Energy,0,1.0
RNT02021,EQWL1005,CUS046,OP158,SITE002,2024-12-20,2024-12-25,2024-12-24,5,Completed,12,4,20,4,Highway,0,1.0
RNT02022,EQBD1016,CUS054,OP129,SITE014,2024-12-20,2024-12-30,2024-12-30,10,Completed,12,4,20,4,Railway,0,1.0
RNT02023,EQGR1003,CUS006,OP146,SITE006,2024-12-21,2025-01-03,2025-01-03,13,Completed,12,5,21,4,Port,0,1.0
RNT02024,EQBD1026,CUS040,OP146,SITE020,2024-12-21,2025-01-12,2025-01-12,22,Completed,12,5,21,4,Metro Rail,0,1.0
RNT02025,EQEX1013,CUS002,OP153,SITE002,2024-12-21,2025-01-12,2025-01-11,22,Completed,12,5,21,4,Highway,0,1.0
RNT02026,EQSS1003,CUS075,OP171,SITE015,2024-12-21,2024-12-31,2025-01-02,10,Completed,12,5,21,4,Water Infrastructure,2,1.0
RNT02027,EQBD1022,CUS061,OP112,SITE001,2024-12-21,2025-01-07,2025-01-08,17,Completed,12,5,21,4,Metro Rail,1,0.0
RNT02028,EQFL1002,CUS055,OP145,SITE015,2024-12-21,2024-12-24,2024-12-24,3,Completed,12,5,21,4,Water Infrastructure,0,1.0
RNT02029,EQWL1023,CUS073,OP113,SITE012,2024-12-22,2025-01-04,2025-01-10,13,Completed,12,6,22,4,Energy,6,1.0
RNT02030,EQWL1003,CUS057,OP176,SITE017,2024-12-23,2025-01-01,2025-01-06,9,Completed,12,0,23,4,Bridge,5,1.0
RNT02031,EQWL1007,CUS051,OP147,SITE011,2024-12-23,2025-01-03,2025-01-03,11,Completed,12,0,23,4,Residential,0,1.0
RNT02032,EQBK1005,CUS038,OP163,SITE018,2024-12-23,2024-12-26,2025-01-04,3,Completed,12,0,23,4,Highway,9,0.0
RNT02033,EQWL1018,CUS045,OP108,SITE005,2024-12-23,2025-01-06,2025-01-08,14,Completed,12,0,23,4,Airport,2,0.0
RNT02034,EQEX1018,CUS026,OP142,SITE006,2024-12-23,2025-01-05,2025-01-05,13,Completed,12,0,23,4,Port,0,1.0
RNT02035,EQEX1008,CUS059,OP140,SITE007,2024-12-24,2025-01-12,2025-01-11,19,Completed,12,1,24,4,Industrial,0,1.0
RNT02036,EQGR1006,CUS028,OP119,SITE008,2024-12-24,2025-01-02,2025-01-03,9,Completed,12,1,24,4,Energy,1,1.0
RNT02037,EQBD1030,CUS039,OP113,SITE019,2024-12-24,2025-01-09,2025-01-18,16,Completed,12,1,24,4,Port,9,0.0
RNT02038,EQFL1005,CUS040,OP175,SITE020,2024-12-24,2024-12-26,2024-12-29,2,Completed,12,1,24,4,Metro Rail,3,1.0
RNT02039,EQRR1008,CUS048,OP107,SITE008,2024-12-24,2025-01-05,2025-01-05,12,Completed,12,1,24,4,Energy,0,1.0
RNT02040,EQEX1002,CUS066,OP173,SITE006,2024-12-24,2025-01-20,2025-01-29,27,Completed,12,1,24,4,Port,9,1.0
RNT02041,EQRR1005,CUS049,OP143,SITE009,2024-12-24,2025-01-05,2025-01-05,12,Completed,12,1,24,4,Highway,0,1.0
RNT02042,EQSS1013,CUS020,OP137,SITE020,2024-12-24,2024-12-29,2024-12-27,5,Completed,12,1,24,4,Metro Rail,0,1.0
RNT02043,EQSS1016,CUS075,OP154,SITE015,2024-12-25,2025-01-03,2025-01-13,9,Completed,12,2,25,4,Water Infrastructure,10,1.0
RNT02044,EQGR1015,CUS069,OP135,SITE009,2024-12-25,2025-01-22,2025-01-21,28,Completed,12,2,25,4,Highway,0,1.0
RNT02045,EQWL1004,CUS043,OP109,SITE003,2024-12-26,2025-01-14,2025-01-15,19,Completed,12,3,26,4,Commercial,1,1.0
RNT02046,EQBD1016,CUS034,OP106,SITE014,2024-12-26,2025-01-12,2025-01-20,17,Completed,12,3,26,4,Railway,8,1.0
RNT02047,EQRR1001,CUS009,OP162,SITE009,2024-12-26,2024-12-31,2024-12-27,5,Completed,12,3,26,4,Highway,0,1.0
RNT02048,EQDT1011,CUS022,OP117,SITE002,2024-12-26,2025-01-09,2025-01-09,14,Completed,12,3,26,4,Highway,0,1.0
RNT02049,EQGR1009,CUS027,OP172,SITE007,2024-12-26,2025-01-08,2025-01-08,13,Completed,12,3,26,4,Industrial,0,1.0
RNT02050,EQBD1015,CUS070,OP127,SITE010,2024-12-26,2025-01-03,2025-01-04,8,Completed,12,3,26,4,Industrial,1,1.0
RNT02051,EQBD1016,CUS039,OP134,SITE019,2024-12-26,2025-01-05,2025-01-01,10,Completed,12,3,26,4,Port,0,1.0
RNT02052,EQBD1020,CUS069,OP131,SITE009,2024-12-26,2025-01-13,2025-01-13,18,Completed,12,3,26,4,Highway,0,1.0
RNT02053,EQEX1024,CUS020,OP115,SITE020,2024-12-26,2025-01-12,2025-01-13,17,Completed,12,3,26,4,Metro Rail,1,1.0
RNT02054,EQEX1046,CUS069,OP162,SITE009,2024-12-26,2025-01-12,2025-01-12,17,Completed,12,3,26,4,Highway,0,1.0
RNT02055,EQGR1011,CUS059,OP171,SITE019,2024-12-27,2025-01-04,2025-01-06,8,Completed,12,4,27,4,Port,2,1.0
RNT02056,EQEX1042,CUS041,OP165,SITE001,2024-12-27,2025-01-22,2025-01-26,26,Completed,12,4,27,4,Metro Rail,4,1.0
RNT02057,EQGR1008,CUS022,OP143,SITE002,2024-12-28,2025-01-14,2025-01-15,17,Completed,12,5,28,4,Highway,1,1.0
RNT02058,EQBK1017,CUS033,OP117,SITE013,2024-12-28,2025-01-06,2025-01-05,9,Completed,12,5,28,4,Energy,0,1.0
RNT02059,EQWL1021,CUS029,OP107,SITE009,2024-12-28,2025-01-12,2025-01-11,15,Completed,12,5,28,4,Highway,0,1.0
RNT02060,EQBD1025,CUS054,OP165,SITE014,2024-12-28,2025-01-14,2025-01-13,17,Completed,12,5,28,4,Railway,0,1.0
RNT02061,EQEX1027,CUS009,OP132,SITE009,2024-12-28,2025-01-14,2025-01-14,17,Completed,12,5,28,4,Highway,0,1.0
RNT02062,EQDT1004,CUS056,OP136,SITE016,2024-12-28,2025-01-04,2025-01-05,7,Completed,12,5,28,4,Commercial,1,1.0
RNT02063,EQBD1006,CUS009,OP177,SITE009,2024-12-28,2025-01-21,2025-01-19,24,Completed,12,5,28,4,Highway,0,1.0
RNT02064,EQFL1010,CUS049,OP120,SITE009,2024-12-29,2025-01-06,2025-01-06,8,Completed,12,6,29,4,Highway,0,1.0
RNT02065,EQRR1010,CUS033,OP149,SITE013,2024-12-29,2025-01-14,2025-01-13,16,Completed,12,6,29,4,Energy,0,1.0
RNT02066,EQGR1014,CUS029,OP154,SITE009,2024-12-29,2025-01-10,2025-01-10,12,Completed,12,6,29,4,Highway,0,1.0
RNT02067,EQBD1016,CUS036,OP152,SITE016,2024-12-29,2025-01-25,2025-01-27,27,Completed,12,6,29,4,Commercial,2,1.0
RNT02068,EQSS1009,CUS021,OP178,SITE001,2024-12-29,2025-01-08,2025-01-15,10,Completed,12,6,29,4,Metro Rail,7,1.0
RNT02069,EQBK1002,CUS006,OP111,SITE009,2024-12-29,2025-01-04,2025-01-04,6,Completed,12,6,29,4,Highway,0,1.0
RNT02070,EQBK1004,CUS049,OP120,SITE009,2024-12-29,2025-01-11,2025-01-12,13,Completed,12,6,29,4,Highway,1,1.0
RNT02071,EQSS1007,CUS046,OP165,SITE006,2024-12-29,2025-01-08,2025-01-07,10,Completed,12,6,29,4,Port,0,1.0
RNT02072,EQBD1016,CUS027,OP177,SITE007,2024-12-30,2025-01-24,2025-02-03,25,Completed,12,0,30,4,Industrial,10,1.0
RNT02073,EQSS1004,CUS059,OP114,SITE019,2024-12-30,2025-01-01,2025-01-01,2,Completed,12,0,30,4,Port,0,1.0
RNT02074,EQWL1026,CUS008,OP157,SITE008,2024-12-30,2025-01-10,2025-01-12,11,Completed,12,0,30,4,Energy,2,1.0
RNT02075,EQBK1002,CUS006,OP166,SITE006,2024-12-30,2025-01-10,2025-01-10,11,Completed,12,0,30,4,Port,0,0.0
RNT02076,EQEX1009,CUS003,OP143,SITE003,2024-12-30,2025-01-11,2025-01-16,12,Completed,12,0,30,4,Commercial,5,0.0
RNT02077,EQFL1003,CUS069,OP150,SITE009,2024-12-31,2025-01-05,2025-01-04,5,Completed,12,1,31,4,Highway,0,1.0
RNT02078,EQWL1024,CUS026,OP115,SITE006,2024-12-31,2025-01-15,2025-01-14,15,Completed,12,1,31,4,Port,0,1.0
RNT02079,EQSS1007,CUS021,OP175,SITE001,2024-12-31,2025-01-02,2025-01-01,2,Completed,12,1,31,4,Metro Rail,0,1.0
RNT02080,EQBD1024,CUS013,OP154,SITE013,2024-12-31,2025-01-10,2025-01-10,10,Completed,12,1,31,4,Energy,0,1.0
RNT02081,EQGR1010,CUS006,OP102,SITE006,2025-01-01,2025-01-14,2025-01-12,13,Completed,1,2,1,1,Port,0,1.0
RNT02082,EQGR1002,CUS066,OP117,SITE015,2025-01-01,2025-01-19,2025-01-19,18,Completed,1,2,1,1,Water Infrastructure,0,1.0
RNT02083,EQFL1006,CUS018,OP142,SITE018,2025-01-01,2025-01-11,2025-01-10,10,Completed,1,2,1,1,Highway,0,0.0
RNT02084,EQEX1028,CUS074,OP157,SITE014,2025-01-01,2025-01-22,2025-01-22,21,Completed,1,2,1,1,Railway,0,1.0
RNT02085,EQSS1010,CUS062,OP145,SITE002,2025-01-01,2025-01-09,2025-01-09,8,Completed,1,2,1,1,Highway,0,1.0
RNT02086,EQBD1015,CUS041,OP119,SITE001,2025-01-01,2025-01-13,2025-01-15,12,Completed,1,2,1,1,Metro Rail,2,1.0
RNT02087,EQBK1012,CUS002,OP173,SITE002,2025-01-01,2025-01-14,2025-01-14,13,Completed,1,2,1,1,Highway,0,1.0
RNT02088,EQBK1007,CUS051,OP111,SITE011,2025-01-02,2025-01-09,2025-01-10,7,Completed,1,3,2,1,Residential,1,1.0
RNT02089,EQWL1017,CUS018,OP101,SITE018,2025-01-02,2025-01-14,2025-01-14,12,Completed,1,3,2,1,Highway,0,1.0
RNT02090,EQEX1011,CUS026,OP105,SITE006,2025-01-02,2025-01-12,2025-01-11,10,Completed,1,3,2,1,Port,0,1.0
RNT02091,EQDT1004,CUS028,OP138,SITE008,2025-01-02,2025-01-13,2025-01-11,11,Completed,1,3,2,1,Energy,0,1.0
RNT02092,EQEX1018,CUS009,OP141,SITE009,2025-01-02,2025-01-29,2025-01-30,27,Completed,1,3,2,1,Highway,1,1.0
RNT02093,EQDT1008,CUS074,OP140,SITE014,2025-01-02,2025-01-16,2025-01-21,14,Completed,1,3,2,1,Railway,5,1.0
RNT02094,EQBK1005,CUS045,OP161,SITE005,2025-01-02,2025-01-13,2025-01-13,11,Completed,1,3,2,1,Airport,0,1.0
RNT02095,EQEX1003,CUS045,OP170,SITE005,2025-01-03,2025-01-21,2025-01-27,18,Completed,1,4,3,1,Airport,6,1.0
RNT02096,EQEX1020,CUS062,OP129,SITE002,2025-01-03,2025-01-20,2025-01-19,17,Completed,1,4,3,1,Highway,0,0.0
RNT02097,EQEX1034,CUS016,OP166,SITE003,2025-01-03,2025-01-16,2025-01-15,13,Completed,1,4,3,1,Commercial,0,1.0
RNT02098,EQEX1014,CUS046,OP136,SITE006,2025-01-03,2025-01-27,2025-01-28,24,Completed,1,4,3,1,Port,1,1.0
RNT02099,EQBD1023,CUS048,OP109,SITE008,2025-01-03,2025-01-08,2025-01-18,5,Completed,1,4,3,1,Energy,10,0.0
RNT02100,EQEX1030,CUS017,OP123,SITE017,2025-01-03,2025-01-24,2025-02-02,21,Completed,1,4,3,1,Bridge,9,0.0
RNT02101,EQEX1003,CUS014,OP129,SITE014,2025-01-03,2025-01-19,2025-01-18,16,Completed,1,4,3,1,Railway,0,1.0
RNT02102,EQEX1011,CUS061,OP133,SITE001,2025-01-03,2025-01-26,2025-02-01,23,Completed,1,4,3,1,Metro Rail,6,1.0
RNT02103,EQEX1011,CUS009,OP160,SITE009,2025-01-03,2025-01-12,2025-01-12,9,Completed,1,4,3,1,Highway,0,1.0
RNT02104,EQSS1007,CUS046,OP118,SITE006,2025-01-04,2025-01-14,2025-01-14,10,Completed,1,5,4,1,Port,0,1.0
RNT02105,EQRR1007,CUS018,OP162,SITE018,2025-01-04,2025-01-21,2025-01-21,17,Completed,1,5,4,1,Highway,0,1.0
RNT02106,EQRR1005,CUS001,OP136,SITE003,2025-01-04,2025-01-18,2025-01-25,14,Completed,1,5,4,1,Commercial,7,1.0
RNT02107,EQWL1003,CUS071,OP166,SITE011,2025-01-04,2025-01-23,2025-01-23,19,Completed,1,5,4,1,Residential,0,1.0
RNT02108,EQWL1014,CUS005,OP166,SITE002,2025-01-04,2025-01-09,2025-01-14,5,Completed,1,5,4,1,Highway,5,1.0
RNT02109,EQDT1006,CUS041,OP125,SITE001,2025-01-04,2025-01-28,2025-01-28,24,Completed,1,5,4,1,Metro Rail,0,1.0
RNT02110,EQEX1021,CUS071,OP175,SITE011,2025-01-05,2025-02-01,2025-02-02,27,Completed,1,6,5,1,Residential,1,1.0
RNT02111,EQBK1011,CUS074,OP144,SITE014,2025-01-05,2025-01-08,2025-01-07,3,Completed,1,6,5,1,Railway,0,1.0
RNT02112,EQBD1024,CUS070,OP114,SITE010,2025-01-05,2025-01-29,2025-01-29,24,Completed,1,6,5,1,Industrial,0,1.0
RNT02113,EQEX1014,CUS022,OP140,SITE002,2025-01-05,2025-01-24,2025-01-24,19,Completed,1,6,5,1,Highway,0,1.0
RNT02114,EQWL1017,CUS033,OP124,SITE013,2025-01-06,2025-01-16,2025-01-15,10,Completed,1,0,6,1,Energy,0,1.0
RNT02115,EQEX1011,CUS029,OP110,SITE009,2025-01-06,2025-02-01,2025-01-28,26,Completed,1,0,6,1,Highway,0,1.0
RNT02116,EQEX1019,CUS014,OP119,SITE006,2025-01-06,2025-01-25,2025-02-03,19,Completed,1,0,6,1,Port,9,1.0
RNT02117,EQSS1001,CUS014,OP165,SITE014,2025-01-06,2025-01-14,2025-01-13,8,Completed,1,0,6,1,Railway,0,0.0
RNT02118,EQSS1013,CUS027,OP137,SITE007,2025-01-06,2025-01-11,2025-01-10,5,Completed,1,0,6,1,Industrial,0,1.0
RNT02119,EQBD1030,CUS019,OP144,SITE019,2025-01-06,2025-01-21,2025-01-22,15,Completed,1,0,6,1,Port,1,1.0
RNT02120,EQEX1033,CUS062,OP172,SITE002,2025-01-07,2025-01-31,2025-01-31,24,Completed,1,1,7,1,Highway,0,1.0
RNT02121,EQGR1014,CUS054,OP150,SITE014,2025-01-07,2025-01-12,2025-01-11,5,Completed,1,1,7,1,Railway,0,1.0
RNT02122,EQWL1010,CUS061,OP118,SITE001,2025-01-07,2025-01-19,2025-01-20,12,Completed,1,1,7,1,Metro Rail,1,1.0
RNT02123,EQBD1010,CUS062,OP167,SITE002,2025-01-07,2025-01-14,2025-01-14,7,Completed,1,1,7,1,Highway,0,0.0
RNT02124,EQEX1045,CUS059,OP175,SITE007,2025-01-08,2025-01-19,2025-01-19,11,Completed,1,2,8,1,Industrial,0,1.0
RNT02125,EQBK1004,CUS066,OP150,SITE006,2025-01-08,2025-01-27,2025-02-04,19,Completed,1,2,8,1,Port,8,1.0
RNT02126,EQBD1021,CUS074,OP105,SITE014,2025-01-08,2025-03-07,2025-03-03,58,Completed,1,2,8,1,Railway,0,1.0
RNT02127,EQFL1006,CUS045,OP147,SITE005,2025-01-08,2025-03-01,2025-03-01,52,Completed,1,2,8,1,Airport,0,1.0
RNT02128,EQEX1023,CUS050,OP127,SITE016,2025-01-08,2025-01-30,2025-02-07,22,Completed,1,2,8,1,Commercial,8,1.0
RNT02129,EQEX1004,CUS073,OP171,SITE013,2025-01-09,2025-01-15,2025-01-15,6,Completed,1,3,9,1,Energy,0,1.0
RNT02130,EQGR1009,CUS062,OP174,SITE002,2025-01-09,2025-01-20,2025-01-20,11,Completed,1,3,9,1,Highway,0,1.0
RNT02131,EQSS1004,CUS058,OP129,SITE018,2025-01-09,2025-01-19,2025-01-19,10,Completed,1,3,9,1,Highway,0,1.0
RNT02132,EQBD1030,CUS027,OP107,SITE007,2025-01-09,2025-02-02,2025-02-02,24,Completed,1,3,9,1,Industrial,0,1.0
RNT02133,EQWL1012,CUS033,OP174,SITE013,2025-01-09,2025-01-24,2025-01-24,15,Completed,1,3,9,1,Energy,0,0.0
RNT02134,EQEX1010,CUS010,OP174,SITE010,2025-01-09,2025-01-27,2025-02-02,18,Completed,1,3,9,1,Industrial,6,1.0
RNT02135,EQRR1007,CUS010,OP173,SITE010,2025-01-09,2025-01-12,2025-01-20,3,Completed,1,3,9,1,Industrial,8,1.0
RNT02136,EQBK1018,CUS021,OP178,SITE001,2025-01-09,2025-01-23,2025-01-31,14,Completed,1,3,9,1,Metro Rail,8,1.0
RNT02137,EQGR1019,CUS008,OP102,SITE008,2025-01-09,2025-01-19,2025-01-26,10,Completed,1,3,9,1,Energy,7,1.0
RNT02138,EQGR1020,CUS065,OP156,SITE005,2025-01-09,2025-01-25,2025-01-26,16,Completed,1,3,9,1,Airport,1,0.0
RNT02139,EQSS1011,CUS048,OP107,SITE015,2025-01-10,2025-01-19,2025-01-29,9,Completed,1,4,10,1,Water Infrastructure,10,1.0
RNT02140,EQBD1018,CUS056,OP145,SITE016,2025-01-10,2025-02-02,2025-02-11,23,Completed,1,4,10,1,Commercial,9,1.0
RNT02141,EQSS1002,CUS019,OP176,SITE019,2025-01-10,2025-01-12,2025-01-11,2,Completed,1,4,10,1,Port,0,0.0
RNT02142,EQDT1004,CUS034,OP158,SITE014,2025-01-10,2025-02-04,2025-02-04,25,Completed,1,4,10,1,Railway,0,1.0
RNT02143,EQBD1009,CUS017,OP180,SITE015,2025-01-10,2025-01-15,2025-01-14,5,Completed,1,4,10,1,Water Infrastructure,0,0.0
RNT02144,EQDT1011,CUS001,OP102,SITE001,2025-01-10,2025-02-04,2025-02-11,25,Completed,1,4,10,1,Metro Rail,7,1.0
RNT02145,EQDT1005,CUS027,OP113,SITE007,2025-01-10,2025-01-22,2025-01-22,12,Completed,1,4,10,1,Industrial,0,1.0
RNT02146,EQGR1005,CUS020,OP159,SITE012,2025-01-10,2025-01-30,2025-02-05,20,Completed,1,4,10,1,Energy,6,1.0
RNT02147,EQBD1010,CUS049,OP107,SITE009,2025-01-11,2025-01-16,2025-01-25,5,Completed,1,5,11,1,Highway,9,1.0
RNT02148,EQFL1006,CUS073,OP102,SITE013,2025-01-11,2025-01-13,2025-01-12,2,Completed,1,5,11,1,Energy,0,0.0
RNT02149,EQEX1012,CUS066,OP173,SITE006,2025-01-11,2025-01-22,2025-02-01,11,Completed,1,5,11,1,Port,10,1.0
RNT02150,EQRR1006,CUS031,OP146,SITE011,2025-01-11,2025-01-18,2025-01-21,7,Completed,1,5,11,1,Residential,3,1.0
RNT02151,EQEX1041,CUS064,OP178,SITE004,2025-01-11,2025-02-03,2025-02-03,23,Completed,1,5,11,1,Smart City,0,1.0
RNT02152,EQEX1022,CUS019,OP131,SITE019,2025-01-11,2025-01-27,2025-01-27,16,Completed,1,5,11,1,Port,0,1.0
RNT02153,EQBK1019,CUS050,OP130,SITE011,2025-01-11,2025-01-18,2025-01-17,7,Completed,1,5,11,1,Residential,0,1.0
RNT02154,EQBD1009,CUS038,OP126,SITE018,2025-01-11,2025-01-27,2025-01-27,16,Completed,1,5,11,1,Highway,0,0.0
RNT02155,EQRR1008,CUS074,OP115,SITE014,2025-01-11,2025-01-21,2025-01-31,10,Completed,1,5,11,1,Railway,10,1.0
RNT02156,EQBK1006,CUS055,OP101,SITE015,2025-01-11,2025-01-20,2025-01-29,9,Completed,1,5,11,1,Water Infrastructure,9,1.0
RNT02157,EQBK1014,CUS045,OP104,SITE018,2025-01-11,2025-01-28,2025-01-31,17,Completed,1,5,11,1,Highway,3,1.0
RNT02158,EQBD1027,CUS023,OP163,SITE002,2025-01-12,2025-01-25,2025-01-25,13,Completed,1,6,12,1,Highway,0,1.0
RNT02159,EQDT1004,CUS030,OP122,SITE010,2025-01-12,2025-02-04,2025-02-12,23,Completed,1,6,12,1,Industrial,8,1.0
RNT02160,EQEX1044,CUS074,OP157,SITE014,2025-01-13,2025-02-04,2025-02-13,22,Completed,1,0,13,1,Railway,9,1.0
RNT02161,EQEX1048,CUS069,OP118,SITE009,2025-01-13,2025-01-24,2025-01-24,11,Completed,1,0,13,1,Highway,0,0.0
RNT02162,EQBK1006,CUS026,OP117,SITE006,2025-01-13,2025-01-22,2025-01-26,9,Completed,1,0,13,1,Port,4,1.0
RNT02163,EQFL1011,CUS008,OP164,SITE008,2025-01-13,2025-03-04,2025-03-04,50,Completed,1,0,13,1,Energy,0,1.0
RNT02164,EQBD1025,CUS019,OP154,SITE003,2025-01-14,2025-01-22,2025-01-18,8,Completed,1,1,14,1,Commercial,0,1.0
RNT02165,EQGR1003,CUS021,OP142,SITE001,2025-01-14,2025-02-05,2025-02-04,22,Completed,1,1,14,1,Metro Rail,0,0.0
RNT02166,EQDT1005,CUS001,OP150,SITE001,2025-01-14,2025-01-21,2025-01-22,7,Completed,1,1,14,1,Metro Rail,1,1.0
RNT02167,EQDT1001,CUS053,OP169,SITE013,2025-01-14,2025-02-04,2025-02-04,21,Completed,1,1,14,1,Energy,0,1.0
RNT02168,EQEX1011,CUS049,OP145,SITE009,2025-01-14,2025-01-27,2025-01-27,13,Completed,1,1,14,1,Highway,0,1.0
RNT02169,EQFL1009,CUS046,OP149,SITE001,2025-01-14,2025-01-22,2025-01-22,8,Completed,1,1,14,1,Metro Rail,0,1.0
RNT02170,EQBK1012,CUS059,OP143,SITE019,2025-01-15,2025-01-28,2025-02-01,13,Completed,1,2,15,1,Port,4,1.0
RNT02171,EQRR1012,CUS034,OP123,SITE014,2025-01-15,2025-01-19,2025-01-19,4,Completed,1,2,15,1,Railway,0,1.0
RNT02172,EQSS1011,CUS008,OP152,SITE008,2025-01-15,2025-01-23,2025-01-23,8,Completed,1,2,15,1,Energy,0,1.0
RNT02173,EQGR1005,CUS029,OP171,SITE009,2025-01-15,2025-02-05,2025-02-09,21,Completed,1,2,15,1,Highway,4,1.0
RNT02174,EQGR1008,CUS065,OP141,SITE005,2025-01-15,2025-02-06,2025-02-05,22,Completed,1,2,15,1,Airport,0,0.0
RNT02175,EQWL1025,CUS022,OP104,SITE002,2025-01-16,2025-01-23,2025-01-23,7,Completed,1,3,16,1,Highway,0,0.0
RNT02176,EQEX1021,CUS070,OP121,SITE007,2025-01-16,2025-01-23,2025-01-22,7,Completed,1,3,16,1,Industrial,0,1.0
RNT02177,EQBD1023,CUS033,OP104,SITE013,2025-01-16,2025-01-24,2025-01-24,8,Completed,1,3,16,1,Energy,0,1.0
RNT02178,EQEX1029,CUS051,OP123,SITE020,2025-01-16,2025-02-13,2025-02-12,28,Completed,1,3,16,1,Metro Rail,0,1.0
RNT02179,EQEX1004,CUS074,OP120,SITE014,2025-01-16,2025-02-04,2025-02-02,19,Completed,1,3,16,1,Railway,0,1.0
RNT02180,EQBD1008,CUS052,OP120,SITE012,2025-01-16,2025-01-30,2025-01-30,14,Completed,1,3,16,1,Energy,0,1.0
RNT02181,EQGR1006,CUS020,OP112,SITE020,2025-01-17,2025-02-11,2025-02-07,25,Completed,1,4,17,1,Metro Rail,0,1.0
RNT02182,EQGR1003,CUS035,OP149,SITE015,2025-01-17,2025-03-14,2025-03-15,56,Completed,1,4,17,1,Water Infrastructure,1,1.0
RNT02183,EQFL1003,CUS061,OP126,SITE001,2025-01-17,2025-01-22,2025-01-29,5,Completed,1,4,17,1,Metro Rail,7,1.0
RNT02184,EQGR1017,CUS040,OP128,SITE020,2025-01-17,2025-02-05,2025-02-05,19,Completed,1,4,17,1,Metro Rail,0,1.0
RNT02185,EQRR1005,CUS005,OP138,SITE005,2025-01-17,2025-01-20,2025-01-20,3,Completed,1,4,17,1,Airport,0,1.0
RNT02186,EQBK1017,CUS026,OP115,SITE006,2025-01-17,2025-01-25,2025-01-31,8,Completed,1,4,17,1,Port,6,1.0
RNT02187,EQBD1011,CUS066,OP149,SITE017,2025-01-18,2025-01-27,2025-01-27,9,Completed,1,5,18,1,Bridge,0,1.0
RNT02188,EQRR1004,CUS061,OP112,SITE019,2025-01-18,2025-01-24,2025-01-23,6,Completed,1,5,18,1,Port,0,1.0
RNT02189,EQSS1005,CUS063,OP176,SITE003,2025-01-18,2025-01-27,2025-01-27,9,Completed,1,5,18,1,Commercial,0,1.0
RNT02190,EQGR1010,CUS005,OP166,SITE005,2025-01-19,2025-02-13,2025-02-12,25,Completed,1,6,19,1,Airport,0,1.0
RNT02191,EQWL1024,CUS045,OP163,SITE005,2025-01-19,2025-02-02,2025-02-03,14,Completed,1,6,19,1,Airport,1,1.0
RNT02192,EQSS1001,CUS020,OP144,SITE020,2025-01-19,2025-01-21,2025-01-21,2,Completed,1,6,19,1,Metro Rail,0,1.0
RNT02193,EQEX1020,CUS058,OP164,SITE018,2025-01-19,2025-02-05,2025-02-06,17,Completed,1,6,19,1,Highway,1,1.0
RNT02194,EQGR1007,CUS009,OP131,SITE009,2025-01-19,2025-01-25,2025-01-26,6,Completed,1,6,19,1,Highway,1,0.0
RNT02195,EQWL1014,CUS052,OP131,SITE012,2025-01-19,2025-02-02,2025-02-01,14,Completed,1,6,19,1,Energy,0,1.0
RNT02196,EQBK1018,CUS060,OP131,SITE020,2025-01-20,2025-02-01,2025-02-01,12,Completed,1,0,20,1,Metro Rail,0,1.0
RNT02197,EQSS1013,CUS041,OP142,SITE001,2025-01-20,2025-01-28,2025-01-28,8,Completed,1,0,20,1,Metro Rail,0,1.0
RNT02198,EQWL1011,CUS003,OP110,SITE003,2025-01-20,2025-02-05,2025-02-05,16,Completed,1,0,20,1,Commercial,0,1.0
RNT02199,EQEX1023,CUS039,OP107,SITE019,2025-01-20,2025-01-31,2025-02-01,11,Completed,1,0,20,1,Port,1,0.0
RNT02200,EQWL1004,CUS069,OP107,SITE009,2025-01-20,2025-01-29,2025-01-28,9,Completed,1,0,20,1,Highway,0,1.0
RNT02201,EQBD1009,CUS050,OP162,SITE011,2025-01-21,2025-02-18,2025-02-18,28,Completed,1,1,21,1,Residential,0,1.0
RNT02202,EQSS1013,CUS035,OP146,SITE015,2025-01-21,2025-01-25,2025-01-26,4,Completed,1,1,21,1,Water Infrastructure,1,1.0
RNT02203,EQWL1021,CUS066,OP177,SITE006,2025-01-21,2025-02-03,2025-02-03,13,Completed,1,1,21,1,Port,0,1.0
RNT02204,EQEX1012,CUS001,OP110,SITE001,2025-01-21,2025-02-06,2025-02-13,16,Completed,1,1,21,1,Metro Rail,7,0.0
RNT02205,EQGR1014,CUS007,OP166,SITE007,2025-01-22,2025-02-09,2025-02-09,18,Completed,1,2,22,1,Industrial,0,1.0
RNT02206,EQBD1004,CUS001,OP114,SITE001,2025-01-22,2025-02-10,2025-02-18,19,Completed,1,2,22,1,Metro Rail,8,1.0
RNT02207,EQBK1009,CUS006,OP170,SITE006,2025-01-22,2025-02-11,2025-02-21,20,Completed,1,2,22,1,Port,10,1.0
RNT02208,EQWL1010,CUS026,OP158,SITE006,2025-01-23,2025-02-12,2025-02-12,20,Completed,1,3,23,1,Port,0,1.0
RNT02209,EQSS1016,CUS036,OP179,SITE016,2025-01-23,2025-01-25,2025-01-26,2,Completed,1,3,23,1,Commercial,1,1.0
RNT02210,EQBD1013,CUS009,OP147,SITE009,2025-01-23,2025-02-18,2025-02-24,26,Completed,1,3,23,1,Highway,6,1.0
RNT02211,EQRR1006,CUS027,OP144,SITE007,2025-01-24,2025-02-10,2025-02-10,17,Completed,1,4,24,1,Industrial,0,1.0
RNT02212,EQBD1028,CUS021,OP138,SITE001,2025-01-24,2025-02-03,2025-02-03,10,Completed,1,4,24,1,Metro Rail,0,0.0
RNT02213,EQGR1001,CUS014,OP143,SITE014,2025-01-24,2025-01-31,2025-02-07,7,Completed,1,4,24,1,Railway,7,1.0
RNT02214,EQFL1006,CUS021,OP124,SITE001,2025-01-24,2025-02-03,2025-02-04,10,Completed,1,4,24,1,Metro Rail,1,1.0
RNT02215,EQSS1004,CUS047,OP131,SITE007,2025-01-24,2025-01-26,2025-01-25,2,Completed,1,4,24,1,Industrial,0,1.0
RNT02216,EQRR1014,CUS050,OP153,SITE011,2025-01-24,2025-02-08,2025-02-08,15,Completed,1,4,24,1,Residential,0,1.0
RNT02217,EQEX1044,CUS062,OP119,SITE002,2025-01-25,2025-02-08,2025-02-07,14,Completed,1,5,25,1,Highway,0,1.0
RNT02218,EQFL1005,CUS047,OP111,SITE007,2025-01-25,2025-02-04,2025-02-11,10,Completed,1,5,25,1,Industrial,7,1.0
RNT02219,EQBD1026,CUS068,OP133,SITE008,2025-01-25,2025-02-01,2025-02-01,7,Completed,1,5,25,1,Energy,0,1.0
RNT02220,EQFL1003,CUS050,OP111,SITE011,2025-01-26,2025-02-02,2025-02-12,7,Completed,1,6,26,1,Residential,10,1.0
RNT02221,EQWL1002,CUS020,OP109,SITE020,2025-01-26,2025-02-08,2025-02-06,13,Completed,1,6,26,1,Metro Rail,0,0.0
RNT02222,EQEX1044,CUS039,OP145,SITE015,2025-01-26,2025-02-12,2025-02-13,17,Completed,1,6,26,1,Water Infrastructure,1,1.0
RNT02223,EQWL1007,CUS022,OP174,SITE002,2025-01-26,2025-01-31,2025-02-10,5,Completed,1,6,26,1,Highway,10,1.0
RNT02224,EQGR1003,CUS041,OP131,SITE001,2025-01-26,2025-02-06,2025-02-06,11,Completed,1,6,26,1,Metro Rail,0,1.0
RNT02225,EQBD1012,CUS071,OP113,SITE011,2025-01-27,2025-02-11,2025-02-13,15,Completed,1,0,27,1,Residential,2,1.0
RNT02226,EQEX1025,CUS009,OP180,SITE009,2025-01-27,2025-02-02,2025-02-01,6,Completed,1,0,27,1,Highway,0,1.0
RNT02227,EQBD1021,CUS001,OP108,SITE011,2025-01-27,2025-02-12,2025-02-11,16,Completed,1,0,27,1,Residential,0,0.0
RNT02228,EQBK1005,CUS069,OP151,SITE009,2025-01-27,2025-01-30,2025-01-30,3,Completed,1,0,27,1,Highway,0,0.0
RNT02229,EQEX1001,CUS040,OP161,SITE020,2025-01-28,2025-02-04,2025-02-04,7,Completed,1,1,28,1,Metro Rail,0,1.0
RNT02230,EQGR1020,CUS068,OP156,SITE008,2025-01-29,2025-02-12,2025-02-13,14,Completed,1,2,29,1,Energy,1,0.0
RNT02231,EQEX1007,CUS065,OP121,SITE008,2025-01-29,2025-02-17,2025-02-15,19,Completed,1,2,29,1,Energy,0,1.0
RNT02232,EQFL1008,CUS021,OP178,SITE001,2025-01-29,2025-02-06,2025-02-06,8,Completed,1,2,29,1,Metro Rail,0,1.0
RNT02233,EQBK1003,CUS046,OP152,SITE017,2025-01-29,2025-02-08,2025-02-12,10,Completed,1,2,29,1,Bridge,4,1.0
RNT02234,EQEX1001,CUS043,OP147,SITE003,2025-01-29,2025-02-25,2025-02-25,27,Completed,1,2,29,1,Commercial,0,0.0
RNT02235,EQGR1002,CUS049,OP126,SITE009,2025-01-30,2025-02-21,2025-02-21,22,Completed,1,3,30,1,Highway,0,1.0
RNT02236,EQGR1016,CUS070,OP133,SITE010,2025-01-30,2025-02-13,2025-02-20,14,Completed,1,3,30,1,Industrial,7,1.0
RNT02237,EQBK1012,CUS059,OP135,SITE019,2025-01-30,2025-02-07,2025-02-07,8,Completed,1,3,30,1,Port,0,1.0
RNT02238,EQGR1014,CUS022,OP168,SITE002,2025-01-30,2025-02-12,2025-02-12,13,Completed,1,3,30,1,Highway,0,1.0
RNT02239,EQGR1018,CUS041,OP101,SITE001,2025-01-30,2025-02-13,2025-02-17,14,Completed,1,3,30,1,Metro Rail,4,1.0
RNT02240,EQEX1025,CUS009,OP128,SITE009,2025-01-31,2025-02-17,2025-02-16,17,Completed,1,4,31,1,Highway,0,0.0
RNT02241,EQBK1001,CUS024,OP140,SITE004,2025-01-31,2025-02-19,2025-02-26,19,Completed,1,4,31,1,Smart City,7,0.0
RNT02242,EQFL1003,CUS021,OP170,SITE001,2025-01-31,2025-02-06,2025-02-07,6,Completed,1,4,31,1,Metro Rail,1,1.0
RNT02243,EQEX1008,CUS054,OP127,SITE014,2025-01-31,2025-02-16,2025-02-14,16,Completed,1,4,31,1,Railway,0,0.0
RNT02244,EQRR1012,CUS073,OP163,SITE013,2025-01-31,2025-02-12,2025-02-19,12,Completed,1,4,31,1,Energy,7,1.0
RNT02245,EQSS1012,CUS034,OP177,SITE014,2025-01-31,2025-02-09,2025-02-09,9,Completed,1,4,31,1,Railway,0,0.0
RNT02246,EQEX1042,CUS066,OP139,SITE006,2025-01-31,2025-02-20,2025-02-19,20,Completed,1,4,31,1,Port,0,1.0
RNT02247,EQDT1003,CUS013,OP135,SITE013,2025-02-01,2025-02-18,2025-02-17,17,Completed,2,5,1,1,Energy,0,1.0
RNT02248,EQEX1020,CUS039,OP156,SITE019,2025-02-01,2025-02-21,2025-02-22,20,Completed,2,5,1,1,Port,1,1.0
RNT02249,EQBD1002,CUS006,OP108,SITE006,2025-02-01,2025-02-21,2025-02-20,20,Completed,2,5,1,1,Port,0,0.0
RNT02250,EQWL1005,CUS050,OP174,SITE011,2025-02-01,2025-02-12,2025-02-12,11,Completed,2,5,1,1,Residential,0,1.0
RNT02251,EQWL1022,CUS034,OP155,SITE014,2025-02-02,2025-02-10,2025-02-10,8,Completed,2,6,2,1,Railway,0,1.0
RNT02252,EQBD1014,CUS055,OP131,SITE015,2025-02-02,2025-02-24,2025-03-02,22,Completed,2,6,2,1,Water Infrastructure,6,1.0
RNT02253,EQRR1004,CUS014,OP108,SITE014,2025-02-02,2025-02-06,2025-02-10,4,Completed,2,6,2,1,Railway,4,1.0
RNT02254,EQBD1009,CUS022,OP136,SITE002,2025-02-02,2025-02-26,2025-02-26,24,Completed,2,6,2,1,Highway,0,1.0
RNT02255,EQEX1007,CUS054,OP167,SITE014,2025-02-02,2025-02-08,2025-02-08,6,Completed,2,6,2,1,Railway,0,1.0
RNT02256,EQEX1011,CUS011,OP141,SITE011,2025-02-03,2025-02-11,2025-02-10,8,Completed,2,0,3,1,Residential,0,0.0
RNT02257,EQEX1024,CUS029,OP176,SITE009,2025-02-03,2025-02-12,2025-02-20,9,Completed,2,0,3,1,Highway,8,1.0
RNT02258,EQFL1001,CUS044,OP180,SITE004,2025-02-03,2025-02-07,2025-02-07,4,Completed,2,0,3,1,Smart City,0,1.0
RNT02259,EQEX1024,CUS046,OP160,SITE006,2025-02-04,2025-03-02,2025-03-02,26,Completed,2,1,4,1,Port,0,1.0
RNT02260,EQGR1018,CUS046,OP180,SITE018,2025-02-04,2025-02-11,2025-02-11,7,Completed,2,1,4,1,Highway,0,1.0
RNT02261,EQWL1009,CUS022,OP166,SITE008,2025-02-04,2025-02-16,2025-02-24,12,Completed,2,1,4,1,Energy,8,1.0
RNT02262,EQEX1022,CUS053,OP180,SITE013,2025-02-05,2025-02-21,2025-02-21,16,Completed,2,2,5,1,Energy,0,1.0
RNT02263,EQFL1002,CUS058,OP147,SITE018,2025-02-05,2025-02-12,2025-02-12,7,Completed,2,2,5,1,Highway,0,1.0
RNT02264,EQBD1004,CUS024,OP154,SITE004,2025-02-05,2025-02-28,2025-02-28,23,Completed,2,2,5,1,Smart City,0,1.0
RNT02265,EQGR1009,CUS034,OP175,SITE014,2025-02-06,2025-02-18,2025-02-27,12,Completed,2,3,6,1,Railway,9,1.0
RNT02266,EQDT1011,CUS009,OP116,SITE009,2025-02-06,2025-02-22,2025-02-22,16,Completed,2,3,6,1,Highway,0,1.0
RNT02267,EQEX1007,CUS060,OP129,SITE020,2025-02-06,2025-03-02,2025-03-03,24,Completed,2,3,6,1,Metro Rail,1,1.0
RNT02268,EQEX1020,CUS019,OP143,SITE019,2025-02-06,2025-03-06,2025-03-09,28,Completed,2,3,6,1,Port,3,1.0
RNT02269,EQWL1015,CUS045,OP114,SITE005,2025-02-06,2025-02-23,2025-02-22,17,Completed,2,3,6,1,Airport,0,1.0
RNT02270,EQEX1009,CUS050,OP137,SITE011,2025-02-06,2025-02-17,2025-02-17,11,Completed,2,3,6,1,Residential,0,1.0
RNT02271,EQRR1008,CUS015,OP160,SITE015,2025-02-06,2025-02-09,2025-02-08,3,Completed,2,3,6,1,Water Infrastructure,0,1.0
RNT02272,EQBD1021,CUS068,OP138,SITE008,2025-02-06,2025-02-27,2025-02-26,21,Completed,2,3,6,1,Energy,0,1.0
RNT02273,EQRR1007,CUS025,OP105,SITE019,2025-02-07,2025-02-24,2025-02-25,17,Completed,2,4,7,1,Port,1,0.0
RNT02274,EQEX1032,CUS038,OP141,SITE018,2025-02-07,2025-02-24,2025-02-23,17,Completed,2,4,7,1,Highway,0,1.0
RNT02275,EQBK1015,CUS006,OP173,SITE006,2025-02-07,2025-02-19,2025-03-01,12,Completed,2,4,7,1,Port,10,1.0
RNT02276,EQRR1005,CUS025,OP135,SITE005,2025-02-07,2025-02-20,2025-02-20,13,Completed,2,4,7,1,Airport,0,1.0
RNT02277,EQFL1005,CUS020,OP179,SITE020,2025-02-07,2025-02-10,2025-02-11,3,Completed,2,4,7,1,Metro Rail,1,1.0
RNT02278,EQEX1027,CUS056,OP108,SITE016,2025-02-07,2025-03-03,2025-03-02,24,Completed,2,4,7,1,Commercial,0,1.0
RNT02279,EQSS1007,CUS066,OP136,SITE006,2025-02-07,2025-02-12,2025-02-11,5,Completed,2,4,7,1,Port,0,1.0
RNT02280,EQWL1022,CUS009,OP117,SITE009,2025-02-07,2025-02-18,2025-02-18,11,Completed,2,4,7,1,Highway,0,1.0
RNT02281,EQEX1015,CUS020,OP110,SITE020,2025-02-08,2025-02-09,2025-02-18,1,Completed,2,5,8,1,Metro Rail,9,1.0
RNT02282,EQWL1015,CUS019,OP178,SITE019,2025-02-08,2025-02-14,2025-02-14,6,Completed,2,5,8,1,Port,0,1.0
RNT02283,EQBD1023,CUS026,OP169,SITE006,2025-02-08,2025-02-14,2025-02-14,6,Completed,2,5,8,1,Port,0,1.0
RNT02284,EQRR1005,CUS016,OP135,SITE016,2025-02-08,2025-02-26,2025-02-26,18,Completed,2,5,8,1,Commercial,0,0.0
RNT02285,EQEX1023,CUS054,OP162,SITE014,2025-02-08,2025-02-24,2025-02-24,16,Completed,2,5,8,1,Railway,0,1.0
RNT02286,EQGR1005,CUS065,OP170,SITE005,2025-02-08,2025-02-16,2025-02-16,8,Completed,2,5,8,1,Airport,0,0.0
RNT02287,EQFL1006,CUS019,OP126,SITE019,2025-02-09,2025-02-18,2025-02-17,9,Completed,2,6,9,1,Port,0,1.0
RNT02288,EQFL1008,CUS001,OP122,SITE001,2025-02-09,2025-02-11,2025-02-10,2,Completed,2,6,9,1,Metro Rail,0,1.0
RNT02289,EQWL1019,CUS074,OP178,SITE014,2025-02-09,2025-02-24,2025-02-23,15,Completed,2,6,9,1,Railway,0,1.0
RNT02290,EQGR1003,CUS054,OP128,SITE014,2025-02-09,2025-02-28,2025-03-09,19,Completed,2,6,9,1,Railway,9,1.0
RNT02291,EQGR1014,CUS018,OP112,SITE018,2025-02-09,2025-02-16,2025-02-16,7,Completed,2,6,9,1,Highway,0,1.0
RNT02292,EQEX1028,CUS009,OP124,SITE009,2025-02-10,2025-02-20,2025-02-20,10,Completed,2,0,10,1,Highway,0,1.0
RNT02293,EQEX1005,CUS010,OP134,SITE010,2025-02-10,2025-03-01,2025-03-01,19,Completed,2,0,10,1,Industrial,0,1.0
RNT02294,EQSS1003,CUS060,OP119,SITE020,2025-02-10,2025-02-19,2025-02-19,9,Completed,2,0,10,1,Metro Rail,0,1.0
RNT02295,EQEX1006,CUS057,OP159,SITE017,2025-02-10,2025-02-18,2025-02-14,8,Completed,2,0,10,1,Bridge,0,1.0
RNT02296,EQFL1007,CUS025,OP130,SITE005,2025-02-10,2025-02-16,2025-02-12,6,Completed,2,0,10,1,Airport,0,0.0
RNT02297,EQEX1017,CUS057,OP168,SITE017,2025-02-10,2025-03-08,2025-03-08,26,Completed,2,0,10,1,Bridge,0,1.0
RNT02298,EQBD1012,CUS062,OP177,SITE002,2025-02-11,2025-02-26,2025-02-27,15,Completed,2,1,11,1,Highway,1,1.0
RNT02299,EQRR1002,CUS074,OP136,SITE014,2025-02-11,2025-02-14,2025-02-14,3,Completed,2,1,11,1,Railway,0,1.0
RNT02300,EQEX1028,CUS048,OP172,SITE008,2025-02-11,2025-03-10,2025-03-19,27,Completed,2,1,11,1,Energy,9,1.0
RNT02301,EQBK1003,CUS061,OP174,SITE001,2025-02-11,2025-02-17,2025-02-17,6,Completed,2,1,11,1,Metro Rail,0,1.0
RNT02302,EQEX1045,CUS049,OP169,SITE009,2025-02-11,2025-02-17,2025-02-23,6,Completed,2,1,11,1,Highway,6,1.0
RNT02303,EQFL1003,CUS014,OP127,SITE014,2025-02-11,2025-02-16,2025-02-15,5,Completed,2,1,11,1,Railway,0,1.0
RNT02304,EQDT1003,CUS064,OP177,SITE004,2025-02-11,2025-02-27,2025-02-27,16,Completed,2,1,11,1,Smart City,0,1.0
RNT02305,EQEX1046,CUS042,OP155,SITE002,2025-02-11,2025-03-03,2025-03-03,20,Completed,2,1,11,1,Highway,0,1.0
RNT02306,EQBD1009,CUS002,OP170,SITE002,2025-02-12,2025-03-03,2025-03-11,19,Completed,2,2,12,1,Highway,8,0.0
RNT02307,EQEX1037,CUS039,OP180,SITE019,2025-02-12,2025-03-05,2025-03-06,21,Completed,2,2,12,1,Port,1,0.0
RNT02308,EQEX1015,CUS070,OP135,SITE010,2025-02-12,2025-02-25,2025-02-26,13,Completed,2,2,12,1,Industrial,1,0.0
RNT02309,EQSS1009,CUS047,OP122,SITE007,2025-02-12,2025-02-17,2025-02-23,5,Completed,2,2,12,1,Industrial,6,1.0
RNT02310,EQBD1010,CUS034,OP180,SITE014,2025-02-12,2025-02-18,2025-02-14,6,Completed,2,2,12,1,Railway,0,1.0
RNT02311,EQDT1011,CUS016,OP176,SITE016,2025-02-12,2025-02-21,2025-02-21,9,Completed,2,2,12,1,Commercial,0,1.0
RNT02312,EQBD1030,CUS067,OP158,SITE007,2025-02-12,2025-02-19,2025-02-19,7,Completed,2,2,12,1,Industrial,0,0.0
RNT02313,EQSS1002,CUS041,OP126,SITE001,2025-02-12,2025-02-21,2025-02-21,9,Completed,2,2,12,1,Metro Rail,0,1.0
RNT02314,EQEX1021,CUS038,OP147,SITE018,2025-02-13,2025-03-07,2025-03-13,22,Completed,2,3,13,1,Highway,6,1.0
RNT02315,EQSS1017,CUS066,OP136,SITE006,2025-02-13,2025-02-15,2025-02-15,2,Completed,2,3,13,1,Port,0,1.0
RNT02316,EQBK1010,CUS038,OP109,SITE009,2025-02-13,2025-03-05,2025-03-03,20,Completed,2,3,13,1,Highway,0,1.0
RNT02317,EQEX1044,CUS026,OP148,SITE006,2025-02-13,2025-03-10,2025-03-06,25,Completed,2,3,13,1,Port,0,1.0
RNT02318,EQEX1007,CUS044,OP125,SITE004,2025-02-13,2025-03-02,2025-03-03,17,Completed,2,3,13,1,Smart City,1,0.0
RNT02319,EQDT1010,CUS049,OP129,SITE009,2025-02-13,2025-03-06,2025-03-10,21,Completed,2,3,13,1,Highway,4,1.0
RNT02320,EQWL1026,CUS074,OP130,SITE014,2025-02-14,2025-02-18,2025-02-21,4,Completed,2,4,14,1,Railway,3,1.0
RNT02321,EQGR1004,CUS046,OP114,SITE006,2025-02-14,2025-03-07,2025-03-12,21,Completed,2,4,14,1,Port,5,0.0
RNT02322,EQBD1020,CUS018,OP136,SITE010,2025-02-14,2025-02-26,2025-02-25,12,Completed,2,4,14,1,Industrial,0,1.0
RNT02323,EQEX1022,CUS035,OP121,SITE015,2025-02-14,2025-03-01,2025-03-11,15,Completed,2,4,14,1,Water Infrastructure,10,1.0
RNT02324,EQEX1037,CUS049,OP173,SITE009,2025-02-15,2025-03-03,2025-03-02,16,Completed,2,5,15,1,Highway,0,1.0
RNT02325,EQEX1003,CUS005,OP118,SITE005,2025-02-15,2025-03-15,2025-03-18,28,Completed,2,5,15,1,Airport,3,1.0
RNT02326,EQBD1012,CUS033,OP112,SITE013,2025-02-15,2025-03-14,2025-03-15,27,Completed,2,5,15,1,Energy,1,0.0
RNT02327,EQBD1016,CUS004,OP124,SITE004,2025-02-15,2025-03-05,2025-03-11,18,Completed,2,5,15,1,Smart City,6,1.0
RNT02328,EQRR1014,CUS039,OP142,SITE019,2025-02-15,2025-03-03,2025-03-02,16,Completed,2,5,15,1,Port,0,0.0
RNT02329,EQSS1007,CUS065,OP108,SITE005,2025-02-15,2025-02-23,2025-02-22,8,Completed,2,5,15,1,Airport,0,1.0
RNT02330,EQRR1009,CUS022,OP151,SITE002,2025-02-16,2025-03-06,2025-03-06,18,Completed,2,6,16,1,Highway,0,0.0
RNT02331,EQBK1004,CUS071,OP130,SITE011,2025-02-16,2025-02-20,2025-03-02,4,Completed,2,6,16,1,Residential,10,1.0
RNT02332,EQGR1003,CUS061,OP175,SITE001,2025-02-16,2025-02-28,2025-03-08,12,Completed,2,6,16,1,Metro Rail,8,1.0
RNT02333,EQBK1018,CUS002,OP146,SITE002,2025-02-16,2025-02-25,2025-03-02,9,Completed,2,6,16,1,Highway,5,1.0
RNT02334,EQRR1003,CUS051,OP110,SITE011,2025-02-16,2025-04-09,2025-04-14,52,Completed,2,6,16,1,Residential,5,0.0
RNT02335,EQEX1039,CUS004,OP155,SITE004,2025-02-16,2025-03-04,2025-03-11,16,Completed,2,6,16,1,Smart City,7,1.0
RNT02336,EQEX1035,CUS069,OP177,SITE009,2025-02-17,2025-02-27,2025-02-26,10,Completed,2,0,17,1,Highway,0,1.0
RNT02337,EQGR1014,CUS045,OP105,SITE005,2025-02-17,2025-03-05,2025-03-05,16,Completed,2,0,17,1,Airport,0,1.0
RNT02338,EQFL1003,CUS029,OP132,SITE009,2025-02-17,2025-02-21,2025-02-20,4,Completed,2,0,17,1,Highway,0,1.0
RNT02339,EQDT1012,CUS019,OP131,SITE019,2025-02-17,2025-03-11,2025-03-10,22,Completed,2,0,17,1,Port,0,0.0
RNT02340,EQEX1029,CUS027,OP101,SITE007,2025-02-17,2025-02-24,2025-02-25,7,Completed,2,0,17,1,Industrial,1,1.0
RNT02341,EQBK1008,CUS021,OP112,SITE001,2025-02-17,2025-02-23,2025-02-27,6,Completed,2,0,17,1,Metro Rail,4,1.0
RNT02342,EQWL1004,CUS052,OP147,SITE012,2025-02-17,2025-03-04,2025-03-14,15,Completed,2,0,17,1,Energy,10,1.0
RNT02343,EQWL1009,CUS039,OP141,SITE019,2025-02-18,2025-02-26,2025-02-26,8,Completed,2,1,18,1,Port,0,1.0
RNT02344,EQEX1040,CUS061,OP154,SITE001,2025-02-18,2025-02-28,2025-02-28,10,Completed,2,1,18,1,Metro Rail,0,1.0
RNT02345,EQSS1002,CUS067,OP169,SITE007,2025-02-18,2025-02-22,2025-02-22,4,Completed,2,1,18,1,Industrial,0,1.0
RNT02346,EQRR1002,CUS029,OP162,SITE009,2025-02-18,2025-03-06,2025-03-05,16,Completed,2,1,18,1,Highway,0,1.0
RNT02347,EQSS1014,CUS029,OP108,SITE009,2025-02-19,2025-02-24,2025-02-24,5,Completed,2,2,19,1,Highway,0,1.0
RNT02348,EQWL1010,CUS021,OP146,SITE001,2025-02-19,2025-03-05,2025-03-09,14,Completed,2,2,19,1,Metro Rail,4,1.0
RNT02349,EQGR1014,CUS025,OP139,SITE005,2025-02-19,2025-03-02,2025-03-01,11,Completed,2,2,19,1,Airport,0,1.0
RNT02350,EQEX1009,CUS044,OP155,SITE020,2025-02-19,2025-03-03,2025-03-02,12,Completed,2,2,19,1,Metro Rail,0,1.0
RNT02351,EQEX1031,CUS059,OP106,SITE019,2025-02-19,2025-03-18,2025-03-17,27,Completed,2,2,19,1,Port,0,1.0
RNT02352,EQBK1004,CUS060,OP127,SITE020,2025-02-19,2025-02-25,2025-02-27,6,Completed,2,2,19,1,Metro Rail,2,1.0
RNT02353,EQSS1009,CUS027,OP131,SITE007,2025-02-19,2025-02-28,2025-02-27,9,Completed,2,2,19,1,Industrial,0,0.0
RNT02354,EQSS1009,CUS035,OP138,SITE004,2025-02-19,2025-02-25,2025-02-25,6,Completed,2,2,19,1,Smart City,0,0.0
RNT02355,EQSS1009,CUS018,OP176,SITE018,2025-02-19,2025-02-22,2025-02-26,3,Completed,2,2,19,1,Highway,4,1.0
RNT02356,EQGR1019,CUS074,OP111,SITE014,2025-02-19,2025-02-24,2025-02-24,5,Completed,2,2,19,1,Railway,0,1.0
RNT02357,EQEX1028,CUS006,OP132,SITE017,2025-02-19,2025-03-12,2025-03-12,21,Completed,2,2,19,1,Bridge,0,0.0
RNT02358,EQRR1006,CUS022,OP125,SITE002,2025-02-20,2025-04-09,2025-04-09,48,Completed,2,3,20,1,Highway,0,1.0
RNT02359,EQFL1008,CUS056,OP161,SITE016,2025-02-20,2025-02-22,2025-03-04,2,Completed,2,3,20,1,Commercial,10,1.0
RNT02360,EQGR1008,CUS074,OP119,SITE014,2025-02-20,2025-03-01,2025-03-02,9,Completed,2,3,20,1,Railway,1,1.0
RNT02361,EQGR1016,CUS020,OP114,SITE020,2025-02-20,2025-03-08,2025-03-07,16,Completed,2,3,20,1,Metro Rail,0,1.0
RNT02362,EQBK1013,CUS038,OP111,SITE018,2025-02-20,2025-03-02,2025-03-01,10,Completed,2,3,20,1,Highway,0,1.0
RNT02363,EQEX1040,CUS049,OP143,SITE009,2025-02-21,2025-03-19,2025-03-25,26,Completed,2,4,21,1,Highway,6,1.0
RNT02364,EQBD1003,CUS070,OP176,SITE010,2025-02-21,2025-03-03,2025-03-02,10,Completed,2,4,21,1,Industrial,0,0.0
RNT02365,EQEX1042,CUS050,OP151,SITE011,2025-02-21,2025-03-14,2025-03-18,21,Completed,2,4,21,1,Residential,4,1.0
RNT02366,EQDT1004,CUS006,OP113,SITE006,2025-02-22,2025-02-28,2025-02-28,6,Completed,2,5,22,1,Port,0,1.0
RNT02367,EQDT1005,CUS065,OP130,SITE005,2025-02-22,2025-03-11,2025-03-10,17,Completed,2,5,22,1,Airport,0,1.0
RNT02368,EQSS1003,CUS039,OP110,SITE019,2025-02-22,2025-02-27,2025-02-28,5,Completed,2,5,22,1,Port,1,1.0
RNT02369,EQBD1010,CUS021,OP149,SITE001,2025-02-22,2025-03-15,2025-03-19,21,Completed,2,5,22,1,Metro Rail,4,1.0
RNT02370,EQFL1007,CUS069,OP139,SITE009,2025-02-22,2025-02-26,2025-02-25,4,Completed,2,5,22,1,Highway,0,1.0
RNT02371,EQBD1017,CUS006,OP127,SITE006,2025-02-23,2025-03-08,2025-03-08,13,Completed,2,6,23,1,Port,0,1.0
RNT02372,EQWL1001,CUS045,OP119,SITE005,2025-02-23,2025-03-04,2025-03-08,9,Completed,2,6,23,1,Airport,4,0.0
RNT02373,EQEX1034,CUS009,OP104,SITE009,2025-02-23,2025-03-22,2025-03-22,27,Completed,2,6,23,1,Highway,0,1.0
RNT02374,EQSS1010,CUS045,OP141,SITE005,2025-02-23,2025-03-05,2025-03-08,10,Completed,2,6,23,1,Airport,3,1.0
RNT02375,EQFL1012,CUS029,OP157,SITE009,2025-02-23,2025-02-26,2025-02-26,3,Completed,2,6,23,1,Highway,0,1.0
RNT02376,EQEX1006,CUS011,OP116,SITE011,2025-02-24,2025-03-19,2025-03-20,23,Completed,2,0,24,1,Residential,1,1.0
RNT02377,EQEX1007,CUS068,OP155,SITE008,2025-02-24,2025-03-13,2025-03-13,17,Completed,2,0,24,1,Energy,0,1.0
RNT02378,EQBD1002,CUS054,OP122,SITE014,2025-02-24,2025-03-03,2025-03-08,7,Completed,2,0,24,1,Railway,5,1.0
RNT02379,EQSS1016,CUS054,OP123,SITE014,2025-02-24,2025-03-06,2025-03-15,10,Completed,2,0,24,1,Railway,9,1.0
RNT02380,EQBD1022,CUS021,OP158,SITE001,2025-02-24,2025-03-05,2025-03-04,9,Completed,2,0,24,1,Metro Rail,0,1.0
RNT02381,EQGR1011,CUS011,OP176,SITE011,2025-02-24,2025-03-17,2025-03-17,21,Completed,2,0,24,1,Residential,0,1.0
RNT02382,EQGR1013,CUS054,OP180,SITE014,2025-02-25,2025-03-10,2025-03-10,13,Completed,2,1,25,1,Railway,0,1.0
RNT02383,EQEX1016,CUS058,OP135,SITE004,2025-02-25,2025-03-05,2025-03-13,8,Completed,2,1,25,1,Smart City,8,0.0
RNT02384,EQEX1007,CUS040,OP101,SITE013,2025-02-25,2025-03-07,2025-03-07,10,Completed,2,1,25,1,Energy,0,1.0
RNT02385,EQBD1030,CUS024,OP131,SITE004,2025-02-26,2025-03-24,2025-03-24,26,Completed,2,2,26,1,Smart City,0,1.0
RNT02386,EQEX1016,CUS023,OP128,SITE003,2025-02-26,2025-03-05,2025-03-05,7,Completed,2,2,26,1,Commercial,0,1.0
RNT02387,EQBD1017,CUS062,OP162,SITE002,2025-02-26,2025-03-04,2025-03-05,6,Completed,2,2,26,1,Highway,1,1.0
RNT02388,EQEX1026,CUS039,OP103,SITE019,2025-02-26,2025-03-05,2025-03-05,7,Completed,2,2,26,1,Port,0,1.0
RNT02389,EQEX1002,CUS005,OP110,SITE005,2025-02-26,2025-03-06,2025-03-07,8,Completed,2,2,26,1,Airport,1,1.0
RNT02390,EQEX1003,CUS029,OP113,SITE009,2025-02-26,2025-03-21,2025-03-29,23,Completed,2,2,26,1,Highway,8,1.0
RNT02391,EQBD1016,CUS068,OP128,SITE008,2025-02-26,2025-03-11,2025-03-11,13,Completed,2,2,26,1,Energy,0,1.0
RNT02392,EQSS1017,CUS060,OP144,SITE020,2025-02-27,2025-03-02,2025-03-03,3,Completed,2,3,27,1,Metro Rail,1,1.0
RNT02393,EQBD1004,CUS071,OP172,SITE011,2025-02-27,2025-03-06,2025-03-10,7,Completed,2,3,27,1,Residential,4,1.0
RNT02394,EQRR1006,CUS004,OP158,SITE004,2025-02-27,2025-03-04,2025-03-05,5,Completed,2,3,27,1,Smart City,1,1.0
RNT02395,EQSS1006,CUS039,OP122,SITE019,2025-02-27,2025-03-09,2025-03-09,10,Completed,2,3,27,1,Port,0,0.0
RNT02396,EQSS1008,CUS027,OP140,SITE007,2025-02-27,2025-03-01,2025-03-02,2,Completed,2,3,27,1,Industrial,1,1.0
RNT02397,EQBD1011,CUS041,OP161,SITE001,2025-02-27,2025-03-14,2025-03-13,15,Completed,2,3,27,1,Metro Rail,0,1.0
RNT02398,EQBD1028,CUS065,OP176,SITE005,2025-02-27,2025-03-16,2025-03-15,17,Completed,2,3,27,1,Airport,0,1.0
RNT02399,EQEX1035,CUS034,OP157,SITE014,2025-02-28,2025-03-09,2025-03-13,9,Completed,2,4,28,1,Railway,4,1.0
RNT02400,EQEX1002,CUS020,OP178,SITE020,2025-02-28,2025-03-28,2025-03-27,28,Completed,2,4,28,1,Metro Rail,0,1.0
RNT02401,EQSS1018,CUS069,OP153,SITE009,2025-02-28,2025-03-09,2025-03-08,9,Completed,2,4,28,1,Highway,0,1.0
RNT02402,EQBD1013,CUS035,OP140,SITE015,2025-02-28,2025-03-22,2025-03-28,22,Completed,2,4,28,1,Water Infrastructure,6,1.0
RNT02403,EQBK1003,CUS045,OP132,SITE005,2025-02-28,2025-03-10,2025-03-08,10,Completed,2,4,28,1,Airport,0,1.0
RNT02404,EQBD1018,CUS058,OP167,SITE018,2025-02-28,2025-03-26,2025-03-27,26,Completed,2,4,28,1,Highway,1,1.0
RNT02405,EQWL1013,CUS054,OP110,SITE014,2025-03-01,2025-03-05,2025-03-05,4,Completed,3,5,1,1,Railway,0,1.0
RNT02406,EQFL1006,CUS001,OP155,SITE001,2025-03-01,2025-03-11,2025-03-19,10,Completed,3,5,1,1,Metro Rail,8,1.0
RNT02407,EQEX1010,CUS027,OP110,SITE007,2025-03-01,2025-03-24,2025-03-23,23,Completed,3,5,1,1,Industrial,0,0.0
RNT02408,EQFL1003,CUS032,OP139,SITE012,2025-03-02,2025-03-07,2025-03-07,5,Completed,3,6,2,1,Energy,0,1.0
RNT02409,EQEX1043,CUS006,OP180,SITE006,2025-03-02,2025-03-08,2025-03-08,6,Completed,3,6,2,1,Port,0,1.0
RNT02410,EQWL1017,CUS002,OP139,SITE002,2025-03-02,2025-03-15,2025-03-16,13,Completed,3,6,2,1,Highway,1,1.0
RNT02411,EQWL1009,CUS059,OP121,SITE019,2025-03-02,2025-03-06,2025-03-05,4,Completed,3,6,2,1,Port,0,1.0
RNT02412,EQSS1002,CUS041,OP124,SITE002,2025-03-03,2025-03-13,2025-03-13,10,Completed,3,0,3,1,Highway,0,1.0
RNT02413,EQEX1041,CUS054,OP128,SITE014,2025-03-03,2025-03-31,2025-03-31,28,Completed,3,0,3,1,Railway,0,1.0
RNT02414,EQWL1025,CUS046,OP127,SITE006,2025-03-03,2025-03-13,2025-03-13,10,Completed,3,0,3,1,Port,0,1.0
RNT02415,EQBD1007,CUS054,OP101,SITE014,2025-03-03,2025-03-20,2025-03-22,17,Completed,3,0,3,1,Railway,2,1.0
RNT02416,EQBK1020,CUS073,OP120,SITE017,2025-03-03,2025-03-10,2025-03-10,7,Completed,3,0,3,1,Bridge,0,1.0
RNT02417,EQFL1008,CUS025,OP132,SITE005,2025-03-03,2025-03-05,2025-03-04,2,Completed,3,0,3,1,Airport,0,1.0
RNT02418,EQRR1010,CUS045,OP120,SITE005,2025-03-03,2025-03-20,2025-03-17,17,Completed,3,0,3,1,Airport,0,1.0
RNT02419,EQRR1009,CUS002,OP155,SITE002,2025-03-03,2025-03-12,2025-03-12,9,Completed,3,0,3,1,Highway,0,1.0
RNT02420,EQGR1016,CUS005,OP175,SITE005,2025-03-03,2025-03-24,2025-03-23,21,Completed,3,0,3,1,Airport,0,1.0
RNT02421,EQEX1012,CUS067,OP147,SITE007,2025-03-03,2025-03-16,2025-03-25,13,Completed,3,0,3,1,Industrial,9,1.0
RNT02422,EQEX1045,CUS040,OP132,SITE020,2025-03-03,2025-03-23,2025-03-29,20,Completed,3,0,3,1,Metro Rail,6,1.0
RNT02423,EQGR1009,CUS070,OP152,SITE001,2025-03-03,2025-03-09,2025-03-08,6,Completed,3,0,3,1,Metro Rail,0,1.0
RNT02424,EQRR1012,CUS045,OP147,SITE005,2025-03-04,2025-03-13,2025-03-13,9,Completed,3,1,4,1,Airport,0,1.0
RNT02425,EQEX1033,CUS004,OP142,SITE004,2025-03-05,2025-04-01,2025-04-01,27,Completed,3,2,5,1,Smart City,0,0.0
RNT02426,EQFL1010,CUS006,OP137,SITE006,2025-03-05,2025-03-14,2025-03-19,9,Completed,3,2,5,1,Port,5,1.0
RNT02427,EQEX1016,CUS026,OP105,SITE006,2025-03-05,2025-03-15,2025-03-25,10,Completed,3,2,5,1,Port,10,1.0
RNT02428,EQEX1031,CUS074,OP136,SITE014,2025-03-05,2025-03-10,2025-03-15,5,Completed,3,2,5,1,Railway,5,1.0
RNT02429,EQEX1040,CUS026,OP154,SITE006,2025-03-05,2025-03-14,2025-03-22,9,Completed,3,2,5,1,Port,8,1.0
RNT02430,EQEX1003,CUS040,OP146,SITE020,2025-03-05,2025-03-24,2025-03-24,19,Completed,3,2,5,1,Metro Rail,0,1.0
RNT02431,EQWL1023,CUS019,OP109,SITE019,2025-03-05,2025-03-18,2025-03-25,13,Completed,3,2,5,1,Port,7,1.0
RNT02432,EQBK1001,CUS018,OP154,SITE018,2025-03-05,2025-03-15,2025-03-18,10,Completed,3,2,5,1,Highway,3,0.0
RNT02433,EQRR1007,CUS050,OP157,SITE011,2025-03-06,2025-03-19,2025-03-19,13,Completed,3,3,6,1,Residential,0,1.0
RNT02434,EQBD1024,CUS050,OP180,SITE011,2025-03-06,2025-03-18,2025-03-25,12,Completed,3,3,6,1,Residential,7,1.0
RNT02435,EQWL1007,CUS067,OP101,SITE007,2025-03-06,2025-03-21,2025-03-20,15,Completed,3,3,6,1,Industrial,0,0.0
RNT02436,EQGR1010,CUS060,OP147,SITE020,2025-03-06,2025-05-01,2025-05-02,56,Completed,3,3,6,1,Metro Rail,1,1.0
RNT02437,EQEX1014,CUS044,OP177,SITE004,2025-03-07,2025-03-19,2025-03-19,12,Completed,3,4,7,1,Smart City,0,1.0
RNT02438,EQSS1003,CUS019,OP150,SITE019,2025-03-07,2025-03-16,2025-03-16,9,Completed,3,4,7,1,Port,0,1.0
RNT02439,EQBK1001,CUS011,OP167,SITE011,2025-03-07,2025-03-26,2025-03-29,19,Completed,3,4,7,1,Residential,3,1.0
RNT02440,EQDT1005,CUS020,OP158,SITE020,2025-03-07,2025-03-29,2025-03-28,22,Completed,3,4,7,1,Metro Rail,0,1.0
RNT02441,EQWL1020,CUS006,OP118,SITE006,2025-03-08,2025-03-24,2025-03-23,16,Completed,3,5,8,1,Port,0,0.0
RNT02442,EQSS1002,CUS026,OP125,SITE006,2025-03-08,2025-03-17,2025-03-18,9,Completed,3,5,8,1,Port,1,1.0
RNT02443,EQBD1012,CUS002,OP174,SITE002,2025-03-08,2025-04-04,2025-04-05,27,Completed,3,5,8,1,Highway,1,1.0
RNT02444,EQBD1024,CUS074,OP142,SITE014,2025-03-08,2025-04-04,2025-04-04,27,Completed,3,5,8,1,Railway,0,1.0
RNT02445,EQRR1009,CUS056,OP105,SITE016,2025-03-08,2025-03-28,2025-03-28,20,Completed,3,5,8,1,Commercial,0,0.0
RNT02446,EQBD1003,CUS058,OP177,SITE018,2025-03-08,2025-03-22,2025-03-22,14,Completed,3,5,8,1,Highway,0,0.0
RNT02447,EQBD1028,CUS065,OP101,SITE005,2025-03-08,2025-03-24,2025-03-25,16,Completed,3,5,8,1,Airport,1,0.0
RNT02448,EQBK1010,CUS028,OP116,SITE008,2025-03-09,2025-03-22,2025-03-30,13,Completed,3,6,9,1,Energy,8,1.0
RNT02449,EQFL1001,CUS034,OP135,SITE014,2025-03-09,2025-05-05,2025-05-05,57,Completed,3,6,9,1,Railway,0,1.0
RNT02450,EQBD1013,CUS018,OP142,SITE018,2025-03-09,2025-04-03,2025-04-02,25,Completed,3,6,9,1,Highway,0,1.0
RNT02451,EQBD1002,CUS035,OP125,SITE008,2025-03-09,2025-03-24,2025-03-24,15,Completed,3,6,9,1,Energy,0,1.0
RNT02452,EQFL1002,CUS065,OP113,SITE005,2025-03-10,2025-03-18,2025-03-18,8,Completed,3,0,10,1,Airport,0,1.0
RNT02453,EQDT1005,CUS049,OP111,SITE009,2025-03-10,2025-03-18,2025-03-18,8,Completed,3,0,10,1,Highway,0,1.0
RNT02454,EQFL1005,CUS039,OP168,SITE019,2025-03-10,2025-03-19,2025-03-21,9,Completed,3,0,10,1,Port,2,1.0
RNT02455,EQSS1007,CUS074,OP153,SITE014,2025-03-10,2025-03-18,2025-03-17,8,Completed,3,0,10,1,Railway,0,1.0
RNT02456,EQWL1026,CUS009,OP138,SITE009,2025-03-10,2025-03-14,2025-03-12,4,Completed,3,0,10,1,Highway,0,1.0
RNT02457,EQBD1010,CUS020,OP160,SITE020,2025-03-10,2025-04-03,2025-04-06,24,Completed,3,0,10,1,Metro Rail,3,1.0
RNT02458,EQEX1026,CUS062,OP139,SITE005,2025-03-10,2025-03-25,2025-03-25,15,Completed,3,0,10,1,Airport,0,1.0
RNT02459,EQRR1009,CUS008,OP106,SITE018,2025-03-11,2025-03-27,2025-03-27,16,Completed,3,1,11,1,Highway,0,1.0
RNT02460,EQGR1014,CUS001,OP135,SITE012,2025-03-11,2025-04-04,2025-04-07,24,Completed,3,1,11,1,Energy,3,1.0
RNT02461,EQBD1020,CUS045,OP104,SITE005,2025-03-11,2025-04-08,2025-04-08,28,Completed,3,1,11,1,Airport,0,1.0
RNT02462,EQGR1003,CUS042,OP113,SITE002,2025-03-12,2025-04-01,2025-03-31,20,Completed,3,2,12,1,Highway,0,1.0
RNT02463,EQSS1012,CUS026,OP166,SITE006,2025-03-12,2025-03-19,2025-03-19,7,Completed,3,2,12,1,Port,0,1.0
RNT02464,EQWL1016,CUS029,OP122,SITE009,2025-03-12,2025-03-31,2025-04-05,19,Completed,3,2,12,1,Highway,5,1.0
RNT02465,EQEX1015,CUS046,OP116,SITE006,2025-03-12,2025-04-04,2025-04-04,23,Completed,3,2,12,1,Port,0,0.0
RNT02466,EQBD1010,CUS041,OP137,SITE001,2025-03-12,2025-03-20,2025-03-21,8,Completed,3,2,12,1,Metro Rail,1,1.0
RNT02467,EQBK1001,CUS009,OP145,SITE009,2025-03-12,2025-03-24,2025-03-25,12,Completed,3,2,12,1,Highway,1,1.0
RNT02468,EQDT1006,CUS001,OP179,SITE001,2025-03-13,2025-04-10,2025-04-13,28,Completed,3,3,13,1,Metro Rail,3,1.0
RNT02469,EQFL1011,CUS045,OP161,SITE005,2025-03-13,2025-03-17,2025-03-16,4,Completed,3,3,13,1,Airport,0,1.0
RNT02470,EQBK1017,CUS021,OP103,SITE004,2025-03-13,2025-03-23,2025-03-24,10,Completed,3,3,13,1,Smart City,1,1.0
RNT02471,EQWL1001,CUS067,OP113,SITE007,2025-03-13,2025-03-31,2025-03-27,18,Completed,3,3,13,1,Industrial,0,1.0
RNT02472,EQDT1002,CUS065,OP104,SITE005,2025-03-14,2025-04-09,2025-04-17,26,Completed,3,4,14,1,Airport,8,0.0
RNT02473,EQBD1025,CUS027,OP166,SITE007,2025-03-14,2025-03-28,2025-03-25,14,Completed,3,4,14,1,Industrial,0,1.0
RNT02474,EQGR1001,CUS020,OP147,SITE020,2025-03-14,2025-03-29,2025-04-08,15,Completed,3,4,14,1,Metro Rail,10,0.0
RNT02475,EQEX1011,CUS074,OP176,SITE014,2025-03-14,2025-04-08,2025-04-09,25,Completed,3,4,14,1,Railway,1,1.0
RNT02476,EQEX1037,CUS023,OP142,SITE003,2025-03-14,2025-04-10,2025-04-10,27,Completed,3,4,14,1,Commercial,0,1.0
RNT02477,EQEX1002,CUS038,OP158,SITE018,2025-03-14,2025-04-08,2025-04-16,25,Completed,3,4,14,1,Highway,8,1.0
RNT02478,EQSS1012,CUS070,OP177,SITE010,2025-03-15,2025-03-17,2025-03-18,2,Completed,3,5,15,1,Industrial,1,1.0
RNT02479,EQEX1016,CUS074,OP131,SITE014,2025-03-16,2025-04-01,2025-04-01,16,Completed,3,6,16,1,Railway,0,1.0
RNT02480,EQSS1008,CUS040,OP179,SITE016,2025-03-16,2025-03-19,2025-03-20,3,Completed,3,6,16,1,Commercial,1,1.0
RNT02481,EQSS1018,CUS038,OP150,SITE018,2025-03-16,2025-03-25,2025-03-25,9,Completed,3,6,16,1,Highway,0,1.0
RNT02482,EQGR1018,CUS011,OP175,SITE011,2025-03-16,2025-04-11,2025-04-12,26,Completed,3,6,16,1,Residential,1,1.0
RNT02483,EQBD1027,CUS009,OP117,SITE009,2025-03-16,2025-04-02,2025-04-02,17,Completed,3,6,16,1,Highway,0,1.0
RNT02484,EQDT1011,CUS031,OP130,SITE011,2025-03-16,2025-04-08,2025-04-05,23,Completed,3,6,16,1,Residential,0,1.0
RNT02485,EQGR1013,CUS025,OP158,SITE005,2025-03-16,2025-04-01,2025-04-07,16,Completed,3,6,16,1,Airport,6,1.0
RNT02486,EQBD1024,CUS033,OP124,SITE013,2025-03-16,2025-03-22,2025-03-21,6,Completed,3,6,16,1,Energy,0,1.0
RNT02487,EQBD1016,CUS074,OP118,SITE014,2025-03-17,2025-03-25,2025-03-27,8,Completed,3,0,17,1,Railway,2,1.0
RNT02488,EQBK1002,CUS021,OP140,SITE001,2025-03-17,2025-03-24,2025-03-24,7,Completed,3,0,17,1,Metro Rail,0,1.0
RNT02489,EQDT1009,CUS065,OP108,SITE005,2025-03-17,2025-04-05,2025-04-05,19,Completed,3,0,17,1,Airport,0,1.0
RNT02490,EQEX1025,CUS001,OP118,SITE001,2025-03-17,2025-04-05,2025-04-10,19,Completed,3,0,17,1,Metro Rail,5,1.0
RNT02491,EQRR1009,CUS074,OP146,SITE014,2025-03-17,2025-03-31,2025-04-08,14,Completed,3,0,17,1,Railway,8,1.0
RNT02492,EQBD1011,CUS039,OP126,SITE005,2025-03-17,2025-03-24,2025-03-24,7,Completed,3,0,17,1,Airport,0,0.0
RNT02493,EQSS1004,CUS020,OP176,SITE020,2025-03-17,2025-03-19,2025-03-25,2,Completed,3,0,17,1,Metro Rail,6,1.0
RNT02494,EQSS1001,CUS049,OP126,SITE009,2025-03-18,2025-03-21,2025-03-21,3,Completed,3,1,18,1,Highway,0,1.0
RNT02495,EQWL1013,CUS060,OP123,SITE020,2025-03-18,2025-03-29,2025-04-04,11,Completed,3,1,18,1,Metro Rail,6,1.0
RNT02496,EQWL1016,CUS031,OP123,SITE011,2025-03-18,2025-04-06,2025-04-07,19,Completed,3,1,18,1,Residential,1,1.0
RNT02497,EQRR1014,CUS017,OP138,SITE017,2025-03-18,2025-04-07,2025-04-11,20,Completed,3,1,18,1,Bridge,4,1.0
RNT02498,EQRR1002,CUS021,OP147,SITE001,2025-03-18,2025-03-28,2025-03-28,10,Completed,3,1,18,1,Metro Rail,0,1.0
RNT02499,EQEX1006,CUS065,OP135,SITE005,2025-03-18,2025-03-28,2025-03-27,10,Completed,3,1,18,1,Airport,0,1.0
RNT02500,EQBD1008,CUS060,OP148,SITE020,2025-03-19,2025-03-25,2025-03-26,6,Completed,3,2,19,1,Metro Rail,1,1.0
RNT02501,EQBD1019,CUS006,OP163,SITE006,2025-03-19,2025-04-08,2025-04-08,20,Completed,3,2,19,1,Port,0,0.0
RNT02502,EQBD1022,CUS062,OP171,SITE002,2025-03-19,2025-03-25,2025-03-29,6,Completed,3,2,19,1,Highway,4,1.0
RNT02503,EQWL1013,CUS005,OP169,SITE005,2025-03-19,2025-04-02,2025-04-01,14,Completed,3,2,19,1,Airport,0,0.0
RNT02504,EQWL1023,CUS040,OP140,SITE020,2025-03-19,2025-03-26,2025-03-29,7,Completed,3,2,19,1,Metro Rail,3,1.0
RNT02505,EQEX1026,CUS073,OP157,SITE001,2025-03-20,2025-04-03,2025-04-03,14,Completed,3,3,20,1,Metro Rail,0,1.0
RNT02506,EQEX1035,CUS001,OP142,SITE001,2025-03-20,2025-03-21,2025-03-21,1,Completed,3,3,20,1,Metro Rail,0,1.0
RNT02507,EQRR1002,CUS005,OP135,SITE005,2025-03-20,2025-04-06,2025-04-07,17,Completed,3,3,20,1,Airport,1,1.0
RNT02508,EQEX1045,CUS041,OP103,SITE001,2025-03-21,2025-03-27,2025-03-28,6,Completed,3,4,21,1,Metro Rail,1,1.0
RNT02509,EQWL1004,CUS031,OP175,SITE011,2025-03-21,2025-03-25,2025-03-26,4,Completed,3,4,21,1,Residential,1,1.0
RNT02510,EQBD1003,CUS055,OP138,SITE015,2025-03-21,2025-04-10,2025-04-09,20,Completed,3,4,21,1,Water Infrastructure,0,1.0
RNT02511,EQEX1048,CUS013,OP161,SITE013,2025-03-22,2025-03-24,2025-03-24,2,Completed,3,5,22,1,Energy,0,1.0
RNT02512,EQWL1015,CUS057,OP125,SITE017,2025-03-22,2025-04-10,2025-04-10,19,Completed,3,5,22,1,Bridge,0,1.0
RNT02513,EQBD1009,CUS015,OP173,SITE015,2025-03-22,2025-04-05,2025-04-14,14,Completed,3,5,22,1,Water Infrastructure,9,1.0
RNT02514,EQRR1009,CUS017,OP178,SITE017,2025-03-22,2025-04-04,2025-04-04,13,Completed,3,5,22,1,Bridge,0,1.0
RNT02515,EQWL1025,CUS059,OP145,SITE019,2025-03-22,2025-04-01,2025-04-03,10,Completed,3,5,22,1,Port,2,0.0
RNT02516,EQSS1010,CUS043,OP145,SITE003,2025-03-22,2025-03-27,2025-03-27,5,Completed,3,5,22,1,Commercial,0,1.0
RNT02517,EQBD1025,CUS068,OP140,SITE008,2025-03-23,2025-04-06,2025-04-06,14,Completed,3,6,23,1,Energy,0,1.0
RNT02518,EQFL1001,CUS035,OP175,SITE015,2025-03-23,2025-03-29,2025-03-28,6,Completed,3,6,23,1,Water Infrastructure,0,1.0
RNT02519,EQWL1026,CUS041,OP152,SITE001,2025-03-23,2025-04-10,2025-04-18,18,Completed,3,6,23,1,Metro Rail,8,1.0
RNT02520,EQEX1020,CUS068,OP165,SITE008,2025-03-23,2025-04-08,2025-04-07,16,Completed,3,6,23,1,Energy,0,1.0
RNT02521,EQRR1006,CUS017,OP172,SITE017,2025-03-23,2025-04-02,2025-04-02,10,Completed,3,6,23,1,Bridge,0,1.0
RNT02522,EQWL1007,CUS016,OP166,SITE016,2025-03-23,2025-03-30,2025-03-30,7,Completed,3,6,23,1,Commercial,0,1.0
RNT02523,EQSS1017,CUS063,OP173,SITE003,2025-03-23,2025-03-31,2025-04-01,8,Completed,3,6,23,1,Commercial,1,1.0
RNT02524,EQSS1004,CUS020,OP157,SITE020,2025-03-24,2025-04-01,2025-04-02,8,Completed,3,0,24,1,Metro Rail,1,1.0
RNT02525,EQEX1042,CUS025,OP173,SITE005,2025-03-24,2025-04-06,2025-04-07,13,Completed,3,0,24,1,Airport,1,1.0
RNT02526,EQGR1020,CUS042,OP154,SITE002,2025-03-24,2025-04-21,2025-04-21,28,Completed,3,0,24,1,Highway,0,1.0
RNT02527,EQBD1002,CUS004,OP102,SITE004,2025-03-24,2025-04-01,2025-03-31,8,Completed,3,0,24,1,Smart City,0,1.0
RNT02528,EQEX1045,CUS018,OP148,SITE018,2025-03-24,2025-04-08,2025-04-08,15,Completed,3,0,24,1,Highway,0,1.0
RNT02529,EQDT1005,CUS056,OP165,SITE016,2025-03-24,2025-04-03,2025-04-13,10,Completed,3,0,24,1,Commercial,10,0.0
RNT02530,EQBD1020,CUS050,OP169,SITE011,2025-03-24,2025-04-19,2025-04-19,26,Completed,3,0,24,1,Residential,0,1.0
RNT02531,EQFL1001,CUS067,OP106,SITE007,2025-03-25,2025-03-28,2025-04-02,3,Completed,3,1,25,1,Industrial,5,1.0
RNT02532,EQBD1009,CUS009,OP176,SITE009,2025-03-25,2025-04-20,2025-04-20,26,Completed,3,1,25,1,Highway,0,1.0
RNT02533,EQDT1009,CUS020,OP178,SITE020,2025-03-25,2025-04-01,2025-04-08,7,Completed,3,1,25,1,Metro Rail,7,1.0
RNT02534,EQBK1008,CUS059,OP159,SITE019,2025-03-25,2025-04-13,2025-04-13,19,Completed,3,1,25,1,Port,0,1.0
RNT02535,EQSS1006,CUS059,OP148,SITE019,2025-03-25,2025-05-23,2025-05-23,59,Completed,3,1,25,1,Port,0,1.0
RNT02536,EQBK1016,CUS035,OP156,SITE015,2025-03-26,2025-04-09,2025-04-08,14,Completed,3,2,26,1,Water Infrastructure,0,0.0
RNT02537,EQWL1022,CUS046,OP111,SITE006,2025-03-26,2025-04-11,2025-04-10,16,Completed,3,2,26,1,Port,0,1.0
RNT02538,EQGR1012,CUS021,OP146,SITE001,2025-03-26,2025-04-13,2025-04-14,18,Completed,3,2,26,1,Metro Rail,1,1.0
RNT02539,EQEX1004,CUS014,OP109,SITE014,2025-03-26,2025-04-23,2025-04-22,28,Completed,3,2,26,1,Railway,0,1.0
RNT02540,EQRR1008,CUS066,OP149,SITE006,2025-03-27,2025-04-16,2025-04-17,20,Completed,3,3,27,1,Port,1,1.0
RNT02541,EQEX1016,CUS019,OP162,SITE019,2025-03-27,2025-04-08,2025-04-05,12,Completed,3,3,27,1,Port,0,1.0
RNT02542,EQBK1006,CUS002,OP178,SITE002,2025-03-27,2025-04-12,2025-04-11,16,Completed,3,3,27,1,Highway,0,1.0
RNT02543,EQBD1002,CUS004,OP178,SITE009,2025-03-28,2025-04-11,2025-04-10,14,Completed,3,4,28,1,Highway,0,1.0
RNT02544,EQWL1013,CUS050,OP121,SITE011,2025-03-28,2025-04-10,2025-04-10,13,Completed,3,4,28,1,Residential,0,1.0
RNT02545,EQSS1015,CUS015,OP163,SITE001,2025-03-28,2025-04-06,2025-04-09,9,Completed,3,4,28,1,Metro Rail,3,1.0
RNT02546,EQSS1013,CUS065,OP161,SITE005,2025-03-28,2025-04-03,2025-04-02,6,Completed,3,4,28,1,Airport,0,0.0
RNT02547,EQSS1003,CUS007,OP126,SITE007,2025-03-28,2025-03-31,2025-03-31,3,Completed,3,4,28,1,Industrial,0,1.0
RNT02548,EQRR1005,CUS002,OP136,SITE002,2025-03-28,2025-04-14,2025-04-14,17,Completed,3,4,28,1,Highway,0,0.0
RNT02549,EQEX1001,CUS011,OP103,SITE011,2025-03-28,2025-04-15,2025-04-16,18,Completed,3,4,28,1,Residential,1,1.0
RNT02550,EQGR1011,CUS021,OP136,SITE001,2025-03-28,2025-04-02,2025-04-02,5,Completed,3,4,28,1,Metro Rail,0,0.0
RNT02551,EQBK1017,CUS073,OP149,SITE013,2025-03-29,2025-04-14,2025-04-14,16,Completed,3,5,29,1,Energy,0,1.0
RNT02552,EQSS1015,CUS069,OP152,SITE009,2025-03-29,2025-04-04,2025-04-04,6,Completed,3,5,29,1,Highway,0,0.0
RNT02553,EQWL1010,CUS001,OP167,SITE001,2025-03-29,2025-04-10,2025-04-17,12,Completed,3,5,29,1,Metro Rail,7,0.0
RNT02554,EQDT1005,CUS031,OP160,SITE011,2025-03-30,2025-04-08,2025-04-08,9,Completed,3,6,30,1,Residential,0,1.0
RNT02555,EQEX1046,CUS024,OP107,SITE002,2025-03-30,2025-04-14,2025-04-19,15,Completed,3,6,30,1,Highway,5,0.0
RNT02556,EQGR1016,CUS020,OP128,SITE020,2025-03-31,2025-04-11,2025-04-18,11,Completed,3,0,31,1,Metro Rail,7,1.0
RNT02557,EQDT1005,CUS056,OP180,SITE016,2025-03-31,2025-04-26,2025-05-05,26,Completed,3,0,31,1,Commercial,9,1.0
RNT02558,EQBD1024,CUS055,OP176,SITE015,2025-03-31,2025-04-10,2025-04-10,10,Completed,3,0,31,1,Water Infrastructure,0,1.0
RNT02559,EQBD1020,CUS022,OP113,SITE002,2025-03-31,2025-04-10,2025-04-09,10,Completed,3,0,31,1,Highway,0,1.0
RNT02560,EQDT1003,CUS028,OP164,SITE008,2025-03-31,2025-04-05,2025-04-06,5,Completed,3,0,31,1,Energy,1,1.0
RNT02561,EQGR1020,CUS009,OP160,SITE009,2025-03-31,2025-04-07,2025-04-07,7,Completed,3,0,31,1,Highway,0,1.0
RNT02562,EQBD1017,CUS034,OP171,SITE014,2025-04-01,2025-04-29,2025-05-03,28,Completed,4,1,1,2,Railway,4,1.0
RNT02563,EQSS1003,CUS020,OP110,SITE020,2025-04-01,2025-04-06,2025-04-12,5,Completed,4,1,1,2,Metro Rail,6,1.0
RNT02564,EQEX1019,CUS007,OP155,SITE013,2025-04-01,2025-04-10,2025-04-10,9,Completed,4,1,1,2,Energy,0,1.0
RNT02565,EQWL1003,CUS041,OP147,SITE001,2025-04-01,2025-04-07,2025-04-07,6,Completed,4,1,1,2,Metro Rail,0,1.0
RNT02566,EQFL1006,CUS022,OP110,SITE002,2025-04-01,2025-04-04,2025-04-04,3,Completed,4,1,1,2,Highway,0,1.0
RNT02567,EQBK1004,CUS041,OP114,SITE001,2025-04-02,2025-04-10,2025-04-09,8,Completed,4,2,2,2,Metro Rail,0,1.0
RNT02568,EQWL1007,CUS041,OP115,SITE001,2025-04-02,2025-04-14,2025-04-13,12,Completed,4,2,2,2,Metro Rail,0,1.0
RNT02569,EQEX1036,CUS045,OP177,SITE005,2025-04-02,2025-04-16,2025-04-16,14,Completed,4,2,2,2,Airport,0,1.0
RNT02570,EQEX1034,CUS065,OP180,SITE005,2025-04-02,2025-04-19,2025-04-18,17,Completed,4,2,2,2,Airport,0,1.0
RNT02571,EQBD1011,CUS061,OP154,SITE001,2025-04-02,2025-04-14,2025-04-18,12,Completed,4,2,2,2,Metro Rail,4,1.0
RNT02572,EQBD1014,CUS074,OP104,SITE014,2025-04-03,2025-04-26,2025-04-25,23,Completed,4,3,3,2,Railway,0,0.0
RNT02573,EQEX1044,CUS046,OP152,SITE006,2025-04-04,2025-04-24,2025-04-24,20,Completed,4,4,4,2,Port,0,1.0
RNT02574,EQRR1002,CUS002,OP115,SITE002,2025-04-04,2025-06-03,2025-06-02,60,Completed,4,4,4,2,Highway,0,1.0
RNT02575,EQWL1001,CUS018,OP139,SITE018,2025-04-04,2025-04-07,2025-04-13,3,Completed,4,4,4,2,Highway,6,1.0
RNT02576,EQDT1005,CUS007,OP136,SITE007,2025-04-04,2025-05-31,2025-05-30,57,Completed,4,4,4,2,Industrial,0,1.0
RNT02577,EQSS1006,CUS028,OP180,SITE018,2025-04-05,2025-04-15,2025-04-23,10,Completed,4,5,5,2,Highway,8,1.0
RNT02578,EQFL1007,CUS046,OP156,SITE006,2025-04-05,2025-04-13,2025-04-15,8,Completed,4,5,5,2,Port,2,1.0
RNT02579,EQBD1028,CUS030,OP123,SITE010,2025-04-05,2025-04-15,2025-04-11,10,Completed,4,5,5,2,Industrial,0,1.0
RNT02580,EQFL1010,CUS040,OP125,SITE020,2025-04-06,2025-04-08,2025-04-08,2,Completed,4,6,6,2,Metro Rail,0,1.0
RNT02581,EQWL1011,CUS060,OP105,SITE020,2025-04-06,2025-04-12,2025-04-12,6,Completed,4,6,6,2,Metro Rail,0,0.0
RNT02582,EQDT1008,CUS009,OP131,SITE009,2025-04-06,2025-04-19,2025-04-19,13,Completed,4,6,6,2,Highway,0,0.0
RNT02583,EQEX1025,CUS021,OP179,SITE001,2025-04-06,2025-04-18,2025-04-19,12,Completed,4,6,6,2,Metro Rail,1,1.0
RNT02584,EQBD1011,CUS026,OP130,SITE006,2025-04-06,2025-04-13,2025-04-12,7,Completed,4,6,6,2,Port,0,1.0
RNT02585,EQFL1001,CUS021,OP147,SITE001,2025-04-06,2025-04-14,2025-04-14,8,Completed,4,6,6,2,Metro Rail,0,1.0
RNT02586,EQEX1038,CUS059,OP175,SITE019,2025-04-07,2025-04-14,2025-04-14,7,Completed,4,0,7,2,Port,0,1.0
RNT02587,EQEX1004,CUS067,OP157,SITE007,2025-04-07,2025-04-12,2025-04-12,5,Completed,4,0,7,2,Industrial,0,1.0
RNT02588,EQRR1011,CUS065,OP159,SITE005,2025-04-08,2025-04-26,2025-05-05,18,Completed,4,1,8,2,Airport,9,1.0
RNT02589,EQBD1015,CUS058,OP163,SITE018,2025-04-08,2025-04-28,2025-04-28,20,Completed,4,1,8,2,Highway,0,1.0
RNT02590,EQEX1041,CUS071,OP174,SITE011,2025-04-08,2025-04-14,2025-04-14,6,Completed,4,1,8,2,Residential,0,1.0
RNT02591,EQFL1012,CUS034,OP176,SITE014,2025-04-08,2025-04-12,2025-04-11,4,Completed,4,1,8,2,Railway,0,1.0
RNT02592,EQEX1005,CUS075,OP151,SITE015,2025-04-08,2025-05-04,2025-05-05,26,Completed,4,1,8,2,Water Infrastructure,1,0.0
RNT02593,EQDT1009,CUS011,OP130,SITE011,2025-04-08,2025-04-17,2025-04-16,9,Completed,4,1,8,2,Residential,0,0.0
RNT02594,EQWL1019,CUS055,OP115,SITE015,2025-04-08,2025-04-27,2025-04-28,19,Completed,4,1,8,2,Water Infrastructure,1,1.0
RNT02595,EQDT1012,CUS010,OP109,SITE010,2025-04-08,2025-05-02,2025-05-04,24,Completed,4,1,8,2,Industrial,2,1.0
RNT02596,EQEX1018,CUS035,OP137,SITE015,2025-04-09,2025-05-02,2025-05-02,23,Completed,4,2,9,2,Water Infrastructure,0,0.0
RNT02597,EQGR1008,CUS058,OP161,SITE018,2025-04-09,2025-05-01,2025-05-10,22,Completed,4,2,9,2,Highway,9,1.0
RNT02598,EQGR1013,CUS065,OP147,SITE005,2025-04-09,2025-04-24,2025-04-28,15,Completed,4,2,9,2,Airport,4,0.0
RNT02599,EQFL1006,CUS016,OP170,SITE016,2025-04-09,2025-04-17,2025-04-17,8,Completed,4,2,9,2,Commercial,0,1.0
RNT02600,EQBD1016,CUS046,OP162,SITE006,2025-04-09,2025-05-07,2025-05-08,28,Completed,4,2,9,2,Port,1,1.0
RNT02601,EQDT1012,CUS037,OP174,SITE017,2025-04-10,2025-05-06,2025-05-06,26,Completed,4,3,10,2,Bridge,0,1.0
RNT02602,EQWL1020,CUS058,OP120,SITE009,2025-04-10,2025-04-21,2025-04-26,11,Completed,4,3,10,2,Highway,5,0.0
RNT02603,EQGR1014,CUS061,OP159,SITE001,2025-04-10,2025-04-29,2025-04-30,19,Completed,4,3,10,2,Metro Rail,1,0.0
RNT02604,EQBK1015,CUS009,OP156,SITE009,2025-04-10,2025-04-14,2025-04-13,4,Completed,4,3,10,2,Highway,0,1.0
RNT02605,EQBK1014,CUS022,OP103,SITE002,2025-04-10,2025-04-18,2025-04-18,8,Completed,4,3,10,2,Highway,0,1.0
RNT02606,EQBK1009,CUS020,OP136,SITE020,2025-04-11,2025-04-16,2025-04-21,5,Completed,4,4,11,2,Metro Rail,5,0.0
RNT02607,EQBD1003,CUS019,OP141,SITE019,2025-04-11,2025-04-29,2025-04-30,18,Completed,4,4,11,2,Port,1,1.0
RNT02608,EQGR1001,CUS053,OP122,SITE013,2025-04-11,2025-05-06,2025-05-07,25,Completed,4,4,11,2,Energy,1,1.0
RNT02609,EQEX1002,CUS034,OP126,SITE014,2025-04-11,2025-05-02,2025-05-03,21,Completed,4,4,11,2,Railway,1,1.0
RNT02610,EQFL1007,CUS049,OP170,SITE009,2025-04-11,2025-04-21,2025-04-21,10,Completed,4,4,11,2,Highway,0,1.0
RNT02611,EQEX1044,CUS017,OP130,SITE012,2025-04-11,2025-05-04,2025-05-05,23,Completed,4,4,11,2,Energy,1,1.0
RNT02612,EQEX1043,CUS041,OP169,SITE001,2025-04-11,2025-04-16,2025-04-16,5,Completed,4,4,11,2,Metro Rail,0,1.0
RNT02613,EQDT1009,CUS062,OP175,SITE002,2025-04-11,2025-04-25,2025-04-24,14,Completed,4,4,11,2,Highway,0,1.0
RNT02614,EQRR1014,CUS061,OP173,SITE001,2025-04-12,2025-04-21,2025-04-20,9,Completed,4,5,12,2,Metro Rail,0,1.0
RNT02615,EQEX1010,CUS040,OP114,SITE020,2025-04-12,2025-04-18,2025-04-18,6,Completed,4,5,12,2,Metro Rail,0,1.0
RNT02616,EQSS1009,CUS058,OP147,SITE018,2025-04-12,2025-04-15,2025-04-14,3,Completed,4,5,12,2,Highway,0,1.0
RNT02617,EQEX1019,CUS026,OP106,SITE006,2025-04-12,2025-05-01,2025-05-01,19,Completed,4,5,12,2,Port,0,1.0
RNT02618,EQSS1011,CUS011,OP110,SITE011,2025-04-13,2025-04-21,2025-04-21,8,Completed,4,6,13,2,Residential,0,1.0
RNT02619,EQWL1024,CUS059,OP135,SITE019,2025-04-13,2025-04-17,2025-04-25,4,Completed,4,6,13,2,Port,8,0.0
RNT02620,EQFL1005,CUS029,OP177,SITE009,2025-04-13,2025-04-23,2025-04-23,10,Completed,4,6,13,2,Highway,0,1.0
RNT02621,EQWL1024,CUS058,OP134,SITE018,2025-04-14,2025-04-21,2025-04-22,7,Completed,4,0,14,2,Highway,1,1.0
RNT02622,EQRR1014,CUS050,OP175,SITE011,2025-04-14,2025-04-19,2025-04-19,5,Completed,4,0,14,2,Residential,0,1.0
RNT02623,EQGR1019,CUS019,OP104,SITE019,2025-04-14,2025-05-06,2025-05-06,22,Completed,4,0,14,2,Port,0,1.0
RNT02624,EQFL1011,CUS039,OP134,SITE019,2025-04-14,2025-04-24,2025-04-25,10,Completed,4,0,14,2,Port,1,0.0
RNT02625,EQGR1005,CUS056,OP166,SITE016,2025-04-14,2025-05-02,2025-05-02,18,Completed,4,0,14,2,Commercial,0,1.0
RNT02626,EQBD1007,CUS074,OP103,SITE014,2025-04-14,2025-04-21,2025-04-20,7,Completed,4,0,14,2,Railway,0,1.0
RNT02627,EQSS1004,CUS020,OP139,SITE020,2025-04-15,2025-04-17,2025-04-20,2,Completed,4,1,15,2,Metro Rail,3,0.0
RNT02628,EQBK1010,CUS049,OP109,SITE009,2025-04-15,2025-05-01,2025-05-07,16,Completed,4,1,15,2,Highway,6,1.0
RNT02629,EQGR1018,CUS030,OP156,SITE010,2025-04-15,2025-04-23,2025-04-22,8,Completed,4,1,15,2,Industrial,0,1.0
RNT02630,EQBK1015,CUS020,OP171,SITE020,2025-04-15,2025-04-30,2025-04-27,15,Completed,4,1,15,2,Metro Rail,0,0.0
RNT02631,EQEX1023,CUS005,OP170,SITE005,2025-04-16,2025-05-12,2025-05-19,26,Completed,4,2,16,2,Airport,7,1.0
RNT02632,EQBD1029,CUS001,OP168,SITE001,2025-04-16,2025-05-10,2025-05-10,24,Completed,4,2,16,2,Metro Rail,0,0.0
RNT02633,EQGR1001,CUS034,OP104,SITE014,2025-04-16,2025-05-14,2025-05-22,28,Completed,4,2,16,2,Railway,8,1.0
RNT02634,EQGR1001,CUS030,OP113,SITE010,2025-04-17,2025-04-27,2025-04-30,10,Completed,4,3,17,2,Industrial,3,1.0
RNT02635,EQSS1009,CUS050,OP138,SITE011,2025-04-17,2025-04-24,2025-04-28,7,Completed,4,3,17,2,Residential,4,1.0
RNT02636,EQWL1002,CUS065,OP118,SITE005,2025-04-17,2025-05-01,2025-05-05,14,Completed,4,3,17,2,Airport,4,0.0
RNT02637,EQDT1007,CUS026,OP155,SITE006,2025-04-17,2025-04-27,2025-04-26,10,Completed,4,3,17,2,Port,0,1.0
RNT02638,EQBK1005,CUS054,OP176,SITE014,2025-04-17,2025-04-22,2025-04-21,5,Completed,4,3,17,2,Railway,0,1.0
RNT02639,EQEX1029,CUS053,OP115,SITE013,2025-04-17,2025-04-29,2025-04-29,12,Completed,4,3,17,2,Energy,0,1.0
RNT02640,EQWL1008,CUS025,OP111,SITE005,2025-04-17,2025-04-26,2025-04-25,9,Completed,4,3,17,2,Airport,0,1.0
RNT02641,EQSS1008,CUS068,OP119,SITE008,2025-04-17,2025-04-20,2025-04-23,3,Completed,4,3,17,2,Energy,3,1.0
RNT02642,EQSS1010,CUS020,OP113,SITE020,2025-04-17,2025-04-27,2025-04-26,10,Completed,4,3,17,2,Metro Rail,0,1.0
RNT02643,EQEX1020,CUS014,OP111,SITE014,2025-04-17,2025-04-28,2025-04-27,11,Completed,4,3,17,2,Railway,0,1.0
RNT02644,EQEX1007,CUS009,OP146,SITE009,2025-04-17,2025-05-13,2025-05-21,26,Completed,4,3,17,2,Highway,8,1.0
RNT02645,EQEX1011,CUS021,OP144,SITE001,2025-04-17,2025-05-05,2025-05-05,18,Completed,4,3,17,2,Metro Rail,0,0.0
RNT02646,EQRR1012,CUS066,OP178,SITE006,2025-04-18,2025-05-06,2025-05-07,18,Completed,4,4,18,2,Port,1,1.0
RNT02647,EQBK1007,CUS029,OP165,SITE009,2025-04-18,2025-05-06,2025-05-05,18,Completed,4,4,18,2,Highway,0,1.0
RNT02648,EQWL1020,CUS033,OP135,SITE011,2025-04-18,2025-04-29,2025-05-08,11,Completed,4,4,18,2,Residential,9,0.0
RNT02649,EQSS1005,CUS054,OP121,SITE014,2025-04-19,2025-04-24,2025-04-23,5,Completed,4,5,19,2,Railway,0,1.0
RNT02650,EQSS1016,CUS056,OP172,SITE016,2025-04-19,2025-04-25,2025-04-25,6,Completed,4,5,19,2,Commercial,0,0.0
RNT02651,EQSS1018,CUS006,OP135,SITE006,2025-04-19,2025-04-29,2025-04-29,10,Completed,4,5,19,2,Port,0,1.0
RNT02652,EQGR1016,CUS068,OP124,SITE015,2025-04-19,2025-05-14,2025-05-15,25,Completed,4,5,19,2,Water Infrastructure,1,1.0
RNT02653,EQGR1005,CUS069,OP166,SITE009,2025-04-20,2025-05-07,2025-05-08,17,Completed,4,6,20,2,Highway,1,1.0
RNT02654,EQEX1040,CUS022,OP132,SITE002,2025-04-20,2025-05-12,2025-05-19,22,Completed,4,6,20,2,Highway,7,1.0
RNT02655,EQEX1016,CUS009,OP120,SITE009,2025-04-20,2025-05-14,2025-05-13,24,Completed,4,6,20,2,Highway,0,1.0
RNT02656,EQEX1001,CUS018,OP107,SITE015,2025-04-20,2025-05-13,2025-05-13,23,Completed,4,6,20,2,Water Infrastructure,0,0.0
RNT02657,EQEX1019,CUS074,OP131,SITE014,2025-04-21,2025-05-02,2025-05-02,11,Completed,4,0,21,2,Railway,0,1.0
RNT02658,EQSS1016,CUS025,OP173,SITE005,2025-04-21,2025-04-27,2025-04-26,6,Completed,4,0,21,2,Airport,0,1.0
RNT02659,EQBK1008,CUS036,OP106,SITE016,2025-04-21,2025-05-08,2025-05-08,17,Completed,4,0,21,2,Commercial,0,1.0
RNT02660,EQEX1025,CUS033,OP147,SITE013,2025-04-22,2025-05-20,2025-05-25,28,Completed,4,1,22,2,Energy,5,1.0
RNT02661,EQFL1005,CUS039,OP132,SITE019,2025-04-22,2025-04-25,2025-04-25,3,Completed,4,1,22,2,Port,0,1.0
RNT02662,EQEX1027,CUS018,OP112,SITE018,2025-04-22,2025-05-18,2025-05-18,26,Completed,4,1,22,2,Highway,0,0.0
RNT02663,EQWL1010,CUS049,OP133,SITE009,2025-04-22,2025-04-26,2025-04-26,4,Completed,4,1,22,2,Highway,0,0.0
RNT02664,EQDT1002,CUS002,OP162,SITE002,2025-04-23,2025-05-14,2025-05-19,21,Completed,4,2,23,2,Highway,5,1.0
RNT02665,EQEX1010,CUS062,OP163,SITE002,2025-04-23,2025-05-04,2025-05-04,11,Completed,4,2,23,2,Highway,0,1.0
RNT02666,EQEX1003,CUS066,OP177,SITE006,2025-04-23,2025-05-13,2025-05-13,20,Completed,4,2,23,2,Port,0,1.0
RNT02667,EQBD1001,CUS069,OP158,SITE009,2025-04-23,2025-05-13,2025-05-13,20,Completed,4,2,23,2,Highway,0,1.0
RNT02668,EQSS1006,CUS033,OP116,SITE007,2025-04-23,2025-05-03,2025-05-03,10,Completed,4,2,23,2,Industrial,0,1.0
RNT02669,EQDT1003,CUS066,OP117,SITE006,2025-04-23,2025-05-17,2025-05-17,24,Completed,4,2,23,2,Port,0,1.0
RNT02670,EQBK1008,CUS066,OP120,SITE006,2025-04-24,2025-05-11,2025-05-16,17,Completed,4,3,24,2,Port,5,1.0
RNT02671,EQBD1014,CUS044,OP159,SITE004,2025-04-24,2025-05-05,2025-05-05,11,Completed,4,3,24,2,Smart City,0,1.0
RNT02672,EQEX1027,CUS019,OP103,SITE019,2025-04-24,2025-05-18,2025-05-18,24,Completed,4,3,24,2,Port,0,1.0
RNT02673,EQEX1027,CUS049,OP145,SITE009,2025-04-24,2025-06-14,2025-06-15,51,Completed,4,3,24,2,Highway,1,0.0
RNT02674,EQWL1023,CUS034,OP120,SITE014,2025-04-24,2025-04-27,2025-04-26,3,Completed,4,3,24,2,Railway,0,0.0
RNT02675,EQEX1029,CUS002,OP166,SITE002,2025-04-24,2025-04-25,2025-04-25,1,Completed,4,3,24,2,Highway,0,1.0
RNT02676,EQSS1013,CUS028,OP152,SITE008,2025-04-24,2025-04-29,2025-04-29,5,Completed,4,3,24,2,Energy,0,0.0
RNT02677,EQBD1001,CUS029,OP105,SITE009,2025-04-25,2025-05-03,2025-05-03,8,Completed,4,4,25,2,Highway,0,1.0
RNT02678,EQBD1016,CUS050,OP162,SITE011,2025-04-25,2025-05-19,2025-05-19,24,Completed,4,4,25,2,Residential,0,1.0
RNT02679,EQDT1003,CUS029,OP151,SITE009,2025-04-25,2025-05-19,2025-05-26,24,Completed,4,4,25,2,Highway,7,1.0
RNT02680,EQRR1006,CUS059,OP134,SITE012,2025-04-25,2025-05-12,2025-05-11,17,Completed,4,4,25,2,Energy,0,1.0
RNT02681,EQEX1006,CUS014,OP169,SITE007,2025-04-25,2025-05-19,2025-05-17,24,Completed,4,4,25,2,Industrial,0,1.0
RNT02682,EQRR1010,CUS050,OP180,SITE011,2025-04-25,2025-05-05,2025-05-05,10,Completed,4,4,25,2,Residential,0,1.0
RNT02683,EQSS1001,CUS033,OP143,SITE013,2025-04-26,2025-05-02,2025-04-29,6,Completed,4,5,26,2,Energy,0,1.0
RNT02684,EQSS1013,CUS029,OP122,SITE009,2025-04-26,2025-05-01,2025-05-01,5,Completed,4,5,26,2,Highway,0,1.0
RNT02685,EQEX1030,CUS027,OP136,SITE007,2025-04-26,2025-05-14,2025-05-18,18,Completed,4,5,26,2,Industrial,4,1.0
RNT02686,EQEX1011,CUS025,OP104,SITE005,2025-04-27,2025-05-02,2025-05-08,5,Completed,4,6,27,2,Airport,6,1.0
RNT02687,EQEX1021,CUS002,OP111,SITE019,2025-04-27,2025-05-04,2025-05-04,7,Completed,4,6,27,2,Port,0,1.0
RNT02688,EQRR1014,CUS059,OP147,SITE019,2025-04-27,2025-05-09,2025-05-09,12,Completed,4,6,27,2,Port,0,1.0
RNT02689,EQRR1007,CUS053,OP174,SITE013,2025-04-27,2025-05-06,2025-05-06,9,Completed,4,6,27,2,Energy,0,1.0
RNT02690,EQDT1002,CUS039,OP118,SITE019,2025-04-27,2025-05-23,2025-05-23,26,Completed,4,6,27,2,Port,0,0.0
RNT02691,EQGR1010,CUS057,OP174,SITE017,2025-04-27,2025-05-18,2025-05-18,21,Completed,4,6,27,2,Bridge,0,1.0
RNT02692,EQWL1021,CUS059,OP123,SITE019,2025-04-27,2025-05-10,2025-05-10,13,Completed,4,6,27,2,Port,0,0.0
RNT02693,EQDT1011,CUS069,OP143,SITE009,2025-04-28,2025-05-07,2025-05-07,9,Completed,4,0,28,2,Highway,0,1.0
RNT02694,EQEX1046,CUS050,OP154,SITE011,2025-04-28,2025-05-17,2025-05-22,19,Completed,4,0,28,2,Residential,5,1.0
RNT02695,EQEX1029,CUS030,OP150,SITE010,2025-04-28,2025-05-19,2025-05-18,21,Completed,4,0,28,2,Industrial,0,1.0
RNT02696,EQDT1001,CUS016,OP172,SITE004,2025-04-28,2025-05-13,2025-05-13,15,Completed,4,0,28,2,Smart City,0,1.0
RNT02697,EQFL1008,CUS070,OP108,SITE010,2025-04-28,2025-05-06,2025-05-07,8,Completed,4,0,28,2,Industrial,1,0.0
RNT02698,EQRR1008,CUS026,OP152,SITE006,2025-04-28,2025-05-04,2025-05-08,6,Completed,4,0,28,2,Port,4,1.0
RNT02699,EQBK1007,CUS072,OP145,SITE012,2025-04-29,2025-05-17,2025-05-20,18,Completed,4,1,29,2,Energy,3,1.0
RNT02700,EQRR1004,CUS063,OP164,SITE003,2025-04-29,2025-05-03,2025-05-02,4,Completed,4,1,29,2,Commercial,0,1.0
RNT02701,EQFL1012,CUS009,OP106,SITE009,2025-04-29,2025-05-04,2025-05-05,5,Completed,4,1,29,2,Highway,1,1.0
RNT02702,EQBD1018,CUS058,OP103,SITE018,2025-04-29,2025-05-10,2025-05-07,11,Completed,4,1,29,2,Highway,0,0.0
RNT02703,EQSS1004,CUS038,OP133,SITE018,2025-04-29,2025-05-08,2025-05-07,9,Completed,4,1,29,2,Highway,0,1.0
RNT02704,EQWL1008,CUS009,OP132,SITE009,2025-04-29,2025-05-16,2025-05-15,17,Completed,4,1,29,2,Highway,0,1.0
RNT02705,EQBD1028,CUS033,OP124,SITE013,2025-04-29,2025-05-27,2025-05-26,28,Completed,4,1,29,2,Energy,0,1.0
RNT02706,EQWL1004,CUS054,OP180,SITE015,2025-04-30,2025-05-07,2025-05-14,7,Completed,4,2,30,2,Water Infrastructure,7,1.0
RNT02707,EQSS1007,CUS068,OP152,SITE005,2025-04-30,2025-05-07,2025-05-10,7,Completed,4,2,30,2,Airport,3,1.0
RNT02708,EQBK1004,CUS053,OP116,SITE013,2025-04-30,2025-05-03,2025-05-05,3,Completed,4,2,30,2,Energy,2,1.0
RNT02709,EQGR1003,CUS062,OP148,SITE002,2025-04-30,2025-05-08,2025-05-07,8,Completed,4,2,30,2,Highway,0,1.0
RNT02710,EQBD1029,CUS059,OP143,SITE019,2025-04-30,2025-05-17,2025-05-18,17,Completed,4,2,30,2,Port,1,1.0
RNT02711,EQGR1011,CUS075,OP133,SITE015,2025-05-01,2025-05-17,2025-05-17,16,Completed,5,3,1,2,Water Infrastructure,0,1.0
RNT02712,EQBD1005,CUS031,OP163,SITE011,2025-05-01,2025-05-07,2025-05-07,6,Completed,5,3,1,2,Residential,0,1.0
RNT02713,EQBD1006,CUS050,OP174,SITE011,2025-05-01,2025-05-06,2025-05-06,5,Completed,5,3,1,2,Residential,0,1.0
RNT02714,EQGR1009,CUS007,OP173,SITE007,2025-05-01,2025-05-12,2025-05-11,11,Completed,5,3,1,2,Industrial,0,1.0
RNT02715,EQFL1001,CUS017,OP149,SITE017,2025-05-01,2025-05-06,2025-05-11,5,Completed,5,3,1,2,Bridge,5,1.0
RNT02716,EQEX1038,CUS029,OP117,SITE004,2025-05-01,2025-05-14,2025-05-15,13,Completed,5,3,1,2,Smart City,1,1.0
RNT02717,EQBK1016,CUS007,OP179,SITE007,2025-05-01,2025-05-11,2025-05-10,10,Completed,5,3,1,2,Industrial,0,1.0
RNT02718,EQGR1012,CUS046,OP144,SITE006,2025-05-01,2025-05-17,2025-05-16,16,Completed,5,3,1,2,Port,0,1.0
RNT02719,EQBK1003,CUS015,OP150,SITE015,2025-05-02,2025-05-11,2025-05-11,9,Completed,5,4,2,2,Water Infrastructure,0,1.0
RNT02720,EQBK1002,CUS038,OP165,SITE018,2025-05-02,2025-05-14,2025-05-13,12,Completed,5,4,2,2,Highway,0,1.0
RNT02721,EQSS1013,CUS073,OP148,SITE020,2025-05-02,2025-05-12,2025-05-12,10,Completed,5,4,2,2,Metro Rail,0,1.0
RNT02722,EQSS1015,CUS050,OP102,SITE011,2025-05-02,2025-05-11,2025-05-17,9,Completed,5,4,2,2,Residential,6,1.0
RNT02723,EQBD1008,CUS065,OP110,SITE005,2025-05-02,2025-05-23,2025-05-23,21,Completed,5,4,2,2,Airport,0,1.0
RNT02724,EQFL1012,CUS066,OP142,SITE006,2025-05-03,2025-05-12,2025-05-11,9,Completed,5,5,3,2,Port,0,1.0
RNT02725,EQEX1026,CUS054,OP180,SITE014,2025-05-03,2025-05-27,2025-06-05,24,Completed,5,5,3,2,Railway,9,1.0
RNT02726,EQEX1031,CUS046,OP125,SITE006,2025-05-03,2025-05-23,2025-05-23,20,Completed,5,5,3,2,Port,0,1.0
RNT02727,EQRR1006,CUS031,OP177,SITE011,2025-05-03,2025-05-07,2025-05-07,4,Completed,5,5,3,2,Residential,0,1.0
RNT02728,EQGR1014,CUS061,OP131,SITE001,2025-05-04,2025-05-12,2025-05-12,8,Completed,5,6,4,2,Metro Rail,0,1.0
RNT02729,EQBD1027,CUS008,OP156,SITE008,2025-05-05,2025-06-21,2025-06-23,47,Completed,5,0,5,2,Energy,2,1.0
RNT02730,EQWL1021,CUS005,OP136,SITE005,2025-05-05,2025-05-19,2025-05-18,14,Completed,5,0,5,2,Airport,0,1.0
RNT02731,EQDT1005,CUS006,OP102,SITE006,2025-05-05,2025-05-26,2025-05-30,21,Completed,5,0,5,2,Port,4,0.0
RNT02732,EQSS1012,CUS023,OP162,SITE003,2025-05-06,2025-05-12,2025-05-12,6,Completed,5,1,6,2,Commercial,0,1.0
RNT02733,EQFL1006,CUS015,OP148,SITE015,2025-05-06,2025-05-13,2025-05-22,7,Completed,5,1,6,2,Water Infrastructure,9,1.0
RNT02734,EQEX1004,CUS044,OP167,SITE004,2025-05-06,2025-05-22,2025-05-22,16,Completed,5,1,6,2,Smart City,0,1.0
RNT02735,EQBD1002,CUS071,OP171,SITE011,2025-05-06,2025-05-27,2025-05-27,21,Completed,5,1,6,2,Residential,0,1.0
RNT02736,EQBD1016,CUS009,OP158,SITE009,2025-05-06,2025-05-19,2025-05-18,13,Completed,5,1,6,2,Highway,0,1.0
RNT02737,EQBK1013,CUS069,OP136,SITE009,2025-05-06,2025-05-09,2025-05-09,3,Completed,5,1,6,2,Highway,0,1.0
RNT02738,EQGR1009,CUS066,OP131,SITE006,2025-05-06,2025-06-03,2025-06-04,28,Completed,5,1,6,2,Port,1,1.0
RNT02739,EQSS1013,CUS018,OP107,SITE018,2025-05-06,2025-05-12,2025-05-12,6,Completed,5,1,6,2,Highway,0,0.0
RNT02740,EQSS1013,CUS045,OP135,SITE005,2025-05-07,2025-05-10,2025-05-10,3,Completed,5,2,7,2,Airport,0,1.0
RNT02741,EQWL1007,CUS031,OP164,SITE011,2025-05-07,2025-05-18,2025-05-18,11,Completed,5,2,7,2,Residential,0,1.0
RNT02742,EQGR1004,CUS019,OP170,SITE018,2025-05-07,2025-05-16,2025-05-21,9,Completed,5,2,7,2,Highway,5,0.0
RNT02743,EQBK1014,CUS038,OP123,SITE010,2025-05-07,2025-05-21,2025-05-21,14,Completed,5,2,7,2,Industrial,0,1.0
RNT02744,EQEX1014,CUS045,OP124,SITE005,2025-05-07,2025-05-25,2025-05-25,18,Completed,5,2,7,2,Airport,0,0.0
RNT02745,EQBD1004,CUS033,OP177,SITE013,2025-05-07,2025-06-28,2025-06-27,52,Completed,5,2,7,2,Energy,0,1.0
RNT02746,EQSS1007,CUS043,OP102,SITE010,2025-05-07,2025-05-17,2025-05-17,10,Completed,5,2,7,2,Industrial,0,0.0
RNT02747,EQDT1011,CUS005,OP114,SITE005,2025-05-07,2025-05-18,2025-05-19,11,Completed,5,2,7,2,Airport,1,1.0
RNT02748,EQEX1023,CUS009,OP116,SITE009,2025-05-08,2025-05-21,2025-05-26,13,Completed,5,3,8,2,Highway,5,1.0
RNT02749,EQBD1005,CUS025,OP136,SITE005,2025-05-08,2025-05-24,2025-06-01,16,Completed,5,3,8,2,Airport,8,1.0
RNT02750,EQEX1033,CUS022,OP123,SITE002,2025-05-08,2025-05-15,2025-05-19,7,Completed,5,3,8,2,Highway,4,1.0
RNT02751,EQWL1008,CUS032,OP154,SITE012,2025-05-08,2025-05-13,2025-05-13,5,Completed,5,3,8,2,Energy,0,1.0
RNT02752,EQGR1004,CUS020,OP113,SITE020,2025-05-08,2025-05-20,2025-05-20,12,Completed,5,3,8,2,Metro Rail,0,1.0
RNT02753,EQGR1017,CUS041,OP150,SITE016,2025-05-08,2025-05-29,2025-05-29,21,Completed,5,3,8,2,Commercial,0,1.0
RNT02754,EQRR1001,CUS066,OP111,SITE015,2025-05-08,2025-05-11,2025-05-11,3,Completed,5,3,8,2,Water Infrastructure,0,1.0
RNT02755,EQEX1031,CUS006,OP133,SITE006,2025-05-08,2025-05-13,2025-05-14,5,Completed,5,3,8,2,Port,1,1.0
RNT02756,EQBK1005,CUS021,OP140,SITE008,2025-05-08,2025-05-13,2025-05-22,5,Completed,5,3,8,2,Energy,9,1.0
RNT02757,EQWL1020,CUS027,OP138,SITE007,2025-05-09,2025-06-29,2025-06-25,51,Completed,5,4,9,2,Industrial,0,0.0
RNT02758,EQBD1026,CUS073,OP132,SITE013,2025-05-09,2025-06-02,2025-06-03,24,Completed,5,4,9,2,Energy,1,1.0
RNT02759,EQBD1019,CUS014,OP138,SITE014,2025-05-09,2025-05-14,2025-05-14,5,Completed,5,4,9,2,Railway,0,0.0
RNT02760,EQBK1010,CUS006,OP160,SITE017,2025-05-09,2025-05-29,2025-05-29,20,Completed,5,4,9,2,Bridge,0,1.0
RNT02761,EQSS1011,CUS073,OP161,SITE013,2025-05-09,2025-05-16,2025-05-18,7,Completed,5,4,9,2,Energy,2,1.0
RNT02762,EQEX1002,CUS021,OP102,SITE001,2025-05-09,2025-05-29,2025-05-29,20,Completed,5,4,9,2,Metro Rail,0,1.0
RNT02763,EQEX1003,CUS020,OP162,SITE020,2025-05-10,2025-06-06,2025-06-11,27,Completed,5,5,10,2,Metro Rail,5,1.0
RNT02764,EQWL1016,CUS020,OP178,SITE018,2025-05-10,2025-05-17,2025-05-16,7,Completed,5,5,10,2,Highway,0,1.0
RNT02765,EQWL1008,CUS071,OP160,SITE011,2025-05-10,2025-05-16,2025-05-22,6,Completed,5,5,10,2,Residential,6,1.0
RNT02766,EQGR1015,CUS042,OP123,SITE002,2025-05-11,2025-05-26,2025-06-05,15,Completed,5,6,11,2,Highway,10,1.0
RNT02767,EQWL1019,CUS053,OP143,SITE016,2025-05-11,2025-05-30,2025-05-30,19,Completed,5,6,11,2,Commercial,0,0.0
RNT02768,EQEX1037,CUS001,OP168,SITE001,2025-05-11,2025-05-20,2025-05-29,9,Completed,5,6,11,2,Metro Rail,9,1.0
RNT02769,EQBD1002,CUS049,OP155,SITE009,2025-05-11,2025-05-16,2025-05-24,5,Completed,5,6,11,2,Highway,8,1.0
RNT02770,EQEX1019,CUS022,OP112,SITE002,2025-05-11,2025-05-16,2025-05-23,5,Completed,5,6,11,2,Highway,7,1.0
RNT02771,EQBK1017,CUS046,OP103,SITE006,2025-05-11,2025-05-23,2025-05-23,12,Completed,5,6,11,2,Port,0,1.0
RNT02772,EQBD1030,CUS003,OP148,SITE003,2025-05-11,2025-05-17,2025-05-16,6,Completed,5,6,11,2,Commercial,0,1.0
RNT02773,EQFL1006,CUS010,OP145,SITE010,2025-05-11,2025-05-18,2025-05-18,7,Completed,5,6,11,2,Industrial,0,1.0
RNT02774,EQBK1007,CUS057,OP147,SITE017,2025-05-12,2025-05-18,2025-05-17,6,Completed,5,0,12,2,Bridge,0,1.0
RNT02775,EQSS1003,CUS056,OP134,SITE016,2025-05-12,2025-05-15,2025-05-14,3,Completed,5,0,12,2,Commercial,0,1.0
RNT02776,EQEX1048,CUS048,OP140,SITE008,2025-05-12,2025-06-05,2025-06-04,24,Completed,5,0,12,2,Energy,0,1.0
RNT02777,EQRR1008,CUS041,OP128,SITE001,2025-05-13,2025-05-17,2025-05-22,4,Completed,5,1,13,2,Metro Rail,5,1.0
RNT02778,EQBK1014,CUS001,OP119,SITE001,2025-05-13,2025-05-23,2025-05-24,10,Completed,5,1,13,2,Metro Rail,1,0.0
RNT02779,EQRR1002,CUS009,OP166,SITE009,2025-05-13,2025-05-17,2025-05-17,4,Completed,5,1,13,2,Highway,0,1.0
RNT02780,EQSS1006,CUS045,OP108,SITE005,2025-05-13,2025-05-15,2025-05-15,2,Completed,5,1,13,2,Airport,0,1.0
RNT02781,EQGR1017,CUS065,OP122,SITE005,2025-05-13,2025-05-21,2025-05-22,8,Completed,5,1,13,2,Airport,1,1.0
RNT02782,EQDT1004,CUS022,OP172,SITE002,2025-05-13,2025-05-31,2025-06-01,18,Completed,5,1,13,2,Highway,1,0.0
RNT02783,EQEX1014,CUS045,OP108,SITE005,2025-05-13,2025-05-26,2025-05-27,13,Completed,5,1,13,2,Airport,1,1.0
RNT02784,EQBK1005,CUS050,OP110,SITE011,2025-05-13,2025-05-19,2025-05-20,6,Completed,5,1,13,2,Residential,1,1.0
RNT02785,EQEX1001,CUS050,OP123,SITE011,2025-05-13,2025-06-01,2025-06-09,19,Completed,5,1,13,2,Residential,8,1.0
RNT02786,EQGR1017,CUS065,OP107,SITE005,2025-05-14,2025-05-31,2025-05-31,17,Completed,5,2,14,2,Airport,0,1.0
RNT02787,EQWL1020,CUS020,OP101,SITE020,2025-05-14,2025-05-22,2025-05-20,8,Completed,5,2,14,2,Metro Rail,0,1.0
RNT02788,EQWL1004,CUS026,OP131,SITE006,2025-05-14,2025-05-24,2025-05-24,10,Completed,5,2,14,2,Port,0,1.0
RNT02789,EQEX1018,CUS066,OP130,SITE006,2025-05-14,2025-06-08,2025-06-10,25,Completed,5,2,14,2,Port,2,1.0
RNT02790,EQBK1004,CUS009,OP123,SITE009,2025-05-14,2025-05-24,2025-05-27,10,Completed,5,2,14,2,Highway,3,1.0
RNT02791,EQRR1004,CUS006,OP110,SITE006,2025-05-14,2025-05-31,2025-05-28,17,Completed,5,2,14,2,Port,0,1.0
RNT02792,EQBD1005,CUS028,OP122,SITE008,2025-05-15,2025-06-06,2025-06-05,22,Completed,5,3,15,2,Energy,0,1.0
RNT02793,EQWL1007,CUS015,OP176,SITE015,2025-05-15,2025-05-19,2025-05-29,4,Completed,5,3,15,2,Water Infrastructure,10,1.0
RNT02794,EQBK1002,CUS012,OP159,SITE012,2025-05-15,2025-05-26,2025-05-26,11,Completed,5,3,15,2,Energy,0,0.0
RNT02795,EQWL1008,CUS006,OP139,SITE006,2025-05-15,2025-05-24,2025-05-23,9,Completed,5,3,15,2,Port,0,0.0
RNT02796,EQEX1030,CUS009,OP141,SITE009,2025-05-15,2025-05-25,2025-05-25,10,Completed,5,3,15,2,Highway,0,1.0
RNT02797,EQRR1008,CUS059,OP128,SITE019,2025-05-16,2025-05-19,2025-05-20,3,Completed,5,4,16,2,Port,1,1.0
RNT02798,EQSS1016,CUS024,OP172,SITE014,2025-05-16,2025-05-19,2025-05-19,3,Completed,5,4,16,2,Railway,0,1.0
RNT02799,EQGR1015,CUS066,OP121,SITE006,2025-05-16,2025-05-21,2025-05-21,5,Completed,5,4,16,2,Port,0,1.0
RNT02800,EQWL1004,CUS001,OP125,SITE001,2025-05-17,2025-05-30,2025-05-30,13,Completed,5,5,17,2,Metro Rail,0,1.0
RNT02801,EQBD1011,CUS070,OP164,SITE010,2025-05-17,2025-06-04,2025-06-03,18,Completed,5,5,17,2,Industrial,0,1.0
RNT02802,EQEX1043,CUS006,OP149,SITE006,2025-05-17,2025-06-04,2025-06-05,18,Completed,5,5,17,2,Port,1,0.0
RNT02803,EQBD1003,CUS074,OP116,SITE014,2025-05-18,2025-05-24,2025-05-23,6,Completed,5,6,18,2,Railway,0,1.0
RNT02804,EQBK1005,CUS012,OP159,SITE012,2025-05-18,2025-06-02,2025-05-30,15,Completed,5,6,18,2,Energy,0,0.0
RNT02805,EQSS1009,CUS032,OP153,SITE012,2025-05-18,2025-05-27,2025-05-27,9,Completed,5,6,18,2,Energy,0,1.0
RNT02806,EQBD1026,CUS001,OP108,SITE001,2025-05-18,2025-06-12,2025-06-12,25,Completed,5,6,18,2,Metro Rail,0,1.0
RNT02807,EQEX1018,CUS045,OP175,SITE006,2025-05-18,2025-06-07,2025-06-06,20,Completed,5,6,18,2,Port,0,1.0
RNT02808,EQGR1015,CUS013,OP129,SITE013,2025-05-18,2025-06-10,2025-06-09,23,Completed,5,6,18,2,Energy,0,1.0
RNT02809,EQBD1012,CUS020,OP174,SITE020,2025-05-19,2025-06-02,2025-06-01,14,Completed,5,0,19,2,Metro Rail,0,1.0
RNT02810,EQBD1023,CUS065,OP157,SITE005,2025-05-19,2025-05-26,2025-05-29,7,Completed,5,0,19,2,Airport,3,1.0
RNT02811,EQBD1001,CUS068,OP146,SITE011,2025-05-19,2025-06-11,2025-06-11,23,Completed,5,0,19,2,Residential,0,1.0
RNT02812,EQGR1019,CUS034,OP167,SITE014,2025-05-19,2025-06-01,2025-06-01,13,Completed,5,0,19,2,Railway,0,1.0
RNT02813,EQWL1021,CUS013,OP114,SITE013,2025-05-19,2025-05-30,2025-05-30,11,Completed,5,0,19,2,Energy,0,1.0
RNT02814,EQEX1005,CUS034,OP111,SITE014,2025-05-19,2025-06-16,2025-06-16,28,Completed,5,0,19,2,Railway,0,1.0
RNT02815,EQEX1043,CUS018,OP175,SITE018,2025-05-19,2025-06-04,2025-05-31,16,Completed,5,0,19,2,Highway,0,0.0
RNT02816,EQGR1015,CUS026,OP158,SITE006,2025-05-20,2025-06-09,2025-06-12,20,Completed,5,1,20,2,Port,3,1.0
RNT02817,EQSS1012,CUS038,OP135,SITE018,2025-05-20,2025-05-27,2025-06-04,7,Completed,5,1,20,2,Highway,8,1.0
RNT02818,EQEX1047,CUS002,OP114,SITE002,2025-05-20,2025-05-27,2025-05-26,7,Completed,5,1,20,2,Highway,0,1.0
RNT02819,EQRR1001,CUS022,OP114,SITE002,2025-05-20,2025-06-06,2025-06-06,17,Completed,5,1,20,2,Highway,0,1.0
RNT02820,EQEX1035,CUS050,OP138,SITE011,2025-05-20,2025-06-02,2025-05-31,13,Completed,5,1,20,2,Residential,0,1.0
RNT02821,EQGR1011,CUS003,OP165,SITE003,2025-05-21,2025-06-17,2025-06-16,27,Completed,5,2,21,2,Commercial,0,1.0
RNT02822,EQBK1010,CUS021,OP108,SITE001,2025-05-21,2025-06-03,2025-06-05,13,Completed,5,2,21,2,Metro Rail,2,0.0
RNT02823,EQBK1015,CUS049,OP179,SITE009,2025-05-21,2025-06-05,2025-06-05,15,Completed,5,2,21,2,Highway,0,1.0
RNT02824,EQFL1003,CUS074,OP137,SITE014,2025-05-22,2025-05-27,2025-05-26,5,Completed,5,3,22,2,Railway,0,1.0
RNT02825,EQEX1017,CUS031,OP132,SITE011,2025-05-22,2025-06-13,2025-06-18,22,Completed,5,3,22,2,Residential,5,1.0
RNT02826,EQFL1002,CUS050,OP129,SITE011,2025-05-22,2025-06-01,2025-06-01,10,Completed,5,3,22,2,Residential,0,1.0
RNT02827,EQEX1037,CUS020,OP152,SITE020,2025-05-22,2025-05-29,2025-06-02,7,Completed,5,3,22,2,Metro Rail,4,1.0
RNT02828,EQGR1013,CUS002,OP143,SITE002,2025-05-22,2025-05-29,2025-05-29,7,Completed,5,3,22,2,Highway,0,1.0
RNT02829,EQSS1014,CUS054,OP121,SITE014,2025-05-22,2025-05-30,2025-06-01,8,Completed,5,3,22,2,Railway,2,1.0
RNT02830,EQRR1004,CUS018,OP116,SITE018,2025-05-23,2025-06-09,2025-06-15,17,Completed,5,4,23,2,Highway,6,1.0
RNT02831,EQBD1018,CUS042,OP150,SITE002,2025-05-23,2025-06-16,2025-06-16,24,Completed,5,4,23,2,Highway,0,1.0
RNT02832,EQBD1024,CUS020,OP168,SITE020,2025-05-23,2025-06-16,2025-06-18,24,Completed,5,4,23,2,Metro Rail,2,1.0
RNT02833,EQEX1043,CUS002,OP128,SITE002,2025-05-23,2025-06-02,2025-06-02,10,Completed,5,4,23,2,Highway,0,1.0
RNT02834,EQSS1003,CUS006,OP108,SITE006,2025-05-24,2025-06-03,2025-06-03,10,Completed,5,5,24,2,Port,0,1.0
RNT02835,EQEX1009,CUS054,OP124,SITE014,2025-05-24,2025-05-30,2025-05-30,6,Completed,5,5,24,2,Railway,0,1.0
RNT02836,EQBD1023,CUS038,OP138,SITE018,2025-05-24,2025-06-20,2025-06-22,27,Completed,5,5,24,2,Highway,2,1.0
RNT02837,EQRR1007,CUS047,OP178,SITE007,2025-05-24,2025-05-27,2025-05-27,3,Completed,5,5,24,2,Industrial,0,1.0
RNT02838,EQGR1006,CUS012,OP150,SITE012,2025-05-24,2025-06-13,2025-06-10,20,Completed,5,5,24,2,Energy,0,1.0
RNT02839,EQBD1025,CUS025,OP147,SITE005,2025-05-25,2025-06-07,2025-06-08,13,Completed,5,6,25,2,Airport,1,0.0
RNT02840,EQBK1002,CUS037,OP109,SITE017,2025-05-25,2025-06-04,2025-06-04,10,Completed,5,6,25,2,Bridge,0,1.0
RNT02841,EQEX1042,CUS069,OP161,SITE009,2025-05-25,2025-06-15,2025-06-21,21,Completed,5,6,25,2,Highway,6,0.0
RNT02842,EQBK1016,CUS025,OP145,SITE005,2025-05-25,2025-06-09,2025-06-18,15,Completed,5,6,25,2,Airport,9,1.0
RNT02843,EQGR1008,CUS064,OP137,SITE004,2025-05-25,2025-06-16,2025-06-21,22,Completed,5,6,25,2,Smart City,5,1.0
RNT02844,EQBD1010,CUS001,OP152,SITE001,2025-05-25,2025-06-08,2025-06-07,14,Completed,5,6,25,2,Metro Rail,0,1.0
RNT02845,EQBK1009,CUS027,OP109,SITE007,2025-05-26,2025-06-08,2025-06-08,13,Completed,5,0,26,2,Industrial,0,1.0
RNT02846,EQDT1007,CUS018,OP102,SITE018,2025-05-26,2025-06-12,2025-06-12,17,Completed,5,0,26,2,Highway,0,1.0
RNT02847,EQBD1024,CUS034,OP141,SITE014,2025-05-26,2025-06-06,2025-06-13,11,Completed,5,0,26,2,Railway,7,1.0
RNT02848,EQWL1010,CUS030,OP110,SITE010,2025-05-27,2025-06-01,2025-06-01,5,Completed,5,1,27,2,Industrial,0,1.0
RNT02849,EQSS1012,CUS026,OP142,SITE005,2025-05-28,2025-05-30,2025-05-30,2,Completed,5,2,28,2,Airport,0,1.0
RNT02850,EQEX1005,CUS023,OP143,SITE003,2025-05-28,2025-06-13,2025-06-16,16,Completed,5,2,28,2,Commercial,3,1.0
RNT02851,EQGR1009,CUS001,OP160,SITE001,2025-05-28,2025-06-15,2025-06-15,18,Completed,5,2,28,2,Metro Rail,0,1.0
RNT02852,EQEX1039,CUS022,OP152,SITE002,2025-05-28,2025-06-15,2025-06-21,18,Completed,5,2,28,2,Highway,6,1.0
RNT02853,EQRR1013,CUS060,OP120,SITE020,2025-05-28,2025-06-07,2025-06-06,10,Completed,5,2,28,2,Metro Rail,0,1.0
RNT02854,EQRR1005,CUS020,OP168,SITE020,2025-05-28,2025-06-15,2025-06-15,18,Completed,5,2,28,2,Metro Rail,0,0.0
RNT02855,EQFL1006,CUS010,OP153,SITE010,2025-05-29,2025-06-06,2025-06-07,8,Completed,5,3,29,2,Industrial,1,0.0
RNT02856,EQBD1030,CUS029,OP170,SITE009,2025-05-29,2025-06-13,2025-06-14,15,Completed,5,3,29,2,Highway,1,1.0
RNT02857,EQEX1014,CUS010,OP180,SITE010,2025-05-29,2025-06-06,2025-06-11,8,Completed,5,3,29,2,Industrial,5,0.0
RNT02858,EQBD1026,CUS075,OP137,SITE015,2025-05-29,2025-06-04,2025-06-09,6,Completed,5,3,29,2,Water Infrastructure,5,1.0
RNT02859,EQEX1019,CUS021,OP106,SITE001,2025-05-29,2025-06-14,2025-06-15,16,Completed,5,3,29,2,Metro Rail,1,0.0
RNT02860,EQEX1042,CUS006,OP122,SITE006,2025-05-30,2025-06-10,2025-06-10,11,Completed,5,4,30,2,Port,0,1.0
RNT02861,EQSS1010,CUS058,OP154,SITE018,2025-05-30,2025-06-03,2025-06-02,4,Completed,5,4,30,2,Highway,0,1.0
RNT02862,EQDT1007,CUS037,OP122,SITE017,2025-05-30,2025-06-21,2025-06-22,22,Completed,5,4,30,2,Bridge,1,1.0
RNT02863,EQGR1009,CUS020,OP130,SITE020,2025-05-30,2025-06-25,2025-06-30,26,Completed,5,4,30,2,Metro Rail,5,1.0
RNT02864,EQEX1019,CUS001,OP165,SITE001,2025-05-30,2025-06-09,2025-06-09,10,Completed,5,4,30,2,Metro Rail,0,1.0
RNT02865,EQBK1014,CUS023,OP144,SITE003,2025-05-31,2025-06-05,2025-06-05,5,Completed,5,5,31,2,Commercial,0,1.0
RNT02866,EQBK1018,CUS002,OP107,SITE002,2025-05-31,2025-07-16,2025-07-21,46,Completed,5,5,31,2,Highway,5,1.0
RNT02867,EQSS1014,CUS023,OP174,SITE003,2025-05-31,2025-06-10,2025-06-19,10,Completed,5,5,31,2,Commercial,9,1.0
RNT02868,EQWL1016,CUS069,OP101,SITE009,2025-05-31,2025-06-16,2025-06-16,16,Completed,5,5,31,2,Highway,0,1.0
RNT02869,EQBK1013,CUS025,OP121,SITE005,2025-06-01,2025-06-20,2025-06-19,19,Completed,6,6,1,2,Airport,0,0.0
RNT02870,EQWL1014,CUS010,OP106,SITE014,2025-06-02,2025-06-20,2025-06-22,18,Completed,6,0,2,2,Railway,2,1.0
RNT02871,EQBK1009,CUS026,OP121,SITE006,2025-06-02,2025-06-19,2025-06-19,17,Completed,6,0,2,2,Port,0,1.0
RNT02872,EQEX1029,CUS043,OP154,SITE003,2025-06-02,2025-06-13,2025-06-13,11,Completed,6,0,2,2,Commercial,0,1.0
RNT02873,EQGR1002,CUS073,OP123,SITE013,2025-06-02,2025-06-29,2025-06-30,27,Completed,6,0,2,2,Energy,1,1.0
RNT02874,EQBK1015,CUS019,OP154,SITE019,2025-06-03,2025-06-08,2025-06-17,5,Completed,6,1,3,2,Port,9,1.0
RNT02875,EQBD1002,CUS039,OP164,SITE019,2025-06-03,2025-06-24,2025-06-25,21,Completed,6,1,3,2,Port,1,0.0
RNT02876,EQRR1002,CUS014,OP109,SITE001,2025-06-03,2025-06-23,2025-06-23,20,Completed,6,1,3,2,Metro Rail,0,1.0
RNT02877,EQRR1012,CUS066,OP172,SITE008,2025-06-04,2025-06-11,2025-06-11,7,Completed,6,2,4,2,Energy,0,1.0
RNT02878,EQBK1011,CUS042,OP176,SITE002,2025-06-04,2025-06-18,2025-06-18,14,Completed,6,2,4,2,Highway,0,1.0
RNT02879,EQEX1028,CUS009,OP115,SITE009,2025-06-04,2025-06-10,2025-06-10,6,Completed,6,2,4,2,Highway,0,1.0
RNT02880,EQWL1003,CUS061,OP101,SITE001,2025-06-04,2025-06-08,2025-06-15,4,Completed,6,2,4,2,Metro Rail,7,1.0
RNT02881,EQBD1015,CUS020,OP135,SITE020,2025-06-04,2025-06-27,2025-06-28,23,Completed,6,2,4,2,Metro Rail,1,1.0
RNT02882,EQEX1037,CUS008,OP103,SITE008,2025-06-04,2025-06-14,2025-06-14,10,Completed,6,2,4,2,Energy,0,1.0
RNT02883,EQDT1003,CUS021,OP130,SITE001,2025-06-04,2025-06-29,2025-06-29,25,Completed,6,2,4,2,Metro Rail,0,1.0
RNT02884,EQEX1033,CUS047,OP131,SITE007,2025-06-04,2025-06-18,2025-06-18,14,Completed,6,2,4,2,Industrial,0,1.0
RNT02885,EQGR1002,CUS041,OP142,SITE001,2025-06-05,2025-06-25,2025-06-24,20,Completed,6,3,5,2,Metro Rail,0,1.0
RNT02886,EQDT1004,CUS058,OP156,SITE018,2025-06-05,2025-06-11,2025-06-18,6,Completed,6,3,5,2,Highway,7,0.0
RNT02887,EQRR1014,CUS015,OP160,SITE015,2025-06-05,2025-06-14,2025-06-13,9,Completed,6,3,5,2,Water Infrastructure,0,1.0
RNT02888,EQBK1019,CUS045,OP132,SITE005,2025-06-05,2025-06-21,2025-06-21,16,Completed,6,3,5,2,Airport,0,1.0
RNT02889,EQEX1048,CUS058,OP176,SITE018,2025-06-05,2025-06-22,2025-06-22,17,Completed,6,3,5,2,Highway,0,1.0
RNT02890,EQRR1003,CUS022,OP144,SITE002,2025-06-06,2025-06-21,2025-06-21,15,Completed,6,4,6,2,Highway,0,1.0
RNT02891,EQBK1019,CUS026,OP123,SITE006,2025-06-06,2025-06-13,2025-06-12,7,Completed,6,4,6,2,Port,0,1.0
RNT02892,EQBD1005,CUS012,OP172,SITE012,2025-06-06,2025-06-27,2025-06-26,21,Completed,6,4,6,2,Energy,0,1.0
RNT02893,EQEX1036,CUS046,OP177,SITE006,2025-06-06,2025-06-08,2025-06-08,2,Completed,6,4,6,2,Port,0,1.0
RNT02894,EQSS1004,CUS016,OP115,SITE016,2025-06-06,2025-06-13,2025-06-19,7,Completed,6,4,6,2,Commercial,6,1.0
RNT02895,EQSS1006,CUS001,OP144,SITE001,2025-06-06,2025-06-16,2025-06-16,10,Completed,6,4,6,2,Metro Rail,0,1.0
RNT02896,EQGR1003,CUS066,OP117,SITE006,2025-06-06,2025-06-18,2025-06-26,12,Completed,6,4,6,2,Port,8,1.0
RNT02897,EQRR1003,CUS062,OP125,SITE002,2025-06-07,2025-06-14,2025-06-13,7,Completed,6,5,7,2,Highway,0,1.0
RNT02898,EQWL1014,CUS015,OP141,SITE015,2025-06-07,2025-06-12,2025-06-12,5,Completed,6,5,7,2,Water Infrastructure,0,1.0
RNT02899,EQBK1006,CUS025,OP121,SITE005,2025-06-07,2025-06-19,2025-06-25,12,Completed,6,5,7,2,Airport,6,1.0
RNT02900,EQWL1023,CUS066,OP176,SITE006,2025-06-07,2025-06-25,2025-06-25,18,Completed,6,5,7,2,Port,0,1.0
RNT02901,EQRR1011,CUS004,OP136,SITE004,2025-06-07,2025-06-23,2025-06-23,16,Completed,6,5,7,2,Smart City,0,1.0
RNT02902,EQBD1006,CUS027,OP142,SITE007,2025-06-08,2025-06-29,2025-06-29,21,Completed,6,6,8,2,Industrial,0,1.0
RNT02903,EQGR1002,CUS056,OP134,SITE016,2025-06-08,2025-06-20,2025-06-20,12,Completed,6,6,8,2,Commercial,0,0.0
RNT02904,EQEX1047,CUS046,OP162,SITE006,2025-06-08,2025-07-04,2025-07-05,26,Completed,6,6,8,2,Port,1,1.0
RNT02905,EQWL1013,CUS001,OP128,SITE001,2025-06-09,2025-06-23,2025-07-02,14,Completed,6,0,9,2,Metro Rail,9,0.0
RNT02906,EQEX1035,CUS004,OP152,SITE004,2025-06-09,2025-06-28,2025-07-04,19,Completed,6,0,9,2,Smart City,6,1.0
RNT02907,EQFL1011,CUS069,OP179,SITE009,2025-06-09,2025-06-15,2025-06-14,6,Completed,6,0,9,2,Highway,0,0.0
RNT02908,EQEX1002,CUS010,OP175,SITE010,2025-06-10,2025-06-27,2025-07-05,17,Completed,6,1,10,2,Industrial,8,1.0
RNT02909,EQBK1016,CUS059,OP169,SITE019,2025-06-10,2025-06-28,2025-06-27,18,Completed,6,1,10,2,Port,0,0.0
RNT02910,EQGR1014,CUS026,OP102,SITE006,2025-06-11,2025-06-24,2025-06-24,13,Completed,6,2,11,2,Port,0,0.0
RNT02911,EQBD1019,CUS002,OP121,SITE002,2025-06-11,2025-07-08,2025-07-08,27,Completed,6,2,11,2,Highway,0,1.0
RNT02912,EQBK1014,CUS062,OP162,SITE002,2025-06-11,2025-06-14,2025-06-23,3,Completed,6,2,11,2,Highway,9,0.0
RNT02913,EQWL1023,CUS001,OP168,SITE001,2025-06-11,2025-06-30,2025-07-05,19,Completed,6,2,11,2,Metro Rail,5,1.0
RNT02914,EQSS1009,CUS019,OP150,SITE019,2025-06-11,2025-06-14,2025-06-14,3,Completed,6,2,11,2,Port,0,1.0
RNT02915,EQBK1014,CUS008,OP109,SITE008,2025-06-12,2025-06-16,2025-06-15,4,Completed,6,3,12,2,Energy,0,1.0
RNT02916,EQBK1015,CUS064,OP177,SITE004,2025-06-12,2025-06-27,2025-06-28,15,Completed,6,3,12,2,Smart City,1,1.0
RNT02917,EQDT1011,CUS032,OP173,SITE012,2025-06-12,2025-06-26,2025-06-26,14,Completed,6,3,12,2,Energy,0,1.0
RNT02918,EQWL1026,CUS046,OP119,SITE006,2025-06-12,2025-06-27,2025-07-07,15,Completed,6,3,12,2,Port,10,1.0
RNT02919,EQBD1020,CUS034,OP118,SITE007,2025-06-12,2025-06-28,2025-07-06,16,Completed,6,3,12,2,Industrial,8,0.0
RNT02920,EQGR1007,CUS020,OP166,SITE020,2025-06-13,2025-07-04,2025-07-04,21,Completed,6,4,13,2,Metro Rail,0,1.0
RNT02921,EQEX1044,CUS029,OP149,SITE009,2025-06-13,2025-06-20,2025-06-16,7,Completed,6,4,13,2,Highway,0,1.0
RNT02922,EQBK1003,CUS054,OP171,SITE005,2025-06-13,2025-06-25,2025-06-24,12,Completed,6,4,13,2,Airport,0,0.0
RNT02923,EQEX1013,CUS062,OP135,SITE002,2025-06-13,2025-07-05,2025-07-05,22,Completed,6,4,13,2,Highway,0,0.0
RNT02924,EQBK1001,CUS004,OP102,SITE004,2025-06-13,2025-06-24,2025-06-25,11,Completed,6,4,13,2,Smart City,1,0.0
RNT02925,EQSS1017,CUS026,OP121,SITE004,2025-06-13,2025-06-22,2025-07-01,9,Completed,6,4,13,2,Smart City,9,1.0
RNT02926,EQEX1004,CUS054,OP154,SITE014,2025-06-13,2025-07-11,2025-07-17,28,Completed,6,4,13,2,Railway,6,0.0
RNT02927,EQRR1009,CUS059,OP111,SITE019,2025-06-13,2025-07-01,2025-06-30,18,Completed,6,4,13,2,Port,0,1.0
RNT02928,EQGR1019,CUS059,OP139,SITE019,2025-06-13,2025-08-12,2025-08-22,60,Completed,6,4,13,2,Port,10,1.0
RNT02929,EQEX1037,CUS006,OP169,SITE006,2025-06-13,2025-07-03,2025-07-03,20,Completed,6,4,13,2,Port,0,1.0
RNT02930,EQEX1037,CUS022,OP118,SITE002,2025-06-14,2025-06-23,2025-06-27,9,Completed,6,5,14,2,Highway,4,1.0
RNT02931,EQBK1015,CUS034,OP118,SITE014,2025-06-14,2025-06-21,2025-06-26,7,Completed,6,5,14,2,Railway,5,1.0
RNT02932,EQEX1033,CUS059,OP163,SITE019,2025-06-14,2025-07-01,2025-06-30,17,Completed,6,5,14,2,Port,0,1.0
RNT02933,EQBD1010,CUS010,OP120,SITE010,2025-06-14,2025-06-21,2025-06-21,7,Completed,6,5,14,2,Industrial,0,1.0
RNT02934,EQEX1038,CUS074,OP126,SITE014,2025-06-14,2025-06-24,2025-06-26,10,Completed,6,5,14,2,Railway,2,1.0
RNT02935,EQEX1009,CUS047,OP139,SITE007,2025-06-14,2025-06-27,2025-06-26,13,Completed,6,5,14,2,Industrial,0,1.0
RNT02936,EQEX1027,CUS038,OP114,SITE018,2025-06-15,2025-07-06,2025-07-05,21,Completed,6,6,15,2,Highway,0,1.0
RNT02937,EQWL1025,CUS016,OP175,SITE016,2025-06-15,2025-06-24,2025-07-02,9,Completed,6,6,15,2,Commercial,8,1.0
RNT02938,EQEX1019,CUS016,OP114,SITE016,2025-06-15,2025-07-12,2025-07-12,27,Completed,6,6,15,2,Commercial,0,1.0
RNT02939,EQGR1006,CUS050,OP166,SITE011,2025-06-15,2025-07-02,2025-07-01,17,Completed,6,6,15,2,Residential,0,1.0
RNT02940,EQRR1001,CUS061,OP129,SITE001,2025-06-16,2025-06-29,2025-06-29,13,Completed,6,0,16,2,Metro Rail,0,1.0
RNT02941,EQBD1005,CUS007,OP162,SITE007,2025-06-16,2025-06-29,2025-07-05,13,Completed,6,0,16,2,Industrial,6,0.0
RNT02942,EQGR1019,CUS054,OP179,SITE014,2025-06-16,2025-07-12,2025-07-16,26,Completed,6,0,16,2,Railway,4,1.0
RNT02943,EQDT1009,CUS061,OP105,SITE007,2025-06-16,2025-06-28,2025-06-27,12,Completed,6,0,16,2,Industrial,0,1.0
RNT02944,EQGR1014,CUS021,OP103,SITE001,2025-06-16,2025-06-30,2025-07-02,14,Completed,6,0,16,2,Metro Rail,2,1.0
RNT02945,EQEX1031,CUS026,OP107,SITE006,2025-06-16,2025-07-13,2025-07-13,27,Completed,6,0,16,2,Port,0,1.0
RNT02946,EQRR1005,CUS022,OP142,SITE002,2025-06-16,2025-06-30,2025-06-30,14,Completed,6,0,16,2,Highway,0,0.0
RNT02947,EQWL1002,CUS027,OP133,SITE018,2025-06-17,2025-06-23,2025-06-23,6,Completed,6,1,17,2,Highway,0,1.0
RNT02948,EQEX1005,CUS041,OP163,SITE005,2025-06-17,2025-06-24,2025-07-02,7,Completed,6,1,17,2,Airport,8,1.0
RNT02949,EQFL1009,CUS019,OP123,SITE019,2025-06-17,2025-06-25,2025-06-25,8,Completed,6,1,17,2,Port,0,1.0
RNT02950,EQFL1012,CUS019,OP116,SITE019,2025-06-17,2025-06-23,2025-06-25,6,Completed,6,1,17,2,Port,2,1.0
RNT02951,EQBD1023,CUS065,OP122,SITE005,2025-06-17,2025-06-28,2025-07-06,11,Completed,6,1,17,2,Airport,8,1.0
RNT02952,EQBD1024,CUS018,OP117,SITE010,2025-06-17,2025-06-26,2025-06-25,9,Completed,6,1,17,2,Industrial,0,1.0
RNT02953,EQEX1028,CUS022,OP117,SITE002,2025-06-17,2025-06-23,2025-07-01,6,Completed,6,1,17,2,Highway,8,1.0
RNT02954,EQBD1021,CUS018,OP144,SITE018,2025-06-18,2025-07-10,2025-07-14,22,Completed,6,2,18,2,Highway,4,1.0
RNT02955,EQDT1003,CUS010,OP163,SITE010,2025-06-18,2025-07-09,2025-07-09,21,Completed,6,2,18,2,Industrial,0,1.0
RNT02956,EQBD1020,CUS041,OP148,SITE001,2025-06-18,2025-06-28,2025-06-29,10,Completed,6,2,18,2,Metro Rail,1,0.0
RNT02957,EQBK1019,CUS013,OP156,SITE013,2025-06-18,2025-06-28,2025-06-27,10,Completed,6,2,18,2,Energy,0,0.0
RNT02958,EQBD1017,CUS034,OP122,SITE014,2025-06-19,2025-06-27,2025-07-02,8,Completed,6,3,19,2,Railway,5,1.0
RNT02959,EQFL1012,CUS041,OP178,SITE001,2025-06-19,2025-06-27,2025-06-27,8,Completed,6,3,19,2,Metro Rail,0,1.0
RNT02960,EQBK1018,CUS007,OP120,SITE007,2025-06-20,2025-06-26,2025-06-27,6,Completed,6,4,20,2,Industrial,1,1.0
RNT02961,EQWL1021,CUS011,OP101,SITE011,2025-06-20,2025-07-07,2025-07-07,17,Completed,6,4,20,2,Residential,0,1.0
RNT02962,EQWL1020,CUS003,OP103,SITE003,2025-06-20,2025-07-07,2025-07-06,17,Completed,6,4,20,2,Commercial,0,1.0
RNT02963,EQDT1008,CUS040,OP142,SITE020,2025-06-20,2025-07-10,2025-07-10,20,Completed,6,4,20,2,Metro Rail,0,0.0
RNT02964,EQWL1002,CUS049,OP150,SITE009,2025-06-20,2025-07-04,2025-07-05,14,Completed,6,4,20,2,Highway,1,0.0
RNT02965,EQBD1021,CUS014,OP143,SITE010,2025-06-20,2025-07-13,2025-07-12,23,Completed,6,4,20,2,Industrial,0,1.0
RNT02966,EQSS1002,CUS038,OP168,SITE018,2025-06-20,2025-06-30,2025-07-06,10,Completed,6,4,20,2,Highway,6,1.0
RNT02967,EQWL1002,CUS050,OP152,SITE011,2025-06-21,2025-07-10,2025-07-09,19,Completed,6,5,21,2,Residential,0,1.0
RNT02968,EQFL1012,CUS074,OP107,SITE014,2025-06-21,2025-06-26,2025-06-26,5,Completed,6,5,21,2,Railway,0,1.0
RNT02969,EQDT1002,CUS020,OP132,SITE020,2025-06-21,2025-06-28,2025-07-01,7,Completed,6,5,21,2,Metro Rail,3,1.0
RNT02970,EQBD1012,CUS045,OP130,SITE005,2025-06-21,2025-07-10,2025-07-09,19,Completed,6,5,21,2,Airport,0,1.0
RNT02971,EQBK1005,CUS038,OP160,SITE018,2025-06-21,2025-07-10,2025-07-12,19,Completed,6,5,21,2,Highway,2,1.0
RNT02972,EQBK1013,CUS058,OP170,SITE018,2025-06-21,2025-06-28,2025-06-28,7,Completed,6,5,21,2,Highway,0,1.0
RNT02973,EQWL1014,CUS014,OP150,SITE014,2025-06-22,2025-07-12,2025-07-12,20,Completed,6,6,22,2,Railway,0,1.0
RNT02974,EQBD1016,CUS050,OP126,SITE011,2025-06-22,2025-07-09,2025-07-09,17,Completed,6,6,22,2,Residential,0,0.0
RNT02975,EQFL1007,CUS020,OP109,SITE020,2025-06-22,2025-06-26,2025-06-27,4,Completed,6,6,22,2,Metro Rail,1,1.0
RNT02976,EQEX1001,CUS039,OP169,SITE019,2025-06-22,2025-07-07,2025-07-13,15,Completed,6,6,22,2,Port,6,1.0
RNT02977,EQEX1011,CUS038,OP109,SITE010,2025-06-22,2025-07-09,2025-07-10,17,Completed,6,6,22,2,Industrial,1,1.0
RNT02978,EQEX1018,CUS038,OP134,SITE018,2025-06-22,2025-07-02,2025-07-01,10,Completed,6,6,22,2,Highway,0,1.0
RNT02979,EQBK1015,CUS039,OP141,SITE019,2025-06-23,2025-07-07,2025-07-07,14,Completed,6,0,23,2,Port,0,1.0
RNT02980,EQBD1005,CUS011,OP153,SITE011,2025-06-23,2025-07-01,2025-07-02,8,Completed,6,0,23,2,Residential,1,1.0
RNT02981,EQEX1025,CUS058,OP154,SITE018,2025-06-23,2025-07-19,2025-07-19,26,Completed,6,0,23,2,Highway,0,0.0
RNT02982,EQWL1011,CUS015,OP133,SITE015,2025-06-23,2025-07-07,2025-07-07,14,Completed,6,0,23,2,Water Infrastructure,0,1.0
RNT02983,EQEX1025,CUS057,OP159,SITE017,2025-06-23,2025-06-30,2025-06-29,7,Completed,6,0,23,2,Bridge,0,0.0
RNT02984,EQEX1009,CUS026,OP114,SITE006,2025-06-24,2025-07-14,2025-07-14,20,Completed,6,1,24,2,Port,0,1.0
RNT02985,EQDT1006,CUS023,OP150,SITE003,2025-06-25,2025-07-12,2025-07-12,17,Completed,6,2,25,2,Commercial,0,1.0
RNT02986,EQRR1001,CUS073,OP135,SITE013,2025-06-25,2025-06-28,2025-07-03,3,Completed,6,2,25,2,Energy,5,1.0
RNT02987,EQWL1001,CUS007,OP109,SITE007,2025-06-25,2025-07-08,2025-07-08,13,Completed,6,2,25,2,Industrial,0,1.0
RNT02988,EQBD1009,CUS061,OP139,SITE001,2025-06-25,2025-07-11,2025-07-11,16,Completed,6,2,25,2,Metro Rail,0,1.0
RNT02989,EQWL1019,CUS045,OP165,SITE005,2025-06-25,2025-07-02,2025-07-01,7,Completed,6,2,25,2,Airport,0,1.0
RNT02990,EQBK1003,CUS021,OP150,SITE001,2025-06-25,2025-07-12,2025-07-12,17,Completed,6,2,25,2,Metro Rail,0,1.0
RNT02991,EQGR1018,CUS015,OP114,SITE015,2025-06-26,2025-07-04,2025-07-05,8,Completed,6,3,26,2,Water Infrastructure,1,0.0
RNT02992,EQRR1009,CUS033,OP152,SITE013,2025-06-26,2025-07-13,2025-07-14,17,Completed,6,3,26,2,Energy,1,0.0
RNT02993,EQEX1040,CUS015,OP133,SITE015,2025-06-26,2025-07-03,2025-07-02,7,Completed,6,3,26,2,Water Infrastructure,0,0.0
RNT02994,EQSS1016,CUS062,OP145,SITE002,2025-06-26,2025-07-04,2025-07-04,8,Completed,6,3,26,2,Highway,0,1.0
RNT02995,EQSS1016,CUS010,OP169,SITE010,2025-06-26,2025-07-06,2025-07-06,10,Completed,6,3,26,2,Industrial,0,1.0
RNT02996,EQEX1043,CUS059,OP152,SITE019,2025-06-27,2025-07-05,2025-07-06,8,Completed,6,4,27,2,Port,1,1.0
RNT02997,EQEX1018,CUS009,OP102,SITE009,2025-06-27,2025-07-16,2025-07-12,19,Completed,6,4,27,2,Highway,0,1.0
RNT02998,EQBK1001,CUS039,OP168,SITE019,2025-06-27,2025-07-15,2025-07-14,18,Completed,6,4,27,2,Port,0,1.0
RNT02999,EQBD1026,CUS074,OP165,SITE014,2025-06-27,2025-07-18,2025-07-17,21,Completed,6,4,27,2,Railway,0,1.0
RNT03000,EQWL1004,CUS071,OP166,SITE002,2025-06-27,2025-07-15,2025-07-14,18,Completed,6,4,27,2,Highway,0,1.0
RNT03001,EQWL1008,CUS021,OP163,SITE001,2025-06-28,2025-07-05,2025-07-05,7,Completed,6,5,28,2,Metro Rail,0,1.0
RNT03002,EQDT1010,CUS004,OP120,SITE004,2025-06-28,2025-07-14,2025-07-15,16,Completed,6,5,28,2,Smart City,1,1.0
RNT03003,EQWL1004,CUS013,OP118,SITE013,2025-06-28,2025-07-17,2025-07-25,19,Completed,6,5,28,2,Energy,8,1.0
RNT03004,EQSS1001,CUS046,OP156,SITE006,2025-06-28,2025-07-04,2025-07-04,6,Completed,6,5,28,2,Port,0,1.0
RNT03005,EQBK1008,CUS018,OP147,SITE018,2025-06-28,2025-07-13,2025-07-22,15,Completed,6,5,28,2,Highway,9,1.0
RNT03006,EQBD1013,CUS032,OP105,SITE012,2025-06-28,2025-07-13,2025-07-13,15,Completed,6,5,28,2,Energy,0,0.0
RNT03007,EQEX1038,CUS063,OP150,SITE003,2025-06-29,2025-07-27,2025-07-26,28,Completed,6,6,29,2,Commercial,0,1.0
RNT03008,EQWL1016,CUS046,OP151,SITE006,2025-06-29,2025-07-11,2025-07-15,12,Completed,6,6,29,2,Port,4,1.0
RNT03009,EQWL1010,CUS021,OP106,SITE001,2025-06-29,2025-07-06,2025-07-03,7,Completed,6,6,29,2,Metro Rail,0,1.0
RNT03010,EQBD1013,CUS020,OP123,SITE020,2025-06-29,2025-07-24,2025-08-02,25,Completed,6,6,29,2,Metro Rail,9,0.0
RNT03011,EQFL1003,CUS054,OP167,SITE014,2025-06-29,2025-07-05,2025-07-05,6,Completed,6,6,29,2,Railway,0,1.0
RNT03012,EQEX1005,CUS050,OP169,SITE013,2025-06-30,2025-07-11,2025-07-10,11,Completed,6,0,30,2,Energy,0,1.0
RNT03013,EQEX1047,CUS058,OP154,SITE018,2025-06-30,2025-07-13,2025-07-14,13,Completed,6,0,30,2,Highway,1,1.0
RNT03014,EQEX1031,CUS057,OP106,SITE017,2025-06-30,2025-07-25,2025-08-02,25,Completed,6,0,30,2,Bridge,8,1.0
RNT03015,EQBK1003,CUS049,OP143,SITE009,2025-06-30,2025-07-07,2025-07-06,7,Completed,6,0,30,2,Highway,0,1.0
RNT03016,EQRR1007,CUS069,OP110,SITE009,2025-06-30,2025-08-25,2025-08-25,56,Completed,6,0,30,2,Highway,0,0.0
RNT03017,EQGR1015,CUS059,OP154,SITE019,2025-07-01,2025-07-28,2025-08-06,27,Completed,7,1,1,3,Port,9,1.0
RNT03018,EQGR1016,CUS065,OP132,SITE005,2025-07-01,2025-07-17,2025-07-24,16,Completed,7,1,1,3,Airport,7,1.0
RNT03019,EQDT1005,CUS035,OP127,SITE015,2025-07-01,2025-07-15,2025-07-16,14,Completed,7,1,1,3,Water Infrastructure,1,1.0
RNT03020,EQBK1011,CUS065,OP169,SITE005,2025-07-01,2025-07-04,2025-07-05,3,Completed,7,1,1,3,Airport,1,1.0
RNT03021,EQGR1003,CUS063,OP177,SITE003,2025-07-02,2025-07-19,2025-07-20,17,Completed,7,2,2,3,Commercial,1,1.0
RNT03022,EQWL1009,CUS013,OP140,SITE013,2025-07-02,2025-07-22,2025-07-22,20,Completed,7,2,2,3,Energy,0,1.0
RNT03023,EQBD1028,CUS014,OP115,SITE014,2025-07-02,2025-07-19,2025-07-19,17,Completed,7,2,2,3,Railway,0,1.0
RNT03024,EQEX1045,CUS054,OP113,SITE014,2025-07-02,2025-07-24,2025-07-31,22,Completed,7,2,2,3,Railway,7,1.0
RNT03025,EQBD1023,CUS014,OP178,SITE014,2025-07-02,2025-07-10,2025-07-12,8,Completed,7,2,2,3,Railway,2,1.0
RNT03026,EQEX1036,CUS072,OP124,SITE012,2025-07-03,2025-07-18,2025-07-18,15,Completed,7,3,3,3,Energy,0,1.0
RNT03027,EQBK1018,CUS041,OP147,SITE001,2025-07-03,2025-07-07,2025-07-06,4,Completed,7,3,3,3,Metro Rail,0,0.0
RNT03028,EQDT1006,CUS057,OP116,SITE017,2025-07-03,2025-07-30,2025-07-30,27,Completed,7,3,3,3,Bridge,0,1.0
RNT03029,EQSS1002,CUS016,OP105,SITE016,2025-07-03,2025-07-06,2025-07-12,3,Completed,7,3,3,3,Commercial,6,1.0
RNT03030,EQBK1020,CUS074,OP178,SITE014,2025-07-03,2025-07-10,2025-07-14,7,Completed,7,3,3,3,Railway,4,1.0
RNT03031,EQGR1018,CUS005,OP154,SITE005,2025-07-03,2025-07-28,2025-07-29,25,Completed,7,3,3,3,Airport,1,1.0
RNT03032,EQEX1013,CUS033,OP136,SITE013,2025-07-04,2025-07-21,2025-07-21,17,Completed,7,4,4,3,Energy,0,1.0
RNT03033,EQEX1012,CUS059,OP119,SITE019,2025-07-04,2025-07-11,2025-07-11,7,Completed,7,4,4,3,Port,0,1.0
RNT03034,EQBK1013,CUS015,OP103,SITE015,2025-07-04,2025-07-18,2025-07-26,14,Completed,7,4,4,3,Water Infrastructure,8,0.0
RNT03035,EQBD1015,CUS048,OP144,SITE008,2025-07-04,2025-07-14,2025-07-15,10,Completed,7,4,4,3,Energy,1,1.0
RNT03036,EQFL1008,CUS056,OP152,SITE016,2025-07-05,2025-07-10,2025-07-12,5,Completed,7,5,5,3,Commercial,2,1.0
RNT03037,EQBD1023,CUS060,OP126,SITE020,2025-07-05,2025-07-20,2025-07-25,15,Completed,7,5,5,3,Metro Rail,5,1.0
RNT03038,EQBD1001,CUS014,OP124,SITE014,2025-07-05,2025-08-01,2025-07-31,27,Completed,7,5,5,3,Railway,0,1.0
RNT03039,EQWL1011,CUS046,OP105,SITE006,2025-07-05,2025-07-15,2025-07-15,10,Completed,7,5,5,3,Port,0,1.0
RNT03040,EQGR1005,CUS029,OP116,SITE009,2025-07-05,2025-07-19,2025-07-19,14,Completed,7,5,5,3,Highway,0,1.0
RNT03041,EQWL1013,CUS041,OP103,SITE001,2025-07-05,2025-07-21,2025-07-18,16,Completed,7,5,5,3,Metro Rail,0,1.0
RNT03042,EQBD1007,CUS050,OP175,SITE011,2025-07-05,2025-07-17,2025-07-17,12,Completed,7,5,5,3,Residential,0,1.0
RNT03043,EQBD1013,CUS025,OP160,SITE005,2025-07-06,2025-07-16,2025-07-16,10,Completed,7,6,6,3,Airport,0,0.0
RNT03044,EQWL1019,CUS070,OP120,SITE010,2025-07-06,2025-07-18,2025-07-26,12,Completed,7,6,6,3,Industrial,8,1.0
RNT03045,EQEX1034,CUS062,OP113,SITE002,2025-07-06,2025-07-19,2025-07-19,13,Completed,7,6,6,3,Highway,0,1.0
RNT03046,EQEX1028,CUS025,OP116,SITE005,2025-07-06,2025-07-18,2025-07-19,12,Completed,7,6,6,3,Airport,1,0.0
RNT03047,EQWL1004,CUS056,OP180,SITE005,2025-07-06,2025-07-12,2025-07-12,6,Completed,7,6,6,3,Airport,0,1.0
RNT03048,EQDT1005,CUS046,OP151,SITE006,2025-07-06,2025-07-23,2025-07-23,17,Completed,7,6,6,3,Port,0,0.0
RNT03049,EQEX1029,CUS002,OP122,SITE002,2025-07-07,2025-08-02,2025-08-02,26,Completed,7,0,7,3,Highway,0,1.0
RNT03050,EQBD1020,CUS008,OP121,SITE008,2025-07-07,2025-07-22,2025-07-22,15,Completed,7,0,7,3,Energy,0,1.0
RNT03051,EQGR1015,CUS041,OP107,SITE001,2025-07-07,2025-08-03,2025-08-04,27,Completed,7,0,7,3,Metro Rail,1,1.0
RNT03052,EQWL1009,CUS068,OP110,SITE008,2025-07-08,2025-07-18,2025-07-17,10,Completed,7,1,8,3,Energy,0,1.0
RNT03053,EQBD1010,CUS073,OP174,SITE013,2025-07-08,2025-08-02,2025-08-02,25,Completed,7,1,8,3,Energy,0,1.0
RNT03054,EQSS1001,CUS065,OP135,SITE005,2025-07-08,2025-07-14,2025-07-19,6,Completed,7,1,8,3,Airport,5,1.0
RNT03055,EQEX1004,CUS012,OP172,SITE012,2025-07-08,2025-07-26,2025-07-27,18,Completed,7,1,8,3,Energy,1,0.0
RNT03056,EQBD1010,CUS001,OP169,SITE006,2025-07-08,2025-07-27,2025-08-04,19,Completed,7,1,8,3,Port,8,1.0
RNT03057,EQGR1011,CUS065,OP112,SITE005,2025-07-08,2025-08-02,2025-08-01,25,Completed,7,1,8,3,Airport,0,0.0
RNT03058,EQEX1024,CUS026,OP162,SITE006,2025-07-08,2025-07-13,2025-07-12,5,Completed,7,1,8,3,Port,0,1.0
RNT03059,EQEX1003,CUS057,OP126,SITE017,2025-07-08,2025-07-29,2025-07-29,21,Completed,7,1,8,3,Bridge,0,0.0
RNT03060,EQWL1002,CUS022,OP155,SITE002,2025-07-08,2025-08-26,2025-08-25,49,Completed,7,1,8,3,Highway,0,1.0
RNT03061,EQRR1012,CUS041,OP103,SITE001,2025-07-08,2025-07-12,2025-07-12,4,Completed,7,1,8,3,Metro Rail,0,1.0
RNT03062,EQGR1001,CUS060,OP145,SITE020,2025-07-08,2025-07-30,2025-08-08,22,Completed,7,1,8,3,Metro Rail,9,1.0
RNT03063,EQSS1015,CUS026,OP172,SITE006,2025-07-08,2025-07-12,2025-07-12,4,Completed,7,1,8,3,Port,0,1.0
RNT03064,EQEX1001,CUS024,OP104,SITE004,2025-07-08,2025-07-29,2025-07-29,21,Completed,7,1,8,3,Smart City,0,1.0
RNT03065,EQWL1025,CUS039,OP138,SITE019,2025-07-08,2025-07-18,2025-07-18,10,Completed,7,1,8,3,Port,0,1.0
RNT03066,EQBD1007,CUS044,OP101,SITE004,2025-07-08,2025-07-15,2025-07-16,7,Completed,7,1,8,3,Smart City,1,1.0
RNT03067,EQGR1003,CUS072,OP155,SITE012,2025-07-08,2025-07-23,2025-07-23,15,Completed,7,1,8,3,Energy,0,1.0
RNT03068,EQEX1018,CUS041,OP178,SITE001,2025-07-09,2025-07-16,2025-07-15,7,Completed,7,2,9,3,Metro Rail,0,1.0
RNT03069,EQBD1007,CUS074,OP180,SITE014,2025-07-09,2025-07-22,2025-07-21,13,Completed,7,2,9,3,Railway,0,1.0
RNT03070,EQEX1001,CUS041,OP148,SITE001,2025-07-09,2025-07-30,2025-07-30,21,Completed,7,2,9,3,Metro Rail,0,0.0
RNT03071,EQWL1001,CUS022,OP108,SITE002,2025-07-09,2025-07-13,2025-07-13,4,Completed,7,2,9,3,Highway,0,0.0
RNT03072,EQEX1009,CUS025,OP122,SITE001,2025-07-09,2025-08-04,2025-08-06,26,Completed,7,2,9,3,Metro Rail,2,1.0
RNT03073,EQDT1003,CUS051,OP165,SITE011,2025-07-09,2025-07-26,2025-07-27,17,Completed,7,2,9,3,Residential,1,1.0
RNT03074,EQBD1011,CUS020,OP109,SITE020,2025-07-09,2025-07-18,2025-07-21,9,Completed,7,2,9,3,Metro Rail,3,1.0
RNT03075,EQEX1005,CUS049,OP162,SITE009,2025-07-09,2025-07-26,2025-07-24,17,Completed,7,2,9,3,Highway,0,0.0
RNT03076,EQWL1023,CUS042,OP117,SITE002,2025-07-09,2025-07-14,2025-07-12,5,Completed,7,2,9,3,Highway,0,1.0
RNT03077,EQWL1005,CUS038,OP153,SITE018,2025-07-09,2025-07-14,2025-07-21,5,Completed,7,2,9,3,Highway,7,1.0
RNT03078,EQEX1004,CUS046,OP175,SITE006,2025-07-10,2025-07-28,2025-07-29,18,Completed,7,3,10,3,Port,1,0.0
RNT03079,EQEX1027,CUS046,OP116,SITE006,2025-07-10,2025-07-28,2025-07-28,18,Completed,7,3,10,3,Port,0,1.0
RNT03080,EQGR1014,CUS058,OP164,SITE018,2025-07-10,2025-08-04,2025-08-04,25,Completed,7,3,10,3,Highway,0,0.0
RNT03081,EQWL1002,CUS001,OP154,SITE001,2025-07-10,2025-07-25,2025-07-25,15,Completed,7,3,10,3,Metro Rail,0,1.0
RNT03082,EQBK1003,CUS031,OP151,SITE011,2025-07-10,2025-07-28,2025-08-04,18,Completed,7,3,10,3,Residential,7,1.0
RNT03083,EQEX1009,CUS031,OP121,SITE011,2025-07-11,2025-07-30,2025-08-06,19,Completed,7,4,11,3,Residential,7,1.0
RNT03084,EQBD1004,CUS054,OP173,SITE014,2025-07-11,2025-07-21,2025-07-19,10,Completed,7,4,11,3,Railway,0,0.0
RNT03085,EQEX1012,CUS020,OP141,SITE020,2025-07-11,2025-07-13,2025-07-13,2,Completed,7,4,11,3,Metro Rail,0,1.0
RNT03086,EQGR1006,CUS027,OP138,SITE003,2025-07-11,2025-07-23,2025-07-23,12,Completed,7,4,11,3,Commercial,0,1.0
RNT03087,EQDT1007,CUS008,OP178,SITE008,2025-07-12,2025-08-02,2025-08-04,21,Completed,7,5,12,3,Energy,2,1.0
RNT03088,EQWL1009,CUS039,OP144,SITE019,2025-07-12,2025-07-22,2025-07-21,10,Completed,7,5,12,3,Port,0,1.0
RNT03089,EQBD1018,CUS001,OP138,SITE001,2025-07-12,2025-08-09,2025-08-09,28,Completed,7,5,12,3,Metro Rail,0,0.0
RNT03090,EQSS1005,CUS001,OP176,SITE004,2025-07-12,2025-07-21,2025-07-20,9,Completed,7,5,12,3,Smart City,0,1.0
RNT03091,EQRR1011,CUS070,OP126,SITE010,2025-07-12,2025-07-19,2025-07-19,7,Completed,7,5,12,3,Industrial,0,1.0
RNT03092,EQFL1005,CUS049,OP158,SITE009,2025-07-12,2025-07-17,2025-07-18,5,Completed,7,5,12,3,Highway,1,1.0
RNT03093,EQWL1016,CUS060,OP149,SITE020,2025-07-12,2025-07-30,2025-07-30,18,Completed,7,5,12,3,Metro Rail,0,1.0
RNT03094,EQGR1020,CUS019,OP123,SITE019,2025-07-12,2025-08-05,2025-08-06,24,Completed,7,5,12,3,Port,1,1.0
RNT03095,EQWL1011,CUS021,OP139,SITE001,2025-07-12,2025-07-25,2025-07-31,13,Completed,7,5,12,3,Metro Rail,6,1.0
RNT03096,EQRR1002,CUS022,OP151,SITE002,2025-07-12,2025-07-21,2025-07-25,9,Completed,7,5,12,3,Highway,4,1.0
RNT03097,EQSS1002,CUS001,OP161,SITE001,2025-07-12,2025-07-15,2025-07-20,3,Completed,7,5,12,3,Metro Rail,5,0.0
RNT03098,EQRR1014,CUS055,OP124,SITE015,2025-07-13,2025-07-24,2025-07-23,11,Completed,7,6,13,3,Water Infrastructure,0,1.0
RNT03099,EQGR1019,CUS059,OP126,SITE019,2025-07-13,2025-08-08,2025-08-14,26,Completed,7,6,13,3,Port,6,1.0
RNT03100,EQFL1012,CUS059,OP154,SITE019,2025-07-14,2025-07-24,2025-08-03,10,Completed,7,0,14,3,Port,10,0.0
RNT03101,EQBK1007,CUS056,OP101,SITE016,2025-07-14,2025-07-21,2025-07-20,7,Completed,7,0,14,3,Commercial,0,1.0
RNT03102,EQBK1009,CUS004,OP147,SITE004,2025-07-14,2025-07-23,2025-07-21,9,Completed,7,0,14,3,Smart City,0,1.0
RNT03103,EQEX1020,CUS006,OP161,SITE006,2025-07-14,2025-08-08,2025-08-08,25,Completed,7,0,14,3,Port,0,1.0
RNT03104,EQRR1011,CUS024,OP137,SITE004,2025-07-15,2025-07-25,2025-07-31,10,Completed,7,1,15,3,Smart City,6,1.0
RNT03105,EQSS1005,CUS059,OP115,SITE019,2025-07-15,2025-07-23,2025-07-23,8,Completed,7,1,15,3,Port,0,1.0
RNT03106,EQGR1019,CUS001,OP115,SITE001,2025-07-15,2025-08-07,2025-08-07,23,Completed,7,1,15,3,Metro Rail,0,0.0
RNT03107,EQWL1003,CUS003,OP151,SITE003,2025-07-16,2025-07-27,2025-08-05,11,Completed,7,2,16,3,Commercial,9,1.0
RNT03108,EQGR1003,CUS006,OP123,SITE006,2025-07-16,2025-08-12,2025-08-11,27,Completed,7,2,16,3,Port,0,1.0
RNT03109,EQSS1013,CUS005,OP178,SITE005,2025-07-16,2025-07-21,2025-07-20,5,Completed,7,2,16,3,Airport,0,1.0
RNT03110,EQEX1038,CUS019,OP144,SITE019,2025-07-16,2025-08-04,2025-08-04,19,Completed,7,2,16,3,Port,0,0.0
RNT03111,EQBK1011,CUS023,OP109,SITE003,2025-07-16,2025-08-03,2025-08-02,18,Completed,7,2,16,3,Commercial,0,1.0
RNT03112,EQEX1019,CUS068,OP118,SITE008,2025-07-16,2025-07-30,2025-07-31,14,Completed,7,2,16,3,Energy,1,1.0
RNT03113,EQDT1012,CUS045,OP130,SITE005,2025-07-17,2025-08-14,2025-08-14,28,Completed,7,3,17,3,Airport,0,1.0
RNT03114,EQEX1033,CUS066,OP144,SITE006,2025-07-17,2025-08-04,2025-08-05,18,Completed,7,3,17,3,Port,1,1.0
RNT03115,EQRR1001,CUS004,OP130,SITE004,2025-07-17,2025-07-22,2025-07-21,5,Completed,7,3,17,3,Smart City,0,1.0
RNT03116,EQWL1013,CUS029,OP179,SITE009,2025-07-17,2025-08-05,2025-08-05,19,Completed,7,3,17,3,Highway,0,0.0
RNT03117,EQBK1016,CUS074,OP120,SITE014,2025-07-17,2025-07-25,2025-07-27,8,Completed,7,3,17,3,Railway,2,1.0
RNT03118,EQRR1001,CUS058,OP161,SITE018,2025-07-17,2025-07-21,2025-07-21,4,Completed,7,3,17,3,Highway,0,1.0
RNT03119,EQWL1026,CUS049,OP136,SITE005,2025-07-17,2025-07-30,2025-07-31,13,Completed,7,3,17,3,Airport,1,1.0
RNT03120,EQBK1013,CUS009,OP161,SITE011,2025-07-18,2025-07-27,2025-08-03,9,Completed,7,4,18,3,Residential,7,0.0
RNT03121,EQBD1023,CUS031,OP126,SITE011,2025-07-18,2025-08-07,2025-08-05,20,Completed,7,4,18,3,Residential,0,1.0
RNT03122,EQBK1013,CUS034,OP127,SITE014,2025-07-18,2025-08-06,2025-08-07,19,Completed,7,4,18,3,Railway,1,1.0
RNT03123,EQDT1006,CUS052,OP108,SITE012,2025-07-18,2025-07-24,2025-07-24,6,Completed,7,4,18,3,Energy,0,1.0
RNT03124,EQEX1004,CUS016,OP115,SITE016,2025-07-18,2025-08-02,2025-08-02,15,Completed,7,4,18,3,Commercial,0,1.0
RNT03125,EQGR1013,CUS036,OP136,SITE016,2025-07-18,2025-08-10,2025-08-10,23,Completed,7,4,18,3,Commercial,0,1.0
RNT03126,EQWL1004,CUS050,OP155,SITE011,2025-07-19,2025-08-01,2025-08-01,13,Completed,7,5,19,3,Residential,0,1.0
RNT03127,EQBK1002,CUS034,OP112,SITE006,2025-07-19,2025-07-27,2025-07-27,8,Completed,7,5,19,3,Port,0,0.0
RNT03128,EQEX1022,CUS014,OP124,SITE007,2025-07-19,2025-08-10,2025-08-09,22,Completed,7,5,19,3,Industrial,0,1.0
RNT03129,EQEX1045,CUS073,OP154,SITE013,2025-07-19,2025-08-14,2025-08-14,26,Completed,7,5,19,3,Energy,0,1.0
RNT03130,EQWL1012,CUS023,OP179,SITE003,2025-07-19,2025-08-07,2025-08-08,19,Completed,7,5,19,3,Commercial,1,1.0
RNT03131,EQBD1004,CUS021,OP163,SITE001,2025-07-19,2025-08-05,2025-08-05,17,Completed,7,5,19,3,Metro Rail,0,1.0
RNT03132,EQEX1006,CUS018,OP102,SITE018,2025-07-20,2025-08-08,2025-08-07,19,Completed,7,6,20,3,Highway,0,1.0
RNT03133,EQEX1038,CUS022,OP111,SITE002,2025-07-20,2025-08-11,2025-08-11,22,Completed,7,6,20,3,Highway,0,1.0
RNT03134,EQBK1018,CUS054,OP131,SITE014,2025-07-20,2025-08-01,2025-08-01,12,Completed,7,6,20,3,Railway,0,1.0
RNT03135,EQSS1014,CUS041,OP157,SITE001,2025-07-20,2025-07-30,2025-08-06,10,Completed,7,6,20,3,Metro Rail,7,1.0
RNT03136,EQEX1018,CUS042,OP126,SITE002,2025-07-20,2025-08-17,2025-08-27,28,Completed,7,6,20,3,Highway,10,1.0
RNT03137,EQBD1014,CUS019,OP147,SITE019,2025-07-20,2025-08-04,2025-08-12,15,Completed,7,6,20,3,Port,8,1.0
RNT03138,EQBK1020,CUS041,OP109,SITE001,2025-07-20,2025-08-03,2025-08-07,14,Completed,7,6,20,3,Metro Rail,4,1.0
RNT03139,EQEX1035,CUS063,OP158,SITE003,2025-07-21,2025-08-13,2025-08-12,23,Completed,7,0,21,3,Commercial,0,1.0
RNT03140,EQSS1009,CUS029,OP143,SITE009,2025-07-21,2025-07-26,2025-07-26,5,Completed,7,0,21,3,Highway,0,1.0
RNT03141,EQBD1023,CUS025,OP102,SITE005,2025-07-21,2025-08-16,2025-08-17,26,Completed,7,0,21,3,Airport,1,1.0
RNT03142,EQEX1031,CUS026,OP112,SITE006,2025-07-22,2025-08-12,2025-08-19,21,Completed,7,1,22,3,Port,7,1.0
RNT03143,EQBD1027,CUS014,OP136,SITE014,2025-07-22,2025-08-10,2025-08-13,19,Completed,7,1,22,3,Railway,3,1.0
RNT03144,EQFL1011,CUS028,OP174,SITE008,2025-07-22,2025-08-01,2025-08-01,10,Completed,7,1,22,3,Energy,0,1.0
RNT03145,EQGR1003,CUS041,OP154,SITE001,2025-07-22,2025-08-17,2025-08-22,26,Completed,7,1,22,3,Metro Rail,5,1.0
RNT03146,EQBK1017,CUS058,OP121,SITE018,2025-07-22,2025-08-07,2025-08-08,16,Completed,7,1,22,3,Highway,1,1.0
RNT03147,EQBD1011,CUS061,OP114,SITE001,2025-07-22,2025-08-03,2025-08-13,12,Completed,7,1,22,3,Metro Rail,10,0.0
RNT03148,EQBD1002,CUS018,OP149,SITE018,2025-07-23,2025-08-05,2025-08-05,13,Completed,7,2,23,3,Highway,0,1.0
RNT03149,EQWL1016,CUS063,OP180,SITE003,2025-07-23,2025-08-08,2025-08-09,16,Completed,7,2,23,3,Commercial,1,1.0
RNT03150,EQDT1008,CUS050,OP102,SITE003,2025-07-23,2025-07-28,2025-07-28,5,Completed,7,2,23,3,Commercial,0,1.0
RNT03151,EQSS1016,CUS050,OP130,SITE012,2025-07-23,2025-07-26,2025-07-26,3,Completed,7,2,23,3,Energy,0,1.0
RNT03152,EQEX1023,CUS016,OP148,SITE016,2025-07-23,2025-07-29,2025-08-04,6,Completed,7,2,23,3,Commercial,6,1.0
RNT03153,EQWL1020,CUS044,OP119,SITE004,2025-07-23,2025-08-03,2025-08-03,11,Completed,7,2,23,3,Smart City,0,1.0
RNT03154,EQBD1028,CUS001,OP145,SITE001,2025-07-23,2025-08-08,2025-08-10,16,Completed,7,2,23,3,Metro Rail,2,1.0
RNT03155,EQEX1007,CUS011,OP135,SITE011,2025-07-23,2025-07-31,2025-07-31,8,Completed,7,2,23,3,Residential,0,1.0
RNT03156,EQSS1010,CUS019,OP122,SITE019,2025-07-24,2025-07-26,2025-07-26,2,Completed,7,3,24,3,Port,0,1.0
RNT03157,EQBK1015,CUS001,OP123,SITE001,2025-07-24,2025-07-31,2025-07-30,7,Completed,7,3,24,3,Metro Rail,0,1.0
RNT03158,EQDT1006,CUS014,OP118,SITE012,2025-07-24,2025-08-15,2025-08-15,22,Completed,7,3,24,3,Energy,0,0.0
RNT03159,EQWL1024,CUS066,OP118,SITE006,2025-07-24,2025-08-13,2025-08-12,20,Completed,7,3,24,3,Port,0,1.0
RNT03160,EQBD1004,CUS026,OP160,SITE006,2025-07-24,2025-08-07,2025-08-06,14,Completed,7,3,24,3,Port,0,1.0
RNT03161,EQBK1007,CUS036,OP103,SITE016,2025-07-24,2025-08-08,2025-08-08,15,Completed,7,3,24,3,Commercial,0,1.0
RNT03162,EQBD1010,CUS031,OP107,SITE011,2025-07-24,2025-08-08,2025-08-08,15,Completed,7,3,24,3,Residential,0,0.0
RNT03163,EQGR1015,CUS063,OP116,SITE003,2025-07-25,2025-08-10,2025-08-10,16,Completed,7,4,25,3,Commercial,0,1.0
RNT03164,EQWL1017,CUS043,OP103,SITE016,2025-07-25,2025-07-31,2025-08-03,6,Completed,7,4,25,3,Commercial,3,1.0
RNT03165,EQWL1005,CUS040,OP139,SITE020,2025-07-25,2025-08-03,2025-08-03,9,Completed,7,4,25,3,Metro Rail,0,1.0
RNT03166,EQWL1026,CUS075,OP173,SITE015,2025-07-25,2025-08-03,2025-08-13,9,Completed,7,4,25,3,Water Infrastructure,10,1.0
RNT03167,EQDT1012,CUS013,OP177,SITE013,2025-07-25,2025-08-20,2025-08-20,26,Completed,7,4,25,3,Energy,0,1.0
RNT03168,EQEX1010,CUS025,OP176,SITE005,2025-07-26,2025-08-07,2025-08-08,12,Completed,7,5,26,3,Airport,1,1.0
RNT03169,EQGR1012,CUS046,OP152,SITE006,2025-07-26,2025-08-14,2025-08-13,19,Completed,7,5,26,3,Port,0,1.0
RNT03170,EQRR1006,CUS011,OP163,SITE011,2025-07-26,2025-08-09,2025-08-09,14,Completed,7,5,26,3,Residential,0,1.0
RNT03171,EQEX1015,CUS016,OP176,SITE016,2025-07-26,2025-08-05,2025-08-05,10,Completed,7,5,26,3,Commercial,0,1.0
RNT03172,EQWL1015,CUS021,OP160,SITE001,2025-07-26,2025-08-13,2025-08-12,18,Completed,7,5,26,3,Metro Rail,0,1.0
RNT03173,EQDT1012,CUS061,OP139,SITE001,2025-07-27,2025-08-10,2025-08-06,14,Completed,7,6,27,3,Metro Rail,0,1.0
RNT03174,EQRR1002,CUS002,OP131,SITE002,2025-07-27,2025-08-09,2025-08-11,13,Completed,7,6,27,3,Highway,2,1.0
RNT03175,EQEX1015,CUS020,OP156,SITE020,2025-07-27,2025-08-12,2025-08-17,16,Completed,7,6,27,3,Metro Rail,5,1.0
RNT03176,EQEX1033,CUS020,OP128,SITE020,2025-07-27,2025-08-02,2025-08-02,6,Completed,7,6,27,3,Metro Rail,0,0.0
RNT03177,EQEX1018,CUS065,OP117,SITE005,2025-07-27,2025-08-10,2025-08-09,14,Completed,7,6,27,3,Airport,0,1.0
RNT03178,EQEX1019,CUS041,OP107,SITE001,2025-07-27,2025-08-14,2025-08-15,18,Completed,7,6,27,3,Metro Rail,1,1.0
RNT03179,EQGR1005,CUS021,OP121,SITE001,2025-07-28,2025-08-14,2025-08-15,17,Completed,7,0,28,3,Metro Rail,1,1.0
RNT03180,EQDT1002,CUS002,OP150,SITE002,2025-07-28,2025-08-11,2025-08-07,14,Completed,7,0,28,3,Highway,0,0.0
RNT03181,EQWL1009,CUS018,OP166,SITE018,2025-07-29,2025-08-10,2025-08-11,12,Completed,7,1,29,3,Highway,1,1.0
RNT03182,EQBK1016,CUS008,OP132,SITE008,2025-07-30,2025-08-10,2025-08-11,11,Completed,7,2,30,3,Energy,1,1.0
RNT03183,EQWL1001,CUS054,OP103,SITE014,2025-07-30,2025-08-08,2025-08-08,9,Completed,7,2,30,3,Railway,0,1.0
RNT03184,EQEX1027,CUS062,OP106,SITE002,2025-07-30,2025-08-07,2025-08-07,8,Completed,7,2,30,3,Highway,0,1.0
RNT03185,EQBD1025,CUS010,OP112,SITE010,2025-07-31,2025-08-06,2025-08-05,6,Completed,7,3,31,3,Industrial,0,1.0
RNT03186,EQBK1004,CUS038,OP174,SITE005,2025-07-31,2025-08-07,2025-08-07,7,Completed,7,3,31,3,Airport,0,1.0
RNT03187,EQRR1005,CUS006,OP120,SITE006,2025-07-31,2025-08-07,2025-08-17,7,Completed,7,3,31,3,Port,10,1.0
RNT03188,EQWL1007,CUS046,OP141,SITE006,2025-07-31,2025-08-10,2025-08-10,10,Completed,7,3,31,3,Port,0,0.0
RNT03189,EQWL1019,CUS068,OP123,SITE008,2025-07-31,2025-08-03,2025-08-05,3,Completed,7,3,31,3,Energy,2,1.0
RNT03190,EQGR1017,CUS033,OP110,SITE012,2025-08-01,2025-08-07,2025-08-04,6,Completed,8,4,1,3,Energy,0,1.0
RNT03191,EQBD1009,CUS045,OP109,SITE005,2025-08-01,2025-08-13,2025-08-13,12,Completed,8,4,1,3,Airport,0,1.0
RNT03192,EQRR1003,CUS050,OP153,SITE011,2025-08-02,2025-08-21,2025-08-20,19,Completed,8,5,2,3,Residential,0,1.0
RNT03193,EQBD1029,CUS001,OP118,SITE001,2025-08-02,2025-08-08,2025-08-10,6,Completed,8,5,2,3,Metro Rail,2,1.0
RNT03194,EQRR1013,CUS040,OP159,SITE006,2025-08-03,2025-08-11,2025-08-18,8,Completed,8,6,3,3,Port,7,1.0
RNT03195,EQRR1006,CUS022,OP156,SITE002,2025-08-03,2025-08-08,2025-08-14,5,Completed,8,6,3,3,Highway,6,1.0
RNT03196,EQBK1014,CUS047,OP160,SITE007,2025-08-03,2025-08-15,2025-08-15,12,Completed,8,6,3,3,Industrial,0,1.0
RNT03197,EQFL1003,CUS023,OP156,SITE003,2025-08-03,2025-08-10,2025-08-18,7,Completed,8,6,3,3,Commercial,8,0.0
RNT03198,EQBD1016,CUS061,OP119,SITE001,2025-08-03,2025-08-19,2025-08-19,16,Completed,8,6,3,3,Metro Rail,0,1.0
RNT03199,EQEX1030,CUS024,OP161,SITE004,2025-08-03,2025-08-29,2025-09-01,26,Completed,8,6,3,3,Smart City,3,1.0
RNT03200,EQBK1016,CUS049,OP177,SITE009,2025-08-04,2025-08-10,2025-08-12,6,Completed,8,0,4,3,Highway,2,0.0
RNT03201,EQBD1020,CUS027,OP129,SITE007,2025-08-04,2025-08-14,2025-08-15,10,Completed,8,0,4,3,Industrial,1,1.0
RNT03202,EQEX1032,CUS026,OP124,SITE006,2025-08-04,2025-08-16,2025-08-19,12,Completed,8,0,4,3,Port,3,0.0
RNT03203,EQRR1011,CUS075,OP123,SITE013,2025-08-04,2025-08-16,2025-08-16,12,Completed,8,0,4,3,Energy,0,1.0
RNT03204,EQEX1030,CUS018,OP146,SITE018,2025-08-04,2025-08-19,2025-08-21,15,Completed,8,0,4,3,Highway,2,1.0
RNT03205,EQBK1019,CUS058,OP119,SITE002,2025-08-04,2025-08-12,2025-08-12,8,Completed,8,0,4,3,Highway,0,1.0
RNT03206,EQBD1017,CUS050,OP159,SITE005,2025-08-04,2025-08-13,2025-08-13,9,Completed,8,0,4,3,Airport,0,1.0
RNT03207,EQDT1008,CUS066,OP144,SITE006,2025-08-04,2025-08-15,2025-08-14,11,Completed,8,0,4,3,Port,0,1.0
RNT03208,EQSS1010,CUS062,OP158,SITE002,2025-08-04,2025-08-10,2025-08-10,6,Completed,8,0,4,3,Highway,0,1.0
RNT03209,EQEX1010,CUS063,OP166,SITE003,2025-08-04,2025-08-15,2025-08-20,11,Completed,8,0,4,3,Commercial,5,1.0
RNT03210,EQEX1048,CUS006,OP106,SITE006,2025-08-04,2025-08-19,2025-08-19,15,Completed,8,0,4,3,Port,0,1.0
RNT03211,EQGR1014,CUS054,OP101,SITE012,2025-08-04,2025-08-22,2025-08-29,18,Completed,8,0,4,3,Energy,7,1.0
RNT03212,EQGR1012,CUS049,OP134,SITE009,2025-08-05,2025-08-29,2025-08-28,24,Completed,8,1,5,3,Highway,0,0.0
RNT03213,EQFL1006,CUS030,OP153,SITE010,2025-08-05,2025-08-11,2025-08-10,6,Completed,8,1,5,3,Industrial,0,1.0
RNT03214,EQGR1018,CUS038,OP107,SITE018,2025-08-05,2025-08-23,2025-08-23,18,Completed,8,1,5,3,Highway,0,1.0
RNT03215,EQWL1012,CUS068,OP159,SITE008,2025-08-05,2025-08-18,2025-08-18,13,Completed,8,1,5,3,Energy,0,1.0
RNT03216,EQBK1017,CUS043,OP110,SITE003,2025-08-05,2025-08-10,2025-08-12,5,Completed,8,1,5,3,Commercial,2,1.0
RNT03217,EQRR1005,CUS058,OP139,SITE018,2025-08-05,2025-08-25,2025-08-25,20,Completed,8,1,5,3,Highway,0,0.0
RNT03218,EQBK1002,CUS042,OP109,SITE002,2025-08-05,2025-08-25,2025-08-25,20,Completed,8,1,5,3,Highway,0,1.0
RNT03219,EQBK1002,CUS035,OP175,SITE015,2025-08-05,2025-08-11,2025-08-16,6,Completed,8,1,5,3,Water Infrastructure,5,1.0
RNT03220,EQWL1009,CUS045,OP130,SITE005,2025-08-06,2025-08-20,2025-08-21,14,Completed,8,2,6,3,Airport,1,1.0
RNT03221,EQBK1015,CUS014,OP113,SITE014,2025-08-06,2025-08-21,2025-08-21,15,Completed,8,2,6,3,Railway,0,1.0
RNT03222,EQGR1015,CUS004,OP110,SITE004,2025-08-06,2025-08-18,2025-08-19,12,Completed,8,2,6,3,Smart City,1,1.0
RNT03223,EQEX1036,CUS016,OP119,SITE016,2025-08-06,2025-08-21,2025-08-18,15,Completed,8,2,6,3,Commercial,0,0.0
RNT03224,EQEX1020,CUS014,OP132,SITE014,2025-08-06,2025-08-20,2025-08-22,14,Completed,8,2,6,3,Railway,2,1.0
RNT03225,EQRR1014,CUS001,OP104,SITE001,2025-08-06,2025-08-25,2025-08-24,19,Completed,8,2,6,3,Metro Rail,0,1.0
RNT03226,EQEX1003,CUS031,OP160,SITE011,2025-08-07,2025-08-25,2025-08-30,18,Completed,8,3,7,3,Residential,5,1.0
RNT03227,EQRR1012,CUS043,OP117,SITE003,2025-08-07,2025-08-27,2025-08-27,20,Completed,8,3,7,3,Commercial,0,1.0
RNT03228,EQGR1012,CUS026,OP159,SITE006,2025-08-07,2025-08-13,2025-08-13,6,Completed,8,3,7,3,Port,0,1.0
RNT03229,EQEX1030,CUS074,OP173,SITE014,2025-08-07,2025-08-19,2025-08-19,12,Completed,8,3,7,3,Railway,0,1.0
RNT03230,EQWL1012,CUS057,OP141,SITE017,2025-08-07,2025-08-26,2025-08-26,19,Completed,8,3,7,3,Bridge,0,1.0
RNT03231,EQBK1002,CUS017,OP126,SITE010,2025-08-07,2025-08-23,2025-08-22,16,Completed,8,3,7,3,Industrial,0,1.0
RNT03232,EQBD1017,CUS061,OP114,SITE001,2025-08-08,2025-08-17,2025-08-13,9,Completed,8,4,8,3,Metro Rail,0,1.0
RNT03233,EQBD1011,CUS060,OP149,SITE020,2025-08-08,2025-08-17,2025-08-21,9,Completed,8,4,8,3,Metro Rail,4,1.0
RNT03234,EQRR1012,CUS061,OP111,SITE001,2025-08-08,2025-08-20,2025-08-21,12,Completed,8,4,8,3,Metro Rail,1,1.0
RNT03235,EQEX1016,CUS022,OP145,SITE002,2025-08-09,2025-09-05,2025-09-06,27,Completed,8,5,9,3,Highway,1,1.0
RNT03236,EQWL1021,CUS021,OP175,SITE001,2025-08-09,2025-08-20,2025-08-28,11,Completed,8,5,9,3,Metro Rail,8,0.0
RNT03237,EQGR1010,CUS065,OP120,SITE005,2025-08-09,2025-08-22,2025-08-22,13,Completed,8,5,9,3,Airport,0,1.0
RNT03238,EQBD1028,CUS020,OP117,SITE020,2025-08-09,2025-08-18,2025-08-22,9,Completed,8,5,9,3,Metro Rail,4,1.0
RNT03239,EQBK1014,CUS010,OP123,SITE010,2025-08-09,2025-08-24,2025-08-23,15,Completed,8,5,9,3,Industrial,0,1.0
RNT03240,EQEX1039,CUS022,OP178,SITE002,2025-08-09,2025-08-28,2025-08-28,19,Completed,8,5,9,3,Highway,0,1.0
RNT03241,EQEX1005,CUS035,OP135,SITE004,2025-08-10,2025-08-28,2025-09-06,18,Completed,8,6,10,3,Smart City,9,1.0
RNT03242,EQSS1003,CUS009,OP145,SITE009,2025-08-11,2025-08-19,2025-08-20,8,Completed,8,0,11,3,Highway,1,1.0
RNT03243,EQBD1003,CUS031,OP115,SITE011,2025-08-11,2025-09-29,2025-10-01,49,Completed,8,0,11,3,Residential,2,1.0
RNT03244,EQGR1007,CUS066,OP172,SITE006,2025-08-11,2025-08-18,2025-08-21,7,Completed,8,0,11,3,Port,3,1.0
RNT03245,EQGR1006,CUS056,OP108,SITE016,2025-08-11,2025-09-03,2025-09-03,23,Completed,8,0,11,3,Commercial,0,0.0
RNT03246,EQWL1006,CUS020,OP122,SITE020,2025-08-11,2025-08-27,2025-08-27,16,Completed,8,0,11,3,Metro Rail,0,1.0
RNT03247,EQSS1009,CUS026,OP177,SITE006,2025-08-11,2025-08-16,2025-08-16,5,Completed,8,0,11,3,Port,0,1.0
RNT03248,EQEX1027,CUS050,OP104,SITE011,2025-08-11,2025-08-18,2025-08-27,7,Completed,8,0,11,3,Residential,9,1.0
RNT03249,EQRR1014,CUS024,OP156,SITE004,2025-08-11,2025-08-27,2025-08-27,16,Completed,8,0,11,3,Smart City,0,0.0
RNT03250,EQBK1010,CUS015,OP176,SITE015,2025-08-12,2025-08-22,2025-08-24,10,Completed,8,1,12,3,Water Infrastructure,2,0.0
RNT03251,EQGR1005,CUS054,OP114,SITE014,2025-08-12,2025-08-31,2025-08-31,19,Completed,8,1,12,3,Railway,0,0.0
RNT03252,EQBD1028,CUS034,OP145,SITE014,2025-08-13,2025-09-07,2025-09-07,25,Completed,8,2,13,3,Railway,0,1.0
RNT03253,EQWL1004,CUS036,OP107,SITE004,2025-08-13,2025-09-02,2025-09-12,20,Completed,8,2,13,3,Smart City,10,0.0
RNT03254,EQBD1014,CUS068,OP149,SITE008,2025-08-13,2025-08-26,2025-08-26,13,Completed,8,2,13,3,Energy,0,1.0
RNT03255,EQEX1027,CUS050,OP119,SITE011,2025-08-13,2025-09-04,2025-09-05,22,Completed,8,2,13,3,Residential,1,1.0
RNT03256,EQEX1005,CUS064,OP177,SITE004,2025-08-13,2025-08-29,2025-09-02,16,Completed,8,2,13,3,Smart City,4,1.0
RNT03257,EQEX1022,CUS028,OP159,SITE008,2025-08-13,2025-09-07,2025-09-12,25,Completed,8,2,13,3,Energy,5,1.0
RNT03258,EQDT1005,CUS049,OP119,SITE014,2025-08-14,2025-09-07,2025-09-07,24,Completed,8,3,14,3,Railway,0,1.0
RNT03259,EQBD1024,CUS054,OP106,SITE014,2025-08-14,2025-09-10,2025-09-19,27,Completed,8,3,14,3,Railway,9,1.0
RNT03260,EQRR1003,CUS018,OP106,SITE018,2025-08-14,2025-09-02,2025-09-02,19,Completed,8,3,14,3,Highway,0,1.0
RNT03261,EQDT1006,CUS065,OP146,SITE005,2025-08-14,2025-09-05,2025-09-06,22,Completed,8,3,14,3,Airport,1,1.0
RNT03262,EQFL1011,CUS019,OP107,SITE019,2025-08-14,2025-08-19,2025-08-19,5,Completed,8,3,14,3,Port,0,0.0
RNT03263,EQDT1005,CUS036,OP118,SITE016,2025-08-14,2025-09-09,2025-09-15,26,Completed,8,3,14,3,Commercial,6,1.0
RNT03264,EQEX1046,CUS009,OP126,SITE009,2025-08-14,2025-08-28,2025-08-28,14,Completed,8,3,14,3,Highway,0,1.0
RNT03265,EQGR1001,CUS040,OP102,SITE020,2025-08-14,2025-08-25,2025-08-25,11,Completed,8,3,14,3,Metro Rail,0,1.0
RNT03266,EQWL1002,CUS006,OP138,SITE006,2025-08-14,2025-08-17,2025-08-18,3,Completed,8,3,14,3,Port,1,1.0
RNT03267,EQBK1013,CUS064,OP177,SITE004,2025-08-15,2025-08-23,2025-08-23,8,Completed,8,4,15,3,Smart City,0,0.0
RNT03268,EQFL1012,CUS012,OP106,SITE012,2025-08-15,2025-08-21,2025-08-29,6,Completed,8,4,15,3,Energy,8,0.0
RNT03269,EQWL1019,CUS042,OP120,SITE002,2025-08-15,2025-08-27,2025-08-26,12,Completed,8,4,15,3,Highway,0,1.0
RNT03270,EQFL1010,CUS047,OP105,SITE007,2025-08-15,2025-08-25,2025-08-25,10,Completed,8,4,15,3,Industrial,0,1.0
RNT03271,EQSS1007,CUS054,OP172,SITE014,2025-08-15,2025-08-20,2025-08-20,5,Completed,8,4,15,3,Railway,0,1.0
RNT03272,EQGR1005,CUS005,OP118,SITE005,2025-08-16,2025-09-05,2025-09-04,20,Completed,8,5,16,3,Airport,0,1.0
RNT03273,EQRR1005,CUS009,OP150,SITE009,2025-08-16,2025-08-22,2025-08-26,6,Completed,8,5,16,3,Highway,4,1.0
RNT03274,EQBK1020,CUS041,OP120,SITE016,2025-08-16,2025-10-13,2025-10-14,58,Completed,8,5,16,3,Commercial,1,1.0
RNT03275,EQFL1007,CUS013,OP116,SITE013,2025-08-16,2025-08-25,2025-08-25,9,Completed,8,5,16,3,Energy,0,1.0
RNT03276,EQEX1019,CUS073,OP171,SITE013,2025-08-16,2025-09-03,2025-09-06,18,Completed,8,5,16,3,Energy,3,1.0
RNT03277,EQEX1001,CUS040,OP153,SITE020,2025-08-16,2025-09-13,2025-09-12,28,Completed,8,5,16,3,Metro Rail,0,0.0
RNT03278,EQBK1006,CUS033,OP138,SITE013,2025-08-17,2025-08-23,2025-08-22,6,Completed,8,6,17,3,Energy,0,1.0
RNT03279,EQDT1012,CUS046,OP133,SITE006,2025-08-17,2025-09-09,2025-09-17,23,Completed,8,6,17,3,Port,8,1.0
RNT03280,EQEX1019,CUS008,OP169,SITE008,2025-08-17,2025-08-29,2025-08-29,12,Completed,8,6,17,3,Energy,0,1.0
RNT03281,EQEX1009,CUS074,OP154,SITE014,2025-08-17,2025-09-10,2025-09-10,24,Completed,8,6,17,3,Railway,0,1.0
RNT03282,EQFL1003,CUS028,OP144,SITE008,2025-08-17,2025-08-23,2025-08-28,6,Completed,8,6,17,3,Energy,5,1.0
RNT03283,EQBK1001,CUS057,OP132,SITE017,2025-08-17,2025-08-29,2025-08-30,12,Completed,8,6,17,3,Bridge,1,1.0
RNT03284,EQBD1003,CUS025,OP152,SITE005,2025-08-17,2025-09-08,2025-09-10,22,Completed,8,6,17,3,Airport,2,1.0
RNT03285,EQFL1005,CUS015,OP129,SITE015,2025-08-17,2025-08-26,2025-08-26,9,Completed,8,6,17,3,Water Infrastructure,0,1.0
RNT03286,EQWL1022,CUS065,OP132,SITE005,2025-08-18,2025-09-04,2025-09-14,17,Completed,8,0,18,3,Airport,10,1.0
RNT03287,EQEX1034,CUS038,OP114,SITE005,2025-08-18,2025-09-07,2025-09-11,20,Completed,8,0,18,3,Airport,4,0.0
RNT03288,EQWL1023,CUS065,OP134,SITE005,2025-08-18,2025-09-01,2025-09-01,14,Completed,8,0,18,3,Airport,0,1.0
RNT03289,EQWL1008,CUS041,OP152,SITE001,2025-08-18,2025-08-23,2025-08-27,5,Completed,8,0,18,3,Metro Rail,4,1.0
RNT03290,EQEX1047,CUS046,OP145,SITE006,2025-08-18,2025-09-07,2025-09-07,20,Completed,8,0,18,3,Port,0,1.0
RNT03291,EQSS1003,CUS065,OP145,SITE017,2025-08-18,2025-08-25,2025-09-04,7,Completed,8,0,18,3,Bridge,10,1.0
RNT03292,EQWL1007,CUS016,OP145,SITE016,2025-08-18,2025-08-23,2025-08-23,5,Completed,8,0,18,3,Commercial,0,1.0
RNT03293,EQBD1018,CUS032,OP130,SITE012,2025-08-19,2025-09-14,2025-09-15,26,Completed,8,1,19,3,Energy,1,1.0
RNT03294,EQEX1033,CUS057,OP124,SITE017,2025-08-19,2025-09-09,2025-09-16,21,Completed,8,1,19,3,Bridge,7,1.0
RNT03295,EQSS1016,CUS010,OP126,SITE010,2025-08-19,2025-08-29,2025-08-29,10,Completed,8,1,19,3,Industrial,0,1.0
RNT03296,EQGR1007,CUS037,OP153,SITE004,2025-08-19,2025-09-13,2025-09-12,25,Completed,8,1,19,3,Smart City,0,1.0
RNT03297,EQRR1012,CUS033,OP106,SITE013,2025-08-19,2025-08-29,2025-08-28,10,Completed,8,1,19,3,Energy,0,1.0
RNT03298,EQSS1017,CUS014,OP132,SITE014,2025-08-20,2025-08-28,2025-09-05,8,Completed,8,2,20,3,Railway,8,0.0
RNT03299,EQBD1001,CUS068,OP101,SITE008,2025-08-20,2025-09-11,2025-09-18,22,Completed,8,2,20,3,Energy,7,1.0
RNT03300,EQGR1001,CUS033,OP147,SITE013,2025-08-20,2025-09-08,2025-09-09,19,Completed,8,2,20,3,Energy,1,1.0
RNT03301,EQBD1017,CUS020,OP131,SITE020,2025-08-20,2025-08-28,2025-08-28,8,Completed,8,2,20,3,Metro Rail,0,1.0
RNT03302,EQSS1013,CUS049,OP163,SITE009,2025-08-20,2025-08-30,2025-08-30,10,Completed,8,2,20,3,Highway,0,1.0
RNT03303,EQBD1027,CUS025,OP153,SITE005,2025-08-20,2025-08-29,2025-08-29,9,Completed,8,2,20,3,Airport,0,1.0
RNT03304,EQBK1020,CUS054,OP123,SITE014,2025-08-21,2025-09-05,2025-09-08,15,Completed,8,3,21,3,Railway,3,1.0
RNT03305,EQEX1021,CUS033,OP136,SITE013,2025-08-21,2025-09-07,2025-09-12,17,Completed,8,3,21,3,Energy,5,1.0
RNT03306,EQBD1015,CUS046,OP157,SITE006,2025-08-21,2025-09-08,2025-09-12,18,Completed,8,3,21,3,Port,4,1.0
RNT03307,EQBD1022,CUS059,OP139,SITE019,2025-08-21,2025-09-07,2025-09-09,17,Completed,8,3,21,3,Port,2,1.0
RNT03308,EQBD1007,CUS016,OP144,SITE016,2025-08-21,2025-08-26,2025-08-24,5,Completed,8,3,21,3,Commercial,0,1.0
RNT03309,EQBD1010,CUS054,OP113,SITE014,2025-08-21,2025-09-11,2025-09-17,21,Completed,8,3,21,3,Railway,6,0.0
RNT03310,EQDT1007,CUS016,OP114,SITE016,2025-08-21,2025-09-13,2025-09-13,23,Completed,8,3,21,3,Commercial,0,1.0
RNT03311,EQFL1009,CUS063,OP137,SITE003,2025-08-21,2025-08-27,2025-08-28,6,Completed,8,3,21,3,Commercial,1,1.0
RNT03312,EQWL1005,CUS039,OP174,SITE019,2025-08-21,2025-09-05,2025-09-06,15,Completed,8,3,21,3,Port,1,0.0
RNT03313,EQRR1001,CUS022,OP180,SITE002,2025-08-21,2025-08-26,2025-08-27,5,Completed,8,3,21,3,Highway,1,0.0
RNT03314,EQBD1025,CUS065,OP130,SITE005,2025-08-22,2025-09-15,2025-09-19,24,Completed,8,4,22,3,Airport,4,1.0
RNT03315,EQBK1002,CUS001,OP171,SITE001,2025-08-22,2025-09-04,2025-09-04,13,Completed,8,4,22,3,Metro Rail,0,1.0
RNT03316,EQFL1002,CUS058,OP113,SITE018,2025-08-22,2025-08-25,2025-08-25,3,Completed,8,4,22,3,Highway,0,1.0
RNT03317,EQEX1033,CUS060,OP141,SITE020,2025-08-22,2025-09-03,2025-09-04,12,Completed,8,4,22,3,Metro Rail,1,0.0
RNT03318,EQWL1016,CUS050,OP104,SITE011,2025-08-23,2025-09-10,2025-09-19,18,Completed,8,5,23,3,Residential,9,0.0
RNT03319,EQBK1006,CUS019,OP101,SITE019,2025-08-23,2025-09-12,2025-09-13,20,Completed,8,5,23,3,Port,1,1.0
RNT03320,EQGR1004,CUS024,OP174,SITE004,2025-08-23,2025-09-06,2025-09-15,14,Completed,8,5,23,3,Smart City,9,1.0
RNT03321,EQBD1016,CUS065,OP148,SITE005,2025-08-23,2025-09-14,2025-09-21,22,Completed,8,5,23,3,Airport,7,1.0
RNT03322,EQBK1005,CUS027,OP116,SITE007,2025-08-23,2025-09-07,2025-09-07,15,Completed,8,5,23,3,Industrial,0,1.0
RNT03323,EQGR1013,CUS059,OP117,SITE019,2025-08-23,2025-09-11,2025-09-12,19,Completed,8,5,23,3,Port,1,1.0
RNT03324,EQSS1010,CUS004,OP131,SITE004,2025-08-23,2025-08-29,2025-08-29,6,Completed,8,5,23,3,Smart City,0,1.0
RNT03325,EQGR1003,CUS042,OP110,SITE002,2025-08-23,2025-09-01,2025-09-10,9,Completed,8,5,23,3,Highway,9,1.0
RNT03326,EQGR1008,CUS041,OP151,SITE001,2025-08-24,2025-09-12,2025-09-12,19,Completed,8,6,24,3,Metro Rail,0,0.0
RNT03327,EQEX1039,CUS046,OP126,SITE006,2025-08-24,2025-09-01,2025-09-05,8,Completed,8,6,24,3,Port,4,0.0
RNT03328,EQBK1005,CUS034,OP107,SITE014,2025-08-24,2025-09-04,2025-09-04,11,Completed,8,6,24,3,Railway,0,1.0
RNT03329,EQFL1005,CUS009,OP132,SITE018,2025-08-24,2025-08-26,2025-08-31,2,Completed,8,6,24,3,Highway,5,1.0
RNT03330,EQGR1006,CUS025,OP121,SITE005,2025-08-25,2025-09-02,2025-09-02,8,Completed,8,0,25,3,Airport,0,1.0
RNT03331,EQEX1046,CUS061,OP141,SITE001,2025-08-25,2025-09-02,2025-08-29,8,Completed,8,0,25,3,Metro Rail,0,1.0
RNT03332,EQFL1005,CUS046,OP146,SITE006,2025-08-25,2025-09-01,2025-08-30,7,Completed,8,0,25,3,Port,0,1.0
RNT03333,EQSS1012,CUS049,OP167,SITE009,2025-08-25,2025-08-27,2025-08-27,2,Completed,8,0,25,3,Highway,0,1.0
RNT03334,EQEX1023,CUS032,OP121,SITE012,2025-08-25,2025-08-26,2025-08-26,1,Completed,8,0,25,3,Energy,0,1.0
RNT03335,EQRR1003,CUS038,OP129,SITE018,2025-08-25,2025-09-08,2025-09-08,14,Completed,8,0,25,3,Highway,0,1.0
RNT03336,EQSS1011,CUS062,OP149,SITE002,2025-08-25,2025-08-27,2025-08-29,2,Completed,8,0,25,3,Highway,2,1.0
RNT03337,EQBD1030,CUS010,OP151,SITE003,2025-08-25,2025-09-01,2025-09-02,7,Completed,8,0,25,3,Commercial,1,1.0
RNT03338,EQWL1023,CUS047,OP126,SITE007,2025-08-26,2025-09-11,2025-09-11,16,Completed,8,1,26,3,Industrial,0,1.0
RNT03339,EQEX1013,CUS068,OP129,SITE008,2025-08-26,2025-09-16,2025-09-17,21,Completed,8,1,26,3,Energy,1,1.0
RNT03340,EQGR1011,CUS030,OP179,SITE010,2025-08-27,2025-09-11,2025-09-11,15,Completed,8,2,27,3,Industrial,0,1.0
RNT03341,EQFL1006,CUS038,OP134,SITE018,2025-08-27,2025-09-03,2025-09-03,7,Completed,8,2,27,3,Highway,0,1.0
RNT03342,EQBD1020,CUS057,OP155,SITE017,2025-08-27,2025-09-24,2025-09-25,28,Completed,8,2,27,3,Bridge,1,1.0
RNT03343,EQSS1015,CUS020,OP157,SITE020,2025-08-28,2025-09-03,2025-09-03,6,Completed,8,3,28,3,Metro Rail,0,1.0
RNT03344,EQEX1045,CUS009,OP156,SITE002,2025-08-28,2025-08-29,2025-09-05,1,Completed,8,3,28,3,Highway,7,1.0
RNT03345,EQEX1034,CUS022,OP174,SITE002,2025-08-28,2025-09-18,2025-09-17,21,Completed,8,3,28,3,Highway,0,1.0
RNT03346,EQEX1023,CUS020,OP116,SITE020,2025-08-28,2025-09-14,2025-09-14,17,Completed,8,3,28,3,Metro Rail,0,0.0
RNT03347,EQEX1007,CUS035,OP129,SITE015,2025-08-28,2025-09-07,2025-09-07,10,Completed,8,3,28,3,Water Infrastructure,0,1.0
RNT03348,EQDT1010,CUS046,OP162,SITE011,2025-08-28,2025-09-09,2025-09-09,12,Completed,8,3,28,3,Residential,0,1.0
RNT03349,EQGR1005,CUS057,OP142,SITE017,2025-08-28,2025-09-19,2025-09-25,22,Completed,8,3,28,3,Bridge,6,1.0
RNT03350,EQBK1006,CUS017,OP129,SITE017,2025-08-29,2025-09-14,2025-09-18,16,Completed,8,4,29,3,Bridge,4,1.0
RNT03351,EQGR1007,CUS050,OP169,SITE001,2025-08-29,2025-09-05,2025-09-06,7,Completed,8,4,29,3,Metro Rail,1,1.0
RNT03352,EQSS1017,CUS041,OP144,SITE001,2025-08-30,2025-09-02,2025-09-03,3,Completed,8,5,30,3,Metro Rail,1,1.0
RNT03353,EQBD1018,CUS028,OP145,SITE008,2025-08-30,2025-09-12,2025-09-14,13,Completed,8,5,30,3,Energy,2,1.0
RNT03354,EQBK1012,CUS021,OP131,SITE001,2025-08-30,2025-09-12,2025-09-15,13,Completed,8,5,30,3,Metro Rail,3,1.0
RNT03355,EQSS1015,CUS023,OP129,SITE003,2025-08-30,2025-09-01,2025-09-10,2,Completed,8,5,30,3,Commercial,9,1.0
RNT03356,EQBK1017,CUS003,OP101,SITE003,2025-08-31,2025-09-13,2025-09-13,13,Completed,8,6,31,3,Commercial,0,1.0
RNT03357,EQEX1025,CUS062,OP143,SITE002,2025-08-31,2025-09-01,2025-09-01,1,Completed,8,6,31,3,Highway,0,1.0
RNT03358,EQBK1009,CUS001,OP104,SITE001,2025-08-31,2025-09-13,2025-09-12,13,Completed,8,6,31,3,Metro Rail,0,0.0
RNT03359,EQBD1027,CUS033,OP109,SITE013,2025-09-01,2025-09-26,2025-10-03,25,Completed,9,0,1,3,Energy,7,1.0
RNT03360,EQSS1016,CUS046,OP175,SITE013,2025-09-02,2025-09-12,2025-09-12,10,Completed,9,1,2,3,Energy,0,1.0
RNT03361,EQEX1028,CUS008,OP118,SITE015,2025-09-02,2025-09-12,2025-09-12,10,Completed,9,1,2,3,Water Infrastructure,0,1.0
RNT03362,EQBD1027,CUS014,OP103,SITE014,2025-09-02,2025-09-24,2025-09-23,22,Completed,9,1,2,3,Railway,0,1.0
RNT03363,EQSS1017,CUS034,OP166,SITE014,2025-09-02,2025-09-12,2025-09-13,10,Completed,9,1,2,3,Railway,1,1.0
RNT03364,EQEX1017,CUS023,OP159,SITE003,2025-09-03,2025-10-19,2025-10-19,46,Completed,9,2,3,3,Commercial,0,1.0
RNT03365,EQSS1016,CUS006,OP127,SITE006,2025-09-03,2025-09-06,2025-09-06,3,Completed,9,2,3,3,Port,0,1.0
RNT03366,EQRR1003,CUS063,OP146,SITE003,2025-09-04,2025-09-08,2025-09-07,4,Completed,9,3,4,3,Commercial,0,1.0
RNT03367,EQEX1014,CUS074,OP115,SITE014,2025-09-04,2025-09-19,2025-09-22,15,Completed,9,3,4,3,Railway,3,1.0
RNT03368,EQRR1002,CUS063,OP155,SITE011,2025-09-04,2025-09-21,2025-09-28,17,Completed,9,3,4,3,Residential,7,1.0
RNT03369,EQRR1008,CUS041,OP176,SITE001,2025-09-04,2025-09-19,2025-09-29,15,Completed,9,3,4,3,Metro Rail,10,0.0
RNT03370,EQEX1008,CUS019,OP164,SITE019,2025-09-04,2025-09-17,2025-09-17,13,Completed,9,3,4,3,Port,0,1.0
RNT03371,EQWL1026,CUS034,OP139,SITE018,2025-09-04,2025-09-09,2025-09-09,5,Completed,9,3,4,3,Highway,0,1.0
RNT03372,EQBD1005,CUS050,OP113,SITE011,2025-09-05,2025-09-10,2025-09-20,5,Completed,9,4,5,3,Residential,10,1.0
RNT03373,EQEX1048,CUS005,OP143,SITE005,2025-09-05,2025-09-07,2025-09-08,2,Completed,9,4,5,3,Airport,1,1.0
RNT03374,EQEX1003,CUS045,OP113,SITE005,2025-09-05,2025-09-10,2025-09-09,5,Completed,9,4,5,3,Airport,0,1.0
RNT03375,EQGR1013,CUS009,OP105,SITE009,2025-09-06,2025-10-03,2025-10-07,27,Completed,9,5,6,3,Highway,4,1.0
RNT03376,EQBD1028,CUS047,OP128,SITE007,2025-09-06,2025-09-11,2025-09-12,5,Completed,9,5,6,3,Industrial,1,1.0
RNT03377,EQBK1007,CUS059,OP169,SITE019,2025-09-06,2025-09-15,2025-09-24,9,Completed,9,5,6,3,Port,9,1.0
RNT03378,EQEX1011,CUS026,OP159,SITE006,2025-09-06,2025-09-07,2025-09-07,1,Completed,9,5,6,3,Port,0,1.0
RNT03379,EQRR1010,CUS045,OP157,SITE001,2025-09-06,2025-09-21,2025-09-20,15,Completed,9,5,6,3,Metro Rail,0,1.0
RNT03380,EQWL1012,CUS041,OP108,SITE001,2025-09-06,2025-09-10,2025-09-09,4,Completed,9,5,6,3,Metro Rail,0,0.0
RNT03381,EQBK1019,CUS026,OP173,SITE006,2025-09-06,2025-09-10,2025-09-11,4,Completed,9,5,6,3,Port,1,1.0
RNT03382,EQWL1023,CUS018,OP142,SITE018,2025-09-07,2025-09-20,2025-09-20,13,Completed,9,6,7,3,Highway,0,1.0
RNT03383,EQWL1003,CUS011,OP108,SITE011,2025-09-07,2025-09-23,2025-09-23,16,Completed,9,6,7,3,Residential,0,1.0
RNT03384,EQGR1016,CUS021,OP118,SITE001,2025-09-07,2025-09-28,2025-10-06,21,Completed,9,6,7,3,Metro Rail,8,1.0
RNT03385,EQWL1024,CUS014,OP171,SITE014,2025-09-07,2025-09-11,2025-09-14,4,Completed,9,6,7,3,Railway,3,1.0
RNT03386,EQRR1011,CUS061,OP177,SITE001,2025-09-08,2025-09-16,2025-09-15,8,Completed,9,0,8,3,Metro Rail,0,1.0
RNT03387,EQWL1010,CUS033,OP147,SITE013,2025-09-08,2025-09-24,2025-09-24,16,Completed,9,0,8,3,Energy,0,1.0
RNT03388,EQDT1002,CUS055,OP161,SITE015,2025-09-08,2025-09-13,2025-09-13,5,Completed,9,0,8,3,Water Infrastructure,0,1.0
RNT03389,EQEX1036,CUS064,OP164,SITE004,2025-09-08,2025-10-03,2025-10-02,25,Completed,9,0,8,3,Smart City,0,1.0
RNT03390,EQBD1021,CUS039,OP153,SITE019,2025-09-09,2025-09-27,2025-09-26,18,Completed,9,1,9,3,Port,0,1.0
RNT03391,EQEX1036,CUS001,OP170,SITE001,2025-09-09,2025-09-15,2025-09-19,6,Completed,9,1,9,3,Metro Rail,4,1.0
RNT03392,EQDT1002,CUS034,OP178,SITE014,2025-09-09,2025-09-27,2025-09-28,18,Completed,9,1,9,3,Railway,1,1.0
RNT03393,EQBK1009,CUS063,OP131,SITE003,2025-09-09,2025-09-15,2025-09-17,6,Completed,9,1,9,3,Commercial,2,1.0
RNT03394,EQGR1015,CUS068,OP124,SITE008,2025-09-09,2025-09-26,2025-09-26,17,Completed,9,1,9,3,Energy,0,1.0
RNT03395,EQSS1010,CUS037,OP124,SITE017,2025-09-10,2025-09-17,2025-09-17,7,Completed,9,2,10,3,Bridge,0,1.0
RNT03396,EQBK1005,CUS001,OP123,SITE001,2025-09-10,2025-09-27,2025-09-29,17,Completed,9,2,10,3,Metro Rail,2,0.0
RNT03397,EQBD1005,CUS021,OP174,SITE001,2025-09-10,2025-09-27,2025-10-01,17,Completed,9,2,10,3,Metro Rail,4,1.0
RNT03398,EQBD1005,CUS056,OP145,SITE016,2025-09-10,2025-09-17,2025-09-18,7,Completed,9,2,10,3,Commercial,1,1.0
RNT03399,EQDT1008,CUS022,OP101,SITE002,2025-09-10,2025-09-23,2025-09-25,13,Completed,9,2,10,3,Highway,2,1.0
RNT03400,EQBK1018,CUS029,OP140,SITE009,2025-09-10,2025-09-30,2025-09-30,20,Completed,9,2,10,3,Highway,0,1.0
RNT03401,EQBD1001,CUS039,OP149,SITE019,2025-09-11,2025-09-26,2025-09-26,15,Completed,9,3,11,3,Port,0,1.0
RNT03402,EQEX1013,CUS026,OP168,SITE006,2025-09-11,2025-09-29,2025-09-28,18,Completed,9,3,11,3,Port,0,1.0
RNT03403,EQSS1004,CUS026,OP167,SITE004,2025-09-11,2025-09-14,2025-09-14,3,Completed,9,3,11,3,Smart City,0,1.0
RNT03404,EQEX1006,CUS011,OP175,SITE011,2025-09-11,2025-09-28,2025-10-02,17,Completed,9,3,11,3,Residential,4,0.0
RNT03405,EQBD1021,CUS075,OP143,SITE015,2025-09-11,2025-09-28,2025-09-28,17,Completed,9,3,11,3,Water Infrastructure,0,1.0
RNT03406,EQDT1001,CUS027,OP167,SITE007,2025-09-11,2025-10-06,2025-10-05,25,Completed,9,3,11,3,Industrial,0,1.0
RNT03407,EQEX1031,CUS040,OP149,SITE020,2025-09-11,2025-09-21,2025-09-22,10,Completed,9,3,11,3,Metro Rail,1,1.0
RNT03408,EQBD1007,CUS047,OP116,SITE007,2025-09-11,2025-09-20,2025-09-30,9,Completed,9,3,11,3,Industrial,10,1.0
RNT03409,EQBK1016,CUS017,OP121,SITE017,2025-09-11,2025-11-06,2025-11-07,56,Completed,9,3,11,3,Bridge,1,0.0
RNT03410,EQGR1012,CUS062,OP147,SITE002,2025-09-11,2025-10-04,2025-10-06,23,Completed,9,3,11,3,Highway,2,1.0
RNT03411,EQEX1016,CUS006,OP124,SITE006,2025-09-12,2025-09-30,2025-09-29,18,Completed,9,4,12,3,Port,0,1.0
RNT03412,EQBD1028,CUS046,OP146,SITE006,2025-09-13,2025-09-25,2025-09-30,12,Completed,9,5,13,3,Port,5,0.0
RNT03413,EQBD1012,CUS028,OP150,SITE008,2025-09-13,2025-10-05,2025-10-05,22,Completed,9,5,13,3,Energy,0,1.0
RNT03414,EQBD1001,CUS021,OP164,SITE001,2025-09-13,2025-09-14,2025-09-15,1,Completed,9,5,13,3,Metro Rail,1,1.0
RNT03415,EQWL1011,CUS044,OP109,SITE004,2025-09-13,2025-09-23,2025-09-23,10,Completed,9,5,13,3,Smart City,0,0.0
RNT03416,EQEX1048,CUS040,OP174,SITE020,2025-09-13,2025-10-28,2025-11-05,45,Completed,9,5,13,3,Metro Rail,8,1.0
RNT03417,EQBD1025,CUS010,OP113,SITE010,2025-09-14,2025-10-11,2025-10-14,27,Completed,9,6,14,3,Industrial,3,1.0
RNT03418,EQEX1046,CUS046,OP142,SITE005,2025-09-14,2025-09-28,2025-10-05,14,Completed,9,6,14,3,Airport,7,1.0
RNT03419,EQRR1014,CUS057,OP110,SITE017,2025-09-14,2025-11-08,2025-11-08,55,Completed,9,6,14,3,Bridge,0,1.0
RNT03420,EQGR1015,CUS073,OP158,SITE013,2025-09-15,2025-10-02,2025-10-10,17,Completed,9,0,15,3,Energy,8,1.0
RNT03421,EQSS1016,CUS021,OP150,SITE020,2025-09-15,2025-09-18,2025-09-23,3,Completed,9,0,15,3,Metro Rail,5,1.0
RNT03422,EQBD1019,CUS040,OP138,SITE017,2025-09-15,2025-09-21,2025-09-21,6,Completed,9,0,15,3,Bridge,0,0.0
RNT03423,EQEX1021,CUS021,OP161,SITE001,2025-09-15,2025-09-17,2025-09-25,2,Completed,9,0,15,3,Metro Rail,8,1.0
RNT03424,EQSS1017,CUS061,OP108,SITE001,2025-09-16,2025-09-20,2025-09-21,4,Completed,9,1,16,3,Metro Rail,1,1.0
RNT03425,EQDT1010,CUS001,OP168,SITE001,2025-09-16,2025-09-29,2025-10-09,13,Completed,9,1,16,3,Metro Rail,10,1.0
RNT03426,EQWL1009,CUS058,OP144,SITE018,2025-09-16,2025-09-26,2025-09-27,10,Completed,9,1,16,3,Highway,1,1.0
RNT03427,EQEX1021,CUS058,OP165,SITE018,2025-09-16,2025-10-10,2025-10-07,24,Completed,9,1,16,3,Highway,0,1.0
RNT03428,EQEX1031,CUS004,OP141,SITE004,2025-09-17,2025-10-14,2025-10-15,27,Completed,9,2,17,3,Smart City,1,1.0
RNT03429,EQFL1006,CUS003,OP102,SITE003,2025-09-17,2025-09-19,2025-09-20,2,Completed,9,2,17,3,Commercial,1,1.0
RNT03430,EQBK1001,CUS047,OP143,SITE007,2025-09-17,2025-10-03,2025-10-02,16,Completed,9,2,17,3,Industrial,0,1.0
RNT03431,EQBD1030,CUS006,OP111,SITE006,2025-09-17,2025-10-04,2025-10-12,17,Completed,9,2,17,3,Port,8,1.0
RNT03432,EQDT1007,CUS029,OP176,SITE009,2025-09-17,2025-10-14,2025-10-14,27,Completed,9,2,17,3,Highway,0,1.0
RNT03433,EQBK1015,CUS003,OP107,SITE003,2025-09-17,2025-09-22,2025-09-22,5,Completed,9,2,17,3,Commercial,0,1.0
RNT03434,EQEX1020,CUS020,OP103,SITE020,2025-09-17,2025-10-02,2025-10-01,15,Completed,9,2,17,3,Metro Rail,0,1.0
RNT03435,EQWL1025,CUS054,OP131,SITE014,2025-09-17,2025-09-25,2025-09-25,8,Completed,9,2,17,3,Railway,0,1.0
RNT03436,EQEX1023,CUS068,OP173,SITE008,2025-09-18,2025-10-15,2025-10-16,27,Completed,9,3,18,3,Energy,1,1.0
RNT03437,EQEX1012,CUS021,OP120,SITE001,2025-09-18,2025-09-26,2025-10-01,8,Completed,9,3,18,3,Metro Rail,5,1.0
RNT03438,EQEX1012,CUS023,OP137,SITE013,2025-09-18,2025-10-08,2025-10-08,20,Completed,9,3,18,3,Energy,0,1.0
RNT03439,EQBD1019,CUS025,OP111,SITE005,2025-09-18,2025-09-25,2025-09-25,7,Completed,9,3,18,3,Airport,0,0.0
RNT03440,EQBD1003,CUS058,OP101,SITE018,2025-09-18,2025-10-12,2025-10-20,24,Completed,9,3,18,3,Highway,8,1.0
RNT03441,EQBD1020,CUS027,OP155,SITE007,2025-09-18,2025-10-16,2025-10-24,28,Completed,9,3,18,3,Industrial,8,1.0
RNT03442,EQBD1018,CUS039,OP127,SITE019,2025-09-19,2025-09-25,2025-09-26,6,Completed,9,4,19,3,Port,1,1.0
RNT03443,EQWL1025,CUS033,OP117,SITE014,2025-09-19,2025-10-01,2025-10-02,12,Completed,9,4,19,3,Railway,1,1.0
RNT03444,EQBD1007,CUS048,OP118,SITE008,2025-09-19,2025-09-29,2025-09-29,10,Completed,9,4,19,3,Energy,0,1.0
RNT03445,EQBD1009,CUS063,OP160,SITE003,2025-09-19,2025-10-08,2025-10-09,19,Completed,9,4,19,3,Commercial,1,1.0
RNT03446,EQGR1002,CUS047,OP110,SITE007,2025-09-19,2025-10-15,2025-10-15,26,Completed,9,4,19,3,Industrial,0,1.0
RNT03447,EQBD1008,CUS055,OP126,SITE015,2025-09-20,2025-10-17,2025-10-18,27,Completed,9,5,20,3,Water Infrastructure,1,1.0
RNT03448,EQBK1004,CUS028,OP161,SITE008,2025-09-20,2025-09-24,2025-09-24,4,Completed,9,5,20,3,Energy,0,1.0
RNT03449,EQBD1019,CUS058,OP162,SITE018,2025-09-20,2025-09-25,2025-09-30,5,Completed,9,5,20,3,Highway,5,1.0
RNT03450,EQEX1008,CUS001,OP123,SITE001,2025-09-20,2025-10-04,2025-10-11,14,Completed,9,5,20,3,Metro Rail,7,1.0
RNT03451,EQBK1011,CUS041,OP129,SITE001,2025-09-20,2025-11-07,2025-11-07,48,Completed,9,5,20,3,Metro Rail,0,1.0
RNT03452,EQEX1018,CUS054,OP112,SITE014,2025-09-20,2025-10-01,2025-09-30,11,Completed,9,5,20,3,Railway,0,1.0
RNT03453,EQFL1008,CUS060,OP133,SITE020,2025-09-21,2025-09-30,2025-10-01,9,Completed,9,6,21,3,Metro Rail,1,1.0
RNT03454,EQWL1005,CUS069,OP115,SITE009,2025-09-21,2025-09-27,2025-09-26,6,Completed,9,6,21,3,Highway,0,1.0
RNT03455,EQBK1018,CUS009,OP151,SITE009,2025-09-21,2025-10-10,2025-10-10,19,Completed,9,6,21,3,Highway,0,0.0
RNT03456,EQEX1024,CUS006,OP116,SITE006,2025-09-21,2025-10-03,2025-10-11,12,Completed,9,6,21,3,Port,8,1.0
RNT03457,EQBK1007,CUS065,OP120,SITE005,2025-09-21,2025-09-30,2025-09-29,9,Completed,9,6,21,3,Airport,0,0.0
RNT03458,EQSS1014,CUS045,OP152,SITE005,2025-09-22,2025-09-25,2025-09-25,3,Completed,9,0,22,3,Airport,0,1.0
RNT03459,EQFL1004,CUS017,OP170,SITE017,2025-09-22,2025-09-24,2025-10-01,2,Completed,9,0,22,3,Bridge,7,1.0
RNT03460,EQEX1014,CUS062,OP174,SITE002,2025-09-22,2025-10-06,2025-10-06,14,Completed,9,0,22,3,Highway,0,1.0
RNT03461,EQSS1013,CUS050,OP176,SITE011,2025-09-22,2025-09-25,2025-09-25,3,Completed,9,0,22,3,Residential,0,0.0
RNT03462,EQSS1002,CUS066,OP156,SITE006,2025-09-22,2025-09-29,2025-09-29,7,Completed,9,0,22,3,Port,0,1.0
RNT03463,EQWL1003,CUS040,OP117,SITE020,2025-09-22,2025-10-06,2025-10-08,14,Completed,9,0,22,3,Metro Rail,2,1.0
RNT03464,EQEX1025,CUS029,OP122,SITE009,2025-09-22,2025-10-12,2025-10-12,20,Completed,9,0,22,3,Highway,0,1.0
RNT03465,EQSS1004,CUS046,OP164,SITE006,2025-09-22,2025-10-01,2025-10-10,9,Completed,9,0,22,3,Port,9,1.0
RNT03466,EQFL1008,CUS017,OP104,SITE017,2025-09-22,2025-10-02,2025-10-02,10,Completed,9,0,22,3,Bridge,0,1.0
RNT03467,EQGR1020,CUS073,OP144,SITE013,2025-09-23,2025-09-30,2025-09-30,7,Completed,9,1,23,3,Energy,0,1.0
RNT03468,EQEX1031,CUS026,OP105,SITE006,2025-09-23,2025-10-06,2025-10-06,13,Completed,9,1,23,3,Port,0,1.0
RNT03469,EQBD1029,CUS008,OP160,SITE008,2025-09-23,2025-10-20,2025-10-20,27,Completed,9,1,23,3,Energy,0,1.0
RNT03470,EQFL1001,CUS061,OP176,SITE001,2025-09-23,2025-09-28,2025-09-29,5,Completed,9,1,23,3,Metro Rail,1,1.0
RNT03471,EQBD1002,CUS033,OP101,SITE013,2025-09-23,2025-09-28,2025-09-27,5,Completed,9,1,23,3,Energy,0,1.0
RNT03472,EQBK1002,CUS059,OP170,SITE019,2025-09-24,2025-10-09,2025-10-09,15,Completed,9,2,24,3,Port,0,1.0
RNT03473,EQBK1013,CUS021,OP169,SITE001,2025-09-24,2025-09-29,2025-09-29,5,Completed,9,2,24,3,Metro Rail,0,0.0
RNT03474,EQEX1017,CUS028,OP160,SITE008,2025-09-25,2025-09-30,2025-09-30,5,Completed,9,3,25,3,Energy,0,1.0
RNT03475,EQEX1022,CUS026,OP161,SITE006,2025-09-25,2025-10-10,2025-10-10,15,Completed,9,3,25,3,Port,0,1.0
RNT03476,EQWL1013,CUS073,OP147,SITE013,2025-09-25,2025-10-05,2025-10-05,10,Completed,9,3,25,3,Energy,0,1.0
RNT03477,EQBD1023,CUS002,OP131,SITE002,2025-09-25,2025-10-12,2025-10-12,17,Completed,9,3,25,3,Highway,0,1.0
RNT03478,EQGR1014,CUS038,OP134,SITE018,2025-09-25,2025-10-05,2025-10-09,10,Completed,9,3,25,3,Highway,4,1.0
RNT03479,EQBD1026,CUS002,OP178,SITE002,2025-09-25,2025-10-05,2025-10-05,10,Completed,9,3,25,3,Highway,0,1.0
RNT03480,EQDT1006,CUS041,OP163,SITE016,2025-09-25,2025-10-13,2025-10-15,18,Completed,9,3,25,3,Commercial,2,1.0
RNT03481,EQBK1009,CUS019,OP140,SITE019,2025-09-25,2025-10-06,2025-10-06,11,Completed,9,3,25,3,Port,0,1.0
RNT03482,EQBD1027,CUS065,OP129,SITE005,2025-09-25,2025-10-21,2025-10-21,26,Completed,9,3,25,3,Airport,0,1.0
RNT03483,EQEX1033,CUS056,OP134,SITE016,2025-09-25,2025-10-22,2025-10-22,27,Completed,9,3,25,3,Commercial,0,1.0
RNT03484,EQBK1017,CUS026,OP115,SITE006,2025-09-25,2025-10-07,2025-10-08,12,Completed,9,3,25,3,Port,1,1.0
RNT03485,EQSS1009,CUS059,OP126,SITE019,2025-09-26,2025-10-01,2025-10-01,5,Completed,9,4,26,3,Port,0,0.0
RNT03486,EQEX1036,CUS063,OP115,SITE003,2025-09-26,2025-10-21,2025-10-27,25,Completed,9,4,26,3,Commercial,6,1.0
RNT03487,EQBD1027,CUS059,OP142,SITE019,2025-09-27,2025-10-03,2025-10-12,6,Completed,9,5,27,3,Port,9,1.0
RNT03488,EQBK1015,CUS020,OP154,SITE020,2025-09-27,2025-10-06,2025-10-03,9,Completed,9,5,27,3,Metro Rail,0,1.0
RNT03489,EQDT1003,CUS056,OP165,SITE016,2025-09-27,2025-10-04,2025-10-03,7,Completed,9,5,27,3,Commercial,0,1.0
RNT03490,EQWL1006,CUS064,OP157,SITE004,2025-09-27,2025-10-14,2025-10-14,17,Completed,9,5,27,3,Smart City,0,1.0
RNT03491,EQSS1001,CUS029,OP169,SITE009,2025-09-27,2025-10-02,2025-10-02,5,Completed,9,5,27,3,Highway,0,1.0
RNT03492,EQWL1019,CUS022,OP140,SITE002,2025-09-28,2025-11-17,2025-11-18,50,Completed,9,6,28,3,Highway,1,1.0
RNT03493,EQRR1008,CUS038,OP102,SITE018,2025-09-28,2025-10-06,2025-10-05,8,Completed,9,6,28,3,Highway,0,1.0
RNT03494,EQWL1010,CUS018,OP162,SITE018,2025-09-28,2025-10-13,2025-10-13,15,Completed,9,6,28,3,Highway,0,1.0
RNT03495,EQEX1035,CUS022,OP125,SITE008,2025-09-29,2025-10-26,2025-10-26,27,Completed,9,0,29,3,Energy,0,1.0
RNT03496,EQSS1016,CUS065,OP143,SITE005,2025-09-29,2025-10-08,2025-10-08,9,Completed,9,0,29,3,Airport,0,0.0
RNT03497,EQBK1002,CUS012,OP102,SITE017,2025-09-29,2025-10-07,2025-10-06,8,Completed,9,0,29,3,Bridge,0,1.0
RNT03498,EQFL1010,CUS045,OP101,SITE005,2025-09-29,2025-10-04,2025-10-05,5,Completed,9,0,29,3,Airport,1,1.0
RNT03499,EQGR1010,CUS069,OP115,SITE009,2025-09-29,2025-10-19,2025-10-19,20,Completed,9,0,29,3,Highway,0,1.0
RNT03500,EQEX1035,CUS059,OP129,SITE019,2025-09-30,2025-10-14,2025-10-11,14,Completed,9,1,30,3,Port,0,1.0
RNT03501,EQBK1017,CUS040,OP139,SITE020,2025-09-30,2025-10-14,2025-10-14,14,Completed,9,1,30,3,Metro Rail,0,1.0
RNT03502,EQDT1009,CUS059,OP107,SITE019,2025-09-30,2025-10-28,2025-10-27,28,Completed,9,1,30,3,Port,0,1.0
RNT03503,EQFL1009,CUS010,OP169,SITE010,2025-09-30,2025-10-03,2025-10-04,3,Completed,9,1,30,3,Industrial,1,1.0
RNT03504,EQBD1014,CUS051,OP178,SITE011,2025-09-30,2025-10-13,2025-10-13,13,Completed,9,1,30,3,Residential,0,1.0
RNT03505,EQEX1006,CUS036,OP148,SITE016,2025-09-30,2025-10-12,2025-10-12,12,Completed,9,1,30,3,Commercial,0,1.0
RNT03506,EQDT1001,CUS046,OP150,SITE006,2025-10-01,2025-10-18,2025-10-18,17,Completed,10,2,1,4,Port,0,0.0
RNT03507,EQSS1005,CUS022,OP160,SITE002,2025-10-01,2025-10-09,2025-10-07,8,Completed,10,2,1,4,Highway,0,1.0
RNT03508,EQEX1031,CUS041,OP175,SITE001,2025-10-01,2025-10-23,2025-10-30,22,Completed,10,2,1,4,Metro Rail,7,1.0
RNT03509,EQDT1004,CUS044,OP180,SITE004,2025-10-01,2025-10-14,2025-10-15,13,Completed,10,2,1,4,Smart City,1,1.0
RNT03510,EQEX1016,CUS026,OP168,SITE006,2025-10-02,2025-10-27,2025-10-27,25,Completed,10,3,2,4,Port,0,1.0
RNT03511,EQEX1047,CUS022,OP109,SITE002,2025-10-02,2025-10-18,2025-10-18,16,Completed,10,3,2,4,Highway,0,1.0
RNT03512,EQBK1015,CUS010,OP118,SITE013,2025-10-02,2025-11-21,2025-11-20,50,Completed,10,3,2,4,Energy,0,0.0
RNT03513,EQEX1035,CUS040,OP167,SITE020,2025-10-02,2025-10-25,2025-10-22,23,Completed,10,3,2,4,Metro Rail,0,0.0
RNT03514,EQGR1005,CUS014,OP166,SITE014,2025-10-02,2025-10-30,2025-11-03,28,Completed,10,3,2,4,Railway,4,1.0
RNT03515,EQDT1004,CUS001,OP117,SITE004,2025-10-02,2025-10-21,2025-10-21,19,Completed,10,3,2,4,Smart City,0,0.0
RNT03516,EQWL1011,CUS073,OP126,SITE013,2025-10-03,2025-10-13,2025-10-20,10,Completed,10,4,3,4,Energy,7,0.0
RNT03517,EQBD1024,CUS041,OP155,SITE001,2025-10-03,2025-10-11,2025-10-17,8,Completed,10,4,3,4,Metro Rail,6,1.0
RNT03518,EQDT1010,CUS051,OP169,SITE011,2025-10-03,2025-10-10,2025-10-19,7,Completed,10,4,3,4,Residential,9,1.0
RNT03519,EQEX1027,CUS011,OP143,SITE011,2025-10-03,2025-10-23,2025-11-02,20,Completed,10,4,3,4,Residential,10,1.0
RNT03520,EQBD1020,CUS023,OP148,SITE003,2025-10-03,2025-10-28,2025-10-27,25,Completed,10,4,3,4,Commercial,0,1.0
RNT03521,EQSS1009,CUS021,OP165,SITE001,2025-10-03,2025-10-07,2025-10-07,4,Completed,10,4,3,4,Metro Rail,0,1.0
RNT03522,EQEX1047,CUS066,OP121,SITE006,2025-10-04,2025-10-28,2025-10-28,24,Completed,10,5,4,4,Port,0,1.0
RNT03523,EQDT1007,CUS039,OP140,SITE019,2025-10-04,2025-10-20,2025-10-28,16,Completed,10,5,4,4,Port,8,0.0
RNT03524,EQEX1005,CUS035,OP131,SITE015,2025-10-04,2025-10-18,2025-10-17,14,Completed,10,5,4,4,Water Infrastructure,0,1.0
RNT03525,EQBD1006,CUS059,OP139,SITE019,2025-10-04,2025-10-13,2025-10-13,9,Completed,10,5,4,4,Port,0,1.0
RNT03526,EQBD1024,CUS047,OP168,SITE007,2025-10-04,2025-10-17,2025-10-17,13,Completed,10,5,4,4,Industrial,0,1.0
RNT03527,EQEX1045,CUS022,OP105,SITE007,2025-10-05,2025-10-18,2025-10-15,13,Completed,10,6,5,4,Industrial,0,0.0
RNT03528,EQGR1020,CUS042,OP130,SITE002,2025-10-05,2025-10-19,2025-10-24,14,Completed,10,6,5,4,Highway,5,0.0
RNT03529,EQWL1012,CUS050,OP164,SITE011,2025-10-06,2025-10-19,2025-10-19,13,Completed,10,0,6,4,Residential,0,1.0
RNT03530,EQSS1009,CUS009,OP169,SITE009,2025-10-06,2025-10-08,2025-10-08,2,Completed,10,0,6,4,Highway,0,1.0
RNT03531,EQSS1012,CUS010,OP151,SITE010,2025-10-06,2025-10-13,2025-10-12,7,Completed,10,0,6,4,Industrial,0,1.0
RNT03532,EQWL1018,CUS007,OP132,SITE014,2025-10-06,2025-10-21,2025-10-25,15,Completed,10,0,6,4,Railway,4,1.0
RNT03533,EQWL1021,CUS074,OP166,SITE014,2025-10-07,2025-10-13,2025-10-11,6,Completed,10,1,7,4,Railway,0,1.0
RNT03534,EQSS1013,CUS018,OP148,SITE018,2025-10-07,2025-10-15,2025-10-14,8,Completed,10,1,7,4,Highway,0,1.0
RNT03535,EQEX1007,CUS002,OP105,SITE002,2025-10-07,2025-10-16,2025-10-16,9,Completed,10,1,7,4,Highway,0,1.0
RNT03536,EQGR1011,CUS046,OP101,SITE006,2025-10-07,2025-10-17,2025-10-24,10,Completed,10,1,7,4,Port,7,1.0
RNT03537,EQSS1013,CUS065,OP168,SITE005,2025-10-07,2025-10-17,2025-10-27,10,Completed,10,1,7,4,Airport,10,1.0
RNT03538,EQWL1023,CUS054,OP178,SITE014,2025-10-07,2025-10-24,2025-10-26,17,Completed,10,1,7,4,Railway,2,1.0
RNT03539,EQEX1043,CUS026,OP107,SITE006,2025-10-07,2025-10-14,2025-10-15,7,Completed,10,1,7,4,Port,1,1.0
RNT03540,EQEX1019,CUS049,OP156,SITE009,2025-10-08,2025-10-15,2025-10-14,7,Completed,10,2,8,4,Highway,0,1.0
RNT03541,EQSS1010,CUS035,OP161,SITE015,2025-10-08,2025-10-15,2025-10-15,7,Completed,10,2,8,4,Water Infrastructure,0,1.0
RNT03542,EQEX1018,CUS045,OP105,SITE005,2025-10-08,2025-10-13,2025-10-14,5,Completed,10,2,8,4,Airport,1,1.0
RNT03543,EQEX1021,CUS051,OP111,SITE011,2025-10-08,2025-10-13,2025-10-14,5,Completed,10,2,8,4,Residential,1,1.0
RNT03544,EQEX1036,CUS042,OP173,SITE002,2025-10-08,2025-10-20,2025-10-20,12,Completed,10,2,8,4,Highway,0,1.0
RNT03545,EQEX1025,CUS049,OP178,SITE009,2025-10-08,2025-11-03,2025-11-03,26,Completed,10,2,8,4,Highway,0,0.0
RNT03546,EQSS1015,CUS004,OP105,SITE004,2025-10-09,2025-10-13,2025-10-13,4,Completed,10,3,9,4,Smart City,0,1.0
RNT03547,EQBD1030,CUS004,OP118,SITE004,2025-10-09,2025-10-31,2025-10-31,22,Completed,10,3,9,4,Smart City,0,1.0
RNT03548,EQEX1023,CUS066,OP162,SITE006,2025-10-09,2025-10-21,2025-10-21,12,Completed,10,3,9,4,Port,0,1.0
RNT03549,EQRR1005,CUS045,OP140,SITE005,2025-10-10,2025-10-26,2025-10-26,16,Completed,10,4,10,4,Airport,0,1.0
RNT03550,EQWL1019,CUS040,OP148,SITE020,2025-10-10,2025-10-23,2025-11-01,13,Completed,10,4,10,4,Metro Rail,9,1.0
RNT03551,EQGR1019,CUS028,OP121,SITE008,2025-10-10,2025-10-31,2025-10-31,21,Completed,10,4,10,4,Energy,0,1.0
RNT03552,EQWL1007,CUS043,OP145,SITE003,2025-10-10,2025-10-17,2025-10-23,7,Completed,10,4,10,4,Commercial,6,0.0
RNT03553,EQEX1048,CUS062,OP178,SITE002,2025-10-11,2025-11-02,2025-10-29,22,Completed,10,5,11,4,Highway,0,1.0
RNT03554,EQBK1006,CUS026,OP119,SITE017,2025-10-11,2025-11-27,2025-12-05,47,Completed,10,5,11,4,Bridge,8,1.0
RNT03555,EQSS1015,CUS062,OP106,SITE002,2025-10-12,2025-10-17,2025-10-18,5,Completed,10,6,12,4,Highway,1,1.0
RNT03556,EQGR1013,CUS062,OP152,SITE002,2025-10-12,2025-10-29,2025-10-31,17,Completed,10,6,12,4,Highway,2,1.0
RNT03557,EQEX1028,CUS013,OP108,SITE013,2025-10-12,2025-10-26,2025-10-26,14,Completed,10,6,12,4,Energy,0,1.0
RNT03558,EQGR1004,CUS033,OP167,SITE013,2025-10-12,2025-11-01,2025-10-31,20,Completed,10,6,12,4,Energy,0,1.0
RNT03559,EQEX1043,CUS029,OP176,SITE006,2025-10-12,2025-10-28,2025-10-28,16,Completed,10,6,12,4,Port,0,0.0
RNT03560,EQGR1016,CUS041,OP127,SITE001,2025-10-12,2025-11-02,2025-11-03,21,Completed,10,6,12,4,Metro Rail,1,0.0
RNT03561,EQBD1015,CUS064,OP149,SITE004,2025-10-12,2025-11-07,2025-11-06,26,Completed,10,6,12,4,Smart City,0,1.0
RNT03562,EQEX1021,CUS026,OP122,SITE016,2025-10-12,2025-10-26,2025-10-23,14,Completed,10,6,12,4,Commercial,0,1.0
RNT03563,EQBK1019,CUS021,OP145,SITE001,2025-10-12,2025-10-22,2025-11-01,10,Completed,10,6,12,4,Metro Rail,10,1.0
RNT03564,EQBD1004,CUS038,OP112,SITE018,2025-10-12,2025-11-06,2025-11-06,25,Completed,10,6,12,4,Highway,0,0.0
RNT03565,EQGR1004,CUS068,OP135,SITE008,2025-10-12,2025-11-01,2025-11-02,20,Completed,10,6,12,4,Energy,1,0.0
RNT03566,EQFL1008,CUS008,OP155,SITE008,2025-10-13,2025-12-12,2025-12-12,60,Completed,10,0,13,4,Energy,0,1.0
RNT03567,EQGR1013,CUS061,OP118,SITE001,2025-10-13,2025-11-01,2025-11-01,19,Completed,10,0,13,4,Metro Rail,0,1.0
RNT03568,EQBD1004,CUS059,OP171,SITE019,2025-10-13,2025-11-08,2025-11-08,26,Completed,10,0,13,4,Port,0,1.0
RNT03569,EQWL1021,CUS025,OP110,SITE005,2025-10-13,2025-10-29,2025-10-29,16,Completed,10,0,13,4,Airport,0,1.0
RNT03570,EQDT1005,CUS006,OP104,SITE006,2025-10-14,2025-11-03,2025-11-03,20,Completed,10,1,14,4,Port,0,1.0
RNT03571,EQGR1013,CUS026,OP168,SITE006,2025-10-14,2025-11-06,2025-11-06,23,Completed,10,1,14,4,Port,0,1.0
RNT03572,EQGR1011,CUS029,OP114,SITE009,2025-10-14,2025-11-03,2025-11-02,20,Completed,10,1,14,4,Highway,0,1.0
RNT03573,EQWL1013,CUS073,OP139,SITE013,2025-10-14,2025-10-20,2025-10-21,6,Completed,10,1,14,4,Energy,1,1.0
RNT03574,EQBD1027,CUS016,OP113,SITE016,2025-10-14,2025-10-30,2025-10-29,16,Completed,10,1,14,4,Commercial,0,1.0
RNT03575,EQSS1016,CUS045,OP176,SITE005,2025-10-14,2025-10-22,2025-10-22,8,Completed,10,1,14,4,Airport,0,0.0
RNT03576,EQBD1020,CUS009,OP110,SITE009,2025-10-15,2025-10-28,2025-10-25,13,Completed,10,2,15,4,Highway,0,1.0
RNT03577,EQWL1015,CUS022,OP132,SITE002,2025-10-15,2025-10-24,2025-10-24,9,Completed,10,2,15,4,Highway,0,1.0
RNT03578,EQWL1014,CUS027,OP127,SITE007,2025-10-15,2025-10-31,2025-11-01,16,Completed,10,2,15,4,Industrial,1,1.0
RNT03579,EQEX1044,CUS026,OP132,SITE006,2025-10-15,2025-10-20,2025-10-20,5,Completed,10,2,15,4,Port,0,1.0
RNT03580,EQEX1032,CUS054,OP126,SITE014,2025-10-16,2025-10-23,2025-10-23,7,Completed,10,3,16,4,Railway,0,1.0
RNT03581,EQWL1012,CUS067,OP131,SITE007,2025-10-16,2025-10-22,2025-10-28,6,Completed,10,3,16,4,Industrial,6,1.0
RNT03582,EQBD1017,CUS009,OP157,SITE009,2025-10-16,2025-10-23,2025-10-23,7,Completed,10,3,16,4,Highway,0,1.0
RNT03583,EQBD1018,CUS055,OP166,SITE015,2025-10-16,2025-10-26,2025-10-26,10,Completed,10,3,16,4,Water Infrastructure,0,1.0
RNT03584,EQWL1020,CUS039,OP170,SITE019,2025-10-16,2025-10-29,2025-10-31,13,Completed,10,3,16,4,Port,2,1.0
RNT03585,EQFL1012,CUS071,OP140,SITE004,2025-10-16,2025-10-23,2025-10-23,7,Completed,10,3,16,4,Smart City,0,1.0
RNT03586,EQEX1028,CUS072,OP150,SITE012,2025-10-16,2025-10-28,2025-10-28,12,Completed,10,3,16,4,Energy,0,1.0
RNT03587,EQSS1006,CUS074,OP153,SITE014,2025-10-16,2025-10-26,2025-10-31,10,Completed,10,3,16,4,Railway,5,1.0
RNT03588,EQEX1026,CUS020,OP150,SITE020,2025-10-16,2025-11-13,2025-11-16,28,Completed,10,3,16,4,Metro Rail,3,1.0
RNT03589,EQEX1047,CUS020,OP136,SITE020,2025-10-16,2025-10-31,2025-11-06,15,Completed,10,3,16,4,Metro Rail,6,0.0
RNT03590,EQFL1004,CUS059,OP162,SITE019,2025-10-17,2025-10-23,2025-10-29,6,Completed,10,4,17,4,Port,6,1.0
RNT03591,EQRR1008,CUS021,OP135,SITE001,2025-10-17,2025-11-01,2025-10-31,15,Completed,10,4,17,4,Metro Rail,0,1.0
RNT03592,EQGR1014,CUS041,OP113,SITE001,2025-10-17,2025-11-05,2025-11-05,19,Completed,10,4,17,4,Metro Rail,0,1.0
RNT03593,EQEX1011,CUS028,OP159,SITE008,2025-10-17,2025-10-18,2025-10-18,1,Completed,10,4,17,4,Energy,0,1.0
RNT03594,EQDT1008,CUS066,OP155,SITE006,2025-10-17,2025-10-23,2025-10-31,6,Completed,10,4,17,4,Port,8,1.0
RNT03595,EQEX1036,CUS069,OP120,SITE009,2025-10-17,2025-11-13,2025-11-16,27,Completed,10,4,17,4,Highway,3,1.0
RNT03596,EQSS1001,CUS061,OP109,SITE001,2025-10-17,2025-10-20,2025-10-20,3,Completed,10,4,17,4,Metro Rail,0,1.0
RNT03597,EQFL1010,CUS073,OP142,SITE013,2025-10-18,2025-10-26,2025-10-26,8,Completed,10,5,18,4,Energy,0,0.0
RNT03598,EQEX1014,CUS065,OP134,SITE005,2025-10-18,2025-10-19,2025-10-18,1,Completed,10,5,18,4,Airport,0,1.0
RNT03599,EQBK1018,CUS065,OP155,SITE005,2025-10-18,2025-10-25,2025-10-25,7,Completed,10,5,18,4,Airport,0,1.0
RNT03600,EQDT1009,CUS059,OP105,SITE019,2025-10-18,2025-11-14,2025-11-14,27,Completed,10,5,18,4,Port,0,1.0
RNT03601,EQBD1002,CUS058,OP105,SITE018,2025-10-18,2025-11-01,2025-11-06,14,Completed,10,5,18,4,Highway,5,1.0
RNT03602,EQBK1011,CUS005,OP129,SITE002,2025-10-18,2025-10-26,2025-10-25,8,Completed,10,5,18,4,Highway,0,1.0
RNT03603,EQEX1008,CUS054,OP135,SITE014,2025-10-19,2025-10-31,2025-11-10,12,Completed,10,6,19,4,Railway,10,1.0
RNT03604,EQBK1013,CUS020,OP167,SITE020,2025-10-19,2025-10-27,2025-10-29,8,Completed,10,6,19,4,Metro Rail,2,0.0
RNT03605,EQDT1004,CUS060,OP147,SITE020,2025-10-19,2025-11-11,2025-11-12,23,Completed,10,6,19,4,Metro Rail,1,1.0
RNT03606,EQDT1003,CUS054,OP132,SITE014,2025-10-19,2025-11-15,2025-11-24,27,Completed,10,6,19,4,Railway,9,1.0
RNT03607,EQBD1008,CUS056,OP142,SITE016,2025-10-20,2025-11-06,2025-11-05,17,Completed,10,0,20,4,Commercial,0,1.0
RNT03608,EQFL1011,CUS026,OP143,SITE007,2025-10-20,2025-10-28,2025-10-28,8,Completed,10,0,20,4,Industrial,0,1.0
RNT03609,EQEX1039,CUS029,OP174,SITE009,2025-10-20,2025-11-01,2025-11-01,12,Completed,10,0,20,4,Highway,0,1.0
RNT03610,EQBD1017,CUS054,OP174,SITE014,2025-10-20,2025-11-07,2025-11-15,18,Completed,10,0,20,4,Railway,8,1.0
RNT03611,EQEX1019,CUS021,OP171,SITE018,2025-10-20,2025-11-13,2025-11-13,24,Completed,10,0,20,4,Highway,0,1.0
RNT03612,EQRR1005,CUS054,OP126,SITE014,2025-10-21,2025-11-10,2025-11-19,20,Completed,10,1,21,4,Railway,9,1.0
RNT03613,EQEX1004,CUS045,OP108,SITE005,2025-10-21,2025-11-14,2025-11-15,24,Completed,10,1,21,4,Airport,1,1.0
RNT03614,EQBD1019,CUS069,OP152,SITE009,2025-10-21,2025-12-19,2025-12-27,59,Completed,10,1,21,4,Highway,8,0.0
RNT03615,EQWL1003,CUS021,OP138,SITE001,2025-10-21,2025-11-08,2025-11-07,18,Completed,10,1,21,4,Metro Rail,0,1.0
RNT03616,EQGR1005,CUS021,OP161,SITE001,2025-10-21,2025-11-05,2025-11-07,15,Completed,10,1,21,4,Metro Rail,2,1.0
RNT03617,EQEX1002,CUS028,OP113,SITE008,2025-10-21,2025-11-18,2025-11-18,28,Completed,10,1,21,4,Energy,0,1.0
RNT03618,EQBD1001,CUS009,OP132,SITE009,2025-10-21,2025-10-27,2025-10-26,6,Completed,10,1,21,4,Highway,0,0.0
RNT03619,EQWL1002,CUS059,OP146,SITE019,2025-10-22,2025-11-11,2025-11-12,20,Completed,10,2,22,4,Port,1,1.0
RNT03620,EQDT1008,CUS018,OP158,SITE018,2025-10-22,2025-10-30,2025-10-29,8,Completed,10,2,22,4,Highway,0,1.0
RNT03621,EQBD1013,CUS021,OP156,SITE001,2025-10-22,2025-10-31,2025-10-31,9,Completed,10,2,22,4,Metro Rail,0,1.0
RNT03622,EQGR1006,CUS028,OP151,SITE008,2025-10-22,2025-10-29,2025-11-02,7,Completed,10,2,22,4,Energy,4,1.0
RNT03623,EQDT1005,CUS042,OP106,SITE002,2025-10-22,2025-11-19,2025-11-19,28,Completed,10,2,22,4,Highway,0,0.0
RNT03624,EQGR1018,CUS074,OP122,SITE014,2025-10-22,2025-11-19,2025-11-19,28,Completed,10,2,22,4,Railway,0,1.0
RNT03625,EQBD1014,CUS026,OP122,SITE006,2025-10-22,2025-11-12,2025-11-12,21,Completed,10,2,22,4,Port,0,0.0
RNT03626,EQWL1006,CUS046,OP171,SITE006,2025-10-23,2025-10-28,2025-10-28,5,Completed,10,3,23,4,Port,0,1.0
RNT03627,EQEX1007,CUS028,OP123,SITE008,2025-10-23,2025-11-04,2025-11-07,12,Completed,10,3,23,4,Energy,3,0.0
RNT03628,EQEX1040,CUS040,OP173,SITE020,2025-10-23,2025-10-31,2025-10-30,8,Completed,10,3,23,4,Metro Rail,0,1.0
RNT03629,EQBD1016,CUS054,OP125,SITE014,2025-10-23,2025-11-02,2025-11-11,10,Completed,10,3,23,4,Railway,9,0.0
RNT03630,EQRR1001,CUS050,OP142,SITE011,2025-10-23,2025-10-26,2025-10-26,3,Completed,10,3,23,4,Residential,0,1.0
RNT03631,EQDT1009,CUS033,OP174,SITE013,2025-10-23,2025-11-12,2025-11-12,20,Completed,10,3,23,4,Energy,0,1.0
RNT03632,EQBD1006,CUS065,OP105,SITE005,2025-10-24,2025-11-12,2025-11-17,19,Completed,10,4,24,4,Airport,5,1.0
RNT03633,EQBD1024,CUS019,OP115,SITE019,2025-10-24,2025-11-01,2025-11-01,8,Completed,10,4,24,4,Port,0,0.0
RNT03634,EQEX1006,CUS009,OP128,SITE009,2025-10-24,2025-10-29,2025-11-02,5,Completed,10,4,24,4,Highway,4,0.0
RNT03635,EQBK1007,CUS005,OP102,SITE005,2025-10-24,2025-10-29,2025-11-07,5,Completed,10,4,24,4,Airport,9,0.0
RNT03636,EQGR1009,CUS039,OP111,SITE019,2025-10-24,2025-11-14,2025-11-14,21,Completed,10,4,24,4,Port,0,0.0
RNT03637,EQWL1013,CUS028,OP133,SITE008,2025-10-25,2025-11-07,2025-11-07,13,Completed,10,5,25,4,Energy,0,1.0
RNT03638,EQEX1035,CUS054,OP119,SITE014,2025-10-25,2025-11-05,2025-11-04,11,Completed,10,5,25,4,Railway,0,1.0
RNT03639,EQDT1011,CUS033,OP168,SITE013,2025-10-25,2025-11-12,2025-11-13,18,Completed,10,5,25,4,Energy,1,1.0
RNT03640,EQBD1028,CUS015,OP158,SITE015,2025-10-25,2025-11-09,2025-11-08,15,Completed,10,5,25,4,Water Infrastructure,0,1.0
RNT03641,EQEX1034,CUS022,OP140,SITE002,2025-10-25,2025-11-05,2025-11-06,11,Completed,10,5,25,4,Highway,1,1.0
RNT03642,EQEX1038,CUS008,OP131,SITE008,2025-10-25,2025-11-17,2025-11-21,23,Completed,10,5,25,4,Energy,4,1.0
RNT03643,EQSS1004,CUS049,OP131,SITE009,2025-10-25,2025-10-31,2025-10-29,6,Completed,10,5,25,4,Highway,0,1.0
RNT03644,EQRR1010,CUS058,OP120,SITE018,2025-10-25,2025-11-08,2025-11-08,14,Completed,10,5,25,4,Highway,0,1.0
RNT03645,EQEX1013,CUS065,OP139,SITE005,2025-10-25,2025-11-20,2025-11-19,26,Completed,10,5,25,4,Airport,0,1.0
RNT03646,EQEX1018,CUS045,OP121,SITE005,2025-10-26,2025-11-07,2025-11-09,12,Completed,10,6,26,4,Airport,2,1.0
RNT03647,EQWL1014,CUS034,OP129,SITE014,2025-10-26,2025-11-14,2025-11-14,19,Completed,10,6,26,4,Railway,0,0.0
RNT03648,EQEX1035,CUS025,OP159,SITE005,2025-10-26,2025-11-23,2025-11-24,28,Completed,10,6,26,4,Airport,1,1.0
RNT03649,EQEX1028,CUS059,OP102,SITE019,2025-10-26,2025-10-28,2025-10-28,2,Completed,10,6,26,4,Port,0,0.0
RNT03650,EQEX1006,CUS026,OP174,SITE006,2025-10-27,2025-11-09,2025-11-09,13,Completed,10,0,27,4,Port,0,1.0
RNT03651,EQDT1007,CUS001,OP155,SITE001,2025-10-27,2025-11-23,2025-12-01,27,Completed,10,0,27,4,Metro Rail,8,1.0
RNT03652,EQBK1008,CUS022,OP125,SITE002,2025-10-27,2025-11-14,2025-11-14,18,Completed,10,0,27,4,Highway,0,1.0
RNT03653,EQEX1041,CUS042,OP149,SITE002,2025-10-27,2025-11-12,2025-11-12,16,Completed,10,0,27,4,Highway,0,1.0
RNT03654,EQBK1017,CUS063,OP104,SITE003,2025-10-27,2025-11-09,2025-11-13,13,Completed,10,0,27,4,Commercial,4,1.0
RNT03655,EQWL1016,CUS054,OP120,SITE014,2025-10-28,2025-11-12,2025-11-13,15,Completed,10,1,28,4,Railway,1,1.0
RNT03656,EQBK1019,CUS058,OP161,SITE018,2025-10-28,2025-11-17,2025-11-17,20,Completed,10,1,28,4,Highway,0,1.0
RNT03657,EQRR1009,CUS020,OP123,SITE020,2025-10-29,2025-11-18,2025-11-26,20,Completed,10,2,29,4,Metro Rail,8,1.0
RNT03658,EQEX1017,CUS066,OP140,SITE006,2025-10-29,2025-11-09,2025-11-09,11,Completed,10,2,29,4,Port,0,1.0
RNT03659,EQBK1001,CUS074,OP167,SITE014,2025-10-29,2025-11-01,2025-11-09,3,Completed,10,2,29,4,Railway,8,1.0
RNT03660,EQBK1012,CUS022,OP132,SITE002,2025-10-29,2025-11-04,2025-11-14,6,Completed,10,2,29,4,Highway,10,1.0
RNT03661,EQFL1008,CUS060,OP166,SITE020,2025-10-29,2025-11-08,2025-11-09,10,Completed,10,2,29,4,Metro Rail,1,1.0
RNT03662,EQGR1017,CUS047,OP150,SITE007,2025-10-29,2025-11-12,2025-11-12,14,Completed,10,2,29,4,Industrial,0,1.0
RNT03663,EQFL1005,CUS036,OP102,SITE016,2025-10-29,2025-11-07,2025-11-13,9,Completed,10,2,29,4,Commercial,6,1.0
RNT03664,EQEX1021,CUS057,OP172,SITE017,2025-10-29,2025-11-11,2025-11-11,13,Completed,10,2,29,4,Bridge,0,1.0
RNT03665,EQBD1003,CUS044,OP102,SITE007,2025-10-30,2025-11-14,2025-11-14,15,Completed,10,3,30,4,Industrial,0,1.0
RNT03666,EQBD1004,CUS035,OP149,SITE015,2025-10-30,2025-11-19,2025-11-29,20,Completed,10,3,30,4,Water Infrastructure,10,1.0
RNT03667,EQWL1013,CUS050,OP169,SITE011,2025-10-30,2025-11-13,2025-11-12,14,Completed,10,3,30,4,Residential,0,1.0
RNT03668,EQGR1019,CUS039,OP105,SITE019,2025-10-31,2025-11-25,2025-12-04,25,Completed,10,4,31,4,Port,9,1.0
RNT03669,EQWL1017,CUS054,OP126,SITE014,2025-10-31,2025-11-03,2025-11-07,3,Completed,10,4,31,4,Railway,4,1.0
RNT03670,EQBD1006,CUS001,OP163,SITE001,2025-10-31,2025-11-06,2025-11-06,6,Completed,10,4,31,4,Metro Rail,0,1.0
RNT03671,EQWL1023,CUS002,OP165,SITE002,2025-10-31,2025-11-04,2025-11-04,4,Completed,10,4,31,4,Highway,0,1.0
RNT03672,EQDT1008,CUS059,OP111,SITE019,2025-11-01,2025-11-09,2025-11-19,8,Completed,11,5,1,4,Port,10,1.0
RNT03673,EQSS1016,CUS001,OP167,SITE001,2025-11-01,2025-11-06,2025-11-16,5,Completed,11,5,1,4,Metro Rail,10,1.0
RNT03674,EQEX1012,CUS014,OP155,SITE014,2025-11-01,2025-11-24,2025-11-26,23,Completed,11,5,1,4,Railway,2,1.0
RNT03675,EQWL1008,CUS066,OP139,SITE006,2025-11-01,2025-11-14,2025-11-16,13,Completed,11,5,1,4,Port,2,1.0
RNT03676,EQBD1023,CUS046,OP123,SITE006,2025-11-01,2025-11-14,2025-11-13,13,Completed,11,5,1,4,Port,0,1.0
RNT03677,EQBD1024,CUS027,OP119,SITE007,2025-11-01,2025-11-07,2025-11-07,6,Completed,11,5,1,4,Industrial,0,1.0
RNT03678,EQRR1013,CUS040,OP150,SITE020,2025-11-01,2025-11-18,2025-11-19,17,Completed,11,5,1,4,Metro Rail,1,1.0
RNT03679,EQFL1010,CUS017,OP161,SITE017,2025-11-01,2025-11-10,2025-11-09,9,Completed,11,5,1,4,Bridge,0,1.0
RNT03680,EQWL1018,CUS065,OP104,SITE005,2025-11-01,2025-11-14,2025-11-13,13,Completed,11,5,1,4,Airport,0,1.0
RNT03681,EQBK1016,CUS022,OP179,SITE002,2025-11-01,2025-11-05,2025-11-06,4,Completed,11,5,1,4,Highway,1,1.0
RNT03682,EQBK1016,CUS009,OP130,SITE009,2025-11-02,2025-11-15,2025-11-15,13,Completed,11,6,2,4,Highway,0,1.0
RNT03683,EQEX1003,CUS059,OP141,SITE019,2025-11-02,2025-11-18,2025-11-17,16,Completed,11,6,2,4,Port,0,1.0
RNT03684,EQEX1020,CUS033,OP166,SITE013,2025-11-02,2025-11-12,2025-11-12,10,Completed,11,6,2,4,Energy,0,1.0
RNT03685,EQBD1024,CUS073,OP128,SITE001,2025-11-02,2025-11-25,2025-12-04,23,Completed,11,6,2,4,Metro Rail,9,1.0
RNT03686,EQEX1034,CUS026,OP161,SITE014,2025-11-02,2025-11-07,2025-11-07,5,Completed,11,6,2,4,Railway,0,1.0
RNT03687,EQDT1009,CUS043,OP112,SITE003,2025-11-03,2025-11-23,2025-12-03,20,Completed,11,0,3,4,Commercial,10,1.0
RNT03688,EQBD1028,CUS050,OP121,SITE019,2025-11-03,2025-11-08,2025-11-17,5,Completed,11,0,3,4,Port,9,1.0
RNT03689,EQEX1035,CUS036,OP121,SITE016,2025-11-03,2025-11-16,2025-11-16,13,Completed,11,0,3,4,Commercial,0,1.0
RNT03690,EQFL1009,CUS063,OP149,SITE003,2025-11-03,2025-11-12,2025-11-11,9,Completed,11,0,3,4,Commercial,0,1.0
RNT03691,EQEX1002,CUS050,OP169,SITE011,2025-11-03,2025-11-13,2025-11-22,10,Completed,11,0,3,4,Residential,9,1.0
RNT03692,EQEX1013,CUS057,OP149,SITE017,2025-11-03,2025-11-12,2025-11-11,9,Completed,11,0,3,4,Bridge,0,1.0
RNT03693,EQDT1007,CUS028,OP133,SITE008,2025-11-03,2025-11-30,2025-12-07,27,Completed,11,0,3,4,Energy,7,1.0
RNT03694,EQGR1016,CUS052,OP142,SITE012,2025-11-04,2025-11-30,2025-12-02,26,Completed,11,1,4,4,Energy,2,0.0
RNT03695,EQRR1008,CUS035,OP131,SITE015,2025-11-04,2025-11-09,2025-11-09,5,Completed,11,1,4,4,Water Infrastructure,0,0.0
RNT03696,EQGR1011,CUS065,OP126,SITE005,2025-11-04,2025-11-13,2025-11-13,9,Completed,11,1,4,4,Airport,0,1.0
RNT03697,EQFL1008,CUS044,OP155,SITE004,2025-11-04,2025-11-09,2025-11-19,5,Completed,11,1,4,4,Smart City,10,1.0
RNT03698,EQRR1013,CUS069,OP156,SITE009,2025-11-04,2025-11-20,2025-11-20,16,Completed,11,1,4,4,Highway,0,1.0
RNT03699,EQRR1013,CUS043,OP140,SITE003,2025-11-04,2025-11-12,2025-11-12,8,Completed,11,1,4,4,Commercial,0,1.0
RNT03700,EQWL1017,CUS055,OP143,SITE017,2025-11-05,2025-11-10,2025-11-19,5,Completed,11,2,5,4,Bridge,9,1.0
RNT03701,EQGR1017,CUS075,OP154,SITE015,2025-11-05,2025-12-28,2025-12-27,53,Completed,11,2,5,4,Water Infrastructure,0,1.0
RNT03702,EQBD1006,CUS012,OP104,SITE012,2025-11-05,2025-11-22,2025-11-22,17,Completed,11,2,5,4,Energy,0,0.0
RNT03703,EQWL1022,CUS001,OP105,SITE001,2025-11-05,2025-11-13,2025-11-14,8,Completed,11,2,5,4,Metro Rail,1,1.0
RNT03704,EQFL1006,CUS059,OP110,SITE019,2025-11-05,2025-12-24,2025-12-24,49,Completed,11,2,5,4,Port,0,1.0
RNT03705,EQRR1011,CUS062,OP109,SITE015,2025-11-06,2025-11-12,2025-11-11,6,Completed,11,3,6,4,Water Infrastructure,0,1.0
RNT03706,EQEX1010,CUS029,OP177,SITE009,2025-11-06,2025-11-17,2025-11-27,11,Completed,11,3,6,4,Highway,10,1.0
RNT03707,EQFL1011,CUS050,OP129,SITE011,2025-11-06,2025-11-13,2025-11-14,7,Completed,11,3,6,4,Residential,1,1.0
RNT03708,EQEX1012,CUS062,OP149,SITE002,2025-11-06,2025-11-27,2025-11-27,21,Completed,11,3,6,4,Highway,0,1.0
RNT03709,EQEX1011,CUS009,OP153,SITE009,2025-11-07,2025-11-15,2025-11-16,8,Completed,11,4,7,4,Highway,1,1.0
RNT03710,EQEX1025,CUS069,OP122,SITE009,2025-11-07,2025-11-14,2025-11-24,7,Completed,11,4,7,4,Highway,10,1.0
RNT03711,EQGR1011,CUS047,OP111,SITE008,2025-11-07,2025-11-24,2025-11-25,17,Completed,11,4,7,4,Energy,1,0.0
RNT03712,EQEX1019,CUS011,OP162,SITE011,2025-11-07,2025-12-01,2025-11-30,24,Completed,11,4,7,4,Residential,0,1.0
RNT03713,EQBK1005,CUS018,OP160,SITE018,2025-11-07,2025-11-18,2025-11-18,11,Completed,11,4,7,4,Highway,0,1.0
RNT03714,EQEX1030,CUS002,OP139,SITE002,2025-11-08,2025-11-27,2025-11-28,19,Completed,11,5,8,4,Highway,1,1.0
RNT03715,EQBD1025,CUS064,OP157,SITE004,2025-11-08,2025-11-20,2025-11-21,12,Completed,11,5,8,4,Smart City,1,1.0
RNT03716,EQEX1019,CUS002,OP179,SITE002,2025-11-08,2025-11-16,2025-11-15,8,Completed,11,5,8,4,Highway,0,1.0
RNT03717,EQDT1008,CUS001,OP144,SITE009,2025-11-08,2025-11-27,2025-11-28,19,Completed,11,5,8,4,Highway,1,1.0
RNT03718,EQSS1016,CUS062,OP109,SITE002,2025-11-08,2025-11-13,2025-11-13,5,Completed,11,5,8,4,Highway,0,1.0
RNT03719,EQSS1016,CUS058,OP165,SITE018,2025-11-08,2025-11-10,2025-11-11,2,Completed,11,5,8,4,Highway,1,1.0
RNT03720,EQBK1012,CUS018,OP111,SITE018,2025-11-09,2025-11-14,2025-11-21,5,Completed,11,6,9,4,Highway,7,1.0
RNT03721,EQBD1001,CUS029,OP111,SITE009,2025-11-09,2025-11-16,2025-11-15,7,Completed,11,6,9,4,Highway,0,1.0
RNT03722,EQEX1027,CUS014,OP158,SITE014,2025-11-09,2025-11-25,2025-11-25,16,Completed,11,6,9,4,Railway,0,1.0
RNT03723,EQGR1004,CUS009,OP179,SITE009,2025-11-10,2025-11-28,2025-11-29,18,Completed,11,0,10,4,Highway,1,1.0
RNT03724,EQDT1003,CUS006,OP120,SITE006,2025-11-10,2025-11-21,2025-11-24,11,Completed,11,0,10,4,Port,3,1.0
RNT03725,EQEX1031,CUS033,OP158,SITE013,2025-11-10,2025-12-08,2025-12-08,28,Completed,11,0,10,4,Energy,0,1.0
RNT03726,EQWL1014,CUS038,OP109,SITE018,2025-11-10,2025-11-24,2025-12-02,14,Completed,11,0,10,4,Highway,8,1.0
RNT03727,EQBD1008,CUS038,OP142,SITE013,2025-11-10,2025-11-24,2025-11-24,14,Completed,11,0,10,4,Energy,0,1.0
RNT03728,EQSS1002,CUS001,OP130,SITE001,2025-11-10,2025-11-18,2025-11-18,8,Completed,11,0,10,4,Metro Rail,0,1.0
RNT03729,EQBD1012,CUS052,OP120,SITE012,2025-11-10,2025-11-16,2025-11-16,6,Completed,11,0,10,4,Energy,0,0.0
RNT03730,EQBD1007,CUS030,OP160,SITE010,2025-11-10,2025-11-21,2025-11-27,11,Completed,11,0,10,4,Industrial,6,0.0
RNT03731,EQDT1012,CUS030,OP119,SITE010,2025-11-11,2025-11-24,2025-11-24,13,Completed,11,1,11,4,Industrial,0,1.0
RNT03732,EQWL1024,CUS009,OP165,SITE009,2025-11-11,2025-11-20,2025-11-20,9,Completed,11,1,11,4,Highway,0,1.0
RNT03733,EQEX1032,CUS038,OP156,SITE018,2025-11-12,2025-11-29,2025-11-29,17,Completed,11,2,12,4,Highway,0,1.0
RNT03734,EQEX1025,CUS044,OP179,SITE004,2025-11-12,2025-11-20,2025-11-20,8,Completed,11,2,12,4,Smart City,0,1.0
RNT03735,EQWL1012,CUS001,OP157,SITE001,2025-11-12,2025-11-16,2025-11-23,4,Completed,11,2,12,4,Metro Rail,7,1.0
RNT03736,EQEX1027,CUS010,OP152,SITE010,2025-11-13,2025-12-04,2025-12-03,21,Completed,11,3,13,4,Industrial,0,1.0
RNT03737,EQEX1030,CUS074,OP112,SITE018,2025-11-13,2025-11-26,2025-11-25,13,Completed,11,3,13,4,Highway,0,1.0
RNT03738,EQEX1010,CUS005,OP180,SITE005,2025-11-13,2025-12-08,2025-12-08,25,Completed,11,3,13,4,Airport,0,0.0
RNT03739,EQBK1008,CUS064,OP106,SITE004,2025-11-13,2025-11-25,2025-11-24,12,Completed,11,3,13,4,Smart City,0,1.0
RNT03740,EQEX1037,CUS001,OP130,SITE001,2025-11-13,2025-11-23,2025-11-23,10,Completed,11,3,13,4,Metro Rail,0,1.0
RNT03741,EQEX1008,CUS033,OP160,SITE013,2025-11-13,2025-12-01,2025-12-03,18,Completed,11,3,13,4,Energy,2,1.0
RNT03742,EQEX1033,CUS005,OP146,SITE005,2025-11-13,2025-11-29,2025-12-07,16,Completed,11,3,13,4,Airport,8,1.0
RNT03743,EQWL1015,CUS032,OP127,SITE012,2025-11-13,2025-11-30,2025-12-05,17,Completed,11,3,13,4,Energy,5,1.0
RNT03744,EQGR1015,CUS028,OP170,SITE008,2025-11-14,2025-11-19,2025-11-21,5,Completed,11,4,14,4,Energy,2,1.0
RNT03745,EQRR1013,CUS059,OP173,SITE013,2025-11-14,2025-11-21,2025-11-26,7,Completed,11,4,14,4,Energy,5,1.0
RNT03746,EQEX1034,CUS047,OP170,SITE007,2025-11-14,2026-01-13,2026-01-14,60,Completed,11,4,14,4,Industrial,1,1.0
RNT03747,EQBD1026,CUS002,OP128,SITE002,2025-11-14,2025-12-03,2025-12-03,19,Completed,11,4,14,4,Highway,0,1.0
RNT03748,EQSS1014,CUS001,OP164,SITE001,2025-11-15,2025-11-21,2025-11-23,6,Completed,11,5,15,4,Metro Rail,2,0.0
RNT03749,EQDT1008,CUS070,OP146,SITE010,2025-11-15,2025-12-05,2025-12-05,20,Completed,11,5,15,4,Industrial,0,1.0
RNT03750,EQBD1025,CUS040,OP177,SITE020,2025-11-15,2025-12-04,2025-12-04,19,Completed,11,5,15,4,Metro Rail,0,1.0
RNT03751,EQSS1012,CUS051,OP180,SITE011,2025-11-15,2025-11-22,2025-11-22,7,Completed,11,5,15,4,Residential,0,1.0
RNT03752,EQSS1012,CUS050,OP159,SITE011,2025-11-16,2025-11-23,2025-11-26,7,Completed,11,6,16,4,Residential,3,1.0
RNT03753,EQWL1006,CUS025,OP145,SITE005,2025-11-16,2025-11-23,2025-11-23,7,Completed,11,6,16,4,Airport,0,1.0
RNT03754,EQEX1005,CUS054,OP120,SITE014,2025-11-16,2026-01-09,2026-01-18,54,Completed,11,6,16,4,Railway,9,1.0
RNT03755,EQGR1004,CUS059,OP107,SITE019,2025-11-16,2025-11-24,2025-12-04,8,Completed,11,6,16,4,Port,10,1.0
RNT03756,EQWL1005,CUS067,OP101,SITE007,2025-11-16,2025-12-05,2025-12-06,19,Completed,11,6,16,4,Industrial,1,1.0
RNT03757,EQRR1013,CUS009,OP173,SITE009,2025-11-16,2025-11-29,2025-11-29,13,Completed,11,6,16,4,Highway,0,0.0
RNT03758,EQFL1003,CUS065,OP177,SITE005,2025-11-16,2025-11-24,2025-11-22,8,Completed,11,6,16,4,Airport,0,1.0
RNT03759,EQBK1019,CUS019,OP121,SITE019,2025-11-16,2025-11-22,2025-11-22,6,Completed,11,6,16,4,Port,0,1.0
RNT03760,EQSS1007,CUS021,OP114,SITE002,2025-11-17,2025-11-27,2025-11-27,10,Completed,11,0,17,4,Highway,0,1.0
RNT03761,EQBK1016,CUS064,OP115,SITE004,2025-11-17,2025-11-20,2025-11-22,3,Completed,11,0,17,4,Smart City,2,1.0
RNT03762,EQRR1014,CUS071,OP101,SITE011,2025-11-17,2025-11-22,2025-11-22,5,Completed,11,0,17,4,Residential,0,0.0
RNT03763,EQFL1007,CUS040,OP175,SITE020,2025-11-18,2025-11-23,2025-11-22,5,Completed,11,1,18,4,Metro Rail,0,1.0
RNT03764,EQWL1011,CUS071,OP104,SITE011,2025-11-18,2025-11-23,2025-11-23,5,Completed,11,1,18,4,Residential,0,1.0
RNT03765,EQBD1020,CUS021,OP119,SITE001,2025-11-18,2025-12-09,2025-12-09,21,Completed,11,1,18,4,Metro Rail,0,1.0
RNT03766,EQWL1026,CUS047,OP132,SITE007,2025-11-18,2025-12-05,2025-12-05,17,Completed,11,1,18,4,Industrial,0,1.0
RNT03767,EQBK1013,CUS022,OP152,SITE002,2025-11-18,2025-12-06,2025-12-06,18,Completed,11,1,18,4,Highway,0,1.0
RNT03768,EQEX1035,CUS031,OP155,SITE012,2025-11-18,2025-12-13,2025-12-17,25,Completed,11,1,18,4,Energy,4,1.0
RNT03769,EQWL1005,CUS025,OP123,SITE005,2025-11-18,2025-11-27,2025-11-27,9,Completed,11,1,18,4,Airport,0,1.0
RNT03770,EQRR1009,CUS026,OP138,SITE006,2025-11-19,2025-12-07,2025-12-08,18,Completed,11,2,19,4,Port,1,0.0
RNT03771,EQGR1006,CUS041,OP145,SITE001,2025-11-19,2025-12-08,2025-12-09,19,Completed,11,2,19,4,Metro Rail,1,1.0
RNT03772,EQBD1019,CUS023,OP158,SITE003,2025-11-19,2025-12-09,2025-12-14,20,Completed,11,2,19,4,Commercial,5,1.0
RNT03773,EQBK1005,CUS045,OP166,SITE005,2025-11-19,2025-11-27,2025-11-26,8,Completed,11,2,19,4,Airport,0,1.0
RNT03774,EQBK1016,CUS021,OP111,SITE017,2025-11-19,2025-11-23,2025-11-23,4,Completed,11,2,19,4,Bridge,0,1.0
RNT03775,EQWL1010,CUS074,OP150,SITE014,2025-11-19,2025-12-03,2025-12-02,14,Completed,11,2,19,4,Railway,0,1.0
RNT03776,EQBD1012,CUS071,OP177,SITE011,2025-11-19,2025-11-28,2025-11-28,9,Completed,11,2,19,4,Residential,0,1.0
RNT03777,EQBD1005,CUS061,OP166,SITE001,2025-11-19,2025-11-27,2025-11-27,8,Completed,11,2,19,4,Metro Rail,0,1.0
RNT03778,EQGR1012,CUS046,OP111,SITE006,2025-11-20,2025-12-17,2025-12-17,27,Completed,11,3,20,4,Port,0,1.0
RNT03779,EQEX1043,CUS049,OP107,SITE009,2025-11-20,2025-12-12,2025-12-12,22,Completed,11,3,20,4,Highway,0,1.0
RNT03780,EQEX1012,CUS016,OP153,SITE016,2025-11-20,2025-12-02,2025-12-02,12,Completed,11,3,20,4,Commercial,0,0.0
RNT03781,EQEX1034,CUS058,OP165,SITE018,2025-11-20,2025-11-28,2025-11-29,8,Completed,11,3,20,4,Highway,1,1.0
RNT03782,EQSS1008,CUS020,OP136,SITE008,2025-11-20,2025-11-26,2025-11-25,6,Completed,11,3,20,4,Energy,0,1.0
RNT03783,EQBK1017,CUS059,OP113,SITE019,2025-11-20,2025-12-07,2025-12-17,17,Completed,11,3,20,4,Port,10,1.0
RNT03784,EQBD1028,CUS074,OP128,SITE014,2025-11-21,2025-12-02,2025-12-08,11,Completed,11,4,21,4,Railway,6,1.0
RNT03785,EQWL1012,CUS010,OP145,SITE010,2025-11-21,2025-12-04,2025-12-05,13,Completed,11,4,21,4,Industrial,1,1.0
RNT03786,EQBD1011,CUS028,OP125,SITE008,2025-11-21,2025-12-13,2025-12-12,22,Completed,11,4,21,4,Energy,0,1.0
RNT03787,EQEX1040,CUS022,OP178,SITE002,2025-11-21,2025-12-05,2025-12-05,14,Completed,11,4,21,4,Highway,0,0.0
RNT03788,EQFL1010,CUS029,OP134,SITE009,2025-11-21,2025-12-01,2025-11-28,10,Completed,11,4,21,4,Highway,0,1.0
RNT03789,EQBK1003,CUS060,OP165,SITE020,2025-11-21,2025-11-24,2025-11-24,3,Completed,11,4,21,4,Metro Rail,0,1.0
RNT03790,EQWL1026,CUS020,OP136,SITE020,2025-11-21,2025-12-05,2025-12-09,14,Completed,11,4,21,4,Metro Rail,4,1.0
RNT03791,EQWL1017,CUS040,OP113,SITE020,2025-11-21,2025-12-05,2025-12-05,14,Completed,11,4,21,4,Metro Rail,0,1.0
RNT03792,EQBD1025,CUS020,OP107,SITE020,2025-11-21,2025-12-13,2025-12-13,22,Completed,11,4,21,4,Metro Rail,0,1.0
RNT03793,EQDT1006,CUS014,OP165,SITE014,2025-11-22,2025-12-15,2025-12-17,23,Completed,11,5,22,4,Railway,2,1.0
RNT03794,EQBK1018,CUS009,OP129,SITE009,2025-11-22,2025-12-01,2025-12-07,9,Completed,11,5,22,4,Highway,6,1.0
RNT03795,EQRR1011,CUS049,OP161,SITE009,2025-11-22,2025-11-25,2025-11-30,3,Completed,11,5,22,4,Highway,5,1.0
RNT03796,EQRR1009,CUS050,OP150,SITE011,2025-11-22,2025-12-09,2025-12-09,17,Completed,11,5,22,4,Residential,0,1.0
RNT03797,EQBD1024,CUS015,OP116,SITE020,2025-11-22,2025-11-30,2025-12-10,8,Completed,11,5,22,4,Metro Rail,10,1.0
RNT03798,EQEX1022,CUS020,OP107,SITE020,2025-11-23,2025-12-14,2025-12-14,21,Completed,11,6,23,4,Metro Rail,0,1.0
RNT03799,EQRR1006,CUS044,OP101,SITE004,2025-11-23,2025-11-29,2025-11-28,6,Completed,11,6,23,4,Smart City,0,1.0
RNT03800,EQSS1009,CUS011,OP144,SITE011,2025-11-23,2025-11-27,2025-11-27,4,Completed,11,6,23,4,Residential,0,1.0
RNT03801,EQEX1027,CUS015,OP163,SITE015,2025-11-24,2025-12-15,2025-12-15,21,Completed,11,0,24,4,Water Infrastructure,0,1.0
RNT03802,EQBD1011,CUS020,OP172,SITE020,2025-11-24,2025-12-21,2025-12-24,27,Completed,11,0,24,4,Metro Rail,3,1.0
RNT03803,EQEX1039,CUS073,OP142,SITE013,2025-11-24,2025-11-25,2025-11-25,1,Completed,11,0,24,4,Energy,0,1.0
RNT03804,EQDT1009,CUS040,OP159,SITE020,2025-11-24,2025-12-17,2025-12-16,23,Completed,11,0,24,4,Metro Rail,0,1.0
RNT03805,EQBD1029,CUS009,OP172,SITE009,2025-11-25,2025-12-20,2025-12-20,25,Completed,11,1,25,4,Highway,0,1.0
RNT03806,EQWL1010,CUS066,OP140,SITE006,2025-11-25,2025-12-11,2025-12-11,16,Completed,11,1,25,4,Port,0,1.0
RNT03807,EQBD1010,CUS058,OP116,SITE018,2025-11-25,2025-12-23,2025-12-22,28,Completed,11,1,25,4,Highway,0,0.0
RNT03808,EQEX1025,CUS062,OP155,SITE002,2025-11-26,2025-12-16,2025-12-26,20,Completed,11,2,26,4,Highway,10,1.0
RNT03809,EQBD1025,CUS019,OP151,SITE019,2025-11-26,2025-11-27,2025-11-27,1,Completed,11,2,26,4,Port,0,1.0
RNT03810,EQEX1020,CUS063,OP150,SITE003,2025-11-26,2025-12-13,2025-12-13,17,Completed,11,2,26,4,Commercial,0,1.0
RNT03811,EQGR1009,CUS059,OP167,SITE019,2025-11-26,2025-12-07,2025-12-05,11,Completed,11,2,26,4,Port,0,1.0
RNT03812,EQWL1019,CUS058,OP143,SITE018,2025-11-26,2025-12-16,2025-12-16,20,Completed,11,2,26,4,Highway,0,1.0
RNT03813,EQBK1005,CUS011,OP141,SITE011,2025-11-26,2025-12-12,2025-12-20,16,Completed,11,2,26,4,Residential,8,1.0
RNT03814,EQGR1004,CUS006,OP173,SITE006,2025-11-27,2025-12-03,2025-12-09,6,Completed,11,3,27,4,Port,6,1.0
RNT03815,EQSS1004,CUS031,OP163,SITE011,2025-11-27,2025-11-30,2025-12-02,3,Completed,11,3,27,4,Residential,2,1.0
RNT03816,EQSS1003,CUS016,OP138,SITE016,2025-11-28,2025-12-04,2025-12-03,6,Completed,11,4,28,4,Commercial,0,1.0
RNT03817,EQEX1009,CUS065,OP145,SITE005,2025-11-28,2025-12-12,2025-12-12,14,Completed,11,4,28,4,Airport,0,0.0
RNT03818,EQWL1020,CUS039,OP138,SITE019,2025-11-28,2025-12-15,2025-12-15,17,Completed,11,4,28,4,Port,0,1.0
RNT03819,EQGR1013,CUS034,OP175,SITE014,2025-11-28,2025-12-23,2025-12-23,25,Completed,11,4,28,4,Railway,0,0.0
RNT03820,EQBD1024,CUS001,OP149,SITE001,2025-11-29,2025-12-06,2025-12-11,7,Completed,11,5,29,4,Metro Rail,5,1.0
RNT03821,EQDT1008,CUS022,OP174,SITE002,2025-11-29,2026-01-15,2026-01-15,47,Completed,11,5,29,4,Highway,0,1.0
RNT03822,EQEX1037,CUS031,OP138,SITE011,2025-11-29,2025-12-08,2025-12-08,9,Completed,11,5,29,4,Residential,0,1.0
RNT03823,EQGR1004,CUS019,OP125,SITE019,2025-11-29,2025-12-23,2025-12-24,24,Completed,11,5,29,4,Port,1,1.0
RNT03824,EQSS1017,CUS054,OP119,SITE014,2025-11-29,2025-12-02,2025-12-11,3,Completed,11,5,29,4,Railway,9,0.0
RNT03825,EQGR1002,CUS045,OP155,SITE016,2025-11-30,2025-12-15,2025-12-11,15,Completed,11,6,30,4,Commercial,0,0.0
RNT03826,EQWL1013,CUS067,OP124,SITE007,2025-11-30,2025-12-06,2025-12-14,6,Completed,11,6,30,4,Industrial,8,0.0
RNT03827,EQEX1004,CUS029,OP103,SITE008,2025-11-30,2025-12-13,2025-12-19,13,Completed,11,6,30,4,Energy,6,1.0
RNT03828,EQBD1019,CUS002,OP134,SITE002,2025-12-01,2025-12-10,2025-12-19,9,Completed,12,0,1,4,Highway,9,1.0
RNT03829,EQSS1017,CUS001,OP176,SITE001,2025-12-01,2025-12-09,2025-12-05,8,Completed,12,0,1,4,Metro Rail,0,1.0
RNT03830,EQBK1011,CUS074,OP111,SITE014,2025-12-01,2025-12-14,2025-12-14,13,Completed,12,0,1,4,Railway,0,0.0
RNT03831,EQEX1004,CUS060,OP130,SITE020,2025-12-01,2025-12-21,2025-12-20,20,Completed,12,0,1,4,Metro Rail,0,1.0
RNT03832,EQFL1010,CUS032,OP101,SITE012,2025-12-01,2025-12-11,2025-12-10,10,Completed,12,0,1,4,Energy,0,1.0
RNT03833,EQEX1004,CUS054,OP127,SITE014,2025-12-01,2025-12-28,2025-12-28,27,Completed,12,0,1,4,Railway,0,1.0
RNT03834,EQDT1004,CUS074,OP172,SITE008,2025-12-01,2025-12-10,2025-12-10,9,Completed,12,0,1,4,Energy,0,1.0
RNT03835,EQEX1010,CUS035,OP168,SITE015,2025-12-02,2025-12-11,2025-12-18,9,Completed,12,1,2,4,Water Infrastructure,7,0.0
RNT03836,EQBD1012,CUS029,OP164,SITE009,2025-12-02,2025-12-16,2025-12-13,14,Completed,12,1,2,4,Highway,0,1.0
RNT03837,EQWL1025,CUS026,OP152,SITE006,2025-12-03,2025-12-15,2025-12-15,12,Completed,12,2,3,4,Port,0,1.0
RNT03838,EQRR1008,CUS014,OP178,SITE014,2025-12-03,2025-12-07,2025-12-08,4,Completed,12,2,3,4,Railway,1,1.0
RNT03839,EQFL1011,CUS013,OP154,SITE013,2025-12-03,2025-12-09,2025-12-09,6,Completed,12,2,3,4,Energy,0,1.0
RNT03840,EQBD1011,CUS042,OP101,SITE002,2025-12-03,2025-12-14,2025-12-14,11,Completed,12,2,3,4,Highway,0,1.0
RNT03841,EQSS1002,CUS054,OP130,SITE014,2025-12-04,2025-12-10,2025-12-10,6,Completed,12,3,4,4,Railway,0,1.0
RNT03842,EQBD1008,CUS049,OP124,SITE009,2025-12-04,2025-12-17,2025-12-25,13,Completed,12,3,4,4,Highway,8,1.0
RNT03843,EQWL1010,CUS018,OP153,SITE018,2025-12-04,2025-12-18,2025-12-24,14,Completed,12,3,4,4,Highway,6,0.0
RNT03844,EQEX1029,CUS014,OP101,SITE014,2025-12-04,2025-12-22,2025-12-22,18,Completed,12,3,4,4,Railway,0,1.0
RNT03845,EQEX1039,CUS062,OP135,SITE007,2025-12-04,2025-12-17,2025-12-17,13,Completed,12,3,4,4,Industrial,0,1.0
RNT03846,EQEX1029,CUS006,OP110,SITE006,2025-12-04,2025-12-12,2025-12-12,8,Completed,12,3,4,4,Port,0,0.0
RNT03847,EQWL1001,CUS059,OP143,SITE019,2025-12-05,2025-12-23,2025-12-23,18,Completed,12,4,5,4,Port,0,1.0
RNT03848,EQEX1002,CUS001,OP131,SITE001,2025-12-05,2025-12-23,2026-01-02,18,Completed,12,4,5,4,Metro Rail,10,1.0
RNT03849,EQEX1011,CUS052,OP111,SITE012,2025-12-05,2026-01-02,2026-01-01,28,Completed,12,4,5,4,Energy,0,1.0
RNT03850,EQEX1010,CUS060,OP168,SITE020,2025-12-06,2025-12-19,2025-12-18,13,Completed,12,5,6,4,Metro Rail,0,1.0
RNT03851,EQDT1006,CUS009,OP167,SITE009,2025-12-06,2025-12-25,2025-12-27,19,Completed,12,5,6,4,Highway,2,1.0
RNT03852,EQSS1009,CUS068,OP137,SITE008,2025-12-06,2025-12-16,2025-12-26,10,Completed,12,5,6,4,Energy,10,0.0
RNT03853,EQEX1010,CUS007,OP113,SITE007,2025-12-06,2025-12-12,2025-12-12,6,Completed,12,5,6,4,Industrial,0,1.0
RNT03854,EQFL1008,CUS009,OP137,SITE009,2025-12-06,2025-12-09,2025-12-10,3,Completed,12,5,6,4,Highway,1,1.0
RNT03855,EQEX1012,CUS055,OP163,SITE015,2025-12-06,2025-12-14,2025-12-23,8,Completed,12,5,6,4,Water Infrastructure,9,1.0
RNT03856,EQEX1039,CUS058,OP138,SITE018,2025-12-06,2025-12-28,2025-12-28,22,Completed,12,5,6,4,Highway,0,1.0
RNT03857,EQSS1018,CUS001,OP172,SITE001,2025-12-07,2025-12-12,2025-12-12,5,Completed,12,6,7,4,Metro Rail,0,1.0
RNT03858,EQEX1014,CUS046,OP148,SITE006,2025-12-07,2025-12-23,2025-12-23,16,Completed,12,6,7,4,Port,0,1.0
RNT03859,EQDT1008,CUS067,OP135,SITE007,2025-12-07,2026-01-04,2026-01-04,28,Completed,12,6,7,4,Industrial,0,1.0
RNT03860,EQWL1012,CUS069,OP120,SITE009,2025-12-07,2025-12-13,2025-12-13,6,Completed,12,6,7,4,Highway,0,1.0
RNT03861,EQWL1014,CUS056,OP174,SITE016,2025-12-07,2025-12-17,2025-12-19,10,Completed,12,6,7,4,Commercial,2,0.0
RNT03862,EQWL1006,CUS054,OP173,SITE014,2025-12-08,2025-12-18,2025-12-17,10,Completed,12,0,8,4,Railway,0,0.0
RNT03863,EQSS1010,CUS005,OP172,SITE005,2025-12-08,2025-12-11,2025-12-11,3,Completed,12,0,8,4,Airport,0,1.0
RNT03864,EQGR1003,CUS002,OP166,SITE002,2025-12-08,2026-01-02,2026-01-01,25,Completed,12,0,8,4,Highway,0,1.0
RNT03865,EQWL1026,CUS007,OP171,SITE007,2025-12-08,2025-12-12,2025-12-15,4,Completed,12,0,8,4,Industrial,3,1.0
RNT03866,EQEX1010,CUS003,OP127,SITE003,2025-12-09,2026-01-26,2026-01-30,48,Completed,12,1,9,4,Commercial,4,1.0
RNT03867,EQGR1016,CUS006,OP127,SITE006,2025-12-09,2025-12-31,2026-01-09,22,Completed,12,1,9,4,Port,9,1.0
RNT03868,EQGR1003,CUS019,OP124,SITE019,2025-12-09,2025-12-26,2025-12-26,17,Completed,12,1,9,4,Port,0,1.0
RNT03869,EQRR1002,CUS055,OP179,SITE015,2025-12-09,2025-12-14,2025-12-14,5,Completed,12,1,9,4,Water Infrastructure,0,1.0
RNT03870,EQEX1006,CUS063,OP108,SITE003,2025-12-09,2026-01-03,2026-01-07,25,Completed,12,1,9,4,Commercial,4,0.0
RNT03871,EQGR1020,CUS008,OP165,SITE008,2025-12-09,2026-01-05,2026-01-05,27,Completed,12,1,9,4,Energy,0,0.0
RNT03872,EQGR1015,CUS002,OP143,SITE002,2025-12-10,2025-12-30,2025-12-31,20,Completed,12,2,10,4,Highway,1,0.0
RNT03873,EQWL1016,CUS061,OP109,SITE001,2025-12-10,2025-12-21,2025-12-20,11,Completed,12,2,10,4,Metro Rail,0,1.0
RNT03874,EQDT1002,CUS067,OP164,SITE007,2025-12-10,2025-12-28,2025-12-29,18,Completed,12,2,10,4,Industrial,1,1.0
RNT03875,EQFL1007,CUS074,OP147,SITE014,2025-12-10,2025-12-20,2025-12-19,10,Completed,12,2,10,4,Railway,0,1.0
RNT03876,EQEX1048,CUS057,OP153,SITE017,2025-12-10,2025-12-18,2025-12-28,8,Completed,12,2,10,4,Bridge,10,1.0
RNT03877,EQWL1012,CUS049,OP134,SITE009,2025-12-10,2025-12-25,2025-12-25,15,Completed,12,2,10,4,Highway,0,1.0
RNT03878,EQBD1022,CUS057,OP174,SITE017,2025-12-11,2025-12-17,2025-12-16,6,Completed,12,3,11,4,Bridge,0,1.0
RNT03879,EQWL1012,CUS060,OP146,SITE020,2025-12-12,2025-12-23,2025-12-22,11,Completed,12,4,12,4,Metro Rail,0,1.0
RNT03880,EQGR1019,CUS058,OP157,SITE018,2025-12-12,2025-12-31,2026-01-08,19,Completed,12,4,12,4,Highway,8,0.0
RNT03881,EQBD1005,CUS026,OP126,SITE006,2025-12-12,2025-12-30,2025-12-30,18,Completed,12,4,12,4,Port,0,1.0
RNT03882,EQRR1012,CUS040,OP148,SITE020,2025-12-12,2025-12-16,2025-12-17,4,Completed,12,4,12,4,Metro Rail,1,1.0
RNT03883,EQSS1005,CUS006,OP121,SITE006,2025-12-12,2025-12-21,2025-12-27,9,Completed,12,4,12,4,Port,6,1.0
RNT03884,EQEX1046,CUS009,OP137,SITE009,2025-12-12,2025-12-21,2025-12-26,9,Completed,12,4,12,4,Highway,5,1.0
RNT03885,EQDT1001,CUS021,OP106,SITE001,2025-12-12,2025-12-25,2025-12-29,13,Completed,12,4,12,4,Metro Rail,4,1.0
RNT03886,EQBD1010,CUS007,OP105,SITE007,2025-12-12,2026-01-02,2026-01-01,21,Completed,12,4,12,4,Industrial,0,1.0
RNT03887,EQEX1040,CUS006,OP157,SITE006,2025-12-13,2025-12-28,2025-12-28,15,Completed,12,5,13,4,Port,0,1.0
RNT03888,EQFL1003,CUS062,OP173,SITE002,2025-12-13,2025-12-15,2025-12-16,2,Completed,12,5,13,4,Highway,1,1.0
RNT03889,EQEX1021,CUS017,OP131,SITE017,2025-12-13,2025-12-18,2025-12-18,5,Completed,12,5,13,4,Bridge,0,1.0
RNT03890,EQWL1019,CUS019,OP142,SITE019,2025-12-13,2025-12-30,2025-12-30,17,Completed,12,5,13,4,Port,0,1.0
RNT03891,EQBK1007,CUS050,OP147,SITE011,2025-12-14,2025-12-17,2025-12-17,3,Completed,12,6,14,4,Residential,0,1.0
RNT03892,EQWL1019,CUS064,OP131,SITE004,2025-12-14,2025-12-24,2025-12-24,10,Completed,12,6,14,4,Smart City,0,0.0
RNT03893,EQRR1009,CUS065,OP115,SITE005,2025-12-14,2025-12-31,2026-01-01,17,Completed,12,6,14,4,Airport,1,1.0
RNT03894,EQBD1016,CUS035,OP156,SITE015,2025-12-14,2025-12-27,2025-12-27,13,Completed,12,6,14,4,Water Infrastructure,0,1.0
RNT03895,EQEX1013,CUS056,OP145,SITE016,2025-12-15,2026-01-10,2026-01-13,26,Completed,12,0,15,4,Commercial,3,1.0
RNT03896,EQEX1023,CUS049,OP176,SITE009,2025-12-15,2026-01-04,2026-01-04,20,Completed,12,0,15,4,Highway,0,0.0
RNT03897,EQEX1030,CUS025,OP180,SITE005,2025-12-15,2026-01-02,2026-01-06,18,Completed,12,0,15,4,Airport,4,0.0
RNT03898,EQEX1009,CUS054,OP160,SITE014,2025-12-15,2025-12-28,2026-01-03,13,Completed,12,0,15,4,Railway,6,1.0
RNT03899,EQGR1004,CUS020,OP174,SITE020,2025-12-15,2026-01-02,2026-01-09,18,Completed,12,0,15,4,Metro Rail,7,1.0
RNT03900,EQSS1014,CUS069,OP128,SITE009,2025-12-16,2025-12-25,2025-12-25,9,Completed,12,1,16,4,Highway,0,0.0
RNT03901,EQSS1007,CUS049,OP137,SITE009,2025-12-16,2025-12-20,2025-12-20,4,Completed,12,1,16,4,Highway,0,1.0
RNT03902,EQRR1006,CUS009,OP178,SITE010,2025-12-16,2026-01-02,2026-01-03,17,Completed,12,1,16,4,Industrial,1,1.0
RNT03903,EQEX1044,CUS074,OP165,SITE014,2025-12-16,2025-12-23,2025-12-22,7,Completed,12,1,16,4,Railway,0,1.0
RNT03904,EQEX1001,CUS043,OP160,SITE003,2025-12-16,2026-01-02,2026-01-04,17,Completed,12,1,16,4,Commercial,2,0.0
RNT03905,EQRR1001,CUS005,OP167,SITE005,2025-12-17,2025-12-31,2026-01-03,14,Completed,12,2,17,4,Airport,3,0.0
RNT03906,EQDT1011,CUS050,OP163,SITE011,2025-12-17,2026-01-10,2026-01-10,24,Completed,12,2,17,4,Residential,0,1.0
RNT03907,EQBK1015,CUS041,OP135,SITE001,2025-12-17,2026-01-04,2026-01-06,18,Completed,12,2,17,4,Metro Rail,2,1.0
RNT03908,EQWL1011,CUS036,OP156,SITE018,2025-12-17,2025-12-27,2025-12-31,10,Completed,12,2,17,4,Highway,4,1.0
RNT03909,EQBD1013,CUS050,OP160,SITE011,2025-12-17,2026-01-01,2026-01-02,15,Completed,12,2,17,4,Residential,1,1.0
RNT03910,EQEX1035,CUS050,OP141,SITE019,2025-12-17,2025-12-26,2025-12-25,9,Completed,12,2,17,4,Port,0,0.0
RNT03911,EQBK1001,CUS015,OP118,SITE015,2025-12-18,2025-12-27,2025-12-31,9,Completed,12,3,18,4,Water Infrastructure,4,1.0
RNT03912,EQEX1001,CUS002,OP160,SITE002,2025-12-18,2026-01-14,2026-01-15,27,Completed,12,3,18,4,Highway,1,1.0
RNT03913,EQFL1006,CUS021,OP163,SITE001,2025-12-18,2025-12-20,2025-12-21,2,Completed,12,3,18,4,Metro Rail,1,1.0
RNT03914,EQBD1021,CUS047,OP143,SITE007,2025-12-18,2026-01-07,2026-01-07,20,Completed,12,3,18,4,Industrial,0,1.0
RNT03915,EQGR1008,CUS066,OP128,SITE006,2025-12-18,2026-01-02,2026-01-01,15,Completed,12,3,18,4,Port,0,1.0
RNT03916,EQWL1025,CUS037,OP165,SITE017,2025-12-18,2025-12-30,2026-01-01,12,Completed,12,3,18,4,Bridge,2,1.0
RNT03917,EQSS1012,CUS051,OP148,SITE011,2025-12-18,2025-12-26,2026-01-04,8,Completed,12,3,18,4,Residential,9,1.0
RNT03918,EQWL1012,CUS066,OP149,SITE006,2025-12-18,2026-01-06,2026-01-07,19,Completed,12,3,18,4,Port,1,1.0
RNT03919,EQEX1034,CUS021,OP170,SITE001,2025-12-19,2025-12-25,2025-12-25,6,Completed,12,4,19,4,Metro Rail,0,1.0
RNT03920,EQSS1001,CUS020,OP166,SITE020,2025-12-19,2025-12-21,2025-12-31,2,Completed,12,4,19,4,Metro Rail,10,1.0
RNT03921,EQFL1002,CUS047,OP121,SITE007,2025-12-19,2025-12-25,2025-12-25,6,Completed,12,4,19,4,Industrial,0,1.0
RNT03922,EQFL1010,CUS065,OP139,SITE005,2025-12-19,2025-12-24,2025-12-29,5,Completed,12,4,19,4,Airport,5,0.0
RNT03923,EQFL1010,CUS054,OP151,SITE014,2025-12-19,2025-12-21,2025-12-24,2,Completed,12,4,19,4,Railway,3,1.0
RNT03924,EQBD1011,CUS034,OP104,SITE014,2025-12-19,2026-01-12,2026-01-11,24,Completed,12,4,19,4,Railway,0,0.0
RNT03925,EQRR1003,CUS065,OP107,SITE005,2025-12-19,2025-12-24,2025-12-23,5,Completed,12,4,19,4,Airport,0,1.0
RNT03926,EQDT1003,CUS038,OP176,SITE018,2025-12-20,2026-01-09,2026-01-13,20,Completed,12,5,20,4,Highway,4,0.0
RNT03927,EQBD1017,CUS044,OP130,SITE004,2025-12-20,2025-12-21,2025-12-20,1,Completed,12,5,20,4,Smart City,0,1.0
RNT03928,EQEX1044,CUS058,OP162,SITE018,2025-12-20,2025-12-29,2026-01-01,9,Completed,12,5,20,4,Highway,3,1.0
RNT03929,EQBD1013,CUS045,OP146,SITE005,2025-12-20,2025-12-22,2025-12-22,2,Completed,12,5,20,4,Airport,0,1.0
RNT03930,EQDT1001,CUS004,OP163,SITE004,2025-12-21,2025-12-27,2025-12-27,6,Completed,12,6,21,4,Smart City,0,1.0
RNT03931,EQEX1016,CUS014,OP155,SITE014,2025-12-21,2025-12-29,2025-12-29,8,Completed,12,6,21,4,Railway,0,1.0
RNT03932,EQBD1019,CUS021,OP168,SITE001,2025-12-21,2026-01-10,2026-01-11,20,Completed,12,6,21,4,Metro Rail,1,1.0
RNT03933,EQGR1009,CUS045,OP126,SITE005,2025-12-21,2026-01-09,2026-01-09,19,Completed,12,6,21,4,Airport,0,1.0
RNT03934,EQEX1043,CUS029,OP135,SITE009,2025-12-21,2025-12-23,2025-12-23,2,Completed,12,6,21,4,Highway,0,1.0
RNT03935,EQWL1023,CUS068,OP137,SITE008,2025-12-21,2026-01-07,2026-01-11,17,Completed,12,6,21,4,Energy,4,1.0
RNT03936,EQWL1015,CUS046,OP112,SITE006,2025-12-22,2025-12-31,2026-01-01,9,Completed,12,0,22,4,Port,1,1.0
RNT03937,EQEX1003,CUS029,OP148,SITE009,2025-12-22,2026-02-14,2026-02-15,54,Completed,12,0,22,4,Highway,1,1.0
RNT03938,EQRR1010,CUS050,OP148,SITE011,2025-12-22,2026-01-02,2026-01-02,11,Completed,12,0,22,4,Residential,0,0.0
RNT03939,EQEX1023,CUS026,OP125,SITE006,2025-12-22,2025-12-31,2026-01-10,9,Completed,12,0,22,4,Port,10,1.0
RNT03940,EQSS1003,CUS041,OP174,SITE001,2025-12-22,2025-12-28,2026-01-02,6,Completed,12,0,22,4,Metro Rail,5,1.0
RNT03941,EQWL1013,CUS023,OP151,SITE007,2025-12-22,2025-12-30,2026-01-04,8,Completed,12,0,22,4,Industrial,5,1.0
RNT03942,EQGR1005,CUS030,OP117,SITE010,2025-12-22,2026-01-14,2026-01-15,23,Completed,12,0,22,4,Industrial,1,1.0
RNT03943,EQWL1016,CUS066,OP152,SITE006,2025-12-22,2026-01-04,2026-01-04,13,Completed,12,0,22,4,Port,0,1.0
RNT03944,EQDT1004,CUS047,OP156,SITE007,2025-12-23,2026-01-03,2026-01-09,11,Completed,12,1,23,4,Industrial,6,1.0
RNT03945,EQBD1016,CUS060,OP158,SITE020,2025-12-23,2026-01-17,2026-01-22,25,Completed,12,1,23,4,Metro Rail,5,1.0
RNT03946,EQGR1002,CUS075,OP104,SITE015,2025-12-23,2026-01-15,2026-01-16,23,Completed,12,1,23,4,Water Infrastructure,1,1.0
RNT03947,EQFL1005,CUS006,OP142,SITE006,2025-12-24,2026-01-01,2025-12-31,8,Completed,12,2,24,4,Port,0,1.0
RNT03948,EQFL1012,CUS026,OP148,SITE006,2025-12-24,2025-12-26,2025-12-26,2,Completed,12,2,24,4,Port,0,1.0
RNT03949,EQSS1014,CUS021,OP129,SITE001,2025-12-24,2025-12-26,2025-12-26,2,Completed,12,2,24,4,Metro Rail,0,1.0
RNT03950,EQFL1007,CUS056,OP101,SITE016,2025-12-25,2025-12-28,2026-01-02,3,Completed,12,3,25,4,Commercial,5,1.0
RNT03951,EQEX1043,CUS018,OP132,SITE018,2025-12-25,2025-12-30,2025-12-30,5,Completed,12,3,25,4,Highway,0,1.0
RNT03952,EQSS1008,CUS065,OP113,SITE005,2025-12-25,2025-12-30,2025-12-29,5,Completed,12,3,25,4,Airport,0,0.0
RNT03953,EQEX1038,CUS031,OP134,SITE011,2025-12-26,2026-01-15,2026-01-22,20,Completed,12,4,26,4,Residential,7,0.0
RNT03954,EQGR1008,CUS004,OP136,SITE004,2025-12-26,2026-01-03,2026-01-04,8,Completed,12,4,26,4,Smart City,1,1.0
RNT03955,EQDT1010,CUS025,OP179,SITE005,2025-12-26,2026-01-10,2026-01-10,15,Completed,12,4,26,4,Airport,0,1.0
RNT03956,EQBK1006,CUS041,OP124,SITE001,2025-12-27,2026-01-01,2026-01-01,5,Completed,12,5,27,4,Metro Rail,0,1.0
RNT03957,EQDT1011,CUS006,OP157,SITE006,2025-12-27,2026-01-06,2026-01-06,10,Completed,12,5,27,4,Port,0,0.0
RNT03958,EQEX1012,CUS045,OP120,SITE005,2025-12-27,2026-01-17,2026-01-17,21,Completed,12,5,27,4,Airport,0,1.0
RNT03959,EQDT1012,CUS068,OP138,SITE008,2025-12-27,2026-01-01,2026-01-01,5,Completed,12,5,27,4,Energy,0,0.0
RNT03960,EQDT1009,CUS002,OP103,SITE002,2025-12-28,2026-01-12,2026-01-13,15,Completed,12,6,28,4,Highway,1,1.0
RNT03961,EQEX1045,CUS045,OP102,SITE004,2025-12-28,2026-01-10,2026-01-10,13,Completed,12,6,28,4,Smart City,0,1.0
RNT03962,EQRR1003,CUS041,OP176,SITE001,2025-12-28,2026-01-13,2026-01-13,16,Completed,12,6,28,4,Metro Rail,0,1.0
RNT03963,EQBD1016,CUS017,OP134,SITE013,2025-12-28,2026-01-24,2026-01-23,27,Completed,12,6,28,4,Energy,0,1.0
RNT03964,EQEX1013,CUS054,OP161,SITE014,2025-12-28,2026-01-08,2026-01-18,11,Completed,12,6,28,4,Railway,10,1.0
RNT03965,EQDT1006,CUS039,OP102,SITE019,2025-12-28,2026-01-21,2026-01-21,24,Completed,12,6,28,4,Port,0,1.0
RNT03966,EQWL1010,CUS022,OP120,SITE002,2025-12-28,2026-01-05,2026-01-05,8,Completed,12,6,28,4,Highway,0,1.0
RNT03967,EQBK1018,CUS039,OP180,SITE019,2025-12-29,2026-01-07,2026-01-14,9,Completed,12,0,29,4,Port,7,0.0
RNT03968,EQGR1015,CUS014,OP108,SITE014,2025-12-29,2026-01-26,2026-02-05,28,Completed,12,0,29,4,Railway,10,1.0
RNT03969,EQEX1013,CUS061,OP103,SITE001,2025-12-30,2026-01-15,2026-01-16,16,Completed,12,1,30,4,Metro Rail,1,1.0
RNT03970,EQBD1026,CUS029,OP171,SITE009,2025-12-30,2026-01-18,2026-01-18,19,Completed,12,1,30,4,Highway,0,1.0
RNT03971,EQFL1003,CUS029,OP155,SITE009,2025-12-30,2026-01-02,2026-01-02,3,Completed,12,1,30,4,Highway,0,1.0
RNT03972,EQBD1016,CUS045,OP106,SITE006,2025-12-30,2026-01-17,2026-01-16,18,Completed,12,1,30,4,Port,0,1.0
RNT03973,EQBK1009,CUS049,OP153,SITE009,2025-12-31,2026-01-09,2026-01-15,9,Completed,12,2,31,4,Highway,6,1.0
RNT03974,EQSS1006,CUS056,OP106,SITE016,2025-12-31,2026-01-10,2026-01-12,10,Completed,12,2,31,4,Commercial,2,0.0
RNT03975,EQFL1006,CUS016,OP115,SITE016,2025-12-31,2026-01-03,2026-01-10,3,Completed,12,2,31,4,Commercial,7,1.0
RNT03976,EQBK1014,CUS065,OP131,SITE005,2025-12-31,2026-01-14,2026-01-13,14,Completed,12,2,31,4,Airport,0,1.0
RNT03977,EQBD1005,CUS062,OP112,SITE002,2025-12-31,2026-01-22,2026-01-23,22,Completed,12,2,31,4,Highway,1,1.0
RNT03978,EQGR1007,CUS039,OP109,SITE019,2026-01-01,2026-01-20,2026-01-20,19,Completed,1,3,1,1,Port,0,1.0
RNT03979,EQEX1032,CUS038,OP165,SITE018,2026-01-01,2026-01-10,2026-01-10,9,Completed,1,3,1,1,Highway,0,1.0
RNT03980,EQFL1005,CUS020,OP148,SITE020,2026-01-02,2026-01-10,2026-01-10,8,Completed,1,4,2,1,Metro Rail,0,1.0
RNT03981,EQRR1004,CUS059,OP175,SITE019,2026-01-02,2026-01-10,2026-01-10,8,Completed,1,4,2,1,Port,0,1.0
RNT03982,EQDT1008,CUS021,OP155,SITE001,2026-01-02,2026-01-18,2026-01-18,16,Completed,1,4,2,1,Metro Rail,0,1.0
RNT03983,EQBK1008,CUS062,OP163,SITE002,2026-01-02,2026-01-17,2026-01-17,15,Completed,1,4,2,1,Highway,0,1.0
RNT03984,EQBK1016,CUS038,OP125,SITE018,2026-01-02,2026-01-16,2026-01-16,14,Completed,1,4,2,1,Highway,0,1.0
RNT03985,EQRR1006,CUS016,OP136,SITE016,2026-01-03,2026-01-17,2026-01-22,14,Completed,1,5,3,1,Commercial,5,1.0
RNT03986,EQBK1017,CUS065,OP148,SITE005,2026-01-03,2026-01-17,2026-01-22,14,Completed,1,5,3,1,Airport,5,1.0
RNT03987,EQSS1015,CUS045,OP158,SITE005,2026-01-03,2026-01-13,2026-01-13,10,Completed,1,5,3,1,Airport,0,1.0
RNT03988,EQRR1002,CUS032,OP143,SITE012,2026-01-03,2026-01-14,2026-01-21,11,Completed,1,5,3,1,Energy,7,1.0
RNT03989,EQEX1029,CUS066,OP125,SITE006,2026-01-03,2026-01-25,2026-01-24,22,Completed,1,5,3,1,Port,0,1.0
RNT03990,EQDT1003,CUS057,OP146,SITE006,2026-01-04,2026-01-25,2026-01-25,21,Completed,1,6,4,1,Port,0,1.0
RNT03991,EQEX1040,CUS041,OP141,SITE001,2026-01-04,2026-01-26,2026-01-29,22,Completed,1,6,4,1,Metro Rail,3,1.0
RNT03992,EQBK1010,CUS050,OP144,SITE011,2026-01-04,2026-01-12,2026-01-13,8,Completed,1,6,4,1,Residential,1,1.0
RNT03993,EQBD1018,CUS071,OP126,SITE011,2026-01-04,2026-01-27,2026-01-26,23,Completed,1,6,4,1,Residential,0,1.0
RNT03994,EQWL1021,CUS026,OP126,SITE006,2026-01-05,2026-01-18,2026-01-17,13,Completed,1,0,5,1,Port,0,0.0
RNT03995,EQEX1015,CUS038,OP171,SITE018,2026-01-05,2026-01-28,2026-01-29,23,Completed,1,0,5,1,Highway,1,1.0
RNT03996,EQSS1017,CUS054,OP152,SITE014,2026-01-05,2026-01-14,2026-01-14,9,Completed,1,0,5,1,Railway,0,1.0
RNT03997,EQGR1011,CUS060,OP120,SITE020,2026-01-05,2026-01-16,2026-01-16,11,Completed,1,0,5,1,Metro Rail,0,1.0
RNT03998,EQBK1007,CUS026,OP104,SITE006,2026-01-05,2026-01-10,2026-01-11,5,Completed,1,0,5,1,Port,1,0.0
RNT03999,EQEX1032,CUS053,OP178,SITE013,2026-01-05,2026-01-28,2026-01-27,23,Completed,1,0,5,1,Energy,0,1.0
RNT04000,EQBK1006,CUS009,OP149,SITE009,2026-01-05,2026-01-19,2026-01-18,14,Completed,1,0,5,1,Highway,0,1.0
RNT04001,EQDT1011,CUS022,OP134,SITE019,2026-01-06,2026-01-13,2026-01-09,7,Completed,1,1,6,1,Port,0,1.0
RNT04002,EQWL1015,CUS036,OP149,SITE016,2026-01-07,2026-01-15,2026-01-14,8,Completed,1,2,7,1,Commercial,0,1.0
RNT04003,EQBK1009,CUS029,OP178,SITE009,2026-01-07,2026-01-23,2026-01-23,16,Completed,1,2,7,1,Highway,0,0.0
RNT04004,EQEX1042,CUS020,OP131,SITE020,2026-01-07,2026-01-27,2026-01-30,20,Completed,1,2,7,1,Metro Rail,3,1.0
RNT04005,EQSS1015,CUS033,OP155,SITE013,2026-01-07,2026-01-14,2026-01-15,7,Completed,1,2,7,1,Energy,1,0.0
RNT04006,EQEX1020,CUS069,OP101,SITE009,2026-01-07,2026-01-20,2026-01-20,13,Completed,1,2,7,1,Highway,0,0.0
RNT04007,EQGR1008,CUS045,OP131,SITE005,2026-01-08,2026-02-03,2026-02-12,26,Completed,1,3,8,1,Airport,9,0.0
RNT04008,EQFL1002,CUS004,OP114,SITE004,2026-01-08,2026-01-18,2026-01-18,10,Completed,1,3,8,1,Smart City,0,1.0
RNT04009,EQRR1001,CUS045,OP177,SITE005,2026-01-08,2026-01-26,2026-01-25,18,Completed,1,3,8,1,Airport,0,1.0
RNT04010,EQSS1014,CUS017,OP179,SITE017,2026-01-08,2026-01-10,2026-01-09,2,Completed,1,3,8,1,Bridge,0,1.0
RNT04011,EQDT1003,CUS059,OP144,SITE019,2026-01-08,2026-02-02,2026-02-02,25,Completed,1,3,8,1,Port,0,1.0
RNT04012,EQBK1005,CUS047,OP136,SITE007,2026-01-09,2026-01-14,2026-01-24,5,Completed,1,4,9,1,Industrial,10,1.0
RNT04013,EQBD1008,CUS063,OP134,SITE003,2026-01-09,2026-01-21,2026-01-21,12,Completed,1,4,9,1,Commercial,0,1.0
RNT04014,EQDT1007,CUS035,OP124,SITE015,2026-01-09,2026-01-18,2026-01-28,9,Completed,1,4,9,1,Water Infrastructure,10,1.0
RNT04015,EQBD1026,CUS007,OP164,SITE007,2026-01-09,2026-01-30,2026-02-06,21,Completed,1,4,9,1,Industrial,7,1.0
RNT04016,EQBK1016,CUS015,OP139,SITE015,2026-01-10,2026-01-28,2026-01-28,18,Completed,1,5,10,1,Water Infrastructure,0,1.0
RNT04017,EQEX1015,CUS021,OP111,SITE001,2026-01-10,2026-02-05,2026-02-04,26,Completed,1,5,10,1,Metro Rail,0,1.0
RNT04018,EQEX1037,CUS049,OP111,SITE009,2026-01-10,2026-01-18,2026-01-21,8,Completed,1,5,10,1,Highway,3,0.0
RNT04019,EQEX1038,CUS068,OP150,SITE008,2026-01-10,2026-02-02,2026-02-08,23,Completed,1,5,10,1,Energy,6,1.0
RNT04020,EQRR1003,CUS057,OP155,SITE017,2026-01-10,2026-01-15,2026-01-22,5,Completed,1,5,10,1,Bridge,7,1.0
RNT04021,EQEX1020,CUS041,OP107,SITE001,2026-01-10,2026-02-02,2026-02-01,23,Completed,1,5,10,1,Metro Rail,0,1.0
RNT04022,EQBK1013,CUS035,OP107,SITE015,2026-01-10,2026-01-24,2026-01-24,14,Completed,1,5,10,1,Water Infrastructure,0,1.0
RNT04023,EQWL1023,CUS025,OP159,SITE005,2026-01-11,2026-01-15,2026-01-15,4,Completed,1,6,11,1,Airport,0,0.0
RNT04024,EQBK1016,CUS025,OP110,SITE005,2026-01-11,2026-01-30,2026-01-31,19,Completed,1,6,11,1,Airport,1,1.0
RNT04025,EQBD1022,CUS002,OP166,SITE002,2026-01-11,2026-01-25,2026-01-26,14,Completed,1,6,11,1,Highway,1,1.0
RNT04026,EQDT1007,CUS069,OP154,SITE009,2026-01-11,2026-02-02,2026-02-02,22,Completed,1,6,11,1,Highway,0,1.0
RNT04027,EQWL1010,CUS026,OP175,SITE006,2026-01-11,2026-01-27,2026-01-27,16,Completed,1,6,11,1,Port,0,1.0
RNT04028,EQEX1018,CUS036,OP170,SITE002,2026-01-11,2026-01-30,2026-01-29,19,Completed,1,6,11,1,Highway,0,1.0
RNT04029,EQSS1007,CUS006,OP155,SITE006,2026-01-11,2026-01-21,2026-01-22,10,Completed,1,6,11,1,Port,1,1.0
RNT04030,EQFL1011,CUS029,OP160,SITE009,2026-01-11,2026-01-20,2026-01-18,9,Completed,1,6,11,1,Highway,0,1.0
RNT04031,EQSS1004,CUS037,OP110,SITE017,2026-01-11,2026-01-17,2026-01-17,6,Completed,1,6,11,1,Bridge,0,1.0
RNT04032,EQBD1020,CUS038,OP147,SITE018,2026-01-11,2026-01-27,2026-01-27,16,Completed,1,6,11,1,Highway,0,1.0
RNT04033,EQEX1019,CUS057,OP135,SITE017,2026-01-12,2026-02-08,2026-02-07,27,Completed,1,0,12,1,Bridge,0,1.0
RNT04034,EQBD1019,CUS034,OP173,SITE014,2026-01-12,2026-01-27,2026-02-01,15,Completed,1,0,12,1,Railway,5,0.0
RNT04035,EQDT1009,CUS062,OP146,SITE002,2026-01-12,2026-03-06,2026-03-09,53,Completed,1,0,12,1,Highway,3,0.0
RNT04036,EQBD1009,CUS006,OP160,SITE006,2026-01-12,2026-01-21,2026-01-22,9,Completed,1,0,12,1,Port,1,1.0
RNT04037,EQEX1045,CUS049,OP122,SITE009,2026-01-12,2026-01-26,2026-01-25,14,Completed,1,0,12,1,Highway,0,1.0
RNT04038,EQWL1012,CUS048,OP126,SITE008,2026-01-12,2026-03-05,2026-03-08,52,Completed,1,0,12,1,Energy,3,1.0
RNT04039,EQBD1005,CUS023,OP177,SITE003,2026-01-12,2026-02-02,2026-02-09,21,Completed,1,0,12,1,Commercial,7,1.0
RNT04040,EQEX1040,CUS061,OP123,SITE001,2026-01-13,2026-01-30,2026-01-28,17,Completed,1,1,13,1,Metro Rail,0,1.0
RNT04041,EQRR1009,CUS046,OP114,SITE006,2026-01-13,2026-01-30,2026-01-30,17,Completed,1,1,13,1,Port,0,0.0
RNT04042,EQRR1004,CUS045,OP135,SITE005,2026-01-13,2026-01-28,2026-01-28,15,Completed,1,1,13,1,Airport,0,1.0
RNT04043,EQBD1028,CUS074,OP174,SITE003,2026-01-13,2026-01-24,2026-01-25,11,Completed,1,1,13,1,Commercial,1,1.0
RNT04044,EQSS1005,CUS066,OP161,SITE006,2026-01-13,2026-01-15,2026-01-19,2,Completed,1,1,13,1,Port,4,1.0
RNT04045,EQEX1014,CUS066,OP170,SITE006,2026-01-13,2026-02-10,2026-02-09,28,Completed,1,1,13,1,Port,0,0.0
RNT04046,EQSS1002,CUS027,OP154,SITE007,2026-01-13,2026-01-20,2026-01-19,7,Completed,1,1,13,1,Industrial,0,1.0
RNT04047,EQFL1003,CUS045,OP135,SITE008,2026-01-14,2026-01-22,2026-01-31,8,Completed,1,2,14,1,Energy,9,1.0
RNT04048,EQGR1015,CUS050,OP112,SITE011,2026-01-14,2026-01-27,2026-01-27,13,Completed,1,2,14,1,Residential,0,1.0
RNT04049,EQEX1031,CUS074,OP151,SITE014,2026-01-14,2026-01-19,2026-01-19,5,Completed,1,2,14,1,Railway,0,1.0
RNT04050,EQDT1002,CUS021,OP176,SITE001,2026-01-14,2026-01-22,2026-01-22,8,Completed,1,2,14,1,Metro Rail,0,1.0
RNT04051,EQBD1008,CUS068,OP173,SITE008,2026-01-14,2026-02-06,2026-02-06,23,Completed,1,2,14,1,Energy,0,0.0
RNT04052,EQRR1012,CUS043,OP124,SITE003,2026-01-14,2026-01-30,2026-01-30,16,Completed,1,2,14,1,Commercial,0,1.0
RNT04053,EQEX1033,CUS004,OP123,SITE004,2026-01-15,2026-02-02,2026-02-01,18,Completed,1,3,15,1,Smart City,0,1.0
RNT04054,EQRR1003,CUS004,OP132,SITE007,2026-01-15,2026-01-30,2026-01-30,15,Completed,1,3,15,1,Industrial,0,1.0
RNT04055,EQRR1012,CUS013,OP175,SITE013,2026-01-15,2026-01-20,2026-01-20,5,Completed,1,3,15,1,Energy,0,1.0
RNT04056,EQDT1007,CUS020,OP153,SITE020,2026-01-15,2026-02-05,2026-02-07,21,Completed,1,3,15,1,Metro Rail,2,1.0
RNT04057,EQEX1005,CUS033,OP176,SITE013,2026-01-15,2026-02-04,2026-02-03,20,Completed,1,3,15,1,Energy,0,1.0
RNT04058,EQEX1033,CUS016,OP131,SITE016,2026-01-15,2026-01-23,2026-01-23,8,Completed,1,3,15,1,Commercial,0,1.0
RNT04059,EQSS1016,CUS069,OP178,SITE009,2026-01-15,2026-01-18,2026-01-19,3,Completed,1,3,15,1,Highway,1,1.0
RNT04060,EQBK1004,CUS058,OP163,SITE018,2026-01-15,2026-02-02,2026-02-02,18,Completed,1,3,15,1,Highway,0,1.0
RNT04061,EQFL1002,CUS006,OP147,SITE006,2026-01-15,2026-01-24,2026-01-24,9,Completed,1,3,15,1,Port,0,1.0
RNT04062,EQGR1018,CUS010,OP120,SITE010,2026-01-16,2026-01-24,2026-01-24,8,Completed,1,4,16,1,Industrial,0,0.0
RNT04063,EQGR1017,CUS065,OP145,SITE005,2026-01-16,2026-02-06,2026-02-12,21,Completed,1,4,16,1,Airport,6,1.0
RNT04064,EQBD1030,CUS002,OP148,SITE002,2026-01-16,2026-02-01,2026-02-02,16,Completed,1,4,16,1,Highway,1,1.0
RNT04065,EQWL1019,CUS017,OP107,SITE017,2026-01-16,2026-02-01,2026-02-03,16,Completed,1,4,16,1,Bridge,2,1.0
RNT04066,EQWL1023,CUS029,OP121,SITE009,2026-01-16,2026-02-05,2026-02-10,20,Completed,1,4,16,1,Highway,5,1.0
RNT04067,EQEX1012,CUS051,OP166,SITE011,2026-01-17,2026-02-12,2026-02-15,26,Completed,1,5,17,1,Residential,3,1.0
RNT04068,EQSS1016,CUS008,OP114,SITE008,2026-01-17,2026-01-19,2026-01-19,2,Completed,1,5,17,1,Energy,0,1.0
RNT04069,EQGR1015,CUS074,OP113,SITE014,2026-01-17,2026-01-29,2026-02-01,12,Completed,1,5,17,1,Railway,3,1.0
RNT04070,EQFL1012,CUS054,OP155,SITE014,2026-01-17,2026-01-21,2026-01-20,4,Completed,1,5,17,1,Railway,0,1.0
RNT04071,EQBD1025,CUS022,OP143,SITE002,2026-01-17,2026-02-09,2026-02-09,23,Completed,1,5,17,1,Highway,0,1.0
RNT04072,EQEX1013,CUS020,OP178,SITE020,2026-01-18,2026-01-28,2026-02-07,10,Completed,1,6,18,1,Metro Rail,10,1.0
RNT04073,EQSS1005,CUS058,OP122,SITE018,2026-01-18,2026-01-27,2026-01-27,9,Completed,1,6,18,1,Highway,0,0.0
RNT04074,EQEX1041,CUS013,OP159,SITE013,2026-01-18,2026-02-12,2026-02-11,25,Completed,1,6,18,1,Energy,0,1.0
RNT04075,EQGR1012,CUS052,OP123,SITE012,2026-01-18,2026-01-24,2026-01-20,6,Completed,1,6,18,1,Energy,0,1.0
RNT04076,EQBK1016,CUS065,OP128,SITE005,2026-01-18,2026-01-30,2026-01-31,12,Completed,1,6,18,1,Airport,1,0.0
RNT04077,EQBK1020,CUS056,OP106,SITE016,2026-01-19,2026-02-02,2026-02-12,14,Completed,1,0,19,1,Commercial,10,0.0
RNT04078,EQSS1009,CUS046,OP105,SITE006,2026-01-19,2026-01-21,2026-01-21,2,Completed,1,0,19,1,Port,0,1.0
RNT04079,EQEX1005,CUS050,OP120,SITE011,2026-01-19,2026-02-14,2026-02-13,26,Completed,1,0,19,1,Residential,0,1.0
RNT04080,EQGR1020,CUS055,OP130,SITE015,2026-01-19,2026-02-07,2026-02-07,19,Completed,1,0,19,1,Water Infrastructure,0,1.0
RNT04081,EQEX1047,CUS050,OP137,SITE014,2026-01-19,2026-01-31,2026-02-03,12,Completed,1,0,19,1,Railway,3,1.0
RNT04082,EQDT1010,CUS074,OP106,SITE009,2026-01-19,2026-01-25,2026-01-25,6,Completed,1,0,19,1,Highway,0,1.0
RNT04083,EQEX1043,CUS063,OP119,SITE003,2026-01-19,2026-01-28,2026-01-29,9,Completed,1,0,19,1,Commercial,1,1.0
RNT04084,EQRR1011,CUS008,OP104,SITE008,2026-01-20,2026-01-27,2026-01-28,7,Completed,1,1,20,1,Energy,1,1.0
RNT04085,EQDT1007,CUS019,OP156,SITE019,2026-01-20,2026-02-12,2026-02-12,23,Completed,1,1,20,1,Port,0,1.0
RNT04086,EQSS1018,CUS068,OP150,SITE008,2026-01-20,2026-01-26,2026-01-25,6,Completed,1,1,20,1,Energy,0,1.0
RNT04087,EQSS1008,CUS058,OP160,SITE018,2026-01-20,2026-01-27,2026-01-27,7,Completed,1,1,20,1,Highway,0,1.0
RNT04088,EQGR1005,CUS059,OP114,SITE019,2026-01-20,2026-02-09,2026-02-09,20,Completed,1,1,20,1,Port,0,1.0
RNT04089,EQDT1001,CUS047,OP150,SITE007,2026-01-20,2026-01-29,2026-01-28,9,Completed,1,1,20,1,Industrial,0,1.0
RNT04090,EQBK1017,CUS074,OP141,SITE014,2026-01-21,2026-02-09,2026-02-16,19,Completed,1,2,21,1,Railway,7,1.0
RNT04091,EQSS1006,CUS033,OP101,SITE013,2026-01-21,2026-01-31,2026-01-31,10,Completed,1,2,21,1,Energy,0,0.0
RNT04092,EQGR1009,CUS039,OP144,SITE019,2026-01-21,2026-02-17,2026-02-17,27,Completed,1,2,21,1,Port,0,1.0
RNT04093,EQWL1002,CUS020,OP145,SITE020,2026-01-21,2026-02-01,2026-01-30,11,Completed,1,2,21,1,Metro Rail,0,1.0
RNT04094,EQSS1009,CUS033,OP112,SITE013,2026-01-22,2026-01-24,2026-01-23,2,Completed,1,3,22,1,Energy,0,1.0
RNT04095,EQBD1012,CUS013,OP176,SITE014,2026-01-22,2026-02-08,2026-02-08,17,Completed,1,3,22,1,Railway,0,1.0
RNT04096,EQEX1026,CUS046,OP109,SITE006,2026-01-22,2026-02-01,2026-02-01,10,Completed,1,3,22,1,Port,0,0.0
RNT04097,EQWL1018,CUS029,OP133,SITE009,2026-01-22,2026-02-10,2026-02-11,19,Completed,1,3,22,1,Highway,1,1.0
RNT04098,EQBD1016,CUS014,OP172,SITE014,2026-01-22,2026-02-05,2026-02-05,14,Completed,1,3,22,1,Railway,0,1.0
RNT04099,EQEX1008,CUS029,OP157,SITE009,2026-01-22,2026-02-09,2026-02-10,18,Completed,1,3,22,1,Highway,1,1.0
RNT04100,EQRR1007,CUS014,OP136,SITE014,2026-01-22,2026-02-09,2026-02-09,18,Completed,1,3,22,1,Railway,0,1.0
RNT04101,EQEX1029,CUS046,OP152,SITE006,2026-01-22,2026-02-08,2026-02-08,17,Completed,1,3,22,1,Port,0,1.0
RNT04102,EQEX1026,CUS042,OP174,SITE002,2026-01-23,2026-02-06,2026-02-06,14,Completed,1,4,23,1,Highway,0,1.0
RNT04103,EQEX1016,CUS045,OP116,SITE005,2026-01-23,2026-02-10,2026-02-09,18,Completed,1,4,23,1,Airport,0,1.0
RNT04104,EQWL1012,CUS049,OP111,SITE009,2026-01-23,2026-01-27,2026-02-02,4,Completed,1,4,23,1,Highway,6,1.0
RNT04105,EQEX1044,CUS041,OP108,SITE001,2026-01-24,2026-02-05,2026-02-06,12,Completed,1,5,24,1,Metro Rail,1,1.0
RNT04106,EQGR1010,CUS010,OP142,SITE010,2026-01-24,2026-02-03,2026-02-03,10,Completed,1,5,24,1,Industrial,0,0.0
RNT04107,EQFL1008,CUS050,OP179,SITE011,2026-01-24,2026-01-31,2026-01-31,7,Completed,1,5,24,1,Residential,0,1.0
RNT04108,EQEX1036,CUS065,OP137,SITE005,2026-01-24,2026-02-15,2026-02-11,22,Completed,1,5,24,1,Airport,0,1.0
RNT04109,EQRR1002,CUS017,OP136,SITE017,2026-01-24,2026-02-02,2026-01-29,9,Completed,1,5,24,1,Bridge,0,1.0
RNT04110,EQWL1012,CUS065,OP165,SITE005,2026-01-24,2026-02-10,2026-02-19,17,Completed,1,5,24,1,Airport,9,0.0
RNT04111,EQWL1021,CUS054,OP141,SITE014,2026-01-25,2026-02-01,2026-02-10,7,Completed,1,6,25,1,Railway,9,1.0
RNT04112,EQWL1024,CUS021,OP128,SITE001,2026-01-25,2026-01-29,2026-01-29,4,Completed,1,6,25,1,Metro Rail,0,1.0
RNT04113,EQDT1001,CUS025,OP169,SITE005,2026-01-25,2026-02-05,2026-02-04,11,Completed,1,6,25,1,Airport,0,1.0
RNT04114,EQWL1007,CUS049,OP162,SITE009,2026-01-25,2026-02-08,2026-02-13,14,Completed,1,6,25,1,Highway,5,1.0
RNT04115,EQEX1021,CUS062,OP106,SITE002,2026-01-25,2026-02-12,2026-02-17,18,Completed,1,6,25,1,Highway,5,1.0
RNT04116,EQRR1004,CUS058,OP147,SITE018,2026-01-25,2026-02-07,2026-02-07,13,Completed,1,6,25,1,Highway,0,1.0
RNT04117,EQEX1027,CUS058,OP115,SITE018,2026-01-25,2026-02-08,2026-02-16,14,Completed,1,6,25,1,Highway,8,1.0
RNT04118,EQEX1047,CUS041,OP119,SITE001,2026-01-25,2026-02-05,2026-02-14,11,Completed,1,6,25,1,Metro Rail,9,1.0
RNT04119,EQSS1010,CUS070,OP144,SITE008,2026-01-25,2026-02-04,2026-02-04,10,Completed,1,6,25,1,Energy,0,1.0
RNT04120,EQWL1014,CUS014,OP133,SITE001,2026-01-25,2026-02-13,2026-02-13,19,Completed,1,6,25,1,Metro Rail,0,1.0
RNT04121,EQBD1007,CUS006,OP115,SITE006,2026-01-26,2026-02-06,2026-02-07,11,Completed,1,0,26,1,Port,1,1.0
RNT04122,EQGR1002,CUS068,OP167,SITE008,2026-01-26,2026-02-08,2026-02-08,13,Completed,1,0,26,1,Energy,0,1.0
RNT04123,EQDT1001,CUS074,OP124,SITE014,2026-01-26,2026-02-20,2026-02-20,25,Completed,1,0,26,1,Railway,0,1.0
RNT04124,EQBD1010,CUS047,OP137,SITE007,2026-01-26,2026-02-04,2026-02-04,9,Completed,1,0,26,1,Industrial,0,1.0
RNT04125,EQGR1013,CUS054,OP160,SITE014,2026-01-26,2026-02-18,2026-02-18,23,Completed,1,0,26,1,Railway,0,1.0
RNT04126,EQFL1008,CUS035,OP131,SITE015,2026-01-27,2026-02-01,2026-02-01,5,Completed,1,1,27,1,Water Infrastructure,0,1.0
RNT04127,EQBK1006,CUS066,OP115,SITE006,2026-01-27,2026-02-02,2026-02-07,6,Completed,1,1,27,1,Port,5,1.0
RNT04128,EQWL1009,CUS061,OP117,SITE001,2026-01-28,2026-02-08,2026-02-08,11,Completed,1,2,28,1,Metro Rail,0,1.0
RNT04129,EQFL1005,CUS045,OP123,SITE005,2026-01-28,2026-02-03,2026-02-13,6,Completed,1,2,28,1,Airport,10,1.0
RNT04130,EQWL1014,CUS053,OP139,SITE013,2026-01-28,2026-02-17,2026-02-18,20,Completed,1,2,28,1,Energy,1,1.0
RNT04131,EQGR1019,CUS065,OP137,SITE001,2026-01-28,2026-02-24,2026-02-27,27,Completed,1,2,28,1,Metro Rail,3,1.0
RNT04132,EQFL1007,CUS006,OP102,SITE006,2026-01-29,2026-02-03,2026-02-04,5,Completed,1,3,29,1,Port,1,1.0
RNT04133,EQGR1012,CUS044,OP125,SITE011,2026-01-29,2026-02-21,2026-02-24,23,Completed,1,3,29,1,Residential,3,1.0
RNT04134,EQEX1038,CUS003,OP152,SITE003,2026-01-29,2026-02-26,2026-02-25,28,Completed,1,3,29,1,Commercial,0,1.0
RNT04135,EQEX1041,CUS027,OP134,SITE007,2026-01-29,2026-02-03,2026-01-31,5,Completed,1,3,29,1,Industrial,0,1.0
RNT04136,EQGR1003,CUS054,OP130,SITE014,2026-01-29,2026-02-18,2026-02-18,20,Completed,1,3,29,1,Railway,0,1.0
RNT04137,EQWL1002,CUS016,OP136,SITE016,2026-01-29,2026-02-11,2026-02-17,13,Completed,1,3,29,1,Commercial,6,0.0
RNT04138,EQDT1004,CUS067,OP125,SITE007,2026-01-29,2026-02-04,2026-02-04,6,Completed,1,3,29,1,Industrial,0,0.0
RNT04139,EQEX1037,CUS036,OP115,SITE016,2026-01-29,2026-02-15,2026-02-25,17,Completed,1,3,29,1,Commercial,10,1.0
RNT04140,EQBK1004,CUS063,OP142,SITE003,2026-01-29,2026-02-05,2026-02-15,7,Completed,1,3,29,1,Commercial,10,1.0
RNT04141,EQRR1009,CUS030,OP127,SITE010,2026-01-29,2026-02-16,2026-02-19,18,Completed,1,3,29,1,Industrial,3,1.0
RNT04142,EQSS1012,CUS020,OP115,SITE020,2026-01-29,2026-02-04,2026-02-07,6,Completed,1,3,29,1,Metro Rail,3,1.0
RNT04143,EQWL1021,CUS002,OP162,SITE002,2026-01-30,2026-02-11,2026-02-10,12,Completed,1,4,30,1,Highway,0,1.0
RNT04144,EQGR1006,CUS062,OP146,SITE002,2026-01-30,2026-02-27,2026-02-27,28,Completed,1,4,30,1,Highway,0,0.0
RNT04145,EQDT1012,CUS022,OP125,SITE002,2026-01-30,2026-02-27,2026-02-27,28,Completed,1,4,30,1,Highway,0,1.0
RNT04146,EQEX1034,CUS062,OP106,SITE002,2026-01-30,2026-02-26,2026-03-04,27,Completed,1,4,30,1,Highway,6,1.0
RNT04147,EQGR1010,CUS001,OP172,SITE001,2026-01-30,2026-02-20,2026-03-01,21,Completed,1,4,30,1,Metro Rail,9,1.0
RNT04148,EQBK1018,CUS056,OP122,SITE016,2026-01-30,2026-02-19,2026-02-20,20,Completed,1,4,30,1,Commercial,1,1.0
RNT04149,EQBD1022,CUS049,OP180,SITE009,2026-01-31,2026-02-20,2026-02-24,20,Completed,1,5,31,1,Highway,4,1.0
RNT04150,EQSS1016,CUS059,OP115,SITE019,2026-01-31,2026-02-08,2026-02-08,8,Completed,1,5,31,1,Port,0,1.0
RNT04151,EQEX1020,CUS020,OP159,SITE020,2026-01-31,2026-02-07,2026-02-07,7,Completed,1,5,31,1,Metro Rail,0,1.0
RNT04152,EQEX1034,CUS068,OP142,SITE008,2026-01-31,2026-02-08,2026-02-08,8,Completed,1,5,31,1,Energy,0,1.0
RNT04153,EQWL1021,CUS014,OP136,SITE014,2026-01-31,2026-02-06,2026-02-06,6,Completed,1,5,31,1,Railway,0,1.0
RNT04154,EQBK1014,CUS025,OP170,SITE005,2026-01-31,2026-02-12,2026-02-12,12,Completed,1,5,31,1,Airport,0,0.0
RNT04155,EQBK1003,CUS059,OP176,SITE019,2026-01-31,2026-02-17,2026-02-17,17,Completed,1,5,31,1,Port,0,1.0
RNT04156,EQBD1009,CUS026,OP132,SITE006,2026-02-01,2026-02-27,2026-03-08,26,Completed,2,6,1,1,Port,9,0.0
RNT04157,EQWL1008,CUS021,OP110,SITE001,2026-02-01,2026-02-18,2026-02-18,17,Completed,2,6,1,1,Metro Rail,0,0.0
RNT04158,EQFL1001,CUS006,OP116,SITE006,2026-02-01,2026-02-08,2026-02-15,7,Completed,2,6,1,1,Port,7,1.0
RNT04159,EQDT1001,CUS040,OP146,SITE020,2026-02-01,2026-02-06,2026-02-13,5,Completed,2,6,1,1,Metro Rail,7,1.0
RNT04160,EQEX1005,CUS043,OP139,SITE014,2026-02-01,2026-02-09,2026-02-08,8,Completed,2,6,1,1,Railway,0,1.0
RNT04161,EQDT1004,CUS061,OP178,SITE001,2026-02-02,2026-02-13,2026-02-13,11,Completed,2,0,2,1,Metro Rail,0,0.0
RNT04162,EQRR1012,CUS026,OP173,SITE009,2026-02-02,2026-02-09,2026-02-11,7,Completed,2,0,2,1,Highway,2,1.0
RNT04163,EQDT1008,CUS050,OP147,SITE011,2026-02-02,2026-02-26,2026-02-26,24,Completed,2,0,2,1,Residential,0,1.0
RNT04164,EQBD1001,CUS069,OP167,SITE009,2026-02-03,2026-04-04,2026-04-05,60,Completed,2,1,3,1,Highway,1,1.0
RNT04165,EQWL1009,CUS010,OP177,SITE015,2026-02-03,2026-02-17,2026-02-18,14,Completed,2,1,3,1,Water Infrastructure,1,1.0
RNT04166,EQBD1005,CUS008,OP125,SITE008,2026-02-03,2026-02-17,2026-02-17,14,Completed,2,1,3,1,Energy,0,1.0
RNT04167,EQGR1011,CUS054,OP109,SITE014,2026-02-03,2026-02-15,2026-02-15,12,Completed,2,1,3,1,Railway,0,1.0
RNT04168,EQEX1026,CUS020,OP155,SITE020,2026-02-03,2026-02-23,2026-02-22,20,Completed,2,1,3,1,Metro Rail,0,1.0
RNT04169,EQEX1020,CUS047,OP132,SITE007,2026-02-03,2026-02-11,2026-02-11,8,Completed,2,1,3,1,Industrial,0,1.0
RNT04170,EQGR1007,CUS019,OP131,SITE019,2026-02-03,2026-02-09,2026-02-09,6,Completed,2,1,3,1,Port,0,1.0
RNT04171,EQEX1020,CUS042,OP161,SITE002,2026-02-04,2026-02-13,2026-02-13,9,Completed,2,2,4,1,Highway,0,0.0
RNT04172,EQEX1016,CUS057,OP129,SITE017,2026-02-04,2026-03-01,2026-03-01,25,Completed,2,2,4,1,Bridge,0,1.0
RNT04173,EQRR1010,CUS039,OP180,SITE019,2026-02-04,2026-02-21,2026-02-28,17,Completed,2,2,4,1,Port,7,0.0
RNT04174,EQEX1033,CUS066,OP146,SITE006,2026-02-04,2026-02-18,2026-02-18,14,Completed,2,2,4,1,Port,0,1.0
RNT04175,EQWL1011,CUS028,OP107,SITE008,2026-02-05,2026-02-15,2026-02-16,10,Completed,2,3,5,1,Energy,1,1.0
RNT04176,EQBD1009,CUS038,OP144,SITE018,2026-02-05,2026-03-30,2026-03-31,53,Completed,2,3,5,1,Highway,1,1.0
RNT04177,EQWL1014,CUS062,OP146,SITE002,2026-02-05,2026-02-25,2026-02-23,20,Completed,2,3,5,1,Highway,0,1.0
RNT04178,EQWL1020,CUS031,OP121,SITE007,2026-02-05,2026-02-24,2026-03-03,19,Completed,2,3,5,1,Industrial,7,1.0
RNT04179,EQSS1009,CUS074,OP114,SITE014,2026-02-06,2026-02-14,2026-02-14,8,Completed,2,4,6,1,Railway,0,0.0
RNT04180,EQGR1004,CUS022,OP117,SITE002,2026-02-06,2026-02-26,2026-02-26,20,Completed,2,4,6,1,Highway,0,0.0
RNT04181,EQSS1016,CUS045,OP102,SITE005,2026-02-07,2026-02-12,2026-02-11,5,Completed,2,5,7,1,Airport,0,1.0
RNT04182,EQBK1011,CUS064,OP133,SITE009,2026-02-07,2026-02-13,2026-02-20,6,Completed,2,5,7,1,Highway,7,1.0
RNT04183,EQEX1041,CUS022,OP153,SITE002,2026-02-07,2026-02-18,2026-02-17,11,Completed,2,5,7,1,Highway,0,1.0
RNT04184,EQEX1042,CUS041,OP137,SITE001,2026-02-07,2026-02-21,2026-02-22,14,Completed,2,5,7,1,Metro Rail,1,1.0
RNT04185,EQWL1020,CUS055,OP145,SITE015,2026-02-07,2026-02-19,2026-02-23,12,Completed,2,5,7,1,Water Infrastructure,4,0.0
RNT04186,EQBD1029,CUS046,OP176,SITE006,2026-02-08,2026-02-24,2026-02-25,16,Completed,2,6,8,1,Port,1,1.0
RNT04187,EQWL1001,CUS022,OP153,SITE002,2026-02-08,2026-02-21,2026-02-21,13,Completed,2,6,8,1,Highway,0,1.0
RNT04188,EQWL1023,CUS025,OP120,SITE005,2026-02-08,2026-02-25,2026-02-25,17,Completed,2,6,8,1,Airport,0,0.0
RNT04189,EQEX1013,CUS028,OP130,SITE008,2026-02-09,2026-03-03,2026-03-02,22,Completed,2,0,9,1,Energy,0,1.0
RNT04190,EQEX1038,CUS022,OP101,SITE002,2026-02-09,2026-02-27,2026-03-08,18,Completed,2,0,9,1,Highway,9,0.0
RNT04191,EQRR1013,CUS019,OP179,SITE003,2026-02-10,2026-02-25,2026-02-27,15,Completed,2,1,10,1,Commercial,2,1.0
RNT04192,EQWL1012,CUS031,OP121,SITE011,2026-02-10,2026-02-27,2026-02-26,17,Completed,2,1,10,1,Residential,0,1.0
RNT04193,EQWL1002,CUS046,OP166,SITE006,2026-02-10,2026-02-28,2026-03-03,18,Completed,2,1,10,1,Port,3,1.0
RNT04194,EQGR1004,CUS005,OP171,SITE005,2026-02-11,2026-02-16,2026-02-16,5,Completed,2,2,11,1,Airport,0,1.0
RNT04195,EQEX1042,CUS029,OP162,SITE009,2026-02-11,2026-03-02,2026-03-03,19,Completed,2,2,11,1,Highway,1,1.0
RNT04196,EQBD1002,CUS054,OP159,SITE014,2026-02-11,2026-03-08,2026-03-07,25,Completed,2,2,11,1,Railway,0,1.0
RNT04197,EQEX1029,CUS050,OP131,SITE011,2026-02-11,2026-02-26,2026-02-25,15,Completed,2,2,11,1,Residential,0,1.0
RNT04198,EQBK1001,CUS017,OP101,SITE017,2026-02-11,2026-03-03,2026-03-02,20,Completed,2,2,11,1,Bridge,0,1.0
RNT04199,EQWL1026,CUS046,OP161,SITE006,2026-02-11,2026-02-18,2026-02-18,7,Completed,2,2,11,1,Port,0,1.0
RNT04200,EQEX1024,CUS058,OP102,SITE007,2026-02-12,2026-03-08,2026-03-07,24,Completed,2,3,12,1,Industrial,0,1.0
RNT04201,EQBD1016,CUS059,OP114,SITE019,2026-02-12,2026-03-10,2026-03-09,26,Completed,2,3,12,1,Port,0,1.0
RNT04202,EQBK1012,CUS043,OP106,SITE003,2026-02-12,2026-02-21,2026-02-20,9,Completed,2,3,12,1,Commercial,0,1.0
RNT04203,EQBK1006,CUS074,OP145,SITE014,2026-02-13,2026-02-26,2026-02-26,13,Completed,2,4,13,1,Railway,0,1.0
RNT04204,EQDT1006,CUS069,OP154,SITE009,2026-02-13,2026-02-27,2026-02-26,14,Completed,2,4,13,1,Highway,0,1.0
RNT04205,EQDT1003,CUS047,OP166,SITE007,2026-02-13,2026-03-02,2026-03-03,17,Completed,2,4,13,1,Industrial,1,1.0
RNT04206,EQSS1014,CUS074,OP128,SITE014,2026-02-13,2026-02-20,2026-02-20,7,Completed,2,4,13,1,Railway,0,1.0
RNT04207,EQWL1004,CUS022,OP173,SITE002,2026-02-13,2026-03-02,2026-03-08,17,Completed,2,4,13,1,Highway,6,1.0
RNT04208,EQEX1015,CUS024,OP156,SITE004,2026-02-13,2026-02-24,2026-02-24,11,Completed,2,4,13,1,Smart City,0,1.0
RNT04209,EQBK1018,CUS059,OP103,SITE018,2026-02-13,2026-02-22,2026-02-18,9,Completed,2,4,13,1,Highway,0,1.0
RNT04210,EQGR1004,CUS035,OP142,SITE015,2026-02-14,2026-02-26,2026-02-27,12,Completed,2,5,14,1,Water Infrastructure,1,1.0
RNT04211,EQSS1015,CUS046,OP160,SITE006,2026-02-14,2026-02-23,2026-02-24,9,Completed,2,5,14,1,Port,1,1.0
RNT04212,EQEX1036,CUS068,OP127,SITE008,2026-02-14,2026-03-06,2026-03-06,20,Completed,2,5,14,1,Energy,0,1.0
RNT04213,EQBK1013,CUS020,OP106,SITE020,2026-02-14,2026-02-17,2026-02-18,3,Completed,2,5,14,1,Metro Rail,1,1.0
RNT04214,EQBD1021,CUS027,OP113,SITE007,2026-02-14,2026-02-26,2026-02-28,12,Completed,2,5,14,1,Industrial,2,0.0
RNT04215,EQEX1035,CUS068,OP155,SITE008,2026-02-15,2026-03-05,2026-03-05,18,Completed,2,6,15,1,Energy,0,1.0
RNT04216,EQRR1002,CUS070,OP172,SITE010,2026-02-15,2026-02-20,2026-02-25,5,Completed,2,6,15,1,Industrial,5,1.0
RNT04217,EQEX1007,CUS005,OP117,SITE005,2026-02-15,2026-02-20,2026-02-24,5,Completed,2,6,15,1,Airport,4,1.0
RNT04218,EQBK1015,CUS009,OP104,SITE009,2026-02-15,2026-03-06,2026-03-06,19,Completed,2,6,15,1,Highway,0,1.0
RNT04219,EQEX1015,CUS049,OP177,SITE009,2026-02-15,2026-02-21,2026-02-22,6,Completed,2,6,15,1,Highway,1,1.0
RNT04220,EQEX1023,CUS015,OP171,SITE015,2026-02-15,2026-03-09,2026-03-08,22,Completed,2,6,15,1,Water Infrastructure,0,1.0
RNT04221,EQEX1042,CUS050,OP146,SITE011,2026-02-16,2026-04-15,2026-04-15,58,Completed,2,0,16,1,Residential,0,1.0
RNT04222,EQSS1007,CUS028,OP174,SITE008,2026-02-16,2026-02-19,2026-02-27,3,Completed,2,0,16,1,Energy,8,1.0
RNT04223,EQRR1005,CUS022,OP125,SITE002,2026-02-16,2026-03-06,2026-03-06,18,Completed,2,0,16,1,Highway,0,1.0
RNT04224,EQEX1021,CUS006,OP114,SITE006,2026-02-16,2026-02-27,2026-03-07,11,Completed,2,0,16,1,Port,8,1.0
RNT04225,EQEX1023,CUS023,OP177,SITE012,2026-02-17,2026-02-25,2026-03-07,8,Completed,2,1,17,1,Energy,10,1.0
RNT04226,EQEX1032,CUS002,OP142,SITE002,2026-02-17,2026-03-04,2026-03-03,15,Completed,2,1,17,1,Highway,0,1.0
RNT04227,EQBK1016,CUS049,OP102,SITE009,2026-02-17,2026-03-05,2026-03-06,16,Completed,2,1,17,1,Highway,1,0.0
RNT04228,EQGR1006,CUS045,OP172,SITE005,2026-02-17,2026-03-11,2026-03-11,22,Completed,2,1,17,1,Airport,0,1.0
RNT04229,EQWL1004,CUS058,OP102,SITE018,2026-02-17,2026-03-07,2026-03-07,18,Completed,2,1,17,1,Highway,0,0.0
RNT04230,EQEX1037,CUS062,OP128,SITE002,2026-02-18,2026-03-12,2026-03-12,22,Completed,2,2,18,1,Highway,0,1.0
RNT04231,EQRR1005,CUS011,OP117,SITE011,2026-02-18,2026-03-06,2026-03-05,16,Completed,2,2,18,1,Residential,0,1.0
RNT04232,EQEX1014,CUS006,OP163,SITE006,2026-02-18,2026-03-12,2026-03-12,22,Completed,2,2,18,1,Port,0,1.0
RNT04233,EQBD1013,CUS002,OP133,SITE002,2026-02-18,2026-03-02,2026-03-01,12,Completed,2,2,18,1,Highway,0,1.0
RNT04234,EQEX1025,CUS054,OP133,SITE014,2026-02-18,2026-03-01,2026-03-02,11,Completed,2,2,18,1,Railway,1,1.0
RNT04235,EQWL1020,CUS058,OP111,SITE018,2026-02-19,2026-02-24,2026-02-24,5,Completed,2,3,19,1,Highway,0,1.0
RNT04236,EQSS1001,CUS033,OP160,SITE013,2026-02-19,2026-02-26,2026-02-26,7,Completed,2,3,19,1,Energy,0,1.0
RNT04237,EQBD1003,CUS049,OP128,SITE009,2026-02-19,2026-03-16,2026-03-16,25,Completed,2,3,19,1,Highway,0,0.0
RNT04238,EQEX1040,CUS062,OP134,SITE002,2026-02-19,2026-03-17,2026-03-17,26,Completed,2,3,19,1,Highway,0,1.0
RNT04239,EQFL1002,CUS043,OP149,SITE003,2026-02-19,2026-03-01,2026-03-02,10,Completed,2,3,19,1,Commercial,1,1.0
RNT04240,EQBD1003,CUS022,OP180,SITE002,2026-02-19,2026-03-16,2026-03-16,25,Completed,2,3,19,1,Highway,0,1.0
RNT04241,EQBK1011,CUS045,OP140,SITE018,2026-02-19,2026-02-23,2026-02-23,4,Completed,2,3,19,1,Highway,0,1.0
RNT04242,EQBD1024,CUS012,OP127,SITE012,2026-02-20,2026-03-01,2026-03-09,9,Completed,2,4,20,1,Energy,8,0.0
RNT04243,EQBD1022,CUS064,OP150,SITE004,2026-02-20,2026-03-13,2026-03-10,21,Completed,2,4,20,1,Smart City,0,1.0
RNT04244,EQWL1003,CUS029,OP112,SITE009,2026-02-20,2026-02-27,2026-02-28,7,Completed,2,4,20,1,Highway,1,1.0
RNT04245,EQGR1013,CUS029,OP146,SITE009,2026-02-20,2026-03-03,2026-03-03,11,Completed,2,4,20,1,Highway,0,1.0
RNT04246,EQWL1008,CUS054,OP155,SITE014,2026-02-20,2026-02-28,2026-02-27,8,Completed,2,4,20,1,Railway,0,1.0
RNT04247,EQBD1002,CUS014,OP180,SITE014,2026-02-20,2026-04-21,2026-04-20,60,Completed,2,4,20,1,Railway,0,1.0
RNT04248,EQEX1031,CUS034,OP163,SITE014,2026-02-20,2026-02-22,2026-02-22,2,Completed,2,4,20,1,Railway,0,0.0
RNT04249,EQFL1002,CUS065,OP133,SITE005,2026-02-21,2026-03-03,2026-03-06,10,Completed,2,5,21,1,Airport,3,1.0
RNT04250,EQWL1013,CUS013,OP150,SITE013,2026-02-21,2026-03-13,2026-03-14,20,Completed,2,5,21,1,Energy,1,1.0
RNT04251,EQSS1016,CUS040,OP138,SITE020,2026-02-21,2026-03-02,2026-03-02,9,Completed,2,5,21,1,Metro Rail,0,1.0
RNT04252,EQWL1017,CUS020,OP137,SITE020,2026-02-21,2026-03-13,2026-03-13,20,Completed,2,5,21,1,Metro Rail,0,1.0
RNT04253,EQGR1015,CUS004,OP139,SITE004,2026-02-21,2026-03-11,2026-03-11,18,Completed,2,5,21,1,Smart City,0,1.0
RNT04254,EQEX1025,CUS041,OP133,SITE001,2026-02-21,2026-03-17,2026-03-17,24,Completed,2,5,21,1,Metro Rail,0,1.0
RNT04255,EQDT1010,CUS040,OP113,SITE020,2026-02-21,2026-03-09,2026-03-13,16,Completed,2,5,21,1,Metro Rail,4,1.0
RNT04256,EQSS1007,CUS021,OP116,SITE001,2026-02-21,2026-02-27,2026-03-09,6,Completed,2,5,21,1,Metro Rail,10,1.0
RNT04257,EQEX1045,CUS068,OP129,SITE008,2026-02-21,2026-03-09,2026-03-05,16,Completed,2,5,21,1,Energy,0,1.0
RNT04258,EQEX1029,CUS008,OP125,SITE008,2026-02-22,2026-03-02,2026-03-06,8,Completed,2,6,22,1,Energy,4,1.0
RNT04259,EQEX1021,CUS013,OP161,SITE013,2026-02-22,2026-03-06,2026-03-06,12,Completed,2,6,22,1,Energy,0,1.0
RNT04260,EQEX1048,CUS042,OP154,SITE002,2026-02-22,2026-03-21,2026-03-21,27,Completed,2,6,22,1,Highway,0,1.0
RNT04261,EQBK1011,CUS045,OP169,SITE005,2026-02-22,2026-03-10,2026-03-10,16,Completed,2,6,22,1,Airport,0,1.0
RNT04262,EQGR1014,CUS026,OP121,SITE006,2026-02-22,2026-02-28,2026-03-01,6,Completed,2,6,22,1,Port,1,1.0
RNT04263,EQEX1008,CUS044,OP130,SITE004,2026-02-23,2026-03-09,2026-03-11,14,Completed,2,0,23,1,Smart City,2,1.0
RNT04264,EQFL1011,CUS025,OP147,SITE005,2026-02-23,2026-03-04,2026-03-10,9,Completed,2,0,23,1,Airport,6,0.0
RNT04265,EQEX1033,CUS005,OP168,SITE005,2026-02-23,2026-03-06,2026-03-06,11,Completed,2,0,23,1,Airport,0,0.0
RNT04266,EQGR1015,CUS001,OP166,SITE001,2026-02-23,2026-03-05,2026-03-06,10,Completed,2,0,23,1,Metro Rail,1,1.0
RNT04267,EQDT1011,CUS006,OP156,SITE006,2026-02-23,2026-03-14,2026-03-23,19,Completed,2,0,23,1,Port,9,1.0
RNT04268,EQBD1029,CUS018,OP108,SITE001,2026-02-23,2026-03-17,2026-03-19,22,Completed,2,0,23,1,Metro Rail,2,1.0
RNT04269,EQEX1035,CUS036,OP135,SITE016,2026-02-24,2026-03-18,2026-03-18,22,Completed,2,1,24,1,Commercial,0,1.0
RNT04270,EQBD1016,CUS006,OP124,SITE006,2026-02-24,2026-03-11,2026-03-12,15,Completed,2,1,24,1,Port,1,1.0
RNT04271,EQEX1007,CUS067,OP126,SITE007,2026-02-24,2026-03-13,2026-03-13,17,Completed,2,1,24,1,Industrial,0,1.0
RNT04272,EQBD1012,CUS068,OP133,SITE008,2026-02-24,2026-03-05,2026-03-05,9,Completed,2,1,24,1,Energy,0,1.0
RNT04273,EQWL1014,CUS042,OP159,SITE002,2026-02-24,2026-04-14,2026-04-15,49,Completed,2,1,24,1,Highway,1,1.0
RNT04274,EQEX1033,CUS049,OP180,SITE009,2026-02-25,2026-03-13,2026-03-20,16,Completed,2,2,25,1,Highway,7,1.0
RNT04275,EQEX1001,CUS009,OP152,SITE009,2026-02-25,2026-03-15,2026-03-15,18,Completed,2,2,25,1,Highway,0,1.0
RNT04276,EQEX1032,CUS007,OP124,SITE007,2026-02-25,2026-03-03,2026-03-03,6,Completed,2,2,25,1,Industrial,0,1.0
RNT04277,EQBD1014,CUS021,OP154,SITE001,2026-02-26,2026-03-16,2026-03-16,18,Completed,2,3,26,1,Metro Rail,0,1.0
RNT04278,EQWL1018,CUS009,OP173,SITE009,2026-02-26,2026-03-07,2026-03-15,9,Completed,2,3,26,1,Highway,8,0.0
RNT04279,EQSS1005,CUS022,OP178,SITE002,2026-02-26,2026-03-05,2026-03-05,7,Completed,2,3,26,1,Highway,0,0.0
RNT04280,EQBD1025,CUS010,OP111,SITE010,2026-02-27,2026-03-08,2026-03-08,9,Completed,2,4,27,1,Industrial,0,1.0
RNT04281,EQBD1020,CUS048,OP145,SITE008,2026-02-27,2026-03-21,2026-03-23,22,Completed,2,4,27,1,Energy,2,1.0
RNT04282,EQEX1012,CUS029,OP155,SITE009,2026-02-27,2026-03-26,2026-03-27,27,Completed,2,4,27,1,Highway,1,1.0
RNT04283,EQGR1012,CUS039,OP165,SITE019,2026-02-27,2026-03-05,2026-03-13,6,Completed,2,4,27,1,Port,8,1.0
RNT04284,EQEX1001,CUS045,OP152,SITE005,2026-02-27,2026-03-15,2026-03-14,16,Completed,2,4,27,1,Airport,0,1.0
RNT04285,EQWL1003,CUS002,OP166,SITE006,2026-02-27,2026-03-14,2026-03-15,15,Completed,2,4,27,1,Port,1,1.0
RNT04286,EQGR1020,CUS002,OP151,SITE002,2026-02-27,2026-03-12,2026-03-12,13,Completed,2,4,27,1,Highway,0,1.0
RNT04287,EQWL1003,CUS011,OP148,SITE011,2026-02-28,2026-03-09,2026-03-05,9,Completed,2,5,28,1,Residential,0,1.0
RNT04288,EQFL1005,CUS021,OP142,SITE001,2026-02-28,2026-03-04,2026-03-04,4,Completed,2,5,28,1,Metro Rail,0,1.0
RNT04289,EQEX1022,CUS046,OP161,SITE006,2026-02-28,2026-03-08,2026-03-18,8,Completed,2,5,28,1,Port,10,1.0
RNT04290,EQRR1001,CUS039,OP172,SITE019,2026-02-28,2026-03-16,2026-03-19,16,Completed,2,5,28,1,Port,3,1.0
RNT04291,EQWL1002,CUS022,OP110,SITE002,2026-02-28,2026-03-12,2026-03-18,12,Completed,2,5,28,1,Highway,6,1.0
RNT04292,EQBD1027,CUS029,OP103,SITE009,2026-02-28,2026-03-10,2026-03-10,10,Completed,2,5,28,1,Highway,0,0.0
RNT04293,EQDT1005,CUS011,OP127,SITE011,2026-02-28,2026-03-26,2026-03-23,26,Completed,2,5,28,1,Residential,0,1.0
RNT04294,EQEX1021,CUS027,OP168,SITE007,2026-02-28,2026-03-21,2026-03-21,21,Completed,2,5,28,1,Industrial,0,1.0
RNT04295,EQBD1020,CUS019,OP125,SITE019,2026-03-01,2026-03-16,2026-03-23,15,Completed,3,6,1,1,Port,7,1.0
RNT04296,EQEX1025,CUS026,OP148,SITE006,2026-03-01,2026-03-09,2026-03-09,8,Completed,3,6,1,1,Port,0,0.0
RNT04297,EQGR1012,CUS069,OP112,SITE009,2026-03-01,2026-03-14,2026-03-15,13,Completed,3,6,1,1,Highway,1,1.0
RNT04298,EQSS1013,CUS073,OP135,SITE013,2026-03-01,2026-03-08,2026-03-08,7,Completed,3,6,1,1,Energy,0,1.0
RNT04299,EQEX1037,CUS038,OP142,SITE018,2026-03-01,2026-03-09,2026-03-08,8,Completed,3,6,1,1,Highway,0,1.0
RNT04300,EQBK1020,CUS039,OP114,SITE019,2026-03-01,2026-03-21,2026-03-21,20,Completed,3,6,1,1,Port,0,1.0
RNT04301,EQBD1020,CUS067,OP163,SITE007,2026-03-01,2026-03-27,2026-03-26,26,Completed,3,6,1,1,Industrial,0,1.0
RNT04302,EQEX1002,CUS017,OP176,SITE017,2026-03-01,2026-03-11,2026-03-11,10,Completed,3,6,1,1,Bridge,0,1.0
RNT04303,EQWL1002,CUS035,OP162,SITE015,2026-03-02,2026-03-08,2026-03-08,6,Completed,3,0,2,1,Water Infrastructure,0,1.0
RNT04304,EQEX1048,CUS018,OP144,SITE018,2026-03-02,2026-03-28,2026-03-28,26,Completed,3,0,2,1,Highway,0,1.0
RNT04305,EQWL1010,CUS036,OP127,SITE016,2026-03-03,2026-03-14,2026-03-14,11,Completed,3,1,3,1,Commercial,0,1.0
RNT04306,EQBK1005,CUS067,OP121,SITE007,2026-03-03,2026-03-20,2026-03-21,17,Completed,3,1,3,1,Industrial,1,1.0
RNT04307,EQFL1005,CUS062,OP102,SITE002,2026-03-03,2026-03-11,2026-03-18,8,Completed,3,1,3,1,Highway,7,1.0
RNT04308,EQBK1001,CUS041,OP129,SITE001,2026-03-03,2026-03-11,2026-03-11,8,Completed,3,1,3,1,Metro Rail,0,1.0
RNT04309,EQEX1008,CUS019,OP130,SITE019,2026-03-03,2026-03-29,2026-04-04,26,Completed,3,1,3,1,Port,6,1.0
RNT04310,EQRR1005,CUS064,OP162,SITE004,2026-03-03,2026-03-15,2026-03-15,12,Completed,3,1,3,1,Smart City,0,1.0
RNT04311,EQRR1005,CUS026,OP128,SITE006,2026-03-04,2026-03-11,2026-03-12,7,Completed,3,2,4,1,Port,1,1.0
RNT04312,EQGR1016,CUS053,OP142,SITE013,2026-03-04,2026-03-15,2026-03-15,11,Completed,3,2,4,1,Energy,0,1.0
RNT04313,EQEX1043,CUS018,OP137,SITE018,2026-03-04,2026-03-12,2026-03-13,8,Completed,3,2,4,1,Highway,1,1.0
RNT04314,EQBD1004,CUS057,OP151,SITE017,2026-03-04,2026-03-22,2026-03-22,18,Completed,3,2,4,1,Bridge,0,1.0
RNT04315,EQEX1039,CUS033,OP178,SITE013,2026-03-05,2026-03-29,2026-03-26,24,Completed,3,3,5,1,Energy,0,1.0
RNT04316,EQEX1014,CUS061,OP110,SITE001,2026-03-05,2026-03-18,2026-03-18,13,Completed,3,3,5,1,Metro Rail,0,1.0
RNT04317,EQBD1018,CUS012,OP160,SITE012,2026-03-05,2026-03-15,2026-03-24,10,Completed,3,3,5,1,Energy,9,1.0
RNT04318,EQBD1024,CUS001,OP151,SITE001,2026-03-06,2026-03-30,2026-03-30,24,Completed,3,4,6,1,Metro Rail,0,1.0
RNT04319,EQEX1034,CUS048,OP130,SITE008,2026-03-06,2026-03-12,2026-03-15,6,Completed,3,4,6,1,Energy,3,1.0
RNT04320,EQSS1005,CUS018,OP174,SITE018,2026-03-06,2026-03-16,2026-03-26,10,Completed,3,4,6,1,Highway,10,1.0
RNT04321,EQEX1038,CUS011,OP157,SITE011,2026-03-06,2026-03-21,2026-03-17,15,Completed,3,4,6,1,Residential,0,0.0
RNT04322,EQBK1003,CUS049,OP143,SITE009,2026-03-07,2026-03-19,2026-03-19,12,Completed,3,5,7,1,Highway,0,1.0
RNT04323,EQEX1029,CUS013,OP178,SITE013,2026-03-07,2026-04-01,2026-04-02,25,Completed,3,5,7,1,Energy,1,1.0
RNT04324,EQBK1010,CUS034,OP151,SITE014,2026-03-07,2026-03-25,2026-03-25,18,Completed,3,5,7,1,Railway,0,0.0
RNT04325,EQEX1024,CUS040,OP174,SITE020,2026-03-07,2026-04-04,2026-04-12,28,Completed,3,5,7,1,Metro Rail,8,1.0
RNT04326,EQBK1006,CUS058,OP109,SITE018,2026-03-07,2026-03-16,2026-03-15,9,Completed,3,5,7,1,Highway,0,1.0
RNT04327,EQEX1014,CUS018,OP175,SITE018,2026-03-07,2026-04-29,2026-04-29,53,Completed,3,5,7,1,Highway,0,1.0
RNT04328,EQBK1008,CUS025,OP150,SITE007,2026-03-08,2026-03-27,2026-03-26,19,Completed,3,6,8,1,Industrial,0,1.0
RNT04329,EQFL1009,CUS059,OP141,SITE019,2026-03-08,2026-03-12,2026-03-12,4,Completed,3,6,8,1,Port,0,1.0
RNT04330,EQEX1044,CUS058,OP101,SITE018,2026-03-08,2026-04-02,2026-04-08,25,Completed,3,6,8,1,Highway,6,1.0
RNT04331,EQBD1016,CUS027,OP112,SITE007,2026-03-08,2026-03-31,2026-03-30,23,Completed,3,6,8,1,Industrial,0,1.0
RNT04332,EQGR1020,CUS067,OP141,SITE007,2026-03-08,2026-04-03,2026-04-10,26,Completed,3,6,8,1,Industrial,7,1.0
RNT04333,EQBK1005,CUS006,OP119,SITE006,2026-03-09,2026-03-14,2026-03-13,5,Completed,3,0,9,1,Port,0,1.0
RNT04334,EQEX1023,CUS060,OP146,SITE012,2026-03-09,2026-03-24,2026-03-27,15,Completed,3,0,9,1,Energy,3,1.0
RNT04335,EQEX1046,CUS015,OP109,SITE015,2026-03-09,2026-03-28,2026-03-29,19,Completed,3,0,9,1,Water Infrastructure,1,1.0
RNT04336,EQGR1008,CUS030,OP116,SITE010,2026-03-09,2026-03-30,2026-03-29,21,Completed,3,0,9,1,Industrial,0,1.0
RNT04337,EQEX1001,CUS019,OP117,SITE019,2026-03-09,2026-03-28,2026-04-01,19,Completed,3,0,9,1,Port,4,1.0
RNT04338,EQFL1012,CUS031,OP120,SITE011,2026-03-10,2026-03-13,2026-03-13,3,Completed,3,1,10,1,Residential,0,1.0
RNT04339,EQBK1004,CUS061,OP123,SITE001,2026-03-10,2026-03-26,2026-03-26,16,Completed,3,1,10,1,Metro Rail,0,1.0
RNT04340,EQBK1011,CUS055,OP136,SITE015,2026-03-10,2026-03-24,2026-03-25,14,Completed,3,1,10,1,Water Infrastructure,1,1.0
RNT04341,EQBD1008,CUS014,OP165,SITE017,2026-03-10,2026-04-07,2026-04-10,28,Completed,3,1,10,1,Bridge,3,1.0
RNT04342,EQDT1012,CUS002,OP117,SITE002,2026-03-10,2026-03-28,2026-03-27,18,Completed,3,1,10,1,Highway,0,1.0
RNT04343,EQGR1017,CUS069,OP155,SITE009,2026-03-10,2026-04-05,2026-04-05,26,Completed,3,1,10,1,Highway,0,0.0
RNT04344,EQEX1035,CUS003,OP175,SITE003,2026-03-10,2026-03-18,2026-03-22,8,Completed,3,1,10,1,Commercial,4,1.0
RNT04345,EQBD1005,CUS065,OP160,SITE005,2026-03-10,2026-04-02,2026-04-03,23,Completed,3,1,10,1,Airport,1,1.0
RNT04346,EQEX1012,CUS038,OP161,SITE018,2026-03-10,2026-04-05,2026-04-04,26,Completed,3,1,10,1,Highway,0,1.0
RNT04347,EQWL1019,CUS030,OP104,SITE020,2026-03-10,2026-03-16,2026-03-16,6,Completed,3,1,10,1,Metro Rail,0,1.0
RNT04348,EQRR1010,CUS068,OP146,SITE008,2026-03-10,2026-03-23,2026-03-23,13,Completed,3,1,10,1,Energy,0,1.0
RNT04349,EQBK1007,CUS047,OP130,SITE007,2026-03-11,2026-03-31,2026-03-31,20,Completed,3,2,11,1,Industrial,0,1.0
RNT04350,EQBD1004,CUS034,OP175,SITE014,2026-03-11,2026-03-28,2026-03-27,17,Completed,3,2,11,1,Railway,0,1.0
RNT04351,EQBD1008,CUS054,OP105,SITE014,2026-03-12,2026-03-25,2026-03-28,13,Completed,3,3,12,1,Railway,3,1.0
RNT04352,EQGR1015,CUS045,OP156,SITE005,2026-03-12,2026-03-30,2026-03-31,18,Completed,3,3,12,1,Airport,1,1.0
RNT04353,EQWL1015,CUS054,OP177,SITE014,2026-03-12,2026-03-17,2026-03-18,5,Completed,3,3,12,1,Railway,1,1.0
RNT04354,EQGR1010,CUS050,OP115,SITE011,2026-03-12,2026-04-04,2026-04-04,23,Completed,3,3,12,1,Residential,0,0.0
RNT04355,EQBD1011,CUS060,OP180,SITE020,2026-03-12,2026-03-26,2026-04-03,14,Completed,3,3,12,1,Metro Rail,8,1.0
RNT04356,EQSS1015,CUS073,OP134,SITE013,2026-03-12,2026-03-16,2026-03-25,4,Completed,3,3,12,1,Energy,9,1.0
RNT04357,EQGR1017,CUS038,OP148,SITE018,2026-03-13,2026-03-23,2026-03-23,10,Completed,3,4,13,1,Highway,0,1.0
RNT04358,EQBK1009,CUS028,OP177,SITE008,2026-03-13,2026-03-18,2026-03-18,5,Completed,3,4,13,1,Energy,0,1.0
RNT04359,EQDT1001,CUS041,OP149,SITE001,2026-03-13,2026-04-03,2026-04-07,21,Completed,3,4,13,1,Metro Rail,4,1.0
RNT04360,EQGR1019,CUS031,OP138,SITE011,2026-03-13,2026-04-02,2026-04-07,20,Completed,3,4,13,1,Residential,5,1.0
RNT04361,EQSS1001,CUS041,OP170,SITE001,2026-03-14,2026-03-19,2026-03-19,5,Completed,3,5,14,1,Metro Rail,0,1.0
RNT04362,EQEX1020,CUS006,OP179,SITE006,2026-03-14,2026-04-09,2026-04-18,26,Completed,3,5,14,1,Port,9,1.0
RNT04363,EQEX1018,CUS042,OP161,SITE002,2026-03-14,2026-03-31,2026-03-31,17,Completed,3,5,14,1,Highway,0,1.0
RNT04364,EQFL1008,CUS009,OP143,SITE009,2026-03-14,2026-03-22,2026-03-22,8,Completed,3,5,14,1,Highway,0,1.0
RNT04365,EQSS1007,CUS021,OP134,SITE001,2026-03-14,2026-03-21,2026-03-21,7,Completed,3,5,14,1,Metro Rail,0,1.0
RNT04366,EQGR1015,CUS046,OP155,SITE006,2026-03-14,2026-04-05,2026-04-06,22,Completed,3,5,14,1,Port,1,0.0
RNT04367,EQEX1027,CUS041,OP129,SITE001,2026-03-15,2026-04-05,2026-04-06,21,Completed,3,6,15,1,Metro Rail,1,1.0
RNT04368,EQEX1047,CUS029,OP152,SITE009,2026-03-15,2026-04-12,2026-04-12,28,Completed,3,6,15,1,Highway,0,1.0
RNT04369,EQBD1022,CUS034,OP143,SITE014,2026-03-15,2026-04-04,2026-04-10,20,Completed,3,6,15,1,Railway,6,1.0
RNT04370,EQBD1011,CUS002,OP174,SITE002,2026-03-15,2026-04-04,2026-04-04,20,Completed,3,6,15,1,Highway,0,0.0
RNT04371,EQRR1011,CUS059,OP102,SITE019,2026-03-16,2026-03-28,2026-03-28,12,Completed,3,0,16,1,Port,0,1.0
RNT04372,EQBD1023,CUS054,OP118,SITE014,2026-03-16,2026-04-08,2026-04-09,23,Completed,3,0,16,1,Railway,1,1.0
RNT04373,EQBD1018,CUS041,OP168,SITE001,2026-03-16,2026-03-23,2026-03-26,7,Completed,3,0,16,1,Metro Rail,3,1.0
RNT04374,EQSS1016,CUS058,OP149,SITE016,2026-03-16,2026-03-24,2026-03-24,8,Completed,3,0,16,1,Commercial,0,1.0
RNT04375,EQGR1004,CUS022,OP138,SITE002,2026-03-16,2026-03-25,2026-03-25,9,Completed,3,0,16,1,Highway,0,1.0
RNT04376,EQRR1013,CUS066,OP117,SITE006,2026-03-16,2026-03-27,2026-03-27,11,Completed,3,0,16,1,Port,0,1.0
RNT04377,EQEX1021,CUS041,OP125,SITE001,2026-03-16,2026-03-18,2026-03-17,2,Completed,3,0,16,1,Metro Rail,0,0.0
RNT04378,EQBK1005,CUS074,OP141,SITE014,2026-03-17,2026-04-04,2026-04-04,18,Completed,3,1,17,1,Railway,0,1.0
RNT04379,EQEX1002,CUS025,OP108,SITE005,2026-03-17,2026-03-25,2026-03-25,8,Completed,3,1,17,1,Airport,0,1.0
RNT04380,EQEX1037,CUS009,OP157,SITE009,2026-03-17,2026-04-03,2026-04-04,17,Completed,3,1,17,1,Highway,1,1.0
RNT04381,EQEX1028,CUS055,OP144,SITE015,2026-03-18,2026-04-04,2026-04-07,17,Completed,3,2,18,1,Water Infrastructure,3,1.0
RNT04382,EQEX1038,CUS058,OP165,SITE018,2026-03-18,2026-04-07,2026-04-03,20,Completed,3,2,18,1,Highway,0,0.0
RNT04383,EQWL1007,CUS036,OP111,SITE016,2026-03-18,2026-05-02,2026-05-06,45,Completed,3,2,18,1,Commercial,4,1.0
RNT04384,EQSS1014,CUS040,OP169,SITE020,2026-03-19,2026-03-25,2026-03-25,6,Completed,3,3,19,1,Metro Rail,0,1.0
RNT04385,EQSS1005,CUS066,OP134,SITE006,2026-03-19,2026-03-24,2026-04-01,5,Completed,3,3,19,1,Port,8,1.0
RNT04386,EQEX1002,CUS001,OP153,SITE001,2026-03-19,2026-04-10,2026-04-10,22,Completed,3,3,19,1,Metro Rail,0,1.0
RNT04387,EQEX1009,CUS046,OP129,SITE006,2026-03-19,2026-04-15,2026-04-12,27,Completed,3,3,19,1,Port,0,1.0
RNT04388,EQSS1007,CUS021,OP134,SITE001,2026-03-19,2026-05-15,2026-05-14,57,Completed,3,3,19,1,Metro Rail,0,1.0
RNT04389,EQFL1004,CUS007,OP150,SITE007,2026-03-19,2026-03-21,2026-03-22,2,Completed,3,3,19,1,Industrial,1,1.0
RNT04390,EQEX1015,CUS022,OP172,SITE002,2026-03-19,2026-04-13,2026-04-14,25,Completed,3,3,19,1,Highway,1,0.0
RNT04391,EQEX1013,CUS073,OP111,SITE013,2026-03-20,2026-04-07,2026-04-17,18,Completed,3,4,20,1,Energy,10,1.0
RNT04392,EQEX1022,CUS050,OP150,SITE011,2026-03-20,2026-03-27,2026-03-27,7,Completed,3,4,20,1,Residential,0,0.0
RNT04393,EQEX1001,CUS009,OP124,SITE009,2026-03-20,2026-04-16,2026-04-16,27,Completed,3,4,20,1,Highway,0,1.0
RNT04394,EQSS1012,CUS045,OP136,SITE005,2026-03-20,2026-03-28,2026-03-27,8,Completed,3,4,20,1,Airport,0,1.0
RNT04395,EQWL1025,CUS021,OP115,SITE001,2026-03-20,2026-04-09,2026-04-08,20,Completed,3,4,20,1,Metro Rail,0,1.0
RNT04396,EQSS1012,CUS059,OP110,SITE019,2026-03-21,2026-03-27,2026-04-01,6,Completed,3,5,21,1,Port,5,1.0
RNT04397,EQBD1020,CUS046,OP155,SITE006,2026-03-21,2026-03-30,2026-04-06,9,Completed,3,5,21,1,Port,7,1.0
RNT04398,EQEX1001,CUS044,OP179,SITE004,2026-03-22,2026-04-06,2026-04-14,15,Completed,3,6,22,1,Smart City,8,1.0
RNT04399,EQRR1008,CUS047,OP130,SITE007,2026-03-22,2026-04-02,2026-04-03,11,Completed,3,6,22,1,Industrial,1,1.0
RNT04400,EQBD1013,CUS074,OP105,SITE014,2026-03-22,2026-03-28,2026-03-28,6,Completed,3,6,22,1,Railway,0,1.0
RNT04401,EQSS1010,CUS039,OP135,SITE019,2026-03-22,2026-03-31,2026-03-31,9,Completed,3,6,22,1,Port,0,1.0
RNT04402,EQWL1012,CUS006,OP138,SITE006,2026-03-22,2026-03-27,2026-03-28,5,Completed,3,6,22,1,Port,1,1.0
RNT04403,EQFL1002,CUS059,OP112,SITE019,2026-03-23,2026-03-30,2026-04-01,7,Completed,3,0,23,1,Port,2,1.0
RNT04404,EQEX1047,CUS002,OP110,SITE002,2026-03-23,2026-04-19,2026-04-19,27,Completed,3,0,23,1,Highway,0,1.0
RNT04405,EQBD1021,CUS009,OP171,SITE009,2026-03-23,2026-04-09,2026-04-08,17,Completed,3,0,23,1,Highway,0,1.0
RNT04406,EQEX1027,CUS064,OP172,SITE004,2026-03-24,2026-03-31,2026-03-30,7,Completed,3,1,24,1,Smart City,0,1.0
RNT04407,EQEX1040,CUS041,OP113,SITE001,2026-03-24,2026-03-31,2026-03-31,7,Completed,3,1,24,1,Metro Rail,0,0.0
RNT04408,EQBK1006,CUS021,OP162,SITE001,2026-03-24,2026-04-10,2026-04-10,17,Completed,3,1,24,1,Metro Rail,0,1.0
RNT04409,EQBK1003,CUS040,OP131,SITE020,2026-03-24,2026-04-02,2026-04-02,9,Completed,3,1,24,1,Metro Rail,0,1.0
RNT04410,EQBK1007,CUS030,OP117,SITE019,2026-03-24,2026-04-09,2026-04-09,16,Completed,3,1,24,1,Port,0,1.0
RNT04411,EQSS1001,CUS022,OP142,SITE002,2026-03-24,2026-03-30,2026-03-31,6,Completed,3,1,24,1,Highway,1,1.0
RNT04412,EQBK1007,CUS039,OP178,SITE019,2026-03-24,2026-04-12,2026-04-12,19,Completed,3,1,24,1,Port,0,1.0
RNT04413,EQRR1002,CUS059,OP106,SITE019,2026-03-24,2026-04-03,2026-04-09,10,Completed,3,1,24,1,Port,6,1.0
RNT04414,EQWL1009,CUS042,OP131,SITE002,2026-03-24,2026-04-07,2026-04-16,14,Completed,3,1,24,1,Highway,9,0.0
RNT04415,EQGR1005,CUS004,OP165,SITE004,2026-03-24,2026-04-15,2026-04-14,22,Completed,3,1,24,1,Smart City,0,1.0
RNT04416,EQEX1027,CUS033,OP156,SITE013,2026-03-25,2026-04-06,2026-04-05,12,Completed,3,2,25,1,Energy,0,1.0
RNT04417,EQBD1017,CUS029,OP144,SITE009,2026-03-25,2026-04-01,2026-04-02,7,Completed,3,2,25,1,Highway,1,1.0
RNT04418,EQBK1014,CUS059,OP118,SITE020,2026-03-25,2026-04-08,2026-04-07,14,Completed,3,2,25,1,Metro Rail,0,1.0
RNT04419,EQEX1044,CUS012,OP133,SITE012,2026-03-25,2026-04-08,2026-04-05,14,Completed,3,2,25,1,Energy,0,1.0
RNT04420,EQBD1016,CUS074,OP133,SITE014,2026-03-26,2026-04-10,2026-04-10,15,Completed,3,3,26,1,Railway,0,1.0
RNT04421,EQBK1020,CUS059,OP159,SITE019,2026-03-26,2026-04-01,2026-03-31,6,Completed,3,3,26,1,Port,0,1.0
RNT04422,EQBK1006,CUS059,OP131,SITE019,2026-03-26,2026-04-14,2026-04-15,19,Completed,3,3,26,1,Port,1,0.0
RNT04423,EQEX1040,CUS017,OP114,SITE017,2026-03-26,2026-04-17,2026-04-27,22,Completed,3,3,26,1,Bridge,10,1.0
RNT04424,EQWL1011,CUS057,OP107,SITE017,2026-03-27,2026-04-11,2026-04-10,15,Completed,3,4,27,1,Bridge,0,1.0
RNT04425,EQEX1032,CUS065,OP145,SITE005,2026-03-27,2026-04-22,2026-04-22,26,Completed,3,4,27,1,Airport,0,0.0
RNT04426,EQBD1029,CUS066,OP171,SITE006,2026-03-27,2026-04-04,2026-04-04,8,Completed,3,4,27,1,Port,0,1.0
RNT04427,EQFL1010,CUS048,OP141,SITE015,2026-03-27,2026-04-06,2026-04-16,10,Completed,3,4,27,1,Water Infrastructure,10,1.0
RNT04428,EQBK1006,CUS025,OP150,SITE005,2026-03-28,2026-04-10,2026-04-09,13,Completed,3,5,28,1,Airport,0,1.0
RNT04429,EQFL1003,CUS018,OP151,SITE018,2026-03-28,2026-04-06,2026-04-07,9,Completed,3,5,28,1,Highway,1,0.0
RNT04430,EQEX1013,CUS049,OP121,SITE009,2026-03-28,2026-04-15,2026-04-16,18,Completed,3,5,28,1,Highway,1,1.0
RNT04431,EQBD1015,CUS035,OP126,SITE015,2026-03-28,2026-04-10,2026-04-10,13,Completed,3,5,28,1,Water Infrastructure,0,1.0
RNT04432,EQWL1016,CUS066,OP157,SITE006,2026-03-28,2026-04-10,2026-04-19,13,Completed,3,5,28,1,Port,9,0.0
RNT04433,EQBK1017,CUS050,OP116,SITE011,2026-03-28,2026-05-23,2026-05-24,56,Completed,3,5,28,1,Residential,1,1.0
RNT04434,EQBD1002,CUS001,OP118,SITE001,2026-03-28,2026-04-13,2026-04-14,16,Completed,3,5,28,1,Metro Rail,1,0.0
RNT04435,EQEX1034,CUS045,OP170,SITE005,2026-03-28,2026-04-21,2026-04-21,24,Completed,3,5,28,1,Airport,0,0.0
RNT04436,EQBD1012,CUS021,OP123,SITE001,2026-03-29,2026-04-14,2026-04-14,16,Completed,3,6,29,1,Metro Rail,0,1.0
RNT04437,EQDT1001,CUS058,OP176,SITE018,2026-03-29,2026-04-13,2026-04-17,15,Completed,3,6,29,1,Highway,4,1.0
RNT04438,EQDT1005,CUS035,OP118,SITE015,2026-03-29,2026-04-11,2026-04-17,13,Completed,3,6,29,1,Water Infrastructure,6,1.0
RNT04439,EQSS1006,CUS068,OP103,SITE008,2026-03-29,2026-03-31,2026-04-05,2,Completed,3,6,29,1,Energy,5,1.0
RNT04440,EQBD1027,CUS065,OP145,SITE005,2026-03-29,2026-04-10,2026-04-10,12,Completed,3,6,29,1,Airport,0,1.0
RNT04441,EQGR1010,CUS035,OP118,SITE015,2026-03-29,2026-04-15,2026-04-22,17,Completed,3,6,29,1,Water Infrastructure,7,1.0
RNT04442,EQBD1010,CUS058,OP111,SITE018,2026-03-29,2026-04-16,2026-04-17,18,Completed,3,6,29,1,Highway,1,0.0
RNT04443,EQWL1020,CUS065,OP166,SITE005,2026-03-29,2026-04-01,2026-04-06,3,Completed,3,6,29,1,Airport,5,1.0
RNT04444,EQFL1005,CUS066,OP128,SITE002,2026-03-30,2026-04-03,2026-04-03,4,Completed,3,0,30,1,Highway,0,1.0
RNT04445,EQEX1043,CUS009,OP179,SITE009,2026-03-30,2026-04-07,2026-04-08,8,Completed,3,0,30,1,Highway,1,0.0
RNT04446,EQRR1013,CUS073,OP130,SITE013,2026-03-30,2026-04-11,2026-04-10,12,Completed,3,0,30,1,Energy,0,0.0
RNT04447,EQRR1010,CUS052,OP146,SITE012,2026-03-30,2026-04-15,2026-04-20,16,Completed,3,0,30,1,Energy,5,1.0
RNT04448,EQSS1010,CUS029,OP125,SITE009,2026-03-30,2026-04-07,2026-04-07,8,Completed,3,0,30,1,Highway,0,0.0
RNT04449,EQEX1008,CUS006,OP138,SITE006,2026-03-30,2026-04-04,2026-04-05,5,Completed,3,0,30,1,Port,1,1.0
RNT04450,EQEX1010,CUS050,OP154,SITE007,2026-03-30,2026-04-21,2026-05-01,22,Completed,3,0,30,1,Industrial,10,1.0
RNT04451,EQBK1003,CUS063,OP118,SITE003,2026-03-30,2026-04-13,2026-04-18,14,Completed,3,0,30,1,Commercial,5,1.0
RNT04452,EQBK1018,CUS045,OP124,SITE005,2026-03-30,2026-04-11,2026-04-10,12,Completed,3,0,30,1,Airport,0,1.0
RNT04453,EQGR1014,CUS060,OP155,SITE020,2026-03-30,2026-04-18,2026-04-18,19,Completed,3,0,30,1,Metro Rail,0,1.0
RNT04454,EQEX1029,CUS029,OP134,SITE009,2026-03-31,2026-04-08,2026-04-13,8,Completed,3,1,31,1,Highway,5,1.0
RNT04455,EQBD1026,CUS045,OP168,SITE005,2026-03-31,2026-04-26,2026-04-26,26,Completed,3,1,31,1,Airport,0,1.0
RNT04456,EQWL1016,CUS069,OP160,SITE009,2026-03-31,2026-04-08,2026-04-15,8,Completed,3,1,31,1,Highway,7,1.0
RNT04457,EQSS1013,CUS031,OP121,SITE011,2026-03-31,2026-04-06,2026-04-06,6,Completed,3,1,31,1,Residential,0,1.0
RNT04458,EQRR1009,CUS060,OP130,SITE020,2026-03-31,2026-04-08,2026-04-07,8,Completed,3,1,31,1,Metro Rail,0,1.0
RNT04459,EQSS1010,CUS005,OP173,SITE005,2026-03-31,2026-04-03,2026-04-12,3,Completed,3,1,31,1,Airport,9,1.0
RNT04460,EQDT1011,CUS002,OP168,SITE004,2026-04-01,2026-04-28,2026-04-28,27,Completed,4,2,1,2,Smart City,0,1.0
RNT04461,EQSS1004,CUS069,OP105,SITE009,2026-04-01,2026-04-07,2026-04-09,6,Completed,4,2,1,2,Highway,2,1.0
RNT04462,EQEX1027,CUS041,OP108,SITE001,2026-04-01,2026-04-10,2026-04-09,9,Completed,4,2,1,2,Metro Rail,0,1.0
RNT04463,EQBK1011,CUS061,OP128,SITE016,2026-04-01,2026-04-15,2026-04-15,14,Completed,4,2,1,2,Commercial,0,1.0
RNT04464,EQWL1021,CUS038,OP140,SITE018,2026-04-01,2026-04-13,2026-04-13,12,Completed,4,2,1,2,Highway,0,1.0
RNT04465,EQEX1004,CUS013,OP174,SITE014,2026-04-01,2026-04-14,2026-04-16,13,Completed,4,2,1,2,Railway,2,1.0
RNT04466,EQFL1003,CUS020,OP121,SITE020,2026-04-01,2026-04-07,2026-04-07,6,Completed,4,2,1,2,Metro Rail,0,1.0
RNT04467,EQEX1045,CUS058,OP133,SITE018,2026-04-01,2026-04-11,2026-04-10,10,Completed,4,2,1,2,Highway,0,0.0
RNT04468,EQFL1005,CUS073,OP105,SITE013,2026-04-02,2026-04-06,2026-04-04,4,Completed,4,3,2,2,Energy,0,1.0
RNT04469,EQBK1007,CUS069,OP128,SITE009,2026-04-02,2026-04-07,2026-04-07,5,Completed,4,3,2,2,Highway,0,0.0
RNT04470,EQBD1002,CUS017,OP159,SITE017,2026-04-02,2026-04-09,2026-04-18,7,Completed,4,3,2,2,Bridge,9,1.0
RNT04471,EQEX1016,CUS066,OP129,SITE006,2026-04-02,2026-04-17,2026-04-18,15,Completed,4,3,2,2,Port,1,0.0
RNT04472,EQRR1013,CUS033,OP166,SITE013,2026-04-02,2026-04-08,2026-04-05,6,Completed,4,3,2,2,Energy,0,1.0
RNT04473,EQEX1016,CUS025,OP173,SITE005,2026-04-02,2026-04-23,2026-04-24,21,Completed,4,3,2,2,Airport,1,1.0
RNT04474,EQDT1008,CUS014,OP180,SITE014,2026-04-02,2026-04-10,2026-04-10,8,Completed,4,3,2,2,Railway,0,0.0
RNT04475,EQBD1021,CUS014,OP172,SITE014,2026-04-03,2026-04-16,2026-04-23,13,Completed,4,4,3,2,Railway,7,1.0
RNT04476,EQRR1006,CUS065,OP125,SITE005,2026-04-03,2026-04-06,2026-04-07,3,Completed,4,4,3,2,Airport,1,1.0
RNT04477,EQBD1020,CUS058,OP118,SITE018,2026-04-03,2026-04-21,2026-04-22,18,Completed,4,4,3,2,Highway,1,1.0
RNT04478,EQBD1025,CUS050,OP111,SITE004,2026-04-03,2026-04-30,2026-04-30,27,Completed,4,4,3,2,Smart City,0,1.0
RNT04479,EQEX1047,CUS004,OP149,SITE004,2026-04-03,2026-04-14,2026-04-19,11,Completed,4,4,3,2,Smart City,5,1.0
RNT04480,EQRR1012,CUS066,OP147,SITE006,2026-04-04,2026-04-10,2026-04-10,6,Completed,4,5,4,2,Port,0,1.0
RNT04481,EQWL1001,CUS045,OP103,SITE005,2026-04-04,2026-04-12,2026-04-13,8,Completed,4,5,4,2,Airport,1,1.0
RNT04482,EQSS1003,CUS056,OP122,SITE016,2026-04-04,2026-04-10,2026-04-10,6,Completed,4,5,4,2,Commercial,0,1.0
RNT04483,EQEX1046,CUS035,OP145,SITE015,2026-04-04,2026-04-14,2026-04-14,10,Completed,4,5,4,2,Water Infrastructure,0,1.0
RNT04484,EQBD1017,CUS074,OP147,SITE005,2026-04-04,2026-04-28,2026-05-07,24,Completed,4,5,4,2,Airport,9,1.0
RNT04485,EQEX1046,CUS031,OP138,SITE011,2026-04-04,2026-04-21,2026-04-21,17,Completed,4,5,4,2,Residential,0,1.0
RNT04486,EQBK1009,CUS020,OP162,SITE014,2026-04-05,2026-04-18,2026-04-17,13,Completed,4,6,5,2,Railway,0,1.0
RNT04487,EQEX1037,CUS009,OP137,SITE009,2026-04-05,2026-04-22,2026-04-22,17,Completed,4,6,5,2,Highway,0,1.0
RNT04488,EQEX1020,CUS009,OP111,SITE001,2026-04-05,2026-04-26,2026-04-28,21,Completed,4,6,5,2,Metro Rail,2,1.0
RNT04489,EQEX1033,CUS060,OP168,SITE020,2026-04-05,2026-05-02,2026-05-02,27,Completed,4,6,5,2,Metro Rail,0,1.0
RNT04490,EQWL1007,CUS025,OP130,SITE005,2026-04-05,2026-04-22,2026-04-22,17,Completed,4,6,5,2,Airport,0,1.0
RNT04491,EQBD1006,CUS022,OP145,SITE002,2026-04-05,2026-04-23,2026-04-23,18,Completed,4,6,5,2,Highway,0,1.0
RNT04492,EQSS1014,CUS018,OP177,SITE018,2026-04-05,2026-04-08,2026-04-08,3,Completed,4,6,5,2,Highway,0,1.0
RNT04493,EQFL1001,CUS052,OP169,SITE012,2026-04-05,2026-04-09,2026-04-18,4,Completed,4,6,5,2,Energy,9,1.0
RNT04494,EQEX1047,CUS020,OP106,SITE020,2026-04-06,2026-04-16,2026-04-17,10,Completed,4,0,6,2,Metro Rail,1,1.0
RNT04495,EQBD1017,CUS020,OP109,SITE020,2026-04-06,2026-04-23,2026-04-23,17,Completed,4,0,6,2,Metro Rail,0,1.0
RNT04496,EQEX1047,CUS041,OP114,SITE001,2026-04-06,2026-04-15,2026-04-15,9,Completed,4,0,6,2,Metro Rail,0,1.0
RNT04497,EQDT1010,CUS045,OP132,SITE005,2026-04-06,2026-05-03,2026-05-02,27,Completed,4,0,6,2,Airport,0,1.0
RNT04498,EQEX1014,CUS073,OP151,SITE013,2026-04-07,2026-04-23,2026-04-22,16,Completed,4,1,7,2,Energy,0,1.0
RNT04499,EQGR1008,CUS025,OP143,SITE005,2026-04-07,2026-04-19,2026-04-19,12,Completed,4,1,7,2,Airport,0,1.0
RNT04500,EQFL1004,CUS030,OP109,SITE010,2026-04-07,2026-04-12,2026-04-12,5,Completed,4,1,7,2,Industrial,0,1.0
RNT04501,EQEX1035,CUS007,OP107,SITE007,2026-04-08,2026-04-26,2026-04-23,18,Completed,4,2,8,2,Industrial,0,1.0
RNT04502,EQBD1012,CUS072,OP134,SITE012,2026-04-08,2026-05-04,2026-05-03,26,Completed,4,2,8,2,Energy,0,1.0
RNT04503,EQEX1011,CUS039,OP103,SITE019,2026-04-08,2026-06-05,2026-06-05,58,Completed,4,2,8,2,Port,0,1.0
RNT04504,EQGR1002,CUS006,OP149,SITE006,2026-04-08,2026-04-17,2026-04-17,9,Completed,4,2,8,2,Port,0,1.0
RNT04505,EQEX1020,CUS009,OP150,SITE012,2026-04-08,2026-05-02,2026-05-03,24,Completed,4,2,8,2,Energy,1,0.0
RNT04506,EQEX1016,CUS020,OP157,SITE020,2026-04-08,2026-04-20,2026-04-21,12,Completed,4,2,8,2,Metro Rail,1,1.0
RNT04507,EQBK1014,CUS058,OP110,SITE018,2026-04-08,2026-04-27,2026-04-27,19,Completed,4,2,8,2,Highway,0,0.0
RNT04508,EQBD1026,CUS009,OP152,SITE009,2026-04-08,2026-04-26,2026-04-25,18,Completed,4,2,8,2,Highway,0,1.0
RNT04509,EQEX1003,CUS018,OP173,SITE018,2026-04-08,2026-05-06,2026-05-06,28,Completed,4,2,8,2,Highway,0,1.0
RNT04510,EQBD1017,CUS074,OP157,SITE014,2026-04-08,2026-04-20,2026-04-19,12,Completed,4,2,8,2,Railway,0,1.0
RNT04511,EQBD1029,CUS004,OP162,SITE002,2026-04-08,2026-04-30,2026-05-06,22,Completed,4,2,8,2,Highway,6,1.0
RNT04512,EQGR1010,CUS070,OP139,SITE010,2026-04-09,2026-04-16,2026-04-16,7,Completed,4,3,9,2,Industrial,0,1.0
RNT04513,EQWL1006,CUS020,OP122,SITE020,2026-04-09,2026-04-22,2026-04-24,13,Completed,4,3,9,2,Metro Rail,2,1.0
RNT04514,EQBD1006,CUS034,OP149,SITE014,2026-04-09,2026-05-07,2026-05-07,28,Completed,4,3,9,2,Railway,0,1.0
RNT04515,EQEX1036,CUS050,OP103,SITE011,2026-04-09,2026-04-25,2026-04-24,16,Completed,4,3,9,2,Residential,0,0.0
RNT04516,EQEX1024,CUS041,OP116,SITE013,2026-04-09,2026-04-25,2026-04-24,16,Completed,4,3,9,2,Energy,0,1.0
RNT04517,EQEX1006,CUS041,OP133,SITE001,2026-04-09,2026-04-25,2026-04-30,16,Completed,4,3,9,2,Metro Rail,5,1.0
RNT04518,EQEX1026,CUS023,OP127,SITE003,2026-04-09,2026-05-07,2026-05-08,28,Completed,4,3,9,2,Commercial,1,1.0
RNT04519,EQRR1011,CUS042,OP141,SITE002,2026-04-10,2026-04-18,2026-04-18,8,Completed,4,4,10,2,Highway,0,1.0
RNT04520,EQRR1011,CUS010,OP101,SITE001,2026-04-10,2026-04-16,2026-04-17,6,Completed,4,4,10,2,Metro Rail,1,1.0
RNT04521,EQRR1001,CUS042,OP118,SITE002,2026-04-10,2026-04-30,2026-04-30,20,Completed,4,4,10,2,Highway,0,1.0
RNT04522,EQBK1009,CUS008,OP134,SITE008,2026-04-11,2026-04-19,2026-04-19,8,Completed,4,5,11,2,Energy,0,1.0
RNT04523,EQWL1022,CUS017,OP143,SITE017,2026-04-11,2026-04-18,2026-04-18,7,Completed,4,5,11,2,Bridge,0,1.0
RNT04524,EQEX1048,CUS059,OP147,SITE019,2026-04-11,2026-04-26,2026-04-27,15,Completed,4,5,11,2,Port,1,1.0
RNT04525,EQEX1041,CUS035,OP125,SITE015,2026-04-11,2026-04-24,2026-04-24,13,Completed,4,5,11,2,Water Infrastructure,0,0.0
RNT04526,EQEX1038,CUS059,OP117,SITE019,2026-04-12,2026-05-04,2026-05-04,22,Completed,4,6,12,2,Port,0,1.0
RNT04527,EQWL1007,CUS030,OP111,SITE010,2026-04-12,2026-04-27,2026-05-05,15,Completed,4,6,12,2,Industrial,8,0.0
RNT04528,EQBD1010,CUS057,OP134,SITE017,2026-04-12,2026-05-04,2026-05-10,22,Completed,4,6,12,2,Bridge,6,1.0
RNT04529,EQEX1013,CUS001,OP135,SITE001,2026-04-12,2026-04-28,2026-05-04,16,Completed,4,6,12,2,Metro Rail,6,1.0
RNT04530,EQSS1006,CUS011,OP130,SITE011,2026-04-12,2026-04-20,2026-04-20,8,Completed,4,6,12,2,Residential,0,1.0
RNT04531,EQGR1020,CUS073,OP125,SITE013,2026-04-12,2026-04-29,2026-04-29,17,Completed,4,6,12,2,Energy,0,1.0
RNT04532,EQBD1023,CUS039,OP155,SITE019,2026-04-12,2026-05-08,2026-05-08,26,Completed,4,6,12,2,Port,0,1.0
RNT04533,EQBD1004,CUS045,OP107,SITE005,2026-04-13,2026-04-21,2026-04-20,8,Completed,4,0,13,2,Airport,0,1.0
RNT04534,EQBD1029,CUS057,OP172,SITE017,2026-04-13,2026-04-23,2026-04-28,10,Completed,4,0,13,2,Bridge,5,1.0
RNT04535,EQRR1011,CUS009,OP172,SITE009,2026-04-13,2026-04-26,2026-04-27,13,Completed,4,0,13,2,Highway,1,1.0
RNT04536,EQBD1005,CUS060,OP162,SITE020,2026-04-13,2026-05-01,2026-05-05,18,Completed,4,0,13,2,Metro Rail,4,1.0
RNT04537,EQGR1014,CUS066,OP114,SITE006,2026-04-13,2026-06-04,2026-06-05,52,Completed,4,0,13,2,Port,1,1.0
RNT04538,EQWL1014,CUS018,OP138,SITE018,2026-04-13,2026-04-29,2026-04-29,16,Completed,4,0,13,2,Highway,0,1.0
RNT04539,EQEX1014,CUS054,OP139,SITE014,2026-04-14,2026-05-02,2026-05-03,18,Completed,4,1,14,2,Railway,1,1.0
RNT04540,EQFL1010,CUS037,OP138,SITE017,2026-04-14,2026-04-19,2026-04-19,5,Completed,4,1,14,2,Bridge,0,1.0
RNT04541,EQGR1009,CUS065,OP176,SITE005,2026-04-14,2026-05-10,2026-05-11,26,Completed,4,1,14,2,Airport,1,1.0
RNT04542,EQBD1014,CUS010,OP172,SITE010,2026-04-14,2026-04-20,2026-04-20,6,Completed,4,1,14,2,Industrial,0,0.0
RNT04543,EQGR1002,CUS074,OP113,SITE014,2026-04-14,2026-05-03,2026-05-06,19,Completed,4,1,14,2,Railway,3,1.0
RNT04544,EQBD1011,CUS038,OP141,SITE018,2026-04-15,2026-04-30,2026-05-10,15,Completed,4,2,15,2,Highway,10,1.0
RNT04545,EQSS1010,CUS056,OP177,SITE016,2026-04-15,2026-04-24,2026-04-24,9,Completed,4,2,15,2,Commercial,0,1.0
RNT04546,EQEX1039,CUS020,OP165,SITE020,2026-04-15,2026-05-10,2026-05-09,25,Completed,4,2,15,2,Metro Rail,0,1.0
RNT04547,EQRR1010,CUS006,OP135,SITE006,2026-04-15,2026-04-29,2026-05-05,14,Completed,4,2,15,2,Port,6,1.0
RNT04548,EQRR1014,CUS055,OP117,SITE015,2026-04-15,2026-04-19,2026-04-27,4,Completed,4,2,15,2,Water Infrastructure,8,1.0
RNT04549,EQBD1007,CUS058,OP177,SITE018,2026-04-15,2026-05-08,2026-05-09,23,Completed,4,2,15,2,Highway,1,1.0
RNT04550,EQBD1021,CUS065,OP158,SITE005,2026-04-16,2026-05-14,2026-05-17,28,Completed,4,3,16,2,Airport,3,0.0
RNT04551,EQEX1001,CUS050,OP131,SITE014,2026-04-16,2026-05-14,2026-05-16,28,Completed,4,3,16,2,Railway,2,1.0
RNT04552,EQSS1012,CUS012,OP126,SITE012,2026-04-16,2026-04-23,2026-04-22,7,Completed,4,3,16,2,Energy,0,1.0
RNT04553,EQBD1028,CUS065,OP127,SITE005,2026-04-17,2026-04-30,2026-04-29,13,Completed,4,4,17,2,Airport,0,1.0
RNT04554,EQGR1019,CUS042,OP123,SITE002,2026-04-17,2026-05-02,2026-05-11,15,Completed,4,4,17,2,Highway,9,0.0
RNT04555,EQGR1014,CUS043,OP131,SITE003,2026-04-18,2026-04-26,2026-04-30,8,Completed,4,5,18,2,Commercial,4,1.0
RNT04556,EQFL1009,CUS028,OP124,SITE008,2026-04-18,2026-04-27,2026-04-27,9,Completed,4,5,18,2,Energy,0,1.0
RNT04557,EQBK1018,CUS019,OP139,SITE019,2026-04-18,2026-04-27,2026-04-24,9,Completed,4,5,18,2,Port,0,1.0
RNT04558,EQDT1004,CUS026,OP117,SITE006,2026-04-18,2026-04-27,2026-05-01,9,Completed,4,5,18,2,Port,4,1.0
RNT04559,EQRR1013,CUS020,OP158,SITE020,2026-04-18,2026-05-08,2026-05-07,20,Completed,4,5,18,2,Metro Rail,0,0.0
RNT04560,EQEX1036,CUS019,OP137,SITE019,2026-04-18,2026-05-11,2026-05-19,23,Completed,4,5,18,2,Port,8,1.0
RNT04561,EQEX1030,CUS030,OP102,SITE010,2026-04-18,2026-05-15,2026-05-14,27,Completed,4,5,18,2,Industrial,0,1.0
RNT04562,EQWL1011,CUS063,OP118,SITE003,2026-04-18,2026-05-02,2026-05-08,14,Completed,4,5,18,2,Commercial,6,1.0
RNT04563,EQBD1017,CUS073,OP125,SITE013,2026-04-18,2026-05-05,2026-05-15,17,Completed,4,5,18,2,Energy,10,1.0
RNT04564,EQBK1003,CUS018,OP102,SITE018,2026-04-19,2026-04-23,2026-04-22,4,Completed,4,6,19,2,Highway,0,1.0
RNT04565,EQEX1042,CUS007,OP126,SITE007,2026-04-19,2026-05-15,2026-05-16,26,Completed,4,6,19,2,Industrial,1,1.0
RNT04566,EQEX1011,CUS005,OP179,SITE005,2026-04-20,2026-05-01,2026-05-01,11,Completed,4,0,20,2,Airport,0,0.0
RNT04567,EQGR1006,CUS021,OP104,SITE001,2026-04-20,2026-04-28,2026-04-28,8,Completed,4,0,20,2,Metro Rail,0,1.0
RNT04568,EQEX1028,CUS060,OP128,SITE020,2026-04-20,2026-04-29,2026-05-09,9,Completed,4,0,20,2,Metro Rail,10,1.0
RNT04569,EQRR1012,CUS046,OP139,SITE006,2026-04-20,2026-04-26,2026-04-28,6,Completed,4,0,20,2,Port,2,1.0
RNT04570,EQFL1009,CUS001,OP154,SITE001,2026-04-20,2026-04-24,2026-04-24,4,Completed,4,0,20,2,Metro Rail,0,1.0
RNT04571,EQRR1007,CUS071,OP108,SITE011,2026-04-20,2026-05-03,2026-05-02,13,Completed,4,0,20,2,Residential,0,1.0
RNT04572,EQGR1001,CUS035,OP176,SITE015,2026-04-21,2026-04-28,2026-04-24,7,Completed,4,1,21,2,Water Infrastructure,0,1.0
RNT04573,EQSS1005,CUS069,OP163,SITE009,2026-04-21,2026-04-24,2026-04-25,3,Completed,4,1,21,2,Highway,1,0.0
RNT04574,EQWL1013,CUS001,OP136,SITE001,2026-04-22,2026-04-25,2026-04-26,3,Completed,4,2,22,2,Metro Rail,1,0.0
RNT04575,EQSS1007,CUS062,OP122,SITE002,2026-04-23,2026-04-27,2026-05-02,4,Completed,4,3,23,2,Highway,5,0.0
RNT04576,EQBD1007,CUS014,OP143,SITE020,2026-04-23,2026-05-05,2026-05-11,12,Completed,4,3,23,2,Metro Rail,6,1.0
RNT04577,EQEX1023,CUS067,OP130,SITE007,2026-04-23,2026-05-03,2026-05-13,10,Completed,4,3,23,2,Industrial,10,1.0
RNT04578,EQSS1018,CUS002,OP121,SITE002,2026-04-23,2026-06-18,2026-06-23,56,Completed,4,3,23,2,Highway,5,1.0
RNT04579,EQEX1045,CUS021,OP137,SITE001,2026-04-23,2026-05-06,2026-05-06,13,Completed,4,3,23,2,Metro Rail,0,1.0
RNT04580,EQBK1002,CUS026,OP111,SITE006,2026-04-24,2026-05-11,2026-05-12,17,Completed,4,4,24,2,Port,1,1.0
RNT04581,EQEX1021,CUS022,OP143,SITE006,2026-04-24,2026-05-17,2026-05-13,23,Completed,4,4,24,2,Port,0,1.0
RNT04582,EQWL1022,CUS010,OP138,SITE010,2026-04-24,2026-06-23,2026-06-24,60,Completed,4,4,24,2,Industrial,1,1.0
RNT04583,EQEX1035,CUS057,OP158,SITE017,2026-04-24,2026-05-18,2026-05-18,24,Completed,4,4,24,2,Bridge,0,0.0
RNT04584,EQBK1016,CUS069,OP176,SITE009,2026-04-25,2026-05-14,2026-05-20,19,Completed,4,5,25,2,Highway,6,1.0
RNT04585,EQFL1011,CUS046,OP118,SITE006,2026-04-25,2026-04-29,2026-04-29,4,Completed,4,5,25,2,Port,0,1.0
RNT04586,EQWL1004,CUS021,OP104,SITE001,2026-04-25,2026-05-04,2026-05-02,9,Completed,4,5,25,2,Metro Rail,0,1.0
RNT04587,EQBK1006,CUS049,OP176,SITE009,2026-04-25,2026-04-30,2026-05-03,5,Completed,4,5,25,2,Highway,3,1.0
RNT04588,EQBK1004,CUS019,OP145,SITE019,2026-04-25,2026-05-09,2026-05-09,14,Completed,4,5,25,2,Port,0,1.0
RNT04589,EQBD1010,CUS041,OP149,SITE001,2026-04-25,2026-05-01,2026-05-01,6,Completed,4,5,25,2,Metro Rail,0,0.0
RNT04590,EQRR1002,CUS070,OP162,SITE010,2026-04-25,2026-05-14,2026-05-15,19,Completed,4,5,25,2,Industrial,1,0.0
RNT04591,EQFL1005,CUS046,OP139,SITE006,2026-04-25,2026-05-05,2026-05-05,10,Completed,4,5,25,2,Port,0,0.0
RNT04592,EQBD1030,CUS060,OP151,SITE020,2026-04-25,2026-05-19,2026-05-20,24,Completed,4,5,25,2,Metro Rail,1,0.0
RNT04593,EQWL1026,CUS045,OP108,SITE005,2026-04-26,2026-05-07,2026-05-06,11,Completed,4,6,26,2,Airport,0,1.0
RNT04594,EQWL1010,CUS013,OP156,SITE013,2026-04-26,2026-05-11,2026-05-11,15,Completed,4,6,26,2,Energy,0,1.0
RNT04595,EQRR1011,CUS036,OP122,SITE016,2026-04-26,2026-05-07,2026-05-07,11,Completed,4,6,26,2,Commercial,0,1.0
RNT04596,EQEX1006,CUS034,OP129,SITE014,2026-04-26,2026-05-23,2026-05-24,27,Completed,4,6,26,2,Railway,1,1.0
RNT04597,EQEX1018,CUS047,OP141,SITE007,2026-04-27,2026-05-09,2026-05-05,12,Completed,4,0,27,2,Industrial,0,1.0
RNT04598,EQRR1014,CUS020,OP165,SITE020,2026-04-27,2026-06-20,2026-06-19,54,Completed,4,0,27,2,Metro Rail,0,1.0
RNT04599,EQSS1016,CUS006,OP137,SITE006,2026-04-27,2026-05-03,2026-05-03,6,Completed,4,0,27,2,Port,0,1.0
RNT04600,EQEX1025,CUS067,OP149,SITE007,2026-04-27,2026-05-04,2026-05-04,7,Completed,4,0,27,2,Industrial,0,1.0
RNT04601,EQBD1022,CUS052,OP167,SITE012,2026-04-27,2026-05-23,2026-05-24,26,Completed,4,0,27,2,Energy,1,1.0
RNT04602,EQEX1048,CUS049,OP120,SITE009,2026-04-27,2026-05-12,2026-05-13,15,Completed,4,0,27,2,Highway,1,1.0
RNT04603,EQRR1012,CUS049,OP180,SITE009,2026-04-28,2026-05-10,2026-05-12,12,Completed,4,1,28,2,Highway,2,1.0
RNT04604,EQBD1014,CUS040,OP147,SITE020,2026-04-28,2026-05-07,2026-05-17,9,Completed,4,1,28,2,Metro Rail,10,1.0
RNT04605,EQBK1013,CUS025,OP144,SITE005,2026-04-28,2026-05-13,2026-05-23,15,Completed,4,1,28,2,Airport,10,1.0
RNT04606,EQBK1017,CUS013,OP104,SITE013,2026-04-28,2026-05-02,2026-05-03,4,Completed,4,1,28,2,Energy,1,1.0
RNT04607,EQFL1005,CUS021,OP108,SITE001,2026-04-28,2026-06-19,2026-06-19,52,Completed,4,1,28,2,Metro Rail,0,1.0
RNT04608,EQBD1015,CUS060,OP104,SITE004,2026-04-29,2026-05-15,2026-05-14,16,Completed,4,2,29,2,Smart City,0,1.0
RNT04609,EQEX1048,CUS020,OP159,SITE020,2026-04-29,2026-06-26,2026-06-27,58,Completed,4,2,29,2,Metro Rail,1,1.0
RNT04610,EQEX1045,CUS046,OP147,SITE006,2026-04-29,2026-05-21,2026-05-17,22,Completed,4,2,29,2,Port,0,1.0
RNT04611,EQBD1015,CUS045,OP137,SITE005,2026-04-29,2026-05-06,2026-05-07,7,Completed,4,2,29,2,Airport,1,1.0
RNT04612,EQBD1024,CUS033,OP179,SITE013,2026-04-30,2026-05-14,2026-05-13,14,Completed,4,3,30,2,Energy,0,1.0
RNT04613,EQFL1009,CUS029,OP140,SITE009,2026-04-30,2026-05-07,2026-05-17,7,Completed,4,3,30,2,Highway,10,1.0
RNT04614,EQSS1003,CUS074,OP174,SITE010,2026-04-30,2026-05-05,2026-05-04,5,Completed,4,3,30,2,Industrial,0,1.0
RNT04615,EQDT1012,CUS065,OP148,SITE005,2026-04-30,2026-05-06,2026-05-07,6,Completed,4,3,30,2,Airport,1,1.0
RNT04616,EQBK1019,CUS030,OP120,SITE010,2026-04-30,2026-05-18,2026-05-18,18,Completed,4,3,30,2,Industrial,0,1.0
RNT04617,EQBD1016,CUS013,OP109,SITE013,2026-05-01,2026-05-12,2026-05-11,11,Completed,5,4,1,2,Energy,0,1.0
RNT04618,EQGR1010,CUS029,OP106,SITE009,2026-05-01,2026-05-16,2026-05-16,15,Completed,5,4,1,2,Highway,0,1.0
RNT04619,EQEX1029,CUS069,OP160,SITE009,2026-05-01,2026-05-06,2026-05-06,5,Completed,5,4,1,2,Highway,0,1.0
RNT04620,EQEX1030,CUS041,OP151,SITE001,2026-05-01,2026-05-11,2026-05-10,10,Completed,5,4,1,2,Metro Rail,0,1.0
RNT04621,EQSS1018,CUS001,OP140,SITE001,2026-05-01,2026-05-08,2026-05-05,7,Completed,5,4,1,2,Metro Rail,0,1.0
RNT04622,EQGR1019,CUS061,OP179,SITE001,2026-05-02,2026-05-16,2026-05-15,14,Completed,5,5,2,2,Metro Rail,0,1.0
RNT04623,EQBD1023,CUS059,OP141,SITE019,2026-05-03,2026-05-22,2026-06-01,19,Completed,5,6,3,2,Port,10,1.0
RNT04624,EQEX1041,CUS051,OP152,SITE011,2026-05-03,2026-05-10,2026-05-10,7,Completed,5,6,3,2,Residential,0,1.0
RNT04625,EQWL1020,CUS023,OP147,SITE003,2026-05-03,2026-05-21,2026-05-20,18,Completed,5,6,3,2,Commercial,0,1.0
RNT04626,EQSS1012,CUS057,OP150,SITE017,2026-05-03,2026-05-06,2026-05-07,3,Completed,5,6,3,2,Bridge,1,1.0
RNT04627,EQWL1012,CUS056,OP164,SITE006,2026-05-03,2026-05-21,2026-05-21,18,Completed,5,6,3,2,Port,0,1.0
RNT04628,EQGR1007,CUS021,OP130,SITE001,2026-05-03,2026-05-23,2026-05-22,20,Completed,5,6,3,2,Metro Rail,0,1.0
RNT04629,EQSS1013,CUS037,OP163,SITE017,2026-05-04,2026-05-06,2026-05-15,2,Completed,5,0,4,2,Bridge,9,1.0
RNT04630,EQEX1034,CUS023,OP122,SITE003,2026-05-04,2026-05-29,2026-06-06,25,Completed,5,0,4,2,Commercial,8,0.0
RNT04631,EQBD1016,CUS039,OP107,SITE019,2026-05-04,2026-05-19,2026-05-22,15,Completed,5,0,4,2,Port,3,1.0
RNT04632,EQWL1008,CUS039,OP151,SITE019,2026-05-05,2026-05-25,2026-06-04,20,Completed,5,1,5,2,Port,10,1.0
RNT04633,EQEX1005,CUS006,OP107,SITE017,2026-05-05,2026-05-30,2026-05-30,25,Completed,5,1,5,2,Bridge,0,1.0
RNT04634,EQEX1025,CUS022,OP119,SITE002,2026-05-05,2026-05-17,2026-05-17,12,Completed,5,1,5,2,Highway,0,1.0
RNT04635,EQGR1013,CUS009,OP168,SITE009,2026-05-05,2026-05-21,2026-05-21,16,Completed,5,1,5,2,Highway,0,1.0
RNT04636,EQSS1002,CUS055,OP165,SITE015,2026-05-05,2026-05-13,2026-05-12,8,Completed,5,1,5,2,Water Infrastructure,0,1.0
RNT04637,EQRR1007,CUS054,OP157,SITE014,2026-05-05,2026-05-17,2026-05-17,12,Completed,5,1,5,2,Railway,0,1.0
RNT04638,EQSS1011,CUS002,OP156,SITE002,2026-05-06,2026-05-12,2026-05-11,6,Completed,5,2,6,2,Highway,0,1.0
RNT04639,EQBD1012,CUS070,OP172,SITE010,2026-05-06,2026-05-31,2026-06-02,25,Completed,5,2,6,2,Industrial,2,1.0
RNT04640,EQEX1025,CUS059,OP111,SITE019,2026-05-06,2026-05-07,2026-05-08,1,Completed,5,2,6,2,Port,1,1.0
RNT04641,EQFL1008,CUS020,OP131,SITE020,2026-05-06,2026-05-09,2026-05-09,3,Completed,5,2,6,2,Metro Rail,0,0.0
RNT04642,EQBK1005,CUS047,OP173,SITE007,2026-05-06,2026-05-11,2026-05-19,5,Completed,5,2,6,2,Industrial,8,1.0
RNT04643,EQDT1001,CUS018,OP139,SITE018,2026-05-06,2026-05-20,2026-05-18,14,Completed,5,2,6,2,Highway,0,0.0
RNT04644,EQBK1013,CUS045,OP129,SITE005,2026-05-06,2026-05-20,2026-05-20,14,Completed,5,2,6,2,Airport,0,1.0
RNT04645,EQRR1005,CUS041,OP107,SITE001,2026-05-06,2026-05-09,2026-05-09,3,Completed,5,2,6,2,Metro Rail,0,1.0
RNT04646,EQBD1010,CUS038,OP142,SITE018,2026-05-07,2026-05-24,2026-05-31,17,Completed,5,3,7,2,Highway,7,1.0
RNT04647,EQEX1046,CUS054,OP132,SITE014,2026-05-07,2026-05-22,2026-05-21,15,Completed,5,3,7,2,Railway,0,1.0
RNT04648,EQWL1010,CUS045,OP171,SITE005,2026-05-07,2026-05-14,2026-05-18,7,Completed,5,3,7,2,Airport,4,0.0
RNT04649,EQFL1005,CUS045,OP101,SITE005,2026-05-07,2026-05-17,2026-05-17,10,Completed,5,3,7,2,Airport,0,1.0
RNT04650,EQWL1006,CUS069,OP144,SITE009,2026-05-07,2026-05-25,2026-05-31,18,Completed,5,3,7,2,Highway,6,1.0
RNT04651,EQBD1016,CUS025,OP110,SITE005,2026-05-07,2026-06-02,2026-06-03,26,Completed,5,3,7,2,Airport,1,1.0
RNT04652,EQEX1037,CUS058,OP117,SITE018,2026-05-07,2026-05-16,2026-05-18,9,Completed,5,3,7,2,Highway,2,1.0
RNT04653,EQBD1026,CUS050,OP125,SITE011,2026-05-07,2026-05-31,2026-06-08,24,Completed,5,3,7,2,Residential,8,1.0
RNT04654,EQBD1019,CUS002,OP122,SITE002,2026-05-07,2026-06-02,2026-06-01,26,Completed,5,3,7,2,Highway,0,1.0
RNT04655,EQEX1003,CUS053,OP122,SITE013,2026-05-07,2026-05-30,2026-05-30,23,Completed,5,3,7,2,Energy,0,1.0
RNT04656,EQEX1038,CUS003,OP133,SITE019,2026-05-08,2026-05-27,2026-05-27,19,Completed,5,4,8,2,Port,0,1.0
RNT04657,EQBD1025,CUS051,OP107,SITE011,2026-05-08,2026-05-22,2026-05-21,14,Completed,5,4,8,2,Residential,0,1.0
RNT04658,EQFL1011,CUS018,OP130,SITE014,2026-05-08,2026-05-10,2026-05-12,2,Completed,5,4,8,2,Railway,2,1.0
RNT04659,EQRR1007,CUS039,OP146,SITE019,2026-05-08,2026-05-27,2026-05-27,19,Completed,5,4,8,2,Port,0,1.0
RNT04660,EQGR1019,CUS059,OP137,SITE019,2026-05-09,2026-05-31,2026-05-30,22,Completed,5,5,9,2,Port,0,1.0
RNT04661,EQEX1045,CUS062,OP118,SITE002,2026-05-09,2026-05-15,2026-05-12,6,Completed,5,5,9,2,Highway,0,1.0
RNT04662,EQBK1017,CUS035,OP103,SITE015,2026-05-10,2026-05-14,2026-05-19,4,Completed,5,6,10,2,Water Infrastructure,5,1.0
RNT04663,EQGR1016,CUS021,OP106,SITE001,2026-05-11,2026-05-30,2026-06-05,19,Completed,5,0,11,2,Metro Rail,6,1.0
RNT04664,EQEX1034,CUS069,OP126,SITE009,2026-05-11,2026-05-27,2026-06-01,16,Completed,5,0,11,2,Highway,5,1.0
RNT04665,EQEX1042,CUS011,OP147,SITE011,2026-05-11,2026-05-25,2026-05-25,14,Completed,5,0,11,2,Residential,0,1.0
RNT04666,EQDT1005,CUS041,OP146,SITE001,2026-05-12,2026-06-06,2026-06-16,25,Completed,5,1,12,2,Metro Rail,10,1.0
RNT04667,EQBK1012,CUS042,OP126,SITE002,2026-05-12,2026-05-29,2026-05-29,17,Completed,5,1,12,2,Highway,0,1.0
RNT04668,EQDT1002,CUS029,OP106,SITE009,2026-05-12,2026-05-24,2026-06-01,12,Completed,5,1,12,2,Highway,8,1.0
RNT04669,EQBD1011,CUS045,OP174,SITE005,2026-05-12,2026-06-05,2026-06-10,24,Completed,5,1,12,2,Airport,5,1.0
RNT04670,EQRR1009,CUS016,OP117,SITE012,2026-05-12,2026-05-17,2026-05-18,5,Completed,5,1,12,2,Energy,1,1.0
RNT04671,EQBD1028,CUS009,OP168,SITE009,2026-05-12,2026-05-24,2026-05-28,12,Completed,5,1,12,2,Highway,4,0.0
RNT04672,EQBK1019,CUS064,OP168,SITE004,2026-05-12,2026-05-15,2026-05-15,3,Completed,5,1,12,2,Smart City,0,1.0
RNT04673,EQBD1014,CUS059,OP158,SITE004,2026-05-12,2026-06-09,2026-06-14,28,Completed,5,1,12,2,Smart City,5,1.0
RNT04674,EQBD1015,CUS058,OP171,SITE018,2026-05-12,2026-06-07,2026-06-04,26,Completed,5,1,12,2,Highway,0,0.0
RNT04675,EQSS1010,CUS004,OP179,SITE004,2026-05-12,2026-05-22,2026-05-25,10,Completed,5,1,12,2,Smart City,3,1.0
RNT04676,EQEX1006,CUS014,OP156,SITE014,2026-05-12,2026-06-09,2026-06-14,28,Completed,5,1,12,2,Railway,5,1.0
RNT04677,EQBD1026,CUS022,OP158,SITE002,2026-05-13,2026-05-30,2026-05-30,17,Completed,5,2,13,2,Highway,0,1.0
RNT04678,EQDT1009,CUS027,OP107,SITE007,2026-05-13,2026-05-28,2026-05-28,15,Completed,5,2,13,2,Industrial,0,1.0
RNT04679,EQGR1019,CUS029,OP105,SITE009,2026-05-13,2026-06-05,2026-06-05,23,Completed,5,2,13,2,Highway,0,0.0
RNT04680,EQBD1020,CUS022,OP129,SITE002,2026-05-13,2026-05-24,2026-05-24,11,Completed,5,2,13,2,Highway,0,0.0
RNT04681,EQWL1008,CUS061,OP101,SITE001,2026-05-13,2026-05-29,2026-05-29,16,Completed,5,2,13,2,Metro Rail,0,1.0
RNT04682,EQEX1014,CUS011,OP120,SITE011,2026-05-13,2026-05-31,2026-05-31,18,Completed,5,2,13,2,Residential,0,1.0
RNT04683,EQGR1002,CUS020,OP127,SITE020,2026-05-14,2026-05-20,2026-05-27,6,Completed,5,3,14,2,Metro Rail,7,0.0
RNT04684,EQBD1020,CUS071,OP113,SITE011,2026-05-14,2026-06-04,2026-06-07,21,Completed,5,3,14,2,Residential,3,1.0
RNT04685,EQBK1006,CUS033,OP152,SITE013,2026-05-14,2026-05-19,2026-05-18,5,Completed,5,3,14,2,Energy,0,1.0
RNT04686,EQBK1007,CUS068,OP177,SITE008,2026-05-14,2026-05-20,2026-05-20,6,Completed,5,3,14,2,Energy,0,0.0
RNT04687,EQEX1043,CUS035,OP139,SITE015,2026-05-14,2026-05-24,2026-05-24,10,Completed,5,3,14,2,Water Infrastructure,0,1.0
RNT04688,EQDT1012,CUS001,OP112,SITE001,2026-05-14,2026-05-23,2026-05-26,9,Completed,5,3,14,2,Metro Rail,3,1.0
RNT04689,EQWL1003,CUS001,OP132,SITE001,2026-05-14,2026-05-22,2026-05-21,8,Completed,5,3,14,2,Metro Rail,0,1.0
RNT04690,EQDT1008,CUS001,OP105,SITE001,2026-05-14,2026-05-24,2026-05-24,10,Completed,5,3,14,2,Metro Rail,0,1.0
RNT04691,EQBK1007,CUS006,OP175,SITE006,2026-05-15,2026-06-03,2026-06-02,19,Completed,5,4,15,2,Port,0,1.0
RNT04692,EQBD1001,CUS007,OP163,SITE007,2026-05-15,2026-06-04,2026-06-04,20,Completed,5,4,15,2,Industrial,0,1.0
RNT04693,EQEX1018,CUS021,OP153,SITE001,2026-05-15,2026-05-25,2026-05-28,10,Completed,5,4,15,2,Metro Rail,3,1.0
RNT04694,EQRR1013,CUS030,OP164,SITE010,2026-05-15,2026-05-31,2026-06-01,16,Completed,5,4,15,2,Industrial,1,1.0
RNT04695,EQFL1004,CUS019,OP144,SITE019,2026-05-15,2026-05-25,2026-05-30,10,Completed,5,4,15,2,Port,5,1.0
RNT04696,EQWL1004,CUS043,OP177,SITE003,2026-05-16,2026-06-02,2026-06-01,17,Completed,5,5,16,2,Commercial,0,1.0
RNT04697,EQWL1023,CUS045,OP156,SITE005,2026-05-16,2026-06-02,2026-06-02,17,Completed,5,5,16,2,Airport,0,1.0
RNT04698,EQWL1004,CUS011,OP115,SITE011,2026-05-16,2026-05-28,2026-05-28,12,Completed,5,5,16,2,Residential,0,1.0
RNT04699,EQBK1005,CUS036,OP110,SITE016,2026-05-16,2026-05-24,2026-05-29,8,Completed,5,5,16,2,Commercial,5,0.0
RNT04700,EQBD1020,CUS009,OP160,SITE009,2026-05-16,2026-05-31,2026-05-31,15,Completed,5,5,16,2,Highway,0,1.0
RNT04701,EQRR1004,CUS006,OP177,SITE006,2026-05-16,2026-05-19,2026-05-19,3,Completed,5,5,16,2,Port,0,0.0
RNT04702,EQWL1011,CUS034,OP148,SITE011,2026-05-16,2026-06-02,2026-06-01,17,Completed,5,5,16,2,Residential,0,1.0
RNT04703,EQBD1018,CUS029,OP158,SITE009,2026-05-16,2026-05-30,2026-05-30,14,Completed,5,5,16,2,Highway,0,1.0
RNT04704,EQBD1026,CUS025,OP127,SITE005,2026-05-17,2026-05-26,2026-06-03,9,Completed,5,6,17,2,Airport,8,1.0
RNT04705,EQEX1021,CUS042,OP164,SITE002,2026-05-17,2026-05-23,2026-05-24,6,Completed,5,6,17,2,Highway,1,1.0
RNT04706,EQEX1012,CUS059,OP105,SITE019,2026-05-17,2026-06-01,2026-05-31,15,Completed,5,6,17,2,Port,0,0.0
RNT04707,EQBD1001,CUS068,OP111,SITE008,2026-05-17,2026-05-25,2026-06-04,8,Completed,5,6,17,2,Energy,10,1.0
RNT04708,EQBD1012,CUS040,OP156,SITE011,2026-05-18,2026-06-09,2026-06-18,22,Completed,5,0,18,2,Residential,9,1.0
RNT04709,EQWL1001,CUS046,OP129,SITE016,2026-05-18,2026-06-04,2026-06-04,17,Completed,5,0,18,2,Commercial,0,1.0
RNT04710,EQEX1027,CUS050,OP163,SITE011,2026-05-18,2026-06-14,2026-06-13,27,Completed,5,0,18,2,Residential,0,1.0
RNT04711,EQSS1016,CUS069,OP103,SITE018,2026-05-18,2026-05-21,2026-05-22,3,Completed,5,0,18,2,Highway,1,1.0
RNT04712,EQRR1013,CUS006,OP128,SITE020,2026-05-18,2026-05-21,2026-05-20,3,Completed,5,0,18,2,Metro Rail,0,1.0
RNT04713,EQEX1013,CUS062,OP174,SITE002,2026-05-19,2026-06-16,2026-06-16,28,Completed,5,1,19,2,Highway,0,1.0
RNT04714,EQBD1005,CUS065,OP120,SITE005,2026-05-19,2026-05-30,2026-05-30,11,Completed,5,1,19,2,Airport,0,1.0
RNT04715,EQWL1018,CUS028,OP136,SITE008,2026-05-19,2026-06-01,2026-05-31,13,Completed,5,1,19,2,Energy,0,1.0
RNT04716,EQEX1008,CUS040,OP103,SITE020,2026-05-19,2026-06-06,2026-06-06,18,Completed,5,1,19,2,Metro Rail,0,1.0
RNT04717,EQWL1015,CUS027,OP126,SITE007,2026-05-19,2026-06-08,2026-06-07,20,Completed,5,1,19,2,Industrial,0,1.0
RNT04718,EQEX1048,CUS038,OP169,SITE018,2026-05-20,2026-05-28,2026-06-04,8,Completed,5,2,20,2,Highway,7,1.0
RNT04719,EQDT1007,CUS059,OP137,SITE019,2026-05-20,2026-06-05,2026-06-04,16,Completed,5,2,20,2,Port,0,1.0
RNT04720,EQDT1010,CUS054,OP118,SITE014,2026-05-20,2026-06-09,2026-06-06,20,Completed,5,2,20,2,Railway,0,1.0
RNT04721,EQBK1010,CUS065,OP178,SITE005,2026-05-20,2026-06-08,2026-06-18,19,Completed,5,2,20,2,Airport,10,1.0
RNT04722,EQEX1024,CUS034,OP175,SITE014,2026-05-21,2026-06-01,2026-06-02,11,Completed,5,3,21,2,Railway,1,1.0
RNT04723,EQEX1025,CUS067,OP142,SITE005,2026-05-21,2026-05-26,2026-06-03,5,Completed,5,3,21,2,Airport,8,0.0
RNT04724,EQEX1013,CUS061,OP110,SITE001,2026-05-21,2026-05-30,2026-05-30,9,Completed,5,3,21,2,Metro Rail,0,1.0
RNT04725,EQBD1030,CUS066,OP156,SITE006,2026-05-21,2026-06-01,2026-06-01,11,Completed,5,3,21,2,Port,0,1.0
RNT04726,EQEX1029,CUS058,OP153,SITE018,2026-05-21,2026-05-29,2026-06-03,8,Completed,5,3,21,2,Highway,5,0.0
RNT04727,EQBD1019,CUS061,OP150,SITE001,2026-05-21,2026-06-07,2026-06-08,17,Completed,5,3,21,2,Metro Rail,1,0.0
RNT04728,EQBD1005,CUS039,OP128,SITE019,2026-05-22,2026-06-02,2026-06-09,11,Completed,5,4,22,2,Port,7,1.0
RNT04729,EQGR1017,CUS065,OP115,SITE005,2026-05-22,2026-06-05,2026-06-06,14,Completed,5,4,22,2,Airport,1,0.0
RNT04730,EQEX1024,CUS039,OP120,SITE019,2026-05-22,2026-05-27,2026-05-27,5,Completed,5,4,22,2,Port,0,1.0
RNT04731,EQBD1020,CUS020,OP140,SITE020,2026-05-22,2026-06-11,2026-06-10,20,Completed,5,4,22,2,Metro Rail,0,1.0
RNT04732,EQBD1027,CUS013,OP124,SITE013,2026-05-23,2026-06-11,2026-06-11,19,Completed,5,5,23,2,Energy,0,1.0
RNT04733,EQDT1007,CUS049,OP161,SITE009,2026-05-24,2026-06-02,2026-06-01,9,Completed,5,6,24,2,Highway,0,1.0
RNT04734,EQBD1009,CUS009,OP121,SITE009,2026-05-24,2026-06-06,2026-06-12,13,Completed,5,6,24,2,Highway,6,1.0
RNT04735,EQFL1002,CUS025,OP118,SITE005,2026-05-24,2026-06-02,2026-06-03,9,Completed,5,6,24,2,Airport,1,1.0
RNT04736,EQSS1007,CUS020,OP123,SITE020,2026-05-24,2026-05-26,2026-05-25,2,Completed,5,6,24,2,Metro Rail,0,1.0
RNT04737,EQWL1012,CUS014,OP173,SITE014,2026-05-24,2026-06-03,2026-06-04,10,Completed,5,6,24,2,Railway,1,1.0
RNT04738,EQEX1042,CUS059,OP109,SITE019,2026-05-24,2026-06-19,2026-06-19,26,Completed,5,6,24,2,Port,0,1.0
RNT04739,EQBD1023,CUS062,OP150,SITE002,2026-05-25,2026-06-07,2026-06-13,13,Completed,5,0,25,2,Highway,6,1.0
RNT04740,EQBD1010,CUS008,OP132,SITE008,2026-05-25,2026-06-20,2026-06-24,26,Completed,5,0,25,2,Energy,4,1.0
RNT04741,EQDT1010,CUS054,OP130,SITE014,2026-05-25,2026-06-20,2026-06-21,26,Completed,5,0,25,2,Railway,1,0.0
RNT04742,EQEX1019,CUS066,OP158,SITE006,2026-05-25,2026-06-13,2026-06-19,19,Completed,5,0,25,2,Port,6,0.0
RNT04743,EQWL1013,CUS060,OP135,SITE020,2026-05-25,2026-06-14,2026-06-15,20,Completed,5,0,25,2,Metro Rail,1,1.0
RNT04744,EQBD1018,CUS021,OP177,SITE001,2026-05-25,2026-05-30,2026-06-07,5,Completed,5,0,25,2,Metro Rail,8,1.0
RNT04745,EQEX1043,CUS001,OP180,SITE005,2026-05-26,2026-05-31,2026-05-31,5,Completed,5,1,26,2,Airport,0,0.0
RNT04746,EQBD1030,CUS043,OP176,SITE003,2026-05-26,2026-06-03,2026-05-31,8,Completed,5,1,26,2,Commercial,0,1.0
RNT04747,EQGR1013,CUS028,OP170,SITE008,2026-05-26,2026-06-20,2026-06-28,25,Completed,5,1,26,2,Energy,8,1.0
RNT04748,EQRR1002,CUS072,OP112,SITE012,2026-05-26,2026-05-29,2026-06-04,3,Completed,5,1,26,2,Energy,6,1.0
RNT04749,EQSS1004,CUS020,OP126,SITE013,2026-05-26,2026-06-01,2026-06-06,6,Completed,5,1,26,2,Energy,5,1.0
RNT04750,EQFL1010,CUS063,OP120,SITE003,2026-05-27,2026-06-02,2026-06-02,6,Completed,5,2,27,2,Commercial,0,1.0
RNT04751,EQBK1012,CUS062,OP175,SITE002,2026-05-27,2026-05-30,2026-06-05,3,Completed,5,2,27,2,Highway,6,1.0
RNT04752,EQBD1020,CUS038,OP173,SITE018,2026-05-27,2026-06-04,2026-06-05,8,Completed,5,2,27,2,Highway,1,1.0
RNT04753,EQBD1029,CUS020,OP105,SITE020,2026-05-27,2026-06-05,2026-06-05,9,Completed,5,2,27,2,Metro Rail,0,1.0
RNT04754,EQBK1018,CUS032,OP170,SITE012,2026-05-27,2026-06-12,2026-06-13,16,Completed,5,2,27,2,Energy,1,0.0
RNT04755,EQWL1023,CUS036,OP174,SITE016,2026-05-27,2026-06-08,2026-06-09,12,Completed,5,2,27,2,Commercial,1,1.0
RNT04756,EQBD1027,CUS038,OP175,SITE018,2026-05-27,2026-06-06,2026-06-07,10,Completed,5,2,27,2,Highway,1,0.0
RNT04757,EQDT1006,CUS042,OP114,SITE002,2026-05-27,2026-06-08,2026-06-08,12,Completed,5,2,27,2,Highway,0,1.0
RNT04758,EQRR1006,CUS050,OP172,SITE011,2026-05-28,2026-06-02,2026-06-08,5,Completed,5,3,28,2,Residential,6,1.0
RNT04759,EQWL1021,CUS050,OP126,SITE011,2026-05-28,2026-06-07,2026-06-15,10,Completed,5,3,28,2,Residential,8,1.0
RNT04760,EQWL1019,CUS073,OP101,SITE013,2026-05-29,2026-06-02,2026-06-02,4,Completed,5,4,29,2,Energy,0,1.0
RNT04761,EQFL1003,CUS069,OP134,SITE009,2026-05-30,2026-06-08,2026-06-14,9,Completed,5,5,30,2,Highway,6,0.0
RNT04762,EQWL1002,CUS062,OP162,SITE002,2026-05-30,2026-06-17,2026-06-17,18,Completed,5,5,30,2,Highway,0,1.0
RNT04763,EQBD1005,CUS035,OP116,SITE015,2026-05-30,2026-06-13,2026-06-19,14,Completed,5,5,30,2,Water Infrastructure,6,1.0
RNT04764,EQBD1014,CUS057,OP167,SITE017,2026-05-31,2026-06-21,2026-06-23,21,Completed,5,6,31,2,Bridge,2,1.0
RNT04765,EQBD1010,CUS055,OP106,SITE015,2026-05-31,2026-06-09,2026-06-10,9,Completed,5,6,31,2,Water Infrastructure,1,1.0
RNT04766,EQDT1002,CUS011,OP157,SITE011,2026-05-31,2026-06-05,2026-06-05,5,Completed,5,6,31,2,Residential,0,1.0
RNT04767,EQWL1019,CUS018,OP116,SITE018,2026-06-01,2026-06-05,2026-06-07,4,Completed,6,0,1,2,Highway,2,0.0
RNT04768,EQSS1016,CUS025,OP178,SITE005,2026-06-01,2026-06-09,2026-06-08,8,Completed,6,0,1,2,Airport,0,1.0
RNT04769,EQWL1021,CUS030,OP154,SITE010,2026-06-01,2026-06-13,2026-06-13,12,Completed,6,0,1,2,Industrial,0,0.0
RNT04770,EQFL1010,CUS014,OP162,SITE014,2026-06-01,2026-06-08,2026-06-08,7,Completed,6,0,1,2,Railway,0,1.0
RNT04771,EQWL1026,CUS075,OP165,SITE015,2026-06-01,2026-06-20,2026-06-20,19,Completed,6,0,1,2,Water Infrastructure,0,1.0
RNT04772,EQEX1022,CUS019,OP122,SITE019,2026-06-02,2026-06-14,2026-06-14,12,Completed,6,1,2,2,Port,0,0.0
RNT04773,EQEX1014,CUS049,OP136,SITE008,2026-06-02,2026-06-24,2026-07-02,22,Completed,6,1,2,2,Energy,8,1.0
RNT04774,EQSS1006,CUS007,OP168,SITE007,2026-06-02,2026-06-12,2026-06-12,10,Completed,6,1,2,2,Industrial,0,0.0
RNT04775,EQWL1018,CUS035,OP128,SITE015,2026-06-02,2026-06-19,2026-06-20,17,Completed,6,1,2,2,Water Infrastructure,1,0.0
RNT04776,EQWL1005,CUS026,OP101,SITE006,2026-06-02,2026-06-07,2026-06-09,5,Completed,6,1,2,2,Port,2,0.0
RNT04777,EQBD1019,CUS070,OP175,SITE010,2026-06-02,2026-06-04,2026-06-05,2,Completed,6,1,2,2,Industrial,1,1.0
RNT04778,EQBK1001,CUS043,OP127,SITE003,2026-06-03,2026-06-21,2026-06-20,18,Completed,6,2,3,2,Commercial,0,1.0
RNT04779,EQGR1013,CUS009,OP175,SITE009,2026-06-03,2026-06-13,2026-06-14,10,Completed,6,2,3,2,Highway,1,1.0
RNT04780,EQEX1043,CUS062,OP104,SITE002,2026-06-03,2026-06-19,2026-06-18,16,Completed,6,2,3,2,Highway,0,0.0
RNT04781,EQGR1013,CUS053,OP162,SITE013,2026-06-04,2026-06-10,2026-06-10,6,Completed,6,3,4,2,Energy,0,1.0
RNT04782,EQSS1007,CUS001,OP180,SITE001,2026-06-04,2026-06-11,2026-06-12,7,Completed,6,3,4,2,Metro Rail,1,0.0
RNT04783,EQBD1001,CUS057,OP126,SITE005,2026-06-04,2026-06-13,2026-06-13,9,Completed,6,3,4,2,Airport,0,1.0
RNT04784,EQBD1006,CUS018,OP160,SITE020,2026-06-05,2026-06-14,2026-06-14,9,Completed,6,4,5,2,Metro Rail,0,0.0
RNT04785,EQBK1018,CUS001,OP135,SITE001,2026-06-05,2026-06-16,2026-06-17,11,Completed,6,4,5,2,Metro Rail,1,0.0
RNT04786,EQEX1002,CUS021,OP136,SITE001,2026-06-05,2026-06-25,2026-06-25,20,Completed,6,4,5,2,Metro Rail,0,1.0
RNT04787,EQDT1010,CUS045,OP116,SITE005,2026-06-05,2026-06-13,2026-06-13,8,Completed,6,4,5,2,Airport,0,1.0
RNT04788,EQGR1005,CUS023,OP174,SITE003,2026-06-06,2026-06-21,2026-06-21,15,Completed,6,5,6,2,Commercial,0,1.0
RNT04789,EQEX1042,CUS054,OP172,SITE014,2026-06-06,2026-06-16,2026-06-18,10,Completed,6,5,6,2,Railway,2,0.0
RNT04790,EQBK1012,CUS006,OP121,SITE006,2026-06-06,2026-06-23,2026-06-25,17,Completed,6,5,6,2,Port,2,0.0
RNT04791,EQEX1042,CUS006,OP101,SITE006,2026-06-06,2026-07-02,2026-07-01,26,Completed,6,5,6,2,Port,0,1.0
RNT04792,EQWL1014,CUS058,OP114,SITE018,2026-06-07,2026-06-16,2026-06-16,9,Completed,6,6,7,2,Highway,0,0.0
RNT04793,EQDT1003,CUS033,OP148,SITE013,2026-06-07,2026-06-24,2026-06-23,17,Completed,6,6,7,2,Energy,0,0.0
RNT04794,EQSS1005,CUS037,OP136,SITE017,2026-06-07,2026-06-10,2026-06-09,3,Completed,6,6,7,2,Bridge,0,1.0
RNT04795,EQEX1033,CUS039,OP162,SITE019,2026-06-08,2026-06-21,2026-06-21,13,Completed,6,0,8,2,Port,0,1.0
RNT04796,EQEX1007,CUS058,OP171,SITE018,2026-06-08,2026-06-30,2026-07-05,22,Completed,6,0,8,2,Highway,5,1.0
RNT04797,EQBD1003,CUS025,OP161,SITE005,2026-06-08,2026-06-14,2026-06-14,6,Completed,6,0,8,2,Airport,0,1.0
RNT04798,EQEX1020,CUS035,OP106,SITE015,2026-06-08,2026-06-17,2026-06-17,9,Completed,6,0,8,2,Water Infrastructure,0,0.0
RNT04799,EQEX1031,CUS039,OP170,SITE019,2026-06-08,2026-07-04,2026-07-12,26,Completed,6,0,8,2,Port,8,0.0
RNT04800,EQSS1011,CUS006,OP157,SITE006,2026-06-08,2026-06-18,2026-06-28,10,Completed,6,0,8,2,Port,10,1.0
RNT04801,EQGR1005,CUS034,OP141,SITE014,2026-06-09,2026-06-24,2026-06-27,15,Completed,6,1,9,2,Railway,3,0.0
RNT04802,EQWL1011,CUS039,OP125,SITE019,2026-06-09,2026-06-23,2026-06-23,14,Completed,6,1,9,2,Port,0,1.0
RNT04803,EQBK1002,CUS032,OP114,SITE012,2026-06-09,2026-06-20,2026-06-22,11,Completed,6,1,9,2,Energy,2,0.0
RNT04804,EQGR1003,CUS021,OP132,SITE001,2026-06-09,2026-06-17,2026-06-17,8,Completed,6,1,9,2,Metro Rail,0,0.0
RNT04805,EQSS1012,CUS049,OP140,SITE017,2026-06-09,2026-06-17,2026-06-18,8,Completed,6,1,9,2,Bridge,1,1.0
RNT04806,EQDT1004,CUS045,OP169,SITE005,2026-06-10,2026-06-30,2026-07-01,20,Completed,6,2,10,2,Airport,1,0.0
RNT04807,EQWL1004,CUS027,OP148,SITE007,2026-06-10,2026-06-30,2026-07-04,20,Completed,6,2,10,2,Industrial,4,1.0
RNT04808,EQEX1012,CUS019,OP105,SITE019,2026-06-10,2026-06-24,2026-06-27,14,Completed,6,2,10,2,Port,3,1.0
RNT04809,EQWL1002,CUS027,OP137,SITE007,2026-06-10,2026-06-13,2026-06-12,3,Completed,6,2,10,2,Industrial,0,1.0
RNT04810,EQFL1005,CUS001,OP166,SITE001,2026-06-11,2026-06-17,2026-06-17,6,Completed,6,3,11,2,Metro Rail,0,1.0
RNT04811,EQGR1003,CUS021,OP135,SITE001,2026-06-11,2026-06-21,2026-06-21,10,Completed,6,3,11,2,Metro Rail,0,0.0
RNT04812,EQFL1001,CUS004,OP143,SITE004,2026-06-11,2026-06-18,2026-06-18,7,Completed,6,3,11,2,Smart City,0,1.0
RNT04813,EQDT1009,CUS066,OP173,SITE006,2026-06-11,2026-06-30,2026-06-29,19,Completed,6,3,11,2,Port,0,1.0
RNT04814,EQBD1009,CUS023,OP168,SITE003,2026-06-11,2026-07-05,2026-07-14,24,Completed,6,3,11,2,Commercial,9,0.0
RNT04815,EQEX1035,CUS073,OP145,SITE013,2026-06-11,2026-06-28,2026-07-02,17,Completed,6,3,11,2,Energy,4,1.0
RNT04816,EQEX1002,CUS004,OP132,SITE004,2026-06-12,2026-07-06,2026-07-13,24,Completed,6,4,12,2,Smart City,7,0.0
RNT04817,EQFL1011,CUS064,OP133,SITE010,2026-06-12,2026-06-17,2026-06-16,5,Completed,6,4,12,2,Industrial,0,1.0
RNT04818,EQGR1018,CUS009,OP147,SITE009,2026-06-12,2026-06-24,2026-06-24,12,Completed,6,4,12,2,Highway,0,1.0
RNT04819,EQSS1017,CUS059,OP112,SITE019,2026-06-12,2026-06-19,2026-06-19,7,Completed,6,4,12,2,Port,0,0.0
RNT04820,EQSS1006,CUS025,OP132,SITE005,2026-06-12,2026-06-20,2026-06-20,8,Completed,6,4,12,2,Airport,0,1.0
RNT04821,EQBD1010,CUS006,OP168,SITE006,2026-06-12,2026-06-13,2026-06-19,1,Completed,6,4,12,2,Port,6,0.0
RNT04822,EQGR1012,CUS025,OP161,SITE005,2026-06-13,2026-07-10,2026-07-10,27,Completed,6,5,13,2,Airport,0,1.0
RNT04823,EQBD1025,CUS011,OP161,SITE011,2026-06-13,2026-07-05,2026-07-08,22,Completed,6,5,13,2,Residential,3,0.0
RNT04824,EQSS1002,CUS050,OP101,SITE011,2026-06-13,2026-06-19,2026-06-23,6,Completed,6,5,13,2,Residential,4,1.0
RNT04825,EQBD1017,CUS060,OP167,SITE020,2026-06-14,2026-06-19,2026-06-19,5,Completed,6,6,14,2,Metro Rail,0,1.0
RNT04826,EQBD1011,CUS021,OP142,SITE001,2026-06-14,2026-07-06,2026-07-02,22,Completed,6,6,14,2,Metro Rail,0,0.0
RNT04827,EQGR1003,CUS019,OP144,SITE019,2026-06-14,2026-06-21,2026-06-22,7,Completed,6,6,14,2,Port,1,1.0
RNT04828,EQRR1004,CUS074,OP144,SITE014,2026-06-14,2026-07-02,2026-07-02,18,Completed,6,6,14,2,Railway,0,1.0
RNT04829,EQFL1010,CUS065,OP146,SITE005,2026-06-14,2026-06-23,2026-06-23,9,Completed,6,6,14,2,Airport,0,1.0
RNT04830,EQBK1013,CUS009,OP101,SITE009,2026-06-14,2026-06-26,2026-06-27,12,Completed,6,6,14,2,Highway,1,0.0
RNT04831,EQBK1006,CUS001,OP171,SITE001,2026-06-14,2026-06-25,2026-07-02,11,Completed,6,6,14,2,Metro Rail,7,0.0
RNT04832,EQEX1012,CUS022,OP164,SITE002,2026-06-15,2026-06-27,2026-06-27,12,Completed,6,0,15,2,Highway,0,1.0
RNT04833,EQGR1016,CUS025,OP168,SITE005,2026-06-15,2026-06-22,2026-06-22,7,Completed,6,0,15,2,Airport,0,0.0
RNT04834,EQBK1005,CUS009,OP120,SITE009,2026-06-15,2026-06-29,2026-06-29,14,Completed,6,0,15,2,Highway,0,1.0
RNT04835,EQWL1016,CUS054,OP135,SITE014,2026-06-15,2026-06-18,2026-06-22,3,Completed,6,0,15,2,Railway,4,0.0
RNT04836,EQBD1010,CUS021,OP162,SITE001,2026-06-15,2026-06-22,2026-06-21,7,Completed,6,0,15,2,Metro Rail,0,1.0
RNT04837,EQGR1002,CUS057,OP175,SITE017,2026-06-16,2026-07-11,2026-07-11,25,Completed,6,1,16,2,Bridge,0,1.0
RNT04838,EQWL1004,CUS058,OP170,SITE018,2026-06-16,2026-06-24,2026-06-23,8,Completed,6,1,16,2,Highway,0,1.0
RNT04839,EQSS1001,CUS063,OP135,SITE003,2026-06-16,2026-06-26,2026-06-25,10,Completed,6,1,16,2,Commercial,0,1.0
RNT04840,EQEX1008,CUS058,OP155,SITE018,2026-06-16,2026-07-13,2026-07-13,27,Completed,6,1,16,2,Highway,0,1.0
RNT04841,EQRR1012,CUS046,OP174,SITE006,2026-06-16,2026-06-22,2026-06-22,6,Completed,6,1,16,2,Port,0,1.0
RNT04842,EQFL1007,CUS020,OP108,SITE020,2026-06-16,2026-06-25,2026-06-30,9,Completed,6,1,16,2,Metro Rail,5,1.0
RNT04843,EQGR1001,CUS002,OP119,SITE002,2026-06-17,2026-07-10,2026-07-11,23,Completed,6,2,17,2,Highway,1,1.0
RNT04844,EQBD1028,CUS038,OP118,SITE018,2026-06-17,2026-06-29,2026-07-08,12,Completed,6,2,17,2,Highway,9,1.0
RNT04845,EQWL1022,CUS013,OP153,SITE013,2026-06-17,2026-07-05,2026-07-01,18,Completed,6,2,17,2,Energy,0,0.0
RNT04846,EQEX1041,CUS006,OP173,SITE006,2026-06-18,2026-06-28,2026-06-27,10,Completed,6,3,18,2,Port,0,0.0
RNT04847,EQEX1032,CUS072,OP148,SITE001,2026-06-18,2026-07-07,2026-07-06,19,Completed,6,3,18,2,Metro Rail,0,0.0
RNT04848,EQWL1002,CUS063,OP151,SITE003,2026-06-18,2026-06-22,2026-06-19,4,Completed,6,3,18,2,Commercial,0,0.0
RNT04849,EQGR1004,CUS035,OP174,SITE015,2026-06-18,2026-06-24,2026-06-24,6,Completed,6,3,18,2,Water Infrastructure,0,1.0
RNT04850,EQEX1013,CUS040,OP116,SITE020,2026-06-18,2026-06-24,2026-06-24,6,Completed,6,3,18,2,Metro Rail,0,1.0
RNT04851,EQGR1016,CUS039,OP174,SITE019,2026-06-18,2026-07-02,2026-07-02,14,Completed,6,3,18,2,Port,0,1.0
RNT04852,EQDT1010,CUS016,OP173,SITE009,2026-06-19,2026-07-04,2026-07-03,15,Completed,6,4,19,2,Highway,0,1.0
RNT04853,EQRR1008,CUS002,OP138,SITE002,2026-06-19,2026-06-25,2026-06-26,6,Completed,6,4,19,2,Highway,1,1.0
RNT04854,EQBK1019,CUS066,OP109,SITE006,2026-06-19,2026-07-02,2026-07-03,13,Completed,6,4,19,2,Port,1,1.0
RNT04855,EQBD1008,CUS057,OP140,SITE017,2026-06-19,2026-06-24,2026-06-25,5,Completed,6,4,19,2,Bridge,1,1.0
RNT04856,EQBK1015,CUS026,OP165,SITE006,2026-06-19,2026-07-08,2026-07-07,19,Completed,6,4,19,2,Port,0,0.0
RNT04857,EQEX1026,CUS047,OP170,SITE007,2026-06-19,2026-07-05,2026-07-05,16,Completed,6,4,19,2,Industrial,0,1.0
RNT04858,EQBK1004,CUS060,OP146,SITE020,2026-06-19,2026-07-04,2026-07-04,15,Completed,6,4,19,2,Metro Rail,0,1.0
RNT04859,EQEX1012,CUS018,OP126,SITE018,2026-06-20,2026-07-06,2026-07-06,16,Completed,6,5,20,2,Highway,0,1.0
RNT04860,EQRR1009,CUS002,OP164,SITE002,2026-06-20,2026-07-04,2026-07-05,14,Completed,6,5,20,2,Highway,1,1.0
RNT04861,EQWL1026,CUS023,OP143,SITE003,2026-06-20,2026-06-28,2026-06-27,8,Completed,6,5,20,2,Commercial,0,0.0
RNT04862,EQGR1012,CUS054,OP117,SITE011,2026-06-20,2026-07-08,2026-07-08,18,Completed,6,5,20,2,Residential,0,1.0
RNT04863,EQEX1013,CUS018,OP107,SITE018,2026-06-20,2026-06-29,2026-07-06,9,Completed,6,5,20,2,Highway,7,0.0
RNT04864,EQDT1003,CUS016,OP173,SITE016,2026-06-20,2026-07-13,2026-07-13,23,Completed,6,5,20,2,Commercial,0,0.0
RNT04865,EQWL1005,CUS041,OP153,SITE001,2026-06-21,2026-07-09,2026-07-08,18,Completed,6,6,21,2,Metro Rail,0,1.0
RNT04866,EQRR1001,CUS021,OP166,SITE017,2026-06-21,2026-06-29,2026-07-01,8,Completed,6,6,21,2,Bridge,2,0.0
RNT04867,EQRR1005,CUS018,OP132,SITE018,2026-06-21,2026-07-05,2026-07-05,14,Completed,6,6,21,2,Highway,0,1.0
RNT04868,EQSS1006,CUS039,OP150,SITE019,2026-06-22,2026-06-26,2026-06-26,4,Completed,6,0,22,2,Port,0,0.0
RNT04869,EQWL1010,CUS046,OP116,SITE006,2026-06-22,2026-06-27,2026-06-26,5,Completed,6,0,22,2,Port,0,1.0
RNT04870,EQDT1011,CUS021,OP106,SITE001,2026-06-22,2026-07-16,2026-07-16,24,Completed,6,0,22,2,Metro Rail,0,0.0
RNT04871,EQSS1010,CUS050,OP140,SITE011,2026-06-23,2026-06-30,2026-07-07,7,Completed,6,1,23,2,Residential,7,1.0
RNT04872,EQBK1013,CUS052,OP130,SITE012,2026-06-23,2026-07-08,2026-07-08,15,Completed,6,1,23,2,Energy,0,1.0
RNT04873,EQBK1017,CUS023,OP132,SITE003,2026-06-23,2026-06-27,2026-06-27,4,Completed,6,1,23,2,Commercial,0,0.0
RNT04874,EQEX1010,CUS006,OP121,SITE006,2026-06-23,2026-07-11,2026-07-21,18,Completed,6,1,23,2,Port,10,1.0
RNT04875,EQWL1005,CUS072,OP160,SITE014,2026-06-23,2026-07-07,2026-07-13,14,Completed,6,1,23,2,Railway,6,1.0
RNT04876,EQRR1009,CUS052,OP164,SITE001,2026-06-23,2026-07-03,2026-07-03,10,Completed,6,1,23,2,Metro Rail,0,0.0
RNT04877,EQBK1019,CUS011,OP124,SITE011,2026-06-23,2026-06-29,2026-06-29,6,Completed,6,1,23,2,Residential,0,1.0
RNT04878,EQBD1001,CUS049,OP144,SITE009,2026-06-23,2026-07-10,2026-07-12,17,Completed,6,1,23,2,Highway,2,1.0
RNT04879,EQBK1007,CUS026,OP162,SITE006,2026-06-23,2026-06-29,2026-06-30,6,Completed,6,1,23,2,Port,1,1.0
RNT04880,EQEX1008,CUS066,OP104,SITE006,2026-06-23,2026-07-11,2026-07-11,18,Completed,6,1,23,2,Port,0,0.0
RNT04881,EQEX1021,CUS043,OP178,SITE017,2026-06-24,2026-07-10,2026-07-10,16,Completed,6,2,24,2,Bridge,0,0.0
RNT04882,EQSS1014,CUS049,OP175,SITE009,2026-06-24,2026-07-01,2026-06-30,7,Completed,6,2,24,2,Highway,0,1.0
RNT04883,EQEX1025,CUS012,OP123,SITE012,2026-06-24,2026-07-22,2026-07-27,28,Completed,6,2,24,2,Energy,5,0.0
RNT04884,EQGR1003,CUS021,OP156,SITE001,2026-06-24,2026-07-18,2026-07-18,24,Completed,6,2,24,2,Metro Rail,0,1.0
RNT04885,EQBK1009,CUS060,OP158,SITE001,2026-06-24,2026-07-04,2026-07-04,10,Completed,6,2,24,2,Metro Rail,0,1.0
RNT04886,EQWL1012,CUS046,OP103,SITE006,2026-06-24,2026-07-11,2026-07-07,17,Completed,6,2,24,2,Port,0,0.0
RNT04887,EQWL1009,CUS008,OP108,SITE008,2026-06-25,2026-06-29,2026-06-29,4,Completed,6,3,25,2,Energy,0,0.0
RNT04888,EQBD1022,CUS007,OP179,SITE007,2026-06-25,2026-07-08,2026-07-08,13,Completed,6,3,25,2,Industrial,0,1.0
RNT04889,EQWL1012,CUS009,OP180,SITE009,2026-06-25,2026-07-05,2026-07-05,10,Completed,6,3,25,2,Highway,0,1.0
RNT04890,EQEX1002,CUS021,OP123,SITE001,2026-06-25,2026-07-23,2026-07-30,28,Completed,6,3,25,2,Metro Rail,7,1.0
RNT04891,EQEX1010,CUS040,OP148,SITE020,2026-06-25,2026-06-30,2026-06-30,5,Completed,6,3,25,2,Metro Rail,0,0.0
RNT04892,EQSS1018,CUS060,OP139,SITE019,2026-06-25,2026-06-30,2026-06-30,5,Completed,6,3,25,2,Port,0,1.0
RNT04893,EQSS1016,CUS009,OP128,SITE009,2026-06-25,2026-06-28,2026-06-28,3,Completed,6,3,25,2,Highway,0,0.0
RNT04894,EQSS1012,CUS041,OP112,SITE001,2026-06-25,2026-07-01,2026-07-02,6,Completed,6,3,25,2,Metro Rail,1,0.0
RNT04895,EQFL1007,CUS022,OP170,SITE002,2026-06-25,2026-06-30,2026-07-05,5,Completed,6,3,25,2,Highway,5,0.0
RNT04896,EQGR1009,CUS063,OP132,SITE003,2026-06-26,2026-07-21,2026-07-21,25,Completed,6,4,26,2,Commercial,0,0.0
RNT04897,EQRR1009,CUS021,OP166,SITE012,2026-06-26,2026-07-02,2026-07-01,6,Completed,6,4,26,2,Energy,0,0.0
RNT04898,EQWL1025,CUS044,OP142,SITE008,2026-06-27,2026-07-15,2026-07-24,18,Completed,6,5,27,2,Energy,9,0.0
RNT04899,EQEX1016,CUS022,OP103,SITE002,2026-06-27,2026-07-19,2026-07-19,22,Completed,6,5,27,2,Highway,0,0.0
RNT04900,EQEX1030,CUS035,OP150,SITE015,2026-06-27,2026-07-19,2026-07-19,22,Completed,6,5,27,2,Water Infrastructure,0,0.0
RNT04901,EQSS1005,CUS040,OP136,SITE020,2026-06-27,2026-07-06,2026-07-07,9,Completed,6,5,27,2,Metro Rail,1,0.0
RNT04902,EQWL1016,CUS050,OP166,SITE011,2026-06-28,2026-07-18,2026-07-18,20,Completed,6,6,28,2,Residential,0,1.0
RNT04903,EQSS1001,CUS041,OP169,SITE001,2026-06-28,2026-07-07,2026-07-17,9,Completed,6,6,28,2,Metro Rail,10,0.0
RNT04904,EQSS1012,CUS050,OP129,SITE011,2026-06-28,2026-07-06,2026-07-06,8,Completed,6,6,28,2,Residential,0,1.0
RNT04905,EQBK1004,CUS054,OP115,SITE014,2026-06-28,2026-07-15,2026-07-14,17,Completed,6,6,28,2,Railway,0,1.0
RNT04906,EQGR1008,CUS069,OP140,SITE009,2026-06-28,2026-07-10,2026-07-17,12,Completed,6,6,28,2,Highway,7,0.0
RNT04907,EQGR1015,CUS019,OP125,SITE003,2026-06-28,2026-07-04,2026-07-04,6,Completed,6,6,28,2,Commercial,0,0.0
RNT04908,EQDT1010,CUS066,OP170,SITE006,2026-06-29,2026-07-25,2026-08-02,26,Completed,6,0,29,2,Port,8,0.0
RNT04909,EQWL1017,CUS049,OP180,SITE009,2026-06-29,2026-07-04,2026-07-12,5,Completed,6,0,29,2,Highway,8,1.0
RNT04910,EQBD1009,CUS010,OP164,SITE010,2026-06-29,2026-07-11,2026-07-11,12,Completed,6,0,29,2,Industrial,0,1.0
RNT04911,EQRR1008,CUS062,OP175,SITE002,2026-06-29,2026-07-13,2026-07-13,14,Completed,6,0,29,2,Highway,0,0.0
RNT04912,EQEX1019,CUS074,OP152,SITE014,2026-06-29,2026-07-11,2026-07-11,12,Completed,6,0,29,2,Railway,0,0.0
RNT04913,EQWL1008,CUS021,OP112,SITE001,2026-06-29,2026-07-12,2026-07-12,13,Completed,6,0,29,2,Metro Rail,0,0.0
RNT04914,EQWL1015,CUS002,OP169,SITE002,2026-06-29,2026-07-14,2026-07-14,15,Completed,6,0,29,2,Highway,0,1.0
RNT04915,EQWL1005,CUS049,OP159,SITE009,2026-06-29,2026-07-11,2026-07-16,12,Completed,6,0,29,2,Highway,5,1.0
RNT04916,EQRR1002,CUS021,OP103,SITE011,2026-06-30,2026-07-08,2026-07-09,8,Completed,6,1,30,2,Residential,1,0.0
RNT04917,EQWL1018,CUS068,OP108,SITE008,2026-06-30,2026-07-17,2026-07-16,17,Completed,6,1,30,2,Energy,0,1.0
RNT04918,EQEX1012,CUS059,OP116,SITE019,2026-06-30,2026-07-21,2026-07-21,21,Completed,6,1,30,2,Port,0,0.0
RNT04919,EQSS1011,CUS006,OP117,SITE006,2026-06-30,2026-07-03,2026-07-03,3,Completed,6,1,30,2,Port,0,1.0
RNT04920,EQGR1005,CUS054,OP139,SITE014,2026-06-30,2026-07-12,2026-07-12,12,Completed,6,1,30,2,Railway,0,1.0
RNT04921,EQFL1005,CUS035,OP127,SITE006,2026-06-30,2026-07-05,2026-07-04,5,Completed,6,1,30,2,Port,0,1.0
RNT04922,EQEX1013,CUS074,OP142,SITE014,2026-06-30,2026-07-07,2026-07-06,7,Completed,6,1,30,2,Railway,0,1.0
RNT04923,EQEX1004,CUS054,OP120,SITE014,2026-07-01,2026-07-21,2026-07-31,20,Completed,7,2,1,3,Railway,10,0.0
RNT04924,EQBD1006,CUS037,OP130,SITE017,2026-07-01,2026-07-03,2026-07-03,2,Completed,7,2,1,3,Bridge,0,1.0
RNT04925,EQFL1004,CUS058,OP109,SITE018,2026-07-01,2026-07-10,2026-07-10,9,Completed,7,2,1,3,Highway,0,0.0
RNT04926,EQBK1009,CUS004,OP158,SITE004,2026-07-02,2026-07-20,2026-07-20,18,Completed,7,3,2,3,Smart City,0,1.0
RNT04927,EQGR1013,CUS025,OP102,SITE005,2026-07-02,2026-07-28,2026-07-28,26,Completed,7,3,2,3,Airport,0,0.0
RNT04928,EQEX1036,CUS074,OP102,SITE014,2026-07-02,2026-07-21,2026-07-24,19,Completed,7,3,2,3,Railway,3,0.0
RNT04929,EQEX1021,CUS044,OP114,SITE004,2026-07-02,2026-07-15,2026-07-15,13,Completed,7,3,2,3,Smart City,0,1.0
RNT04930,EQBK1011,CUS060,OP170,SITE020,2026-07-03,2026-07-10,2026-07-10,7,Completed,7,4,3,3,Metro Rail,0,0.0
RNT04931,EQBD1012,CUS050,OP110,SITE011,2026-07-03,2026-07-21,2026-07-20,18,Completed,7,4,3,3,Residential,0,1.0
RNT04932,EQWL1025,CUS050,OP149,SITE011,2026-07-03,2026-07-19,2026-07-18,16,Completed,7,4,3,3,Residential,0,0.0
RNT04933,EQSS1001,CUS032,OP123,SITE012,2026-07-03,2026-07-10,2026-07-07,7,Completed,7,4,3,3,Energy,0,1.0
RNT04934,EQGR1009,CUS028,OP144,SITE008,2026-07-03,2026-07-22,2026-07-22,19,Completed,7,4,3,3,Energy,0,1.0
RNT04935,EQSS1014,CUS001,OP121,SITE005,2026-07-03,2026-07-13,2026-07-17,10,Completed,7,4,3,3,Airport,4,1.0
RNT04936,EQSS1006,CUS018,OP158,SITE018,2026-07-04,2026-07-08,2026-07-18,4,Completed,7,5,4,3,Highway,10,1.0
RNT04937,EQBD1019,CUS049,OP169,SITE004,2026-07-04,2026-07-10,2026-07-10,6,Completed,7,5,4,3,Smart City,0,1.0
RNT04938,EQWL1012,CUS031,OP171,SITE011,2026-07-04,2026-07-24,2026-07-24,20,Completed,7,5,4,3,Residential,0,0.0
RNT04939,EQEX1048,CUS001,OP149,SITE001,2026-07-04,2026-07-13,2026-07-16,9,Completed,7,5,4,3,Metro Rail,3,0.0
RNT04940,EQBD1019,CUS065,OP105,SITE003,2026-07-04,2026-07-17,2026-07-17,13,Completed,7,5,4,3,Commercial,0,0.0
RNT04941,EQGR1005,CUS011,OP179,SITE011,2026-07-04,2026-07-23,2026-07-26,19,Completed,7,5,4,3,Residential,3,1.0
RNT04942,EQSS1017,CUS070,OP154,SITE010,2026-07-04,2026-07-10,2026-07-10,6,Completed,7,5,4,3,Industrial,0,1.0
RNT04943,EQEX1045,CUS059,OP179,SITE019,2026-07-05,2026-07-15,2026-07-20,10,Completed,7,6,5,3,Port,5,1.0
RNT04944,EQWL1012,CUS060,OP123,SITE020,2026-07-05,2026-07-11,2026-07-12,6,Completed,7,6,5,3,Metro Rail,1,1.0
RNT04945,EQBK1016,CUS069,OP171,SITE009,2026-07-05,2026-07-12,2026-07-11,7,Completed,7,6,5,3,Highway,0,1.0
RNT04946,EQEX1045,CUS054,OP175,SITE014,2026-07-05,2026-07-30,2026-07-29,25,Completed,7,6,5,3,Railway,0,0.0
RNT04947,EQGR1010,CUS033,OP172,SITE013,2026-07-05,2026-07-27,2026-07-27,22,Completed,7,6,5,3,Energy,0,0.0
RNT04948,EQFL1009,CUS046,OP120,SITE006,2026-07-05,2026-07-10,2026-07-09,5,Completed,7,6,5,3,Port,0,0.0
RNT04949,EQEX1015,CUS050,OP157,SITE011,2026-07-05,2026-07-20,2026-07-23,15,Completed,7,6,5,3,Residential,3,1.0
RNT04950,EQRR1004,CUS026,OP146,SITE006,2026-07-06,2026-07-17,2026-07-13,11,Completed,7,0,6,3,Port,0,1.0
RNT04951,EQWL1007,CUS068,OP120,SITE008,2026-07-06,2026-07-13,2026-07-14,7,Completed,7,0,6,3,Energy,1,0.0
RNT04952,EQBK1001,CUS006,OP129,SITE006,2026-07-06,2026-07-11,2026-07-11,5,Completed,7,0,6,3,Port,0,1.0
RNT04953,EQBD1028,CUS073,OP113,SITE013,2026-07-06,2026-08-03,2026-08-01,28,Completed,7,0,6,3,Energy,0,1.0
RNT04954,EQRR1013,CUS034,OP171,SITE014,2026-07-06,2026-07-09,2026-07-13,3,Completed,7,0,6,3,Railway,4,1.0
RNT04955,EQRR1006,CUS016,OP103,SITE016,2026-07-06,2026-07-22,2026-07-21,16,Completed,7,0,6,3,Commercial,0,1.0
RNT04956,EQDT1003,CUS013,OP117,SITE013,2026-07-07,2026-07-26,2026-07-25,19,Completed,7,1,7,3,Energy,0,1.0
RNT04957,EQWL1013,CUS004,OP127,SITE004,2026-07-07,2026-07-22,2026-07-22,15,Completed,7,1,7,3,Smart City,0,0.0
RNT04958,EQGR1020,CUS029,OP140,SITE009,2026-07-07,2026-07-18,2026-07-14,11,Completed,7,1,7,3,Highway,0,1.0
RNT04959,EQEX1020,CUS019,OP132,SITE019,2026-07-08,2026-07-16,2026-07-15,8,Completed,7,2,8,3,Port,0,1.0
RNT04960,EQEX1035,CUS034,OP174,SITE014,2026-07-08,2026-07-28,2026-07-28,20,Completed,7,2,8,3,Railway,0,0.0
RNT04961,EQEX1020,CUS013,OP163,SITE013,2026-07-08,2026-07-14,2026-07-15,6,Completed,7,2,8,3,Energy,1,0.0
RNT04962,EQGR1011,CUS019,OP178,SITE019,2026-07-08,2026-07-13,2026-07-12,5,Completed,7,2,8,3,Port,0,0.0
RNT04963,EQBD1001,CUS052,OP177,SITE012,2026-07-08,2026-07-31,2026-07-31,23,Completed,7,2,8,3,Energy,0,1.0
RNT04964,EQRR1001,CUS043,OP109,SITE003,2026-07-09,2026-07-19,2026-07-19,10,Completed,7,3,9,3,Commercial,0,0.0
RNT04965,EQBK1008,CUS051,OP156,SITE011,2026-07-09,2026-07-20,2026-07-19,11,Completed,7,3,9,3,Residential,0,1.0
RNT04966,EQEX1027,CUS021,OP131,SITE001,2026-07-09,2026-07-15,2026-07-14,6,Completed,7,3,9,3,Metro Rail,0,0.0
RNT04967,EQBK1014,CUS054,OP123,SITE014,2026-07-09,2026-07-14,2026-07-17,5,Completed,7,3,9,3,Railway,3,0.0
RNT04968,EQBK1008,CUS048,OP138,SITE008,2026-07-10,2026-07-24,2026-07-25,14,Completed,7,4,10,3,Energy,1,0.0
RNT04969,EQEX1041,CUS006,OP147,SITE006,2026-07-10,2026-07-24,2026-07-23,14,Completed,7,4,10,3,Port,0,0.0
RNT04970,EQBK1008,CUS007,OP137,SITE016,2026-07-11,2026-07-20,2026-07-21,9,Completed,7,5,11,3,Commercial,1,0.0
RNT04971,EQSS1002,CUS059,OP115,SITE006,2026-07-12,2026-07-21,2026-07-21,9,Completed,7,6,12,3,Port,0,0.0
RNT04972,EQRR1014,CUS065,OP111,SITE005,2026-07-12,2026-07-22,2026-07-22,10,Completed,7,6,12,3,Airport,0,0.0
RNT04973,EQFL1009,CUS025,OP155,SITE005,2026-07-13,2026-07-17,2026-07-14,4,Completed,7,0,13,3,Airport,0,0.0
RNT04974,EQBD1011,CUS006,OP162,SITE006,2026-07-13,2026-07-19,2026-07-23,6,Completed,7,0,13,3,Port,4,1.0
RNT04975,EQEX1009,CUS031,OP166,SITE011,2026-07-13,2026-07-23,2026-07-22,10,Completed,7,0,13,3,Residential,0,1.0
RNT04976,EQWL1026,CUS057,OP127,SITE017,2026-07-13,2026-07-26,2026-07-27,13,Completed,7,0,13,3,Bridge,1,1.0
RNT04977,EQGR1013,CUS046,OP124,SITE006,2026-07-14,2026-08-03,2026-08-03,20,Completed,7,1,14,3,Port,0,1.0
RNT04978,EQWL1006,CUS039,OP179,SITE019,2026-07-14,2026-08-03,2026-08-02,20,Completed,7,1,14,3,Port,0,0.0
RNT04979,EQFL1003,CUS015,OP173,SITE015,2026-07-14,2026-07-20,2026-07-20,6,Completed,7,1,14,3,Water Infrastructure,0,1.0
RNT04980,EQWL1005,CUS070,OP117,SITE010,2026-07-14,2026-07-24,2026-07-23,10,Completed,7,1,14,3,Industrial,0,0.0
RNT04981,EQRR1012,CUS046,OP166,SITE006,2026-07-15,2026-07-27,2026-07-26,12,Completed,7,2,15,3,Port,0,0.0
RNT04982,EQGR1015,CUS061,OP162,SITE001,2026-07-15,2026-07-27,2026-07-30,12,Completed,7,2,15,3,Metro Rail,3,0.0
RNT04983,EQEX1005,CUS012,OP159,SITE012,2026-07-16,2026-07-26,2026-07-26,10,Completed,7,3,16,3,Energy,0,0.0
RNT04984,EQBD1026,CUS019,OP127,SITE019,2026-07-16,2026-07-27,2026-07-27,11,Completed,7,3,16,3,Port,0,1.0
RNT04985,EQSS1008,CUS031,OP176,SITE011,2026-07-16,2026-07-22,2026-07-29,6,Completed,7,3,16,3,Residential,7,1.0
RNT04986,EQDT1007,CUS062,OP159,SITE002,2026-07-16,2026-07-29,2026-07-29,13,Completed,7,3,16,3,Highway,0,0.0
RNT04987,EQSS1006,CUS054,OP138,SITE014,2026-07-17,2026-07-19,2026-07-19,2,Completed,7,4,17,3,Railway,0,1.0
RNT04988,EQFL1005,CUS058,OP161,SITE018,2026-07-18,2026-07-24,2026-08-01,6,Completed,7,5,18,3,Highway,8,0.0
RNT04989,EQEX1015,CUS045,OP129,SITE005,2026-07-18,2026-07-24,2026-07-26,6,Completed,7,5,18,3,Airport,2,0.0
RNT04990,EQWL1025,CUS069,OP106,SITE009,2026-07-18,2026-07-26,2026-07-27,8,Completed,7,5,18,3,Highway,1,0.0
RNT04991,EQEX1047,CUS062,OP168,SITE002,2026-07-19,2026-07-29,2026-07-29,10,Completed,7,6,19,3,Highway,0,1.0
RNT04992,EQFL1006,CUS029,OP180,SITE009,2026-07-19,2026-07-25,2026-07-21,6,Completed,7,6,19,3,Highway,0,1.0
RNT04993,EQBK1020,CUS049,OP117,SITE015,2026-07-20,2026-08-01,2026-08-01,12,Completed,7,0,20,3,Water Infrastructure,0,1.0
RNT04994,EQSS1015,CUS062,OP154,SITE002,2026-07-20,2026-07-27,2026-07-27,7,Completed,7,0,20,3,Highway,0,0.0
RNT04995,EQEX1023,CUS016,OP134,SITE016,2026-07-20,2026-07-30,2026-07-30,10,Completed,7,0,20,3,Commercial,0,0.0
RNT04996,EQBD1027,CUS008,OP142,SITE008,2026-07-21,2026-08-04,2026-08-03,14,Completed,7,1,21,3,Energy,0,1.0
RNT04997,EQWL1006,CUS042,OP114,SITE002,2026-07-23,2026-07-30,2026-07-30,7,Completed,7,3,23,3,Highway,0,1.0
RNT04998,EQEX1002,CUS010,OP171,SITE010,2026-07-23,2026-08-02,2026-08-02,10,Completed,7,3,23,3,Industrial,0,0.0
RNT04999,EQSS1011,CUS049,OP129,SITE009,2026-07-24,2026-07-27,2026-08-02,3,Completed,7,4,24,3,Highway,6,1.0
RNT05000,EQBD1015,CUS075,OP112,SITE015,2026-07-25,2026-07-31,2026-07-30,6,Completed,7,5,25,3,Water Infrastructure,0,0.0
